kontakt_id,kontrahent_id,imie,nazwisko,stanowisko,email,telefon,zgoda_marketingowa
1,1144,Przemysław,Wosiak,Tłumacz,przemysław.wosiak@example.com,+48659115102,NIE
2,769,Tymoteusz,Konstanty,Kurator sztuki,tymoteusz.konstanty@example.com,+48590844014,NIE
3,1359,Aniela,Żal,Redaktor,aniela.żal@example.com,+48742423684,TAK
4,1353,Malwina,Domurad,Technik nawigator morski,malwina.domurad@example.com,+48696276034,NIE
5,1783,Emil,Nijak,Scenarzysta,emil.nijak@example.com,+48789943439,NIE
6,1949,Kamila,Marko,Hutnik,kamila.marko@example.com,+48584462274,NIE
7,1647,Tomasz,Fuławka,Nadleśniczy,tomasz.fuławka@example.com,+48522805625,NIE
8,283,Karina,Samul,Pisarz,karina.samul@example.com,+48892487685,TAK
9,380,Olga,Swatek,Leśniczy,olga.swatek@example.com,+48756708226,NIE
10,453,Kalina,Hamerla,Makler papierów wartościowych,kalina.hamerla@example.com,+48760942288,TAK
11,1578,Liwia,Małys,Artysta-rezydent,liwia.małys@example.com,+48814562452,NIE
12,1113,Olga,Wujek,Terapeuta,olga.wujek@example.com,+48666415587,TAK
13,771,Artur,Truchel,Pracownicy uczelni w Polsce,artur.truchel@example.com,+48812762249,NIE
14,874,Kamila,Drygała,Teksturator,kamila.drygała@example.com,+48593198971,NIE
15,2020,Ewelina,Murach,Hostessa,ewelina.murach@example.com,+48521534746,TAK
16,1271,Mateusz,Kaczmar,Doradca finansowy,mateusz.kaczmar@example.com,+48589949075,NIE
17,2257,Kalina,Fijoł,Kierowca,kalina.fijoł@example.com,+48888388252,
18,1923,Eliza,Picheta,Kierowca,eliza.picheta@example.com,+48561947262,TAK
19,204,Szymon,Ligas,Hydraulik,szymon.ligas@example.com,+48519552537,NIE
20,951,Olga,Pilich,Krojczy,olga.pilich_at_example.com,+48547345737,NIE
21,175,Jacek,Dyszkiewicz,Nauczyciel akademicki,jacek.dyszkiewicz@example.com,+48788178411,TAK
22,1560,Aniela,Ochnio,Technik technologii drewna,aniela.ochnio@example.com,+48801002245,TAK
23,1106,Jędrzej,Taciak,Kurator sztuki,jędrzej.taciak@example.com,+48575707994,TAK
24,1942,Radosław,Paściak,Tłumacz,radosław.paściak@example.com,+48842824161,NIE
25,1605,Witold,Leoniuk,Iluzjonista,witold.leoniuk@example.com,+48872309957,NIE
26,1311,Sylwia,Foremniak,Konsultant ślubny,sylwia.foremniak@example.com,+48606319741,TAK
27,910,Stefan,Tokarek,Detektyw,stefan.tokarek@example.com,+48810061228,TAK
28,1968,Dominik,Fąferek,Model,dominik.fąferek@example.com,+48876483978,NIE
29,210,Fryderyk,Gonsior,Arborysta,fryderyk.gonsior@example.com,+48694643940,NIE
30,480,Rozalia,Klemens,Aktuariusz,rozalia.klemens@example.com,+48813410448,NIE
31,2101,Igor,Gawłowicz,Dyrektor kreatywny,igor.gawłowicz@example.com,+48598461421,NIE
32,1710,Liwia,Wąsala,Hycel,liwia.wąsala@example.com,+48658668732,TAK
33,274,Juliusz,Jędraszczyk,Dubler,juliusz.jędraszczyk@example.com,+48784000132,TAK
34,952,Ewelina,Zysk,Aktor dziecięcy,ewelina.zysk@example.com,+48889444231,NIE
35,1644,Julianna,Parada,Trener personalny,julianna.parada@example.com,+48742573637,
36,74,Kacper,Idec,Hycel,kacper.idec@example.com,+48726909280,
37,2500,Ernest,Glonek,Aktor dziecięcy,ernest.glonek@example.com,+48823171194,TAK
38,1087,Stefan,Grygorcewicz,Kostiumograf,stefan.grygorcewicz_at_example.com,+48763286974,TAK
39,2094,Blanka,Kłosiewicz,Makler giełd towarowych,blanka.kłosiewicz@example.com,+48539158617,TAK
40,1624,Sandra,Wardzała,Ankieter,sandra.wardzała@example.com,+48631721490,NIE
41,19,Piotr,Mazanek,Rachmistrz,piotr.mazanek@example.com,+48867608426,
42,689,Alan,Waluk,Fotoreporter,alan.waluk@example.com,+48537846811,NIE
43,150,Rafał,Siemieniec,Technik żywienia i gospodarstwa domowego,rafał.siemieniec@example.com,+48801190955,TAK
44,561,Jędrzej,Szczepaniuk,Tłumacz literacki,jędrzej.szczepaniuk@example.com,+48711152766,TAK
45,1637,Radosław,Lejman,Intendent,radosław.lejman@example.com,+48633232996,NIE
46,189,Marcel,Madzia,Robotnik,marcel.madzia@example.com,+48684510156,NIE
47,1597,Agnieszka,Loska,Perfumiarz,agnieszka.loska@example.com,+48653369155,NIE
48,84,Cezary,Kryszczuk,Tłumacz,cezary.kryszczuk@example.com,+48560069566,NIE
49,1423,Tymon,Obuchowicz,Łącznik,tymon.obuchowicz@example.com,+48591547853,NIE
50,251,Eliza,Krzysztofek,Żołnierz,eliza.krzysztofek_at_example.com,+48874922586,TAK
51,296,Tomasz,Ładniak,Tłumacz przysięgły,tomasz.ładniak@example.com,+48743896771,NIE
52,1484,Tymoteusz,Szymaniuk,Marynarz,tymoteusz.szymaniuk@example.com,+48513194713,NIE
53,976,Anita,Kawulok,Żongler,anita.kawulok@example.com,+48674786351,
54,472,Konrad,Bochnia,Hostessa,konrad.bochnia@example.com,+48654898095,TAK
55,620,Artur,Jaremko,Lekarz weterynarii,artur.jaremko@example.com,+48753293663,NIE
56,98,Kornel,Dziarmaga,Zoopsycholog,kornel.dziarmaga@example.com,+48540642046,NIE
57,982,Fabian,Pociask,Aktor,fabian.pociask@example.com,+48603918901,
58,554,Tomasz,Królczyk,Integrator automatyki,tomasz.królczyk@example.com,+48855344787,TAK
59,690,Juliusz,Woda,Konserwator zabytków,juliusz.woda@example.com,+48819010790,TAK
60,632,Adrianna,Ważna,Księgowy,adrianna.ważna@example.com,+48629281149,TAK
61,330,Karol,Krężołek,Urbanista,karol.krężołek@example.com,+48852138350,NIE
62,1139,Tymoteusz,Wojczuk,Projektant gier komputerowych,tymoteusz.wojczuk@example.com,+48850425044,TAK
63,227,Dariusz,Lizoń,Sztygar,dariusz.lizoń@example.com,+48766149605,NIE
64,916,Urszula,Hornik,Archiwista,urszula.hornik@example.com,+48576983075,NIE
65,674,Bartek,Drobnik,Audytor efektywności energetycznej,bartek.drobnik@example.com,+48788081938,NIE
66,869,Ewelina,Siemek,Archiwista,ewelina.siemek@example.com,+48589752635,TAK
67,1993,Ada,Steuer,Hutnik,ada.steuer@example.com,+48706398801,TAK
68,873,Grzegorz,Nehring,Leśniczy,grzegorz.nehring@example.com,+48671508823,
69,1942,Leonard,Sibiga,Doker,leonard.sibiga@example.com,+48574403997,NIE
70,1121,Bruno,Kurzyna,Reżyser,bruno.kurzyna@example.com,+48578125385,NIE
71,1972,Marianna,Nyk,Strażak,marianna.nyk@example.com,+48592468586,TAK
72,645,Olgierd,Hornik,Makler giełd towarowych,olgierd.hornik@example.com,+48727527737,NIE
73,1962,Wiktor,Szymańczyk,Trener,wiktor.szymańczyk@example.com,+48580120140,TAK
74,1004,Stanisław,Zimniak,Technik mechanik,stanisław.zimniak@example.com,+48617729485,NIE
75,967,Rozalia,Bak,Taksówkarz,rozalia.bak@example.com,+48585145143,NIE
76,181,Klara,Freitag,Satyryk,klara.freitag@example.com,+48868471894,TAK
77,739,Tymoteusz,Gnyp,Inscenizator,tymoteusz.gnyp@example.com,+48573089059,TAK
78,1825,Emil,Stępka,Archeolog,emil.stępka@example.com,+48677337745,NIE
79,411,Igor,Kasznia,Ratownik,igor.kasznia_at_example.com,+48767845197,NIE
80,878,Ida,Szpyt,Dyrektor finansowy,ida.szpyt@example.com,+48663855435,
81,294,Apolonia,Rolak,Ratownik,apolonia.rolak@example.com,+48745014649,TAK
82,104,Oliwier,Troka,Kelner,oliwier.troka@example.com,+48834557560,TAK
83,2112,Nikodem,Fularczyk,Konsultant,nikodem.fularczyk_at_example.com,+48544778985,TAK
84,1184,Bruno,Boba,Tokarz,bruno.boba@example.com,+48892757686,
85,1147,Błażej,Żuberek,Dziennikarz,błażej.żuberek@example.com,+48558753048,TAK
86,1792,Cyprian,Broszkiewicz,Syndyk licencjonowany,cyprian.broszkiewicz@example.com,+48621558511,NIE
87,2017,Kornelia,Stochmal,Lekarz weterynarii,kornelia.stochmal@example.com,+48698911786,TAK
88,563,Ewelina,Dacko,Łącznik,ewelina.dacko_at_example.com,+48775281524,TAK
89,611,Jakub,Wąsek,Sprzedawca,jakub.wąsek@example.com,+48516723090,TAK
90,2008,Apolonia,Goś,Wydawca,apolonia.goś@example.com,+48640520480,TAK
91,109,Witold,Fronia,Pakowacz,witold.fronia@example.com,+48825418032,
92,945,Ryszard,Morgała,Menedżer kultury,ryszard.morgała@example.com,+48718779240,NIE
93,1798,Józef,Kurzaj,Astronom,józef.kurzaj@example.com,+48786476114,NIE
94,340,Andrzej,Jamroz,Technik mechanik lotniczy,andrzej.jamroz@example.com,+48647955908,NIE
95,1408,Juliusz,Chaba,Antykwariusz,juliusz.chaba@example.com,+48644758824,
96,1164,Marcelina,Heczko,Intendent,marcelina.heczko@example.com,+48646763540,NIE
97,578,Dawid,Ułanowicz,Taksówkarz,dawid.ułanowicz@example.com,+48822368198,NIE
98,912,Alex,Buława,Ksiądz,alex.buława@example.com,+48762667647,TAK
99,1755,Julita,Piekart,Doker,julita.piekart@example.com,+48801804201,TAK
100,671,Robert,Wesoły,Technik mechanik,robert.wesoły@example.com,+48624089531,TAK
101,1040,Mieszko,Pastuła,Konferansjer,mieszko.pastuła@example.com,+48786145898,TAK
102,831,Cezary,Grycz,Syndyk,cezary.grycz_at_example.com,+48760481926,NIE
103,1524,Nataniel,Rajchel,Detektyw,nataniel.rajchel@example.com,+48870256979,NIE
104,897,Stanisław,Gryka,Redaktor merytoryczny,stanisław.gryka@example.com,+48764453543,NIE
105,379,Michał,Maligłówka,Rekwizytor,michał.maligłówka@example.com,+48624479600,TAK
106,313,Kornelia,Pilipczuk,Bibliotekarz,kornelia.pilipczuk@example.com,+48557503287,
107,1352,Nataniel,Miros,Psycholog,nataniel.miros@example.com,+48615740630,TAK
108,595,Agnieszka,Kowaluk,Robotnik,agnieszka.kowaluk@example.com,+48725546010,NIE
109,1419,Monika,Sulik,Konstruktor,monika.sulik@example.com,+48704670954,NIE
110,1822,Tadeusz,Bancerz,Agent celny,tadeusz.bancerz@example.com,+48688975354,NIE
111,144,Jerzy,Piesik,Konferansjer,jerzy.piesik@example.com,+48690234206,NIE
112,439,Ewelina,Wakuła,Księgowy,ewelina.wakuła@example.com,+48757065901,TAK
113,1482,Fabian,Mak,Technik mechanik lotniczy,fabian.mak@example.com,+48833976049,TAK
114,914,Gaja,Bruś,Hydraulik,gaja.bruś@example.com,+48623476838,TAK
115,952,Jeremi,Franiak,Wydawca,jeremi.franiak@example.com,+48696524158,NIE
116,684,Hubert,Nieścior,Agronom,hubert.nieścior@example.com,+48839461083,NIE
117,1380,Kazimierz,Litwińczuk,Satyryk,kazimierz.litwińczuk@example.com,+48509187606,TAK
118,844,Kacper,Paliga,Przewodnik turystyczny,kacper.paliga@example.com,+48679974417,NIE
119,464,Leon,Bas,Sztygar,leon.bas@example.com,+48529545849,
120,1067,Nikodem,Froń,Projektant gier komputerowych,nikodem.froń@example.com,+48544648423,TAK
121,955,Maks,Witaszek,Modelka dużych rozmiarów,maks.witaszek@example.com,+48736821185,TAK
122,569,Melania,Wąsek,Hutnik,melania.wąsek@example.com,+48512684849,TAK
123,542,Bartek,Zadworny,Kontroler biletów,bartek.zadworny@example.com,+48517218400,TAK
124,1865,Rafał,Uroda,Aktor dziecięcy,rafał.uroda@example.com,+48622681869,
125,517,Piotr,Chlipała,Technik mechanik,piotr.chlipała@example.com,+48838622878,NIE
126,162,Jeremi,Wojtaszak,Sztygar,jeremi.wojtaszak@example.com,+48713035823,
127,2388,Nikodem,Kałwa,Technik budownictwa,nikodem.kałwa@example.com,+48726130244,TAK
128,4,Damian,Boguś,Kurator sądowy,damian.boguś@example.com,+48758027183,TAK
129,1693,Julian,Kluczek,Konstruktor,julian.kluczek@example.com,+48652374877,NIE
130,936,Dariusz,Smardz,Supermodelka,dariusz.smardz@example.com,+48819406274,NIE
131,1282,Leonard,Piotrak,Kornak,leonard.piotrak@example.com,+48730427086,TAK
132,693,Fryderyk,Tatarczyk,Doradca inwestycyjny,fryderyk.tatarczyk@example.com,+48835536762,NIE
133,332,Dorota,Posłuszny,Ratownik przedmedyczny,dorota.posłuszny@example.com,+48546392042,TAK
134,528,Sonia,Olkowicz,Kupiec,sonia.olkowicz@example.com,+48831955862,NIE
135,851,Mieszko,Kosak,Marketingowiec,mieszko.kosak@example.com,+48782405422,TAK
136,1311,Inga,Domurad,Geodeta,inga.domurad@example.com,+48507634689,TAK
137,600,Olaf,Sieg,Hutnik,olaf.sieg@example.com,+48737978119,NIE
138,780,Elżbieta,Tomzik,Kawalkator,elżbieta.tomzik@example.com,+48568988290,NIE
139,1188,Nikodem,Ośka,Aktor głosowy,nikodem.ośka_at_example.com,+48768777879,NIE
140,783,Elżbieta,Chojak,Kosmonauta,elżbieta.chojak@example.com,+48868966027,TAK
141,227,Maksymilian,Ziemak,Pakowacz,maksymilian.ziemak_at_example.com,+48874099653,TAK
142,994,Apolonia,Pleskot,Technik mechanik lotniczy,apolonia.pleskot@example.com,+48889625612,TAK
143,1624,Sara,Nieścior,Makler papierów wartościowych,sara.nieścior_at_example.com,+48673367347,TAK
144,826,Liwia,Lenda,Technik żywienia i gospodarstwa domowego,liwia.lenda_at_example.com,+48592162512,TAK
145,1606,Liwia,Nesterowicz,Agent ubezpieczeniowy,liwia.nesterowicz@example.com,+48827022092,TAK
146,401,Sylwia,Kiliszek,Nauczyciel,sylwia.kiliszek@example.com,+48855067615,NIE
147,1558,Grzegorz,Mizia,Lekarz weterynarii,grzegorz.mizia@example.com,+48665950163,TAK
148,303,Apolonia,Brózda,Ratownik,apolonia.brózda@example.com,+48681974933,TAK
149,1579,Adrianna,Pietraszkiewicz,Ekwilibrystyka,adrianna.pietraszkiewicz@example.com,+48657533483,NIE
150,1692,Bartek,Chojak,Astronom,bartek.chojak@example.com,+48678899944,TAK
151,786,Melania,Plona,Pracownicy uczelni w Polsce,melania.plona@example.com,+48833842004,NIE
152,1536,Kornelia,Dąbroś,Kowboj,kornelia.dąbroś@example.com,+48819397630,NIE
153,620,Julianna,Bełza,Technik mechanik okrętowy,julianna.bełza@example.com,+48732212558,TAK
154,213,Angelika,Flisiak,Lalkarz,angelika.flisiak@example.com,+48782955392,TAK
155,15,Kacper,Michel,Masztalerz,kacper.michel@example.com,+48651296525,
156,13,Aleks,Lica,Listonosz,aleks.lica@example.com,+48606895933,TAK
157,657,Damian,Dobrosz,Koniarze,damian.dobrosz@example.com,+48723445497,TAK
158,53,Albert,Fedyk,Model,albert.fedyk@example.com,+48783597594,NIE
159,778,Jakub,Szumna,Fasowacz,jakub.szumna@example.com,+48802368614,TAK
160,825,Damian,Klin,Bibliotekarz dyplomowany,damian.klin@example.com,+48872684496,NIE
161,1883,Ewelina,Zawartka,Robotnik,ewelina.zawartka@example.com,+48631624911,TAK
162,88,Dorota,Pielach,Kosztorysant,dorota.pielach@example.com,+48696028969,TAK
163,908,Angelika,Terka,Trener personalny,angelika.terka@example.com,+48554139281,TAK
164,34,Kornel,Lesisz,Terapeuta,kornel.lesisz@example.com,+48666982580,NIE
165,661,Elżbieta,Skałka,Aktuariusz,elżbieta.skałka@example.com,+48769981170,
166,976,Adrian,Klucznik,Nauczyciel akademicki,adrian.klucznik@example.com,+48896014865,NIE
167,511,Cyprian,Garbaciak,Rzeczoznawca majątkowy,cyprian.garbaciak@example.com,+48731585025,TAK
168,350,Hubert,Bulanda,Hydraulik,hubert.bulanda@example.com,+48511199812,NIE
169,608,Blanka,Ratka,Przewodnik turystyczny,blanka.ratka@example.com,+48799945814,TAK
170,703,Franciszek,Bzdęga,Mim,franciszek.bzdęga@example.com,+48536814148,TAK
171,388,Stefan,Majorek,Przedstawiciel handlowy,stefan.majorek@example.com,+48521053613,TAK
172,1483,Michał,Mitera,Kurier rowerowy,michał.mitera@example.com,+48553450758,TAK
173,1700,Robert,Słupik,Hydraulik,robert.słupik@example.com,+48525291349,NIE
174,2109,Malwina,Karaśkiewicz,Ebenista,malwina.karaśkiewicz@example.com,+48662393429,NIE
175,108,Leon,Podsiadła,Doradca podatkowy w Polsce,leon.podsiadła@example.com,+48651133409,TAK
176,138,Radosław,Gromala,Terapeuta,radosław.gromala@example.com,+48812253319,NIE
177,1876,Juliusz,Madajczyk,Technik technologii drewna,juliusz.madajczyk@example.com,+48861302700,NIE
178,1748,Cezary,Sus,Scenograf,cezary.sus@example.com,+48860078492,
179,421,Malwina,Tylec,Reżyser,malwina.tylec@example.com,+48517800757,TAK
180,1270,Oskar,Panasiewicz,Nauczyciel,oskar.panasiewicz@example.com,+48679354732,TAK
181,315,Maksymilian,Macheta,Rzeczoznawca,maksymilian.macheta@example.com,+48820420256,NIE
182,572,Jakub,Pizoń,Artysta-rezydent,jakub.pizoń@example.com,+48572189449,TAK
183,1572,Grzegorz,Drygas,Technik kelner,grzegorz.drygas@example.com,+48675573400,
184,674,Konrad,Świć,Kurier,konrad.świć@example.com,+48753855587,TAK
185,1059,Marika,Skotarczak,Redaktor,marika.skotarczak@example.com,+48758554477,TAK
186,1418,Wojciech,Siemieńczuk,Kurier,wojciech.siemieńczuk@example.com,+48506958634,NIE
187,1549,Iwo,Stochmal,Makler morski,iwo.stochmal@example.com,+48581852631,TAK
188,935,Karol,Nehring,Technik ochrony środowiska,karol.nehring@example.com,+48568390858,NIE
189,1526,Kamila,Gordon,Rzeczoznawca majątkowy,kamila.gordon@example.com,+48521222373,NIE
190,1265,Sandra,Parda,Nauczyciel,sandra.parda@example.com,+48639309809,TAK
191,341,Wiktor,Wojtyna,Naukowiec,wiktor.wojtyna@example.com,+48766057253,NIE
192,878,Anita,Kucharzyk,Kornak,anita.kucharzyk@example.com,+48722901573,TAK
193,302,Grzegorz,Ryfa,Kontroler biletów,grzegorz.ryfa@example.com,+48713800835,TAK
194,1787,Sandra,Rubaj,Deweloper budowlany,sandra.rubaj@example.com,+48883773958,NIE
195,1571,Szymon,Jarmuż,Hycel,szymon.jarmuż@example.com,+48619987011,TAK
196,1987,Dominik,Buszta,Technik mechanik lotniczy,dominik.buszta@example.com,+48607428298,NIE
197,667,Eryk,Chmara,Rzecznik prasowy,eryk.chmara@example.com,+48581602568,
198,1971,Jan,Buczko,Taksówkarz,jan.buczko@example.com,+48699814201,NIE
199,988,Ernest,Kwinta,Reżyser,ernest.kwinta@example.com,+48716280478,TAK
200,488,Anna Maria,Cieloch,Dyrektor kreatywny,anna maria.cieloch@example.com,+48738326552,TAK
201,419,Tomasz,Panuś,Drwal,tomasz.panuś@example.com,+48613670640,TAK
202,25,Nicole,Karwot,Architekt wnętrz,nicole.karwot@example.com,+48577092621,NIE
203,2584,Anastazja,Matura,Artysta-rezydent,anastazja.matura@example.com,+48798063987,TAK
204,710,Ernest,Westfal,Księgowy,ernest.westfal@example.com,+48861019904,TAK
205,951,Cezary,Janczarek,Animator kultury,cezary.janczarek@example.com,+48863771053,NIE
206,1759,Krystyna,Malcherek,Aktor dziecięcy,krystyna.malcherek@example.com,+48573165099,TAK
207,1121,Gustaw,Kochel,Pośrednik w obrocie nieruchomościami,gustaw.kochel@example.com,+48576027806,TAK
208,933,Marek,Hampel,Kurier,marek.hampel@example.com,+48656613394,TAK
209,591,Marika,Chwedoruk,Finansista,marika.chwedoruk@example.com,+48724298518,NIE
210,312,Adrian,Kozień,Kelner,adrian.kozień@example.com,+48508944123,TAK
211,1059,Fryderyk,Kiciak,Technik awionik,fryderyk.kiciak@example.com,+48841397173,NIE
212,579,Iwo,Makles,Motorniczy,iwo.makles@example.com,+48603241868,TAK
213,1488,Oliwier,Kuzia,Kuk,oliwier.kuzia@example.com,+48704564733,NIE
214,1383,Franciszek,Bancerz,Kurator sztuki,franciszek.bancerz@example.com,+48735124183,NIE
215,1726,Stanisław,Jas,Menedżer kultury,stanisław.jas@example.com,+48506745029,NIE
216,443,Marek,Szyba,Menedżer kultury,marek.szyba@example.com,+48839456282,TAK
217,1463,Liwia,Kniaź,Redaktor naukowy,liwia.kniaź_at_example.com,+48566714625,NIE
218,1058,Leon,Szmajda,Iluzjonista,leon.szmajda@example.com,+48627828106,NIE
219,707,Marcel,Kutek,Broker ubezpieczeniowy,marcel.kutek@example.com,+48566958089,TAK
220,1275,Maciej,Jędruch,Meteorolog,maciej.jędruch@example.com,+48625898429,TAK
221,110,Miłosz,Hutyra,Ratownik przedmedyczny,miłosz.hutyra@example.com,+48633643891,TAK
222,1783,Szymon,Makoś,Rzeczoznawca majątkowy,szymon.makoś@example.com,+48824632078,NIE
223,2327,Juliusz,Gilewicz,Redaktor naukowy,juliusz.gilewicz@example.com,+48709263467,NIE
224,2118,Ewelina,Prasek,Antykwariusz,ewelina.prasek@example.com,+48505583580,TAK
225,1608,Paweł,Kołpak,Bibliotekarz,paweł.kołpak@example.com,+48856963730,NIE
226,1196,Agnieszka,Surdyk,Taksówkarz,agnieszka.surdyk@example.com,+48898823703,NIE
227,455,Mieszko,Biesaga,Kurator sztuki,mieszko.biesaga@example.com,+48838128718,TAK
228,1825,Jeremi,Bobko,Robotnik,jeremi.bobko@example.com,+48727730824,NIE
229,470,Marianna,Janic,Konstruktor,marianna.janic@example.com,+48579117491,NIE
230,2014,Rozalia,Zontek,Krupier,rozalia.zontek_at_example.com,+48867293697,NIE
231,1336,Agnieszka,Gołota,Krojczy,agnieszka.gołota@example.com,+48870856858,NIE
232,1549,Aniela,Dyja,Aktor,aniela.dyja@example.com,+48728582390,NIE
233,1753,Artur,Łacina,Sztygar,artur.łacina@example.com,+48802579645,TAK
234,1774,Artur,Frelich,Rekwizytor,artur.frelich@example.com,+48697355752,TAK
235,750,Marcelina,Bąbol,Szlifierz,marcelina.bąbol@example.com,+48795352816,TAK
236,1938,Alex,Gmurczyk,Psiarz,alex.gmurczyk@example.com,+48744245446,NIE
237,1682,Konstanty,Ulrych,Naukowiec,konstanty.ulrych@example.com,+48829917702,NIE
238,751,Karol,Krzystek,Aktor,karol.krzystek@example.com,+48678268662,NIE
239,1284,Janina,Majtczak,Redaktor naukowy,janina.majtczak@example.com,+48751155084,NIE
240,997,Janina,Paździora,Rekwizytor,janina.paździora@example.com,+48658076460,NIE
241,1853,Przemysław,Maras,Urbanista,przemysław.maras@example.com,+48858640499,TAK
242,168,Karina,Bytner,Kasjer biletowy,karina.bytner@example.com,+48525671989,TAK
243,785,Rozalia,Zawodnik,Kurier rowerowy,rozalia.zawodnik@example.com,+48763262659,NIE
244,2096,Jędrzej,Budkiewicz,Fotoreporter,jędrzej.budkiewicz@example.com,+48632693536,NIE
245,2223,Aleksander,Łodej,Agent firmy inwestycyjnej,aleksander.łodej@example.com,+48891653740,
246,961,Stefan,Mazan,Zarządca nieruchomości,stefan.mazan@example.com,+48760416246,TAK
247,1082,Bruno,Solarczyk,Instruktor,bruno.solarczyk@example.com,+48592804777,TAK
248,1179,Bruno,Langa,Instruktor,bruno.langa@example.com,+48725235695,NIE
249,932,Inga,Juras,Aktor dziecięcy,inga.juras@example.com,+48668079043,TAK
250,273,Marcelina,Tokaj,Aktuariusz,marcelina.tokaj@example.com,+48851855017,NIE
251,254,Jakub,Jurczuk,Doradca ubezpieczeniowy,jakub.jurczuk@example.com,+48681172369,NIE
252,551,Kamila,Mandrysz,Model,kamila.mandrysz@example.com,+48702925697,NIE
253,1862,Nataniel,Ruchała,Instruktor,nataniel.ruchała@example.com,+48807270510,TAK
254,2138,Adrianna,Stawowczyk,Elektromonter pomiarów,adrianna.stawowczyk@example.com,+48525491206,TAK
255,201,Justyna,Pierz,Kawalkator,justyna.pierz@example.com,+48603248175,TAK
256,1100,Dawid,Guściora,Fasowacz,dawid.guściora@example.com,+48602473496,TAK
257,200,Liwia,Lalak,Kontroler biletów,liwia.lalak@example.com,+48760819140,NIE
258,73,Maksymilian,Pysz,Modelka dużych rozmiarów,maksymilian.pysz@example.com,+48887772355,TAK
259,2412,Julian,Kornet,Reżyser,julian.kornet@example.com,+48569885567,
260,1477,Ksawery,Myszk,Ekonomista,ksawery.myszk@example.com,+48604740573,TAK
261,1009,Nataniel,Krystkowiak,Dubler,nataniel.krystkowiak@example.com,+48769840919,NIE
262,256,Dawid,Cimoch,Tłumacz,dawid.cimoch@example.com,+48806028559,NIE
263,1518,Tymoteusz,Wódka,Geolog,tymoteusz.wódka@example.com,+48681744850,TAK
264,1759,Witold,Hanas,Aktor głosowy,witold.hanas_at_example.com,+48586617300,NIE
265,503,Inga,Maszkiewicz,Archeolog,inga.maszkiewicz@example.com,+48799125605,TAK
266,209,Robert,Jędrys,Zoopsycholog,robert.jędrys@example.com,+48706274821,TAK
267,291,Bartek,Szkup,Sprzątacz,bartek.szkup@example.com,+48819873477,NIE
268,1167,Ida,Feliniak,Makler giełd towarowych,ida.feliniak@example.com,+48648016139,
269,1770,Maksymilian,Łaszcz,Dyplomata,maksymilian.łaszcz@example.com,+48708838525,
270,1563,Leonard,Szmaj,Aktor,leonard.szmaj@example.com,+48645451407,NIE
271,575,Emil,Wlaźlak,Strażak,emil.wlaźlak@example.com,+48841652494,TAK
272,1728,Jerzy,Saj,Kurier,jerzy.saj@example.com,+48673182071,TAK
273,1635,Alex,Duży,Lekarz weterynarii,alex.duży@example.com,+48686863825,TAK
274,543,Marcelina,Romejko,Charakteryzator,marcelina.romejko@example.com,+48715427494,NIE
275,1025,Tomasz,Dmoch,Deweloper budowlany,tomasz.dmoch@example.com,+48755789799,TAK
276,1977,Sara,Łuczkiewicz,Strażak,sara.łuczkiewicz@example.com,+48519983835,NIE
277,673,Olga,Kusik,Brakarz,olga.kusik@example.com,+48849100937,TAK
278,1243,Jakub,Sopata,Poganiacz,jakub.sopata@example.com,+48564052526,NIE
279,592,Patryk,Kruś,Rzeczoznawca budowlany,patryk.kruś@example.com,+48626476193,NIE
280,1797,Agnieszka,Ciochoń,Makler giełd towarowych,agnieszka.ciochoń@example.com,+48783789288,NIE
281,244,Jerzy,Zmuda,Charakteryzator,jerzy.zmuda@example.com,+48514426306,TAK
282,1398,Karol,Miotke,Doradca podatkowy w Polsce,karol.miotke@example.com,+48645539625,NIE
283,230,Sandra,Rogacz,Elektromonter pomiarów,sandra.rogacz@example.com,+48718422022,TAK
284,1395,Aniela,Koral,Astronom,aniela.koral@example.com,+48835810143,NIE
285,1633,Bartek,Terka,Technik mechanik lotniczy,bartek.terka@example.com,+48628954213,TAK
286,2422,Jan,Gryszkiewicz,Pokojówka,jan.gryszkiewicz@example.com,+48851606262,TAK
287,763,Klara,Hankiewicz,Rybak,klara.hankiewicz@example.com,+48604235828,NIE
288,1217,Kornelia,Buszka,Listonosz,kornelia.buszka@example.com,+48846446435,TAK
289,878,Norbert,Wołk,Kawalkator,norbert.wołk@example.com,+48730944116,TAK
290,1609,Lidia,Chatys,Handlarz,lidia.chatys@example.com,+48582985494,TAK
291,847,Nataniel,Sołtan,Ratownik przedmedyczny,nataniel.sołtan@example.com,+48764919791,NIE
292,230,Fabian,Ciepła,Pośrednik finansowy,fabian.ciepła@example.com,+48569495340,TAK
293,2041,Nicole,Gajowiak,Ekonomista,nicole.gajowiak@example.com,+48517212133,NIE
294,1010,Roksana,Siemion,Dżokej,roksana.siemion@example.com,+48752233968,TAK
295,1621,Cyprian,Felisiak,Koniarze,cyprian.felisiak@example.com,+48725095498,TAK
296,991,Róża,Kuska,Kuk,róża.kuska@example.com,+48548624512,NIE
297,1812,Julita,Sadowy,Wydawca,julita.sadowy@example.com,+48733753816,TAK
298,1839,Nicole,Fita,Sprzedawca,nicole.fita@example.com,+48883670537,TAK
299,1101,Marika,Leżoń,Nauczyciel,marika.leżoń@example.com,+48706415534,NIE
300,90,Borys,Kornek,Lekarz weterynarii,borys.kornek@example.com,+48523801038,NIE
301,1374,Anita,Pyziak,Barista,anita.pyziak@example.com,+48817682362,TAK
302,266,Tobiasz,Ciepluch,Kupiec,tobiasz.ciepluch@example.com,+48813489861,NIE
303,771,Filip,Dzierwa,Szczurołap,filip.dzierwa@example.com,+48646954565,NIE
304,277,Miłosz,Druszcz,Rzecznik prasowy,miłosz.druszcz@example.com,+48850576633,
305,350,Witold,Styn,Nadleśniczy,witold.styn@example.com,+48695416029,TAK
306,765,Antoni,Dziechciarz,Instruktor,antoni.dziechciarz@example.com,+48800337430,NIE
307,624,Kacper,Omiotek,Redaktor merytoryczny,kacper.omiotek@example.com,+48723611235,TAK
308,571,Maks,Kamieniak,Rybak,maks.kamieniak@example.com,+48674171302,NIE
309,1365,Stanisław,Bochnak,Makler papierów wartościowych,stanisław.bochnak@example.com,+48739154909,NIE
310,440,Igor,Zmarzły,Rolnik,igor.zmarzły@example.com,+48832843976,NIE
311,1413,Patryk,Namysł,Redaktor,patryk.namysł@example.com,+48839992415,TAK
312,157,Fryderyk,Komander,Rzeczoznawca samochodowy,fryderyk.komander_at_example.com,+48732928950,
313,103,Borys,Pachołek,Geolog,borys.pachołek@example.com,+48624627309,NIE
314,955,Adam,Polnik,Kiper,adam.polnik@example.com,+48642616807,TAK
315,361,Ada,Szyba,Doradca podatkowy w Polsce,ada.szyba@example.com,+48880928705,NIE
316,321,Natan,Krywult,Psycholog,natan.krywult@example.com,+48723360264,TAK
317,506,Sandra,Buczko,Strażak,sandra.buczko@example.com,+48631731999,TAK
318,2391,Tomasz,Paprotny,Robotnik,tomasz.paprotny@example.com,+48702772025,TAK
319,1194,Mieszko,Klebba,Służący,mieszko.klebba@example.com,+48673334159,TAK
320,128,Olaf,Bastek,Tłumacz,olaf.bastek@example.com,+48644296793,TAK
321,774,Dorota,Mszyca,Kawalkator,dorota.mszyca@example.com,+48595514984,NIE
322,1056,Tomasz,Dubik,Charakteryzator,tomasz.dubik@example.com,+48648907099,NIE
323,1534,Elżbieta,Ograbek,Technik ochrony środowiska,elżbieta.ograbek@example.com,+48774178226,TAK
324,1660,Kacper,Sapeta,Dżokej,kacper.sapeta@example.com,+48662124211,NIE
325,2473,Krystyna,Reiter,Technik mechanik lotniczy,krystyna.reiter@example.com,+48551504896,NIE
326,648,Apolonia,Rej,Konserwator zabytków,apolonia.rej@example.com,+48841190488,NIE
327,465,Kalina,Kaliciak,Archeolog,kalina.kaliciak@example.com,+48676015469,TAK
328,1482,Eryk,Hejduk,Projektant gier komputerowych,eryk.hejduk@example.com,+48721556746,
329,1236,Ewelina,Drygas,Kosmonauta,ewelina.drygas@example.com,+48849803828,TAK
330,1994,Karol,Naumiuk,Plastyk,karol.naumiuk@example.com,+48870987592,NIE
331,2487,Przemysław,Szabla,Elektromonter pomiarów,przemysław.szabla@example.com,+48735616555,TAK
332,1736,Jacek,Wolańczyk,Prezenter,jacek.wolańczyk@example.com,+48508813185,TAK
333,571,Gabriel,Ernst,Hycel,gabriel.ernst@example.com,+48684678937,NIE
334,255,Kazimierz,Nazarewicz,Poganiacz,kazimierz.nazarewicz@example.com,+48710943917,TAK
335,637,Stanisław,Przybyś,Plastyk,stanisław.przybyś@example.com,+48873702774,TAK
336,606,Sonia,Ryfa,Redaktor merytoryczny,sonia.ryfa@example.com,+48642562059,NIE
337,275,Witold,Fit,Nauczyciel akademicki,witold.fit@example.com,+48667545690,NIE
338,211,Tymon,Fedak,Strażak,tymon.fedak@example.com,+48719978043,
339,1432,Robert,Lesik,Sufler,robert.lesik@example.com,+48826800430,NIE
340,1349,Kaja,Roj,Kurator sądowy,kaja.roj@example.com,+48517673719,TAK
341,78,Julian,Kroczak,Terminolog,julian.kroczak@example.com,+48598013323,TAK
342,1847,Julita,Dziadowicz,Technik budownictwa,julita.dziadowicz@example.com,+48833134994,NIE
343,1727,Aleks,Frączkiewicz,Aktor,aleks.frączkiewicz@example.com,+48662902903,NIE
344,29,Kalina,Koleśnik,Oceanonauta,kalina.koleśnik@example.com,+48849728930,NIE
345,1678,Emil,Trepka,Ratownik,emil.trepka@example.com,+48855824109,TAK
346,337,Ksawery,Gągała,Kurator sztuki,ksawery.gągała@example.com,+48716633536,NIE
347,1632,Liwia,Księżak,Szlifierz,liwia.księżak@example.com,+48537228929,TAK
348,1272,Emil,Damek,Nauczyciel,emil.damek_at_example.com,+48734301346,NIE
349,551,Szymon,Dargacz,Szatniarz,szymon.dargacz@example.com,+48678369295,NIE
350,1421,Tymoteusz,Han,Żongler,tymoteusz.han@example.com,+48534493835,TAK
351,1523,Józef,Pysz,Listonosz,józef.pysz@example.com,+48535680156,NIE
352,555,Alan,Hass,Supermodelka,alan.hass@example.com,+48769456185,TAK
353,717,Julianna,Szyc,Pośrednik w obrocie nieruchomościami,julianna.szyc@example.com,+48705082165,TAK
354,1126,Fabian,Swaczyna,Instruktor,fabian.swaczyna@example.com,+48596124393,TAK
355,1198,Anna Maria,Garbacik,Doradca ubezpieczeniowy,anna maria.garbacik@example.com,+48767970688,NIE
356,1576,Albert,Grabias,Makler papierów wartościowych,albert.grabias@example.com,+48814636052,NIE
357,1409,Malwina,Zarzeczna,Geolog,malwina.zarzeczna@example.com,+48565672094,TAK
358,1730,Paweł,Kuźnia,Dżokej,paweł.kuźnia@example.com,+48783231106,TAK
359,1123,Natan,Zastawny,Bibliotekarz,natan.zastawny@example.com,+48789707411,TAK
360,1127,Adrian,Mydlak,Technik mechanik okrętowy,adrian.mydlak@example.com,+48643117364,NIE
361,951,Melania,Bobko,Kurator sztuki,melania.bobko@example.com,+48680728268,TAK
362,175,Olga,Kustosz,Integrator automatyki,olga.kustosz@example.com,+48842459110,TAK
363,1844,Jan,Cybul,Terminolog,jan.cybul@example.com,+48573579245,TAK
364,1830,Paweł,Misiuk,Marketingowiec,paweł.misiuk@example.com,+48554652232,NIE
365,510,Iwo,Jakiel,Model,iwo.jakiel@example.com,+48556699727,TAK
366,448,Kaja,Drobek,Syndyk licencjonowany,kaja.drobek_at_example.com,+48596935471,TAK
367,1420,Grzegorz,Reimann,Technik mechanik okrętowy,grzegorz.reimann_at_example.com,+48780269754,NIE
368,277,Adrian,Kojder,Kurier rowerowy,adrian.kojder@example.com,+48813257029,TAK
369,1601,Blanka,Wiciak,Terminolog,blanka.wiciak@example.com,+48839963203,TAK
370,1537,Kornel,Irla,Broker informacji,kornel.irla@example.com,+48838319248,TAK
371,372,Klara,Dyja,Dyrektor kreatywny,klara.dyja@example.com,+48618969304,
372,1046,Krzysztof,Sutor,Krupier,krzysztof.sutor@example.com,+48727639678,TAK
373,1910,Wojciech,Bartoszak,Biegły rewident,wojciech.bartoszak@example.com,+48774950252,TAK
374,2093,Witold,Olkowicz,Sprzątacz,witold.olkowicz@example.com,+48585955968,NIE
375,525,Julian,Gromala,Pośrednik ubezpieczeniowy,julian.gromala@example.com,+48558237071,TAK
376,1404,Radosław,Dworniczak,Inscenizator,radosław.dworniczak@example.com,+48587895770,TAK
377,681,Agnieszka,Wojtyna,Syndyk,agnieszka.wojtyna@example.com,+48830361413,TAK
378,499,Arkadiusz,Pych,Rekwizytor,arkadiusz.pych@example.com,+48535171139,NIE
379,759,Michał,Świstek,Tłumacz literacki,michał.świstek@example.com,+48620676635,TAK
380,325,Monika,Kolanko,Scenograf,monika.kolanko@example.com,+48694607404,NIE
381,1979,Józef,Tabisz,Podleśniczy,józef.tabisz@example.com,+48812470839,NIE
382,35,Aleksander,Jaszcz,Likwidator szkód,aleksander.jaszcz@example.com,+48638289936,TAK
383,321,Sandra,Kordus,Pokojówka,sandra.kordus@example.com,+48881675177,TAK
384,71,Róża,Wereda,Kelner,róża.wereda@example.com,+48703345954,TAK
385,1287,Oliwier,Twardosz,Portier,oliwier.twardosz@example.com,+48623477186,NIE
386,1270,Witold,Nasiadka,Dyrektor kreatywny,witold.nasiadka@example.com,+48631263295,TAK
387,2107,Agnieszka,Gnyp,Antykwariusz,agnieszka.gnyp@example.com,+48648646751,NIE
388,314,Anastazja,Młotek,Technik nawigator morski,anastazja.młotek@example.com,+48569840003,TAK
389,1877,Marek,Polaszek,Kosmonauta,marek.polaszek@example.com,+48873785419,NIE
390,827,Stefan,Czerner,Dyrektor kreatywny,stefan.czerner@example.com,+48541175419,TAK
391,1795,Hubert,Cybul,Kowboj,hubert.cybul_at_example.com,+48657092986,TAK
392,2562,Hubert,Weremczuk,Urbanista,hubert.weremczuk@example.com,+48783199302,NIE
393,1699,Rozalia,Haraburda,Broker ubezpieczeniowy,rozalia.haraburda@example.com,+48650918650,TAK
394,1810,Tobiasz,Kasznia,Agent ubezpieczeniowy,tobiasz.kasznia@example.com,+48616446568,TAK
395,26,Rafał,Boguś,Krojczy,rafał.boguś@example.com,+48814045910,TAK
396,214,Witold,Strycharz,Brakarz,witold.strycharz@example.com,+48554422970,NIE
397,250,Ada,Saran,Strażak,ada.saran@example.com,+48724553304,
398,606,Maks,Szpara,Leśniczy,maks.szpara@example.com,+48806416606,TAK
399,1113,Dominik,Smyl,Instruktor,dominik.smyl@example.com,+48530014779,TAK
400,472,Oskar,Tokarek,Rybak,oskar.tokarek@example.com,+48702617302,TAK
401,2089,Elżbieta,Długozima,Brakarz,elżbieta.długozima@example.com,+48510945626,TAK
402,1702,Filip,Giża,Bibliotekarz dyplomowany,filip.giża@example.com,+48790276196,TAK
403,1902,Aleks,Plizga,Technik ochrony środowiska,aleks.plizga@example.com,+48629872127,TAK
404,429,Marcelina,Perlik,Geodeta,marcelina.perlik@example.com,+48808287628,NIE
405,1503,Nicole,Zdancewicz,Rzeczoznawca majątkowy,nicole.zdancewicz@example.com,+48836028620,TAK
406,1863,Maksymilian,Gill,Dyrektor artystyczny,maksymilian.gill@example.com,+48763482137,TAK
407,304,Aurelia,Lemanowicz,Trener,aurelia.lemanowicz@example.com,+48770360190,TAK
408,1765,Marek,Pierz,Konferansjer,marek.pierz@example.com,+48725058237,NIE
409,2615,Angelika,Suda,Kasjer biletowy,angelika.suda@example.com,+48856434132,NIE
410,1744,Melania,Baś,Supermodelka,melania.baś@example.com,+48694169208,NIE
411,956,Mateusz,Maziarczyk,Bibliotekarz dyplomowany,mateusz.maziarczyk@example.com,+48650087993,TAK
412,206,Łukasz,Lepak,Motorniczy,łukasz.lepak@example.com,+48580561106,NIE
413,2020,Wojciech,Samiec,Marketingowiec,wojciech.samiec@example.com,+48544351278,NIE
414,282,Marika,Brachaczek,Biegły rewident,marika.brachaczek_at_example.com,+48744061556,TAK
415,1874,Kazimierz,Majewicz,Rybak,kazimierz.majewicz@example.com,+48738900898,NIE
416,959,Nela,Reszke,Ekonomista,nela.reszke@example.com,+48862500304,NIE
417,1062,Jan,Lazarek,Psycholog,jan.lazarek_at_example.com,+48612765971,TAK
418,1753,Patryk,Furmankiewicz,Masztalerz,patryk.furmankiewicz@example.com,+48550458501,TAK
419,1668,Ryszard,Gmur,Nauczyciel akademicki,ryszard.gmur@example.com,+48817025593,TAK
420,1143,Nicole,Deryło,Agent ubezpieczeniowy,nicole.deryło@example.com,+48883608048,TAK
421,474,Anna Maria,Borczyk,Rzeczoznawca budowlany,anna maria.borczyk@example.com,+48772218328,NIE
422,739,Eryk,Mirga,Terapeuta,eryk.mirga@example.com,+48804183405,TAK
423,212,Julita,Kastelik,Sztygar,julita.kastelik_at_example.com,+48513380043,NIE
424,1125,Damian,Płoskonka,Pracownik socjalny,damian.płoskonka@example.com,+48825481681,
425,643,Aleksander,Klisz,Lalkarz,aleksander.klisz@example.com,+48812347040,NIE
426,1691,Robert,Towarek,Bibliotekarz,robert.towarek_at_example.com,+48796091107,NIE
427,1643,Tobiasz,Kopyto,Pośrednik w obrocie nieruchomościami,tobiasz.kopyto@example.com,+48837788553,TAK
428,1670,Gustaw,Figat,Doradca ubezpieczeniowy,gustaw.figat@example.com,+48720709367,TAK
429,478,Sylwia,Dreszer,Mim,sylwia.dreszer@example.com,+48787488169,NIE
430,1898,Sandra,Wiszowata,Konserwator zabytków,sandra.wiszowata@example.com,+48519493330,TAK
431,384,Hubert,Urynowicz,Likwidator szkód,hubert.urynowicz@example.com,+48510918485,TAK
432,246,Alex,Hawro,Masztalerz,alex.hawro@example.com,+48755123719,TAK
433,1815,Adrian,Klyszcz,Agent ubezpieczeniowy,adrian.klyszcz@example.com,+48796119995,NIE
434,1646,Alan,Fleszar,Pośrednik finansowy,alan.fleszar@example.com,+48672662953,NIE
435,1939,Ernest,Gregorowicz,Listonosz,ernest.gregorowicz@example.com,+48561898369,NIE
436,1358,Kajetan,Pyza,Antykwariusz,kajetan.pyza@example.com,+48759057858,TAK
437,176,Bartek,Rębiś,Agent literacki,bartek.rębiś@example.com,+48602497057,NIE
438,284,Dariusz,Siarkiewicz,Portier,dariusz.siarkiewicz@example.com,+48850657391,TAK
439,1714,Szymon,Łachut,Broker ubezpieczeniowy,szymon.łachut@example.com,+48668330735,TAK
440,1901,Anna Maria,Szymków,Pośrednik ubezpieczeniowy,anna maria.szymków@example.com,+48706562295,NIE
441,943,Apolonia,Mateusiak,Agent firmy inwestycyjnej,apolonia.mateusiak@example.com,+48848253609,NIE
442,609,Witold,Wandzel,Agent celny,witold.wandzel@example.com,+48760410598,TAK
443,1412,Józef,Borysiewicz,Menedżer kultury,józef.borysiewicz@example.com,+48816423620,TAK
444,1632,Julita,Kusek,Portier,julita.kusek@example.com,+48602722725,NIE
445,898,Ewa,Jaracz,Podleśniczy,ewa.jaracz@example.com,+48564946513,TAK
446,481,Malwina,Broszkiewicz,Dubler,malwina.broszkiewicz@example.com,+48874653816,NIE
447,305,Marcin,Labus,Technik kelner,marcin.labus_at_example.com,+48855763260,TAK
448,125,Rafał,Maciocha,Menedżer kultury,rafał.maciocha@example.com,+48825198228,
449,716,Wojciech,Makaruk,Polityk,wojciech.makaruk@example.com,+48835376366,TAK
450,1120,Wiktor,Kopik,Technik mechanik lotniczy,wiktor.kopik@example.com,+48780666825,NIE
451,385,Kaja,Szczerek,Taksówkarz,kaja.szczerek@example.com,+48617042154,TAK
452,398,Alan,Szóstak,Ergonomista,alan.szóstak_at_example.com,+48500053897,TAK
453,1337,Tola,Mleczak,Księgowy,tola.mleczak@example.com,+48779098123,TAK
454,1863,Kamila,Klinkosz,Broker,kamila.klinkosz@example.com,+48749753534,TAK
455,233,Dariusz,Maksym,Artysta-rezydent,dariusz.maksym@example.com,+48816727944,TAK
456,681,Nataniel,Kozień,Stajenny,nataniel.kozień@example.com,+48531067303,NIE
457,1399,Krzysztof,Kaja,Pracownicy uczelni w Polsce,krzysztof.kaja@example.com,+48860906829,TAK
458,2095,Stanisław,Olma,Agent celny,stanisław.olma@example.com,+48755411339,NIE
459,1543,Hubert,Uziębło,Sztygar,hubert.uziębło@example.com,+48621211508,NIE
460,1320,Łukasz,Boryczko,Rzeczoznawca majątkowy,łukasz.boryczko@example.com,+48634145653,NIE
461,1129,Leon,Paczos,Trener personalny,leon.paczos@example.com,+48709893034,
462,1710,Gaja,Kosiec,Żongler,gaja.kosiec@example.com,+48706300275,TAK
463,788,Marcin,Łukasiuk,Pracownicy uczelni w Polsce,marcin.łukasiuk@example.com,+48887881146,TAK
464,38,Kalina,Betlej,Konsultant,kalina.betlej@example.com,+48602262180,NIE
465,955,Julita,Smardz,Handlarz,julita.smardz@example.com,+48709890529,TAK
466,1907,Norbert,Wasiuk,Dyplomata,norbert.wasiuk@example.com,+48866158239,NIE
467,1960,Tobiasz,Gortat,Pracownicy uczelni w Polsce,tobiasz.gortat@example.com,+48519229548,TAK
468,1357,Janina,Miros,Robotnik,janina.miros@example.com,+48534220414,
469,1866,Rozalia,Fudalej,Rybak,rozalia.fudalej@example.com,+48765763292,TAK
470,878,Cezary,Wąsala,Konserwator zabytków,cezary.wąsala@example.com,+48729121765,TAK
471,1682,Nataniel,Ziarek,Barista,nataniel.ziarek@example.com,+48534254716,NIE
472,1241,Mikołaj,Sarniak,Doradca finansowy,mikołaj.sarniak@example.com,+48712882577,NIE
473,1456,Olaf,Chlipała,Kowboj,olaf.chlipała@example.com,+48695632795,NIE
474,1436,Olgierd,Solnica,Podleśniczy,olgierd.solnica@example.com,+48619270016,TAK
475,253,Dorota,Swaczyna,Menedżer kultury,dorota.swaczyna@example.com,+48523576794,TAK
476,1681,Krystian,Bacik,Perfumiarz,krystian.bacik@example.com,+48729729675,NIE
477,1270,Borys,Kutera,Kurier rowerowy,borys.kutera@example.com,+48598069380,NIE
478,1308,Przemysław,Sołoducha,Pisarz,przemysław.sołoducha@example.com,+48738626555,TAK
479,1120,Patryk,Wielgo,Makler nadzorujący,patryk.wielgo@example.com,+48780989893,TAK
480,721,Maksymilian,Dobosiewicz,Rachmistrz,maksymilian.dobosiewicz@example.com,+48700202433,
481,539,Szymon,Janisz,Konserwator zabytków,szymon.janisz@example.com,+48832737878,TAK
482,1661,Dagmara,Kenig,Krojczy,dagmara.kenig@example.com,+48685272306,TAK
483,2030,Nikodem,Buława,Stajenny,nikodem.buława@example.com,+48804669649,
484,1129,Krystian,Miksza,Leśniczy,krystian.miksza@example.com,+48742380057,NIE
485,40,Dawid,Borysiuk,Szatniarz,dawid.borysiuk@example.com,+48535277613,NIE
486,1692,Janina,Wocial,Salowa,janina.wocial@example.com,+48723917063,NIE
487,704,Adam,Graboń,Scenarzysta,adam.graboń@example.com,+48738701805,TAK
488,1478,Radosław,Kijanka,Makler giełd towarowych,radosław.kijanka@example.com,+48637503466,NIE
489,694,Roksana,Matejuk,Konsjerż,roksana.matejuk@example.com,+48784404351,TAK
490,611,Damian,Kontny,Ankieter,damian.kontny@example.com,+48647307769,TAK
491,567,Daniel,Franas,Pucybut,daniel.franas@example.com,+48601105022,TAK
492,300,Apolonia,Grzelec,Scenograf,apolonia.grzelec@example.com,+48573206973,TAK
493,1156,Patryk,Miszkiel,Konstruktor,patryk.miszkiel@example.com,+48604454981,NIE
494,431,Błażej,Macheta,Babcia klozetowa,błażej.macheta@example.com,+48668019424,TAK
495,439,Wojciech,Gabrych,Redaktor merytoryczny,wojciech.gabrych@example.com,+48525624050,TAK
496,1012,Ignacy,Wojtczuk,Rekwizytor,ignacy.wojtczuk@example.com,+48806866706,NIE
497,476,Miłosz,Korab,Inżynier budownictwa,miłosz.korab@example.com,+48665679460,TAK
498,230,Natan,Pawlos,Pisarz,natan.pawlos_at_example.com,+48533138683,NIE
499,166,Emil,Klejna,Technik awionik,emil.klejna@example.com,+48565257729,
500,1978,Karina,Szlufik,Psiarz,karina.szlufik@example.com,+48890359841,NIE
501,400,Juliusz,Kalota,Zoopsycholog,juliusz.kalota@example.com,+48804565571,TAK
502,2087,Aleksander,Wyskiel,Dyrektor finansowy,aleksander.wyskiel@example.com,+48608782789,TAK
503,1212,Sandra,Zacharek,Pośrednik ubezpieczeniowy,sandra.zacharek@example.com,+48804006389,NIE
504,397,Eliza,Joszko,Kornak,eliza.joszko@example.com,+48560032026,TAK
505,1748,Rozalia,Machniak,Aktor,rozalia.machniak@example.com,+48875889722,
506,127,Anastazja,Moczko,Dżokej,anastazja.moczko@example.com,+48866675649,TAK
507,1213,Michał,Sugier,Architekt krajobrazu,michał.sugier@example.com,+48834421642,TAK
508,301,Dagmara,Bajko,Rzeczoznawca majątkowy,dagmara.bajko@example.com,+48722307463,TAK
509,1223,Michał,Grabczak,Menedżer kultury,michał.grabczak@example.com,+48887354257,NIE
510,1856,Michał,Hyży,Prezenter,michał.hyży@example.com,+48748718754,NIE
511,586,Sonia,Suchoń,Fasowacz,sonia.suchoń@example.com,+48826445963,NIE
512,1118,Kazimierz,Grzebyk,Konserwator zabytków,kazimierz.grzebyk_at_example.com,+48708985970,NIE
513,856,Tymon,Szok,Redaktor merytoryczny,tymon.szok@example.com,+48501061163,NIE
514,602,Hubert,Skierka,Kornak,hubert.skierka@example.com,+48563310501,NIE
515,720,Mariusz,Humeniuk,Reżyser,mariusz.humeniuk@example.com,+48539347984,TAK
516,1982,Sandra,Sass,Aktor dziecięcy,sandra.sass@example.com,+48824112711,TAK
517,228,Krystyna,Wałek,Łącznik,krystyna.wałek@example.com,+48717097823,NIE
518,1612,Bartek,Krzysiek,Biegły rewident,bartek.krzysiek@example.com,+48656008288,TAK
519,2047,Natan,Milka,Rzeczoznawca,natan.milka@example.com,+48633139427,NIE
520,1499,Melania,Nalewajko,Charakteryzator,melania.nalewajko@example.com,+48855066981,NIE
521,1586,Bruno,Ciećko,Doradca ubezpieczeniowy,bruno.ciećko@example.com,+48602420527,NIE
522,2101,Jeremi,Imiołczyk,Dżokej,jeremi.imiołczyk@example.com,+48891562038,NIE
523,791,Gustaw,Schubert,Rybak,gustaw.schubert@example.com,+48552148765,TAK
524,350,Stefan,Wrochna,Nauczyciel,stefan.wrochna@example.com,+48615475241,NIE
525,1182,Piotr,Furgał,Deweloper budowlany,piotr.furgał@example.com,+48891025693,TAK
526,1285,Mieszko,Fulara,Producent wykonawczy,mieszko.fulara@example.com,+48801530795,NIE
527,1925,Maciej,Gendek,Rzecznik prasowy,maciej.gendek@example.com,+48647161612,NIE
528,1671,Adrianna,Gajzler,Kiper,adrianna.gajzler@example.com,+48656130822,NIE
529,920,Cezary,Panasewicz,Łącznik,cezary.panasewicz@example.com,+48564356738,
530,672,Franciszek,Hetmańczyk,Kowboj,franciszek.hetmańczyk@example.com,+48787991499,TAK
531,1531,Lidia,Goik,Nauczyciel akademicki,lidia.goik@example.com,+48707342992,
532,832,Damian,Żal,Katecheta,damian.żal@example.com,+48725455432,TAK
533,899,Ewelina,Wenda,Nauczyciel akademicki,ewelina.wenda@example.com,+48626470078,TAK
534,141,Stefan,Podgórny,Kupiec,stefan.podgórny@example.com,+48880358838,NIE
535,1764,Andrzej,Władyka,Archeolog,andrzej.władyka@example.com,+48502053635,NIE
536,1582,Ewelina,Fydrych,Konsultant,ewelina.fydrych@example.com,+48866610988,NIE
537,1219,Monika,Broś,Salowa,monika.broś@example.com,+48518009495,NIE
538,546,Julita,Minkina,Aktor głosowy,julita.minkina@example.com,+48654500780,TAK
539,446,Patryk,Sarota,Technik weterynarii,patryk.sarota@example.com,+48775820636,NIE
540,1980,Adam,Janowiak,Syndyk licencjonowany,adam.janowiak@example.com,+48554948013,NIE
541,91,Urszula,Synak,Integrator automatyki,urszula.synak@example.com,+48790293570,NIE
542,334,Róża,Gospodarek,Rekwizytor,róża.gospodarek@example.com,+48671091755,TAK
543,2008,Maksymilian,Wiertel,Agent ubezpieczeniowy,maksymilian.wiertel@example.com,+48742484782,TAK
544,297,Błażej,Stark,Technik ochrony środowiska,błażej.stark@example.com,+48692707472,TAK
545,2021,Łukasz,Bulanda,Scenarzysta,łukasz.bulanda@example.com,+48672626147,
546,1908,Marcin,Ciuk,Ekonomista,marcin.ciuk@example.com,+48840510582,TAK
547,1744,Bartek,Kobryń,Technik technologii drewna,bartek.kobryń@example.com,+48544463213,TAK
548,768,Sylwia,Sutor,Kornak,sylwia.sutor@example.com,+48519063752,NIE
549,233,Agnieszka,Lubera,Finansista,agnieszka.lubera@example.com,+48713537037,TAK
550,667,Kornelia,Dziób,Technik ochrony środowiska,kornelia.dziób@example.com,+48591679757,TAK
551,1587,Daniel,Dawiec,Żongler,daniel.dawiec@example.com,+48592287158,TAK
552,1870,Malwina,Lew,Kornak,malwina.lew@example.com,+48802256236,TAK
553,428,Aniela,Pasierbek,Szlifierz,aniela.pasierbek@example.com,+48544055415,TAK
554,108,Maurycy,Dela,Doker,maurycy.dela@example.com,+48754934382,TAK
555,1723,Kornel,Peszko,Liczmen,kornel.peszko@example.com,+48708058582,TAK
556,1659,Dagmara,Kłoczko,Kupiec,dagmara.kłoczko@example.com,+48745652983,TAK
557,1801,Rozalia,Pasierbek,Aktor dziecięcy,rozalia.pasierbek@example.com,+48816668724,NIE
558,1796,Marianna,Roda,Kupiec,marianna.roda_at_example.com,+48781468338,
559,1560,Cezary,Furga,Nadleśniczy,cezary.furga@example.com,+48592969337,NIE
560,1556,Anna Maria,Szczechowicz,Rzeczoznawca budowlany,anna maria.szczechowicz@example.com,+48762888120,TAK
561,1110,Blanka,Lament,Palacz,blanka.lament@example.com,+48534420484,NIE
562,712,Lidia,Duczmal,Geolog,lidia.duczmal@example.com,+48718504183,NIE
563,2020,Aleksander,Irzyk,Archeolog,aleksander.irzyk@example.com,+48522036298,TAK
564,1824,Tymoteusz,Majnusz,Kostiumograf,tymoteusz.majnusz@example.com,+48615538054,TAK
565,455,Robert,Polasik,Rolnik,robert.polasik@example.com,+48574113355,NIE
566,300,Błażej,Jessa,Żongler,błażej.jessa@example.com,+48858513113,TAK
567,349,Witold,Kamieniarz,Katecheta,witold.kamieniarz@example.com,+48690222760,TAK
568,1820,Sara,Dyczko,Palacz,sara.dyczko@example.com,+48849402908,TAK
569,1652,Nataniel,Kopa,Przewodnik turystyczny,nataniel.kopa@example.com,+48582518639,
570,897,Błażej,Kasiak,Rekwizytor,błażej.kasiak@example.com,+48558655753,NIE
571,1946,Apolonia,Kinder,Katecheta,apolonia.kinder@example.com,+48609171335,NIE
572,614,Agnieszka,Kucz,Katecheta,agnieszka.kucz@example.com,+48797507496,NIE
573,592,Ignacy,Błażejewicz,Stajenny,ignacy.błażejewicz@example.com,+48731567033,NIE
574,1697,Fabian,Doroszkiewicz,Animator kultury,fabian.doroszkiewicz@example.com,+48894571567,
575,1833,Kornel,Wielgat,Technik budownictwa,kornel.wielgat@example.com,+48768552193,
576,39,Ernest,Hutnik,Technik mechanik lotniczy,ernest.hutnik@example.com,+48673970930,NIE
577,1428,Konrad,Pastuszek,Ankieter,konrad.pastuszek@example.com,+48849139052,TAK
578,525,Marianna,Klos,Konsultant,marianna.klos@example.com,+48509274350,NIE
579,434,Dominik,Ruman,Archiwista,dominik.ruman@example.com,+48567995729,NIE
580,2099,Angelika,Piłka,Psycholog,angelika.piłka@example.com,+48755658858,TAK
581,1925,Kamila,Pęksa,Broker ubezpieczeniowy,kamila.pęksa@example.com,+48506781638,TAK
582,1108,Konrad,Droździel,Rybak,konrad.droździel@example.com,+48642920007,NIE
583,1983,Monika,Liss,Krojczy,monika.liss@example.com,+48554352671,NIE
584,515,Nataniel,Kopyto,Pracownik socjalny,nataniel.kopyto@example.com,+48764488242,TAK
585,596,Konstanty,Gierak,Dyrektor kreatywny,konstanty.gierak@example.com,+48869045026,NIE
586,2073,Aurelia,Kłosiewicz,Biegły rewident,aurelia.kłosiewicz@example.com,+48625463696,TAK
587,2183,Rafał,Wojak,Rybak,rafał.wojak_at_example.com,+48817204243,NIE
588,877,Krystian,Kunert,Audytor efektywności energetycznej,krystian.kunert@example.com,+48725357614,NIE
589,1090,Róża,Kopiczko,Mim,róża.kopiczko@example.com,+48585241275,TAK
590,1295,Dawid,Wywiał,Plastyk,dawid.wywiał@example.com,+48536335996,TAK
591,548,Jan,Siewert,Brakarz,jan.siewert@example.com,+48879605782,NIE
592,273,Albert,Kiełbik,Stajenny,albert.kiełbik@example.com,+48503687848,TAK
593,554,Róża,Gumienny,Trener,róża.gumienny@example.com,+48783176973,TAK
594,1963,Eryk,Bartłomiejczyk,Archeolog,eryk.bartłomiejczyk@example.com,+48761546320,NIE
595,1547,Błażej,Hnat,Redaktor techniczny,błażej.hnat@example.com,+48853437941,NIE
596,783,Jakub,Ziegert,Psycholog,jakub.ziegert@example.com,+48825827948,TAK
597,2011,Angelika,Morek,Ratownik,angelika.morek@example.com,+48729708417,
598,936,Marcin,Jaźwiec,Bibliotekarz dyplomowany,marcin.jaźwiec@example.com,+48584181369,NIE
599,1258,Robert,Kochman,Służący,robert.kochman@example.com,+48586961575,NIE
600,1701,Urszula,Witka,Technik nawigator morski,urszula.witka@example.com,+48741687484,NIE
601,868,Jeremi,Gumienna,Hydraulik,jeremi.gumienna@example.com,+48514886022,
602,1074,Gabriel,Wołoszczuk,Kiper,gabriel.wołoszczuk@example.com,+48571383167,TAK
603,1394,Malwina,Szwiec,Stajenny,malwina.szwiec@example.com,+48853574842,TAK
604,1990,Eliza,Osica,Przewodnik turystyczny,eliza.osica_at_example.com,+48862445842,NIE
605,981,Bruno,Klorek,Pakowacz,bruno.klorek@example.com,+48651738078,TAK
606,1875,Urszula,Jaroszuk,Kurator sztuki,urszula.jaroszuk@example.com,+48538871335,NIE
607,581,Tomasz,Gawłowicz,Podleśniczy,tomasz.gawłowicz@example.com,+48889699902,NIE
608,1642,Karina,Pierz,Meteorolog,karina.pierz@example.com,+48734072748,NIE
609,1970,Ernest,Siemek,Szlifierz,ernest.siemek@example.com,+48783745726,
610,1779,Jędrzej,Piaseczna,Satyryk,jędrzej.piaseczna@example.com,+48515112800,NIE
611,1573,Adam,Tusk,Kawalkator,adam.tusk@example.com,+48634722211,TAK
612,940,Rafał,Sacharczuk,Teksturator,rafał.sacharczuk@example.com,+48542746978,TAK
613,1642,Urszula,Wasyluk,Koniarze,urszula.wasyluk@example.com,+48715730697,NIE
614,182,Miłosz,Pitek,Artysta-rezydent,miłosz.pitek@example.com,+48888798827,TAK
615,2032,Adrianna,Członka,Pracownik socjalny,adrianna.członka@example.com,+48577059372,NIE
616,1367,Piotr,Fedyk,Technik żywienia i gospodarstwa domowego,piotr.fedyk@example.com,+48563169526,TAK
617,1453,Antoni,Malecha,Konserwator zabytków,antoni.malecha@example.com,+48720468117,TAK
618,2499,Eryk,Szywała,Archiwista,eryk.szywała@example.com,+48540889334,NIE
619,59,Łukasz,Getka,Aktor,łukasz.getka@example.com,+48715957715,TAK
620,240,Leonard,Sobisz,Stajenny,leonard.sobisz@example.com,+48730376648,NIE
621,1493,Marika,Durlak,Architekt wnętrz,marika.durlak@example.com,+48868619894,
622,836,Sebastian,Piksa,Terminolog,sebastian.piksa@example.com,+48844445365,
623,891,Ewelina,Dyrek,Kierowca,ewelina.dyrek@example.com,+48866240304,TAK
624,1762,Natan,Milewczyk,Krupier,natan.milewczyk@example.com,+48592142265,TAK
625,1945,Julita,Irla,Marketingowiec,julita.irla@example.com,+48673073626,TAK
626,1374,Kaja,Blaut,Konserwator zabytków,kaja.blaut@example.com,+48896319020,NIE
627,859,Mariusz,Salwin,Zoopsycholog,mariusz.salwin@example.com,+48582694455,TAK
628,1718,Patryk,Działa,Dyrektor artystyczny,patryk.działa@example.com,+48505405066,TAK
629,1974,Urszula,Wisz,Barman,urszula.wisz@example.com,+48800698695,NIE
630,1594,Olaf,Bielas,Niania,olaf.bielas@example.com,+48876511472,TAK
631,1161,Eliza,Dybiec,Masztalerz,eliza.dybiec@example.com,+48529857708,NIE
632,2117,Nikodem,Gieroń,Technik weterynarii,nikodem.gieroń@example.com,+48609867431,NIE
633,1376,Angelika,Kryza,Sprzątacz,angelika.kryza@example.com,+48819449986,NIE
634,1461,Tadeusz,Swaczyna,Przedstawiciel handlowy,tadeusz.swaczyna@example.com,+48782034095,
635,2148,Norbert,Kandzia,Dyrektor artystyczny,norbert.kandzia@example.com,+48577435357,TAK
636,75,Marek,Duc,Technik budownictwa,marek.duc@example.com,+48752897085,TAK
637,177,Robert,Dworniczak,Przewodnik turystyczny,robert.dworniczak_at_example.com,+48676249286,NIE
638,1253,Tymoteusz,Danisz,Dyrektor kreatywny,tymoteusz.danisz@example.com,+48522276725,TAK
639,1691,Leonard,Małyszka,Pisarz,leonard.małyszka@example.com,+48741689421,NIE
640,435,Adam,Buk,Dziennikarz,adam.buk@example.com,+48700117469,NIE
641,2029,Stefan,Milczarczyk,Koniarze,stefan.milczarczyk@example.com,+48827728235,NIE
642,538,Sonia,Choroś,Biegły rewident,sonia.choroś@example.com,+48654032452,TAK
643,2030,Ernest,Komsta,Tłumacz przysięgły,ernest.komsta@example.com,+48876796656,NIE
644,408,Roksana,Kalisiak,Technik nawigator morski,roksana.kalisiak@example.com,+48669684077,
645,70,Nikodem,Gołoś,Biegły rewident,nikodem.gołoś@example.com,+48743648013,NIE
646,2015,Ryszard,Habdas,Charakteryzator,ryszard.habdas@example.com,+48722682429,NIE
647,1255,Ida,Swacha,Liczmen,ida.swacha@example.com,+48810311766,NIE
648,1015,Ksawery,Janke,Niania,ksawery.janke@example.com,+48807241906,TAK
649,393,Adam,Herok,Ergonomista,adam.herok@example.com,+48663305469,
650,1615,Oskar,Cholewka,Iluzjonista,oskar.cholewka_at_example.com,+48666740407,TAK
651,1129,Filip,Fijoł,Podleśniczy,filip.fijoł@example.com,+48884322905,TAK
652,1158,Igor,Seta,Kuk,igor.seta@example.com,+48604983494,NIE
653,1499,Jakub,Panasewicz,Reporter wojenny,jakub.panasewicz@example.com,+48656145340,NIE
654,325,Ada,Drewniok,Grabarz,ada.drewniok@example.com,+48817189520,TAK
655,1746,Gustaw,Gul,Fasowacz,gustaw.gul@example.com,+48527007930,TAK
656,726,Nikodem,Korkosz,Scenograf,nikodem.korkosz@example.com,+48880337482,TAK
657,622,Urszula,Borczyk,Dziennikarz,urszula.borczyk@example.com,+48729252732,NIE
658,1729,Albert,Majorek,Hutnik,albert.majorek_at_example.com,+48764663030,TAK
659,1721,Dariusz,Hejna,Inżynier budownictwa,dariusz.hejna@example.com,+48701558748,TAK
660,1239,Wojciech,Plak,Lalkarz,wojciech.plak@example.com,+48623134007,NIE
661,399,Kajetan,Gałęza,Tłumacz literacki,kajetan.gałęza@example.com,+48748873424,TAK
662,1238,Krystyna,Ligenza,Niania,krystyna.ligenza@example.com,+48780722494,TAK
663,1595,Piotr,Manista,Dyrektor artystyczny,piotr.manista@example.com,+48693580724,NIE
664,424,Kornel,Dawidczyk,Bibliotekarz,kornel.dawidczyk@example.com,+48660422517,NIE
665,623,Olgierd,Hanzel,Szatniarz,olgierd.hanzel@example.com,+48852702555,
666,316,Dawid,Paściak,Scenarzysta,dawid.paściak@example.com,+48812789710,TAK
667,1563,Olaf,Żyrek,Bibliotekarz,olaf.żyrek@example.com,+48788998068,NIE
668,1485,Lidia,Świerszcz,Rzecznik prasowy,lidia.świerszcz@example.com,+48757111727,NIE
669,370,Konrad,Sprycha,Kuk,konrad.sprycha@example.com,+48591493045,TAK
670,2082,Dorota,Zaraś,Antykwariusz,dorota.zaraś@example.com,+48754163714,NIE
671,1990,Błażej,Jarmużek,Technik budownictwa,błażej.jarmużek@example.com,+48506355146,NIE
672,1094,Fabian,Klejna,Krojczy,fabian.klejna@example.com,+48665522139,NIE
673,291,Alan,Wota,Archeolog,alan.wota@example.com,+48789272657,NIE
674,1215,Julian,Prokopczuk,Szatniarz,julian.prokopczuk@example.com,+48854023957,TAK
675,932,Andrzej,Miotke,Katecheta,andrzej.miotke@example.com,+48823614673,TAK
676,1041,Natasza,Kusek,Dyrektor artystyczny,natasza.kusek@example.com,+48519731094,TAK
677,2079,Juliusz,Muniak,Koniarze,juliusz.muniak@example.com,+48718949655,TAK
678,2613,Olgierd,Rolek,Tokarz,olgierd.rolek@example.com,+48670410724,NIE
679,1973,Marek,Bulanda,Technik mechanik lotniczy,marek.bulanda@example.com,+48554222255,NIE
680,754,Olga,Cheba,Audytor efektywności energetycznej,olga.cheba@example.com,+48750658985,TAK
681,893,Oliwier,Walenciak,Redaktor,oliwier.walenciak@example.com,+48545017763,TAK
682,749,Kacper,Bitner,Integrator automatyki,kacper.bitner@example.com,+48878534984,TAK
683,617,Dariusz,Bacia,Poganiacz,dariusz.bacia@example.com,+48680100898,NIE
684,939,Łukasz,Wojtczuk,Krojczy,łukasz.wojtczuk@example.com,+48679870042,TAK
685,552,Leon,Polaszek,Integrator automatyki,leon.polaszek@example.com,+48886295828,NIE
686,489,Mikołaj,Lemanowicz,Naukowiec,mikołaj.lemanowicz@example.com,+48588346141,NIE
687,2255,Piotr,Dziurla,Ksiądz,piotr.dziurla@example.com,+48716440173,TAK
688,186,Sandra,Gabrych,Terapeuta,sandra.gabrych@example.com,+48728560660,NIE
689,1606,Artur,Simon,Konsultant,artur.simon@example.com,+48721413824,TAK
690,15,Dariusz,Hallmann,Kurier rowerowy,dariusz.hallmann@example.com,+48880123589,
691,2110,Tadeusz,Osik,Krupier,tadeusz.osik@example.com,+48794228517,NIE
692,1245,Tola,Porzucek,Archiwista,tola.porzucek@example.com,+48536842560,TAK
693,316,Anna Maria,Borejko,Doradca ubezpieczeniowy,anna maria.borejko@example.com,+48883935400,TAK
694,540,Dagmara,Porwoł,Fasowacz,dagmara.porwoł@example.com,+48515468323,TAK
695,1470,Sylwia,Częścik,Makler papierów wartościowych,sylwia.częścik@example.com,+48518109324,
696,1540,Radosław,Świt,Teksturator,radosław.świt@example.com,+48548287926,NIE
697,1514,Tobiasz,Ryznar,Pracownicy uczelni w Polsce,tobiasz.ryznar_at_example.com,+48636520545,TAK
698,1900,Maciej,Szymonik,Kornak,maciej.szymonik@example.com,+48871029507,NIE
699,2349,Olgierd,Górnisiewicz,Syndyk,olgierd.górnisiewicz@example.com,+48846612837,NIE
700,265,Nikodem,Żuberek,Zoopsycholog,nikodem.żuberek_at_example.com,+48527807225,NIE
701,1466,Ksawery,Kłosiewicz,Agent celny,ksawery.kłosiewicz@example.com,+48573226513,NIE
702,1665,Róża,Krzyżostaniak,Taksówkarz,róża.krzyżostaniak@example.com,+48655818002,NIE
703,2077,Hubert,Gołofit,Reporter wojenny,hubert.gołofit@example.com,+48774284714,TAK
704,104,Tobiasz,Borysewicz,Projektant gier komputerowych,tobiasz.borysewicz@example.com,+48880016247,NIE
705,1313,Stefan,Maciocha,Kierowca,stefan.maciocha@example.com,+48583872820,NIE
706,2208,Iwo,Strzoda,Krupier,iwo.strzoda@example.com,+48680079315,TAK
707,2056,Szymon,Jędrusiak,Menedżer kultury,szymon.jędrusiak@example.com,+48698115272,NIE
708,1575,Jędrzej,Podkowa,Konsultant,jędrzej.podkowa@example.com,+48648464930,TAK
709,828,Klara,Sosnówka,Zarządca nieruchomości,klara.sosnówka@example.com,+48761058323,TAK
710,440,Kamila,Dela,Technik weterynarii,kamila.dela@example.com,+48556636815,TAK
711,686,Kazimierz,Wisz,Pucybut,kazimierz.wisz@example.com,+48612147788,
712,1241,Piotr,Bona,Kurier,piotr.bona@example.com,+48640731305,NIE
713,938,Kazimierz,Droździel,Kurier,kazimierz.droździel@example.com,+48722974972,NIE
714,2066,Tola,Pędzik,Teksturator,tola.pędzik@example.com,+48517802784,TAK
715,1301,Łukasz,Ferdyn,Elektromonter pomiarów,łukasz.ferdyn@example.com,+48697342634,NIE
716,1407,Alan,Bartoś,Dziennikarz,alan.bartoś@example.com,+48802589635,NIE
717,1349,Maciej,Świętoń,Hostessa,maciej.świętoń@example.com,+48598898634,NIE
718,1420,Kacper,Paliga,Kurier rowerowy,kacper.paliga@example.com,+48762543011,TAK
719,233,Tadeusz,Pacholczak,Archiwista,tadeusz.pacholczak@example.com,+48685945726,NIE
720,572,Anita,Trybus,Animator kultury,anita.trybus@example.com,+48781205481,NIE
721,1163,Marianna,Ruman,Pracownik socjalny,marianna.ruman_at_example.com,+48603537531,TAK
722,134,Natasza,Wosiak,Żołnierz,natasza.wosiak_at_example.com,+48881496316,TAK
723,382,Oskar,Jamroz,Żongler,oskar.jamroz@example.com,+48728756153,TAK
724,1684,Witold,Szemraj,Technik mechanik,witold.szemraj@example.com,+48595566190,TAK
725,1338,Tadeusz,Barłóg,Psycholog,tadeusz.barłóg@example.com,+48890846026,NIE
726,375,Maksymilian,Stupak,Salowa,maksymilian.stupak@example.com,+48604558930,NIE
727,382,Tomasz,Szylar,Kierowca,tomasz.szylar@example.com,+48674083212,TAK
728,35,Tymon,Krzystek,Arborysta,tymon.krzystek@example.com,+48503874664,TAK
729,2031,Marcin,Łasica,Kurier,marcin.łasica@example.com,+48638460052,TAK
730,509,Dominik,Kubina,Tokarz,dominik.kubina@example.com,+48580610129,TAK
731,1718,Julian,Kuncewicz,Drwal,julian.kuncewicz@example.com,+48830112635,
732,150,Bianka,Małys,Scenarzysta,bianka.małys@example.com,+48526397117,NIE
733,1912,Ignacy,Kostek,Agent celny,ignacy.kostek@example.com,+48867357103,NIE
734,1832,Adrian,Śledzik,Katecheta,adrian.śledzik@example.com,+48550058129,NIE
735,1484,Kornel,Babij,Deweloper budowlany,kornel.babij@example.com,+48677470602,NIE
736,567,Tymon,Jakiel,Taksówkarz,tymon.jakiel@example.com,+48870583719,TAK
737,1164,Gaja,Herbut,Dyrektor artystyczny,gaja.herbut@example.com,+48766679507,NIE
738,1265,Stefan,Chlipała,Aktor,stefan.chlipała@example.com,+48719333990,TAK
739,1156,Krystian,Słaba,Sprzątacz,krystian.słaba@example.com,+48681020048,
740,2090,Adrian,Kudłacz,Strażak,adrian.kudłacz@example.com,+48700826654,
741,1378,Adam,Kurzak,Aktor dziecięcy,adam.kurzak@example.com,+48564477850,
742,1282,Patryk,Chomiak,Detektyw,patryk.chomiak@example.com,+48820242353,TAK
743,1468,Adrianna,Daraż,Ratownik,adrianna.daraż@example.com,+48701917081,TAK
744,882,Alan,Staniczek,Rzeczoznawca budowlany,alan.staniczek@example.com,+48568805335,NIE
745,1663,Miłosz,Zygmuntowicz,Rzeczoznawca majątkowy,miłosz.zygmuntowicz@example.com,+48571947429,NIE
746,399,Marek,Gołoś,Architekt wnętrz,marek.gołoś@example.com,+48529391454,
747,398,Julianna,Pasztaleniec,Naukowiec,julianna.pasztaleniec@example.com,+48695532960,TAK
748,104,Nicole,Wawrzyczek,Syndyk,nicole.wawrzyczek@example.com,+48773365970,NIE
749,138,Jerzy,Gajowiak,Główny księgowy,jerzy.gajowiak@example.com,+48628201945,TAK
750,4,Miłosz,Dargacz,Konserwator zabytków,miłosz.dargacz@example.com,+48587093930,NIE
751,1681,Fryderyk,Hermann,Reżyser,fryderyk.hermann@example.com,+48759872029,NIE
752,1716,Ada,Ryszkiewicz,Dżokej,ada.ryszkiewicz@example.com,+48856759698,NIE
753,1826,Julianna,Stoch,Taksówkarz,julianna.stoch@example.com,+48892887147,TAK
754,1741,Eliza,Miszkiel,Leśniczy,eliza.miszkiel@example.com,+48657683599,TAK
755,232,Ada,Potok,Księgowy,ada.potok@example.com,+48772708884,TAK
756,272,Stefan,Wołczyk,Technik mechanik okrętowy,stefan.wołczyk@example.com,+48504121378,NIE
757,640,Julita,Pyszny,Pucybut,julita.pyszny@example.com,+48802427695,NIE
758,2030,Agnieszka,Łapot,Przedstawiciel handlowy,agnieszka.łapot@example.com,+48591861190,TAK
759,1163,Olgierd,Ochnik,Księgowy,olgierd.ochnik@example.com,+48783031016,
760,1439,Krzysztof,Latek,Agent celny,krzysztof.latek@example.com,+48561982967,NIE
761,1836,Bianka,Kral,Agent celny,bianka.kral@example.com,+48519269758,TAK
762,1058,Roksana,Gajownik,Pucybut,roksana.gajownik@example.com,+48608990872,NIE
763,380,Mikołaj,Kapka,Hutnik,mikołaj.kapka@example.com,+48735732469,TAK
764,205,Marek,Klaus,Architekt krajobrazu,marek.klaus@example.com,+48528375011,TAK
765,2334,Hubert,Hewelt,Ebenista,hubert.hewelt@example.com,+48764327042,TAK
766,1371,Marcel,Głowiak,Konsultant,marcel.głowiak@example.com,+48786655151,TAK
767,899,Kaja,Moniuszko,Zarządca nieruchomości,kaja.moniuszko@example.com,+48847738577,NIE
768,1151,Miłosz,Peciak,Artysta-rezydent,miłosz.peciak@example.com,+48631169460,NIE
769,1165,Marika,Karkocha,Technik technologii drewna,marika.karkocha@example.com,+48763433442,NIE
770,242,Konrad,Ofiara,Dżokej,konrad.ofiara@example.com,+48730651384,TAK
771,1648,Julianna,Kujawiak,Kawalkator,julianna.kujawiak@example.com,+48799846041,NIE
772,855,Kazimierz,Manista,Rachmistrz,kazimierz.manista@example.com,+48802718392,TAK
773,2078,Inga,Kukawka,Modelka dużych rozmiarów,inga.kukawka@example.com,+48714200863,
774,1540,Aniela,Kosznik,Menedżer kultury,aniela.kosznik@example.com,+48812641773,TAK
775,1032,Konrad,Jarmuż,Szczurołap,konrad.jarmuż@example.com,+48861966307,TAK
776,262,Grzegorz,Duszczak,Kelner,grzegorz.duszczak@example.com,+48695357097,TAK
777,1459,Eryk,Huszcza,Doradca ubezpieczeniowy,eryk.huszcza@example.com,+48724710254,NIE
778,416,Wiktor,Aleksander,Makler morski,wiktor.aleksander@example.com,+48848888744,NIE
779,1449,Leon,Ziajka,Drwal,leon.ziajka@example.com,+48526431585,NIE
780,2454,Leon,Kałwa,Dubler,leon.kałwa_at_example.com,+48613541343,TAK
781,106,Liwia,Chabior,Geolog,liwia.chabior@example.com,+48685361603,NIE
782,250,Konrad,Koźlak,Szatniarz,konrad.koźlak@example.com,+48888832351,NIE
783,1744,Karol,Kubisz,Ochroniarz,karol.kubisz@example.com,+48698511798,TAK
784,1131,Arkadiusz,Janczura,Szatniarz,arkadiusz.janczura@example.com,+48774485664,TAK
785,1578,Miłosz,Smalec,Konsultant ślubny,miłosz.smalec@example.com,+48799586683,TAK
786,1869,Antoni,Siwczak,Doradca inwestycyjny,antoni.siwczak@example.com,+48575832025,
787,1665,Ada,Duży,Aktor głosowy,ada.duży@example.com,+48632323689,TAK
788,152,Elżbieta,Kuśmider,Sufler,elżbieta.kuśmider@example.com,+48533527332,TAK
789,636,Aleks,Czermak,Żongler,aleks.czermak@example.com,+48649514931,TAK
790,375,Maciej,Niedojadło,Szatniarz,maciej.niedojadło@example.com,+48754557708,NIE
791,485,Patryk,Cywka,Kelner,patryk.cywka@example.com,+48697379074,NIE
792,787,Igor,Nazar,Klechdarz,igor.nazar@example.com,+48730335707,
793,992,Natan,Skrobek,Dżokej,natan.skrobek@example.com,+48560477298,NIE
794,1192,Tola,Kowalak,Hydraulik,tola.kowalak@example.com,+48584157024,TAK
795,427,Leonard,Drewniok,Marketingowiec,leonard.drewniok@example.com,+48683701391,TAK
796,419,Szymon,Dzidek,Rzeczoznawca samochodowy,szymon.dzidek@example.com,+48872977264,TAK
797,1776,Nicole,Warmuz,Projektant gier komputerowych,nicole.warmuz@example.com,+48822951937,TAK
798,1720,Olaf,Tomalik,Stajenny,olaf.tomalik@example.com,+48503838255,NIE
799,162,Nataniel,Klucznik,Inżynier budownictwa,nataniel.klucznik@example.com,+48752364668,TAK
800,1520,Urszula,Stosio,Sprzedawca,urszula.stosio@example.com,+48695397139,TAK
801,953,Rafał,Pazera,Rolnik,rafał.pazera@example.com,+48550309776,TAK
802,986,Róża,Widłak,Broker,róża.widłak@example.com,+48838290295,NIE
803,1760,Maks,Pazera,Kontroler biletów,maks.pazera@example.com,+48604417001,NIE
804,1209,Bianka,Tatarczyk,Tłumacz przysięgły,bianka.tatarczyk@example.com,+48553906673,TAK
805,923,Jerzy,Magier,Syndyk licencjonowany,jerzy.magier@example.com,+48505133342,NIE
806,1458,Angelika,Durlej,Palacz,angelika.durlej@example.com,+48703379460,
807,1236,Janina,Brejnak,Technik żywienia i gospodarstwa domowego,janina.brejnak@example.com,+48667877572,TAK
808,1907,Maksymilian,Gęgotek,Tłumacz literacki,maksymilian.gęgotek_at_example.com,+48887455298,NIE
809,148,Michał,Jessa,Hutnik,michał.jessa@example.com,+48826123853,NIE
810,1039,Filip,Szmuc,Robotnik,filip.szmuc@example.com,+48583551238,TAK
811,1504,Cezary,Kiliszek,Pracownicy uczelni w Polsce,cezary.kiliszek@example.com,+48722038999,TAK
812,2082,Karina,Paprotny,Producent wykonawczy,karina.paprotny@example.com,+48695357901,
813,1781,Mieszko,Zeman,Palacz,mieszko.zeman@example.com,+48515328190,TAK
814,449,Daniel,Łapaj,Tłumacz przysięgły,daniel.łapaj@example.com,+48582872045,TAK
815,333,Malwina,Banachowicz,Geolog,malwina.banachowicz@example.com,+48661011302,NIE
816,543,Grzegorz,Bawoł,Stajenny,grzegorz.bawoł@example.com,+48896183923,
817,323,Rafał,Romańczyk,Agent firmy inwestycyjnej,rafał.romańczyk@example.com,+48667319247,NIE
818,1130,Karina,Kondej,Pracownicy uczelni w Polsce,karina.kondej@example.com,+48530444665,TAK
819,566,Sandra,Bork,Artysta-rezydent,sandra.bork@example.com,+48756003735,NIE
820,2409,Dagmara,Gnyp,Ratownik,dagmara.gnyp@example.com,+48683938579,
821,1775,Emil,Ułanowicz,Urbanista,emil.ułanowicz@example.com,+48634858562,TAK
822,636,Radosław,Pierchała,Scenograf,radosław.pierchała@example.com,+48695399201,
823,571,Agnieszka,Szyda,Model,agnieszka.szyda@example.com,+48573242700,NIE
824,2219,Nataniel,Rozum,Technik budownictwa,nataniel.rozum@example.com,+48834850786,TAK
825,39,Oskar,Paściak,Pośrednik finansowy,oskar.paściak@example.com,+48752494654,NIE
826,1126,Witold,Kremer,Krojczy,witold.kremer@example.com,+48541985436,TAK
827,1203,Fryderyk,Łabuś,Kowboj,fryderyk.łabuś@example.com,+48861899986,NIE
828,671,Maciej,Romankiewicz,Robotnik,maciej.romankiewicz@example.com,+48826528733,NIE
829,2082,Fryderyk,Szałata,Deweloper budowlany,fryderyk.szałata@example.com,+48601547925,TAK
830,2065,Sebastian,Podgórny,Żołnierz,sebastian.podgórny@example.com,+48653382061,NIE
831,789,Jakub,Hak,Dyrektor finansowy,jakub.hak@example.com,+48779588358,TAK
832,678,Józef,Żółkiewicz,Detektyw,józef.żółkiewicz@example.com,+48807182733,TAK
833,1778,Leonard,Rolek,Tłumacz,leonard.rolek@example.com,+48732947023,TAK
834,1104,Błażej,Bacik,Rekwizytor,błażej.bacik@example.com,+48873904425,TAK
835,113,Paweł,Cop,Broker,paweł.cop_at_example.com,+48896219773,TAK
836,1733,Stanisław,Bacik,Technik handlowiec,stanisław.bacik@example.com,+48790985141,NIE
837,172,Leonard,Kreczmer,Technik awionik,leonard.kreczmer@example.com,+48535576215,NIE
838,594,Klara,Latoszek,Rzeczoznawca,klara.latoszek@example.com,+48540887208,NIE
839,356,Emil,Ośka,Doradca finansowy,emil.ośka@example.com,+48786231883,NIE
840,1910,Kaja,Dawidek,Leśniczy,kaja.dawidek@example.com,+48651949360,NIE
841,171,Adrianna,Browarczyk,Rybak,adrianna.browarczyk@example.com,+48533333460,TAK
842,1302,Dorota,Kwasek,Technik żywienia i gospodarstwa domowego,dorota.kwasek@example.com,+48636126249,TAK
843,370,Nicole,Broniarek,Instruktor,nicole.broniarek@example.com,+48860158624,TAK
844,521,Franciszek,Jamroz,Konferansjer,franciszek.jamroz@example.com,+48587701360,NIE
845,1226,Nicole,Mizak,Kierowca,nicole.mizak@example.com,+48813054251,TAK
846,908,Karina,Muniak,Hycel,karina.muniak@example.com,+48583503272,NIE
847,677,Ksawery,Mosiołek,Trener personalny,ksawery.mosiołek@example.com,+48659487587,NIE
848,1471,Cezary,Forma,Zoopsycholog,cezary.forma@example.com,+48518353992,
849,2063,Stefan,Miecznik,Technik mechanik okrętowy,stefan.miecznik@example.com,+48810314168,TAK
850,1248,Arkadiusz,Andziak,Ekwilibrystyka,arkadiusz.andziak@example.com,+48758414184,NIE
851,1147,Marcin,Jurczuk,Makler morski,marcin.jurczuk@example.com,+48833887010,NIE
852,751,Alex,Pogorzelec,Żongler,alex.pogorzelec@example.com,+48881232547,TAK
853,620,Artur,Chwedoruk,Leśniczy,artur.chwedoruk@example.com,+48671341583,TAK
854,1938,Krzysztof,Erdmann,Geodeta,krzysztof.erdmann@example.com,+48755208087,NIE
855,740,Radosław,Adamów,Architekt wnętrz,radosław.adamów@example.com,+48584643894,NIE
856,1811,Nikodem,Siembab,Astronom,nikodem.siembab@example.com,+48533891517,
857,1180,Mieszko,Litwiniuk,Zoopsycholog,mieszko.litwiniuk@example.com,+48794420128,NIE
858,989,Cezary,Kunysz,Terapeuta,cezary.kunysz@example.com,+48684676607,TAK
859,1175,Ignacy,Hołubowicz,Ratownik przedmedyczny,ignacy.hołubowicz@example.com,+48692934280,NIE
860,1658,Wiktor,Grzenia,Scenarzysta,wiktor.grzenia@example.com,+48572131747,NIE
861,164,Klara,Oleksak,Hycel,klara.oleksak@example.com,+48673331722,NIE
862,938,Antoni,Graban,Taksówkarz,antoni.graban@example.com,+48770173642,NIE
863,1455,Dariusz,Karłowicz,Szlifierz,dariusz.karłowicz@example.com,+48687798168,NIE
864,403,Igor,Piestrzeniewicz,Dżokej,igor.piestrzeniewicz@example.com,+48894134917,
865,901,Miłosz,Penkala,Dubler,miłosz.penkala@example.com,+48643771549,NIE
866,1881,Blanka,Giec,Psiarz,blanka.giec@example.com,+48867246289,NIE
867,1121,Sara,Bujko,Makler papierów wartościowych,sara.bujko@example.com,+48899945070,NIE
868,1370,Krystyna,Spychaj,Architekt wnętrz,krystyna.spychaj@example.com,+48613589551,TAK
869,507,Justyna,Korpal,Rzecznik prasowy,justyna.korpal@example.com,+48537728305,TAK
870,224,Fryderyk,Pietrak,Kasjer biletowy,fryderyk.pietrak@example.com,+48786104948,TAK
871,594,Miłosz,Majsterek,Liczmen,miłosz.majsterek@example.com,+48895409809,TAK
872,764,Jerzy,Janowiak,Model,jerzy.janowiak@example.com,+48556205284,NIE
873,415,Antoni,Tryka,Podleśniczy,antoni.tryka@example.com,+48847909833,NIE
874,1719,Maksymilian,Balcewicz,Ankieter,maksymilian.balcewicz@example.com,+48574835796,
875,375,Krzysztof,Kosak,Animator kultury,krzysztof.kosak@example.com,+48808517101,NIE
876,848,Dominik,Szpila,Kawiarka,dominik.szpila@example.com,+48864463249,TAK
877,124,Aleks,Osada,Technik nawigator morski,aleks.osada@example.com,+48579459285,TAK
878,895,Mateusz,Doroszkiewicz,Kurator sztuki,mateusz.doroszkiewicz@example.com,+48550584128,TAK
879,1791,Radosław,Błądek,Biegły rewident,radosław.błądek@example.com,+48674940185,TAK
880,2051,Kamil,Jamroz,Palacz,kamil.jamroz@example.com,+48551272377,TAK
881,227,Karina,Gospodarek,Syndyk licencjonowany,karina.gospodarek@example.com,+48738678192,NIE
882,1963,Julianna,Bisaga,Aktor,julianna.bisaga@example.com,+48540547312,TAK
883,1460,Szymon,Aleksander,Iluzjonista,szymon.aleksander@example.com,+48637314038,NIE
884,152,Janina,Thiel,Urbanista,janina.thiel@example.com,+48647088050,TAK
885,218,Mikołaj,Suchenek,Technik technologii drewna,mikołaj.suchenek@example.com,+48530741162,NIE
886,1676,Stanisław,Sabała,Dyrektor artystyczny,stanisław.sabała@example.com,+48720427965,NIE
887,317,Eryk,Bortkiewicz,Astronom,eryk.bortkiewicz@example.com,+48668877150,TAK
888,1017,Gustaw,Nieradko,Dyrektor finansowy,gustaw.nieradko@example.com,+48702949234,
889,599,Antoni,Latacz,Prezenter,antoni.latacz@example.com,+48629722930,TAK
890,864,Nikodem,Marcol,Syndyk,nikodem.marcol@example.com,+48706681246,NIE
891,1759,Urszula,Capała,Architekt krajobrazu,urszula.capała@example.com,+48807632280,NIE
892,1096,Błażej,Juszczuk,Detektyw,błażej.juszczuk@example.com,+48804615035,NIE
893,2457,Wojciech,Żok,Meteorolog,wojciech.żok@example.com,+48693109966,TAK
894,62,Maciej,Tomaszuk,Żołnierz,maciej.tomaszuk_at_example.com,+48694733106,
895,1484,Jacek,Woszczak,Ergonomista,jacek.woszczak@example.com,+48527604887,NIE
896,870,Igor,Wojtyna,Terminolog,igor.wojtyna@example.com,+48580678012,NIE
897,1898,Nataniel,Kościołek,Technik żywienia i gospodarstwa domowego,nataniel.kościołek@example.com,+48822763023,TAK
898,1675,Mateusz,Wałdoch,Barista,mateusz.wałdoch@example.com,+48599176130,TAK
899,1970,Dariusz,Rode,Plastyk,dariusz.rode@example.com,+48755892949,TAK
900,1701,Ida,Symonowicz,Pośrednik finansowy,ida.symonowicz@example.com,+48825351735,TAK
901,1493,Alex,Ostapiuk,Kurator sądowy,alex.ostapiuk@example.com,+48600078169,TAK
902,530,Urszula,Podkowa,Technik nawigator morski,urszula.podkowa@example.com,+48521363319,NIE
903,1712,Kornelia,Barczuk,Tłumacz przysięgły,kornelia.barczuk@example.com,+48578576116,NIE
904,2470,Maurycy,Sołoducha,Broker informacji,maurycy.sołoducha_at_example.com,+48682564095,TAK
905,1995,Cezary,Fulara,Instruktor,cezary.fulara@example.com,+48506053357,TAK
906,555,Angelika,Mak,Kornak,angelika.mak@example.com,+48519999556,TAK
907,1165,Wojciech,Kloska,Lalkarz,wojciech.kloska@example.com,+48524557711,NIE
908,1497,Michał,Krüger,Kosmonauta,michał.krüger@example.com,+48778574458,TAK
909,534,Ignacy,Migała,Szatniarz,ignacy.migała@example.com,+48578241707,NIE
910,521,Adrian,Wasilewicz,Motorniczy,adrian.wasilewicz@example.com,+48864686145,
911,2100,Mikołaj,Woronko,Doradca ubezpieczeniowy,mikołaj.woronko@example.com,+48672244951,TAK
912,260,Wiktor,Żołna,Technik technologii drewna,wiktor.żołna@example.com,+48765724418,NIE
913,2069,Olaf,Kieloch,Kurator sądowy,olaf.kieloch@example.com,+48752713038,NIE
914,841,Oliwier,Błaszyk,Konsultant,oliwier.błaszyk@example.com,+48646625438,TAK
915,1439,Marcel,Pyć,Babcia klozetowa,marcel.pyć@example.com,+48625013759,NIE
916,1964,Justyna,Juras,Szczurołap,justyna.juras@example.com,+48872491296,NIE
917,1800,Natasza,Preuss,Bibliotekarz,natasza.preuss@example.com,+48744609697,TAK
918,772,Juliusz,Czesak,Technik handlowiec,juliusz.czesak@example.com,+48758116910,TAK
919,1812,Leonard,Małas,Ekonomista,leonard.małas@example.com,+48803687969,NIE
920,1948,Błażej,Pietrasz,Animator kultury,błażej.pietrasz@example.com,+48576010471,TAK
921,832,Kamila,Trybus,Rybak,kamila.trybus_at_example.com,+48719448183,NIE
922,502,Sandra,Matejczyk,Agent literacki,sandra.matejczyk@example.com,+48880765611,NIE
923,1656,Juliusz,Wieja,Oceanonauta,juliusz.wieja@example.com,+48898014144,NIE
924,136,Daniel,Siergiej,Kosmonauta,daniel.siergiej@example.com,+48547357912,TAK
925,792,Przemysław,Bulczak,Żongler,przemysław.bulczak@example.com,+48680677771,NIE
926,597,Piotr,Smagacz,Elektromonter pomiarów,piotr.smagacz@example.com,+48593607330,TAK
927,1114,Sonia,Mikłaszewicz,Audytor efektywności energetycznej,sonia.mikłaszewicz@example.com,+48828434952,NIE
928,150,Daniel,Kujawiak,Agent firmy inwestycyjnej,daniel.kujawiak_at_example.com,+48791068044,TAK
929,1254,Monika,Skwira,Konserwator zabytków,monika.skwira@example.com,+48526159705,NIE
930,2549,Filip,Cydzik,Rybak,filip.cydzik@example.com,+48701891542,TAK
931,1510,Norbert,Piekarek,Tokarz,norbert.piekarek@example.com,+48862923542,TAK
932,1624,Kajetan,Kubiaczyk,Aktor,kajetan.kubiaczyk@example.com,+48667736027,NIE
933,300,Krystyna,Wydmuch,Makler nadzorujący,krystyna.wydmuch@example.com,+48645589503,NIE
934,2008,Filip,Trochim,Redaktor,filip.trochim@example.com,+48736315992,NIE
935,1388,Marianna,Maziarczyk,Psycholog,marianna.maziarczyk@example.com,+48806058386,NIE
936,2264,Hubert,Siergiej,Technik mechanik okrętowy,hubert.siergiej@example.com,+48769100241,TAK
937,1553,Olaf,Jamrożek,Handlarz,olaf.jamrożek@example.com,+48776701505,TAK
938,254,Kalina,Ostapiuk,Bibliotekarz dyplomowany,kalina.ostapiuk@example.com,+48814676760,
939,681,Bartek,Tolak,Taksówkarz,bartek.tolak@example.com,+48510583115,NIE
940,1598,Aurelia,John,Technik weterynarii,aurelia.john@example.com,+48653076574,NIE
941,267,Igor,Lazarek,Psycholog,igor.lazarek@example.com,+48755450071,NIE
942,1454,Oskar,Pindral,Sufler,oskar.pindral@example.com,+48569567820,NIE
943,943,Cezary,Wygoda,Architekt wnętrz,cezary.wygoda@example.com,+48822514961,TAK
944,748,Szymon,Mudlaff,Pucybut,szymon.mudlaff@example.com,+48688605185,NIE
945,568,Dorota,Ochal,Dyplomata,dorota.ochal@example.com,+48672311649,TAK
946,113,Aniela,Leoniak,Broker,aniela.leoniak@example.com,+48603324120,TAK
947,1909,Julianna,Rduch,Rzeczoznawca majątkowy,julianna.rduch@example.com,+48607593109,NIE
948,1678,Daniel,Palonek,Plastyk,daniel.palonek@example.com,+48527223631,TAK
949,1927,Adrianna,Złotek,Kiper,adrianna.złotek@example.com,+48778291273,NIE
950,230,Igor,Giezek,Supermodelka,igor.giezek@example.com,+48606795061,TAK
951,546,Tola,Tałaj,Iluzjonista,tola.tałaj@example.com,+48561010955,NIE
952,2052,Krystian,Nitkiewicz,Kosztorysant,krystian.nitkiewicz@example.com,+48612419730,NIE
953,853,Błażej,Wołoszczuk,Ekonomista,błażej.wołoszczuk@example.com,+48521323420,
954,515,Radosław,Karwala,Konstruktor,radosław.karwala@example.com,+48774291748,NIE
955,1758,Aleksander,Dukat,Lalkarz,aleksander.dukat@example.com,+48749873748,NIE
956,917,Marianna,Porwoł,Rybak,marianna.porwoł@example.com,+48837798051,NIE
957,93,Tymoteusz,Wenda,Hutnik,tymoteusz.wenda@example.com,+48656758767,TAK
958,989,Ewelina,Rysz,Makler morski,ewelina.rysz@example.com,+48710546302,TAK
959,468,Gaja,Chabior,Kurator sztuki,gaja.chabior@example.com,+48735568332,NIE
960,27,Justyna,Głowienka,Inżynier budownictwa,justyna.głowienka@example.com,+48732656389,TAK
961,1203,Krystyna,Strzelczak,Bankowiec,krystyna.strzelczak@example.com,+48883464706,NIE
962,267,Piotr,Potyrała,Artysta-rezydent,piotr.potyrała@example.com,+48786896110,TAK
963,1597,Alan,Pera,Robotnik,alan.pera@example.com,+48861592670,NIE
964,295,Łukasz,Matyjasek,Model,łukasz.matyjasek@example.com,+48624784094,TAK
965,499,Tymon,Pietrus,Intendent,tymon.pietrus@example.com,+48647911855,TAK
966,1665,Rafał,Patalas,Taksówkarz,rafał.patalas@example.com,+48740542148,TAK
967,64,Marianna,Sobków,Modelka dużych rozmiarów,marianna.sobków@example.com,+48739839295,
968,1602,Sonia,Szpyt,Pisarz,sonia.szpyt@example.com,+48794359591,NIE
969,837,Jerzy,Szywała,Kupiec,jerzy.szywała@example.com,+48789152299,NIE
970,1215,Agnieszka,Hojda,Pakowacz,agnieszka.hojda@example.com,+48708751515,TAK
971,250,Krzysztof,Jakubaszek,Niania,krzysztof.jakubaszek@example.com,+48744677963,TAK
972,704,Jakub,Uss,Sprzątacz,jakub.uss@example.com,+48742381208,NIE
973,1053,Łukasz,Gubernat,Archeolog,łukasz.gubernat@example.com,+48832699872,TAK
974,2525,Nela,Różak,Teksturator,nela.różak@example.com,+48727933492,NIE
975,1311,Artur,Grygorcewicz,Kosztorysant,artur.grygorcewicz@example.com,+48775077021,TAK
976,903,Karol,Gral,Sprzedawca,karol.gral@example.com,+48821843424,TAK
977,1677,Borys,Rzeźniczak,Technik budownictwa,borys.rzeźniczak@example.com,+48885161495,TAK
978,1977,Patryk,Idec,Menedżer kultury,patryk.idec@example.com,+48518457152,NIE
979,413,Aurelia,Domian,Architekt krajobrazu,aurelia.domian@example.com,+48652847981,TAK
980,1488,Melania,Trzmiel,Salowa,melania.trzmiel@example.com,+48723417816,
981,974,Witold,Lenc,Makler morski,witold.lenc@example.com,+48627177086,TAK
982,970,Ernest,Tlałka,Lekarz weterynarii,ernest.tlałka@example.com,+48558986654,NIE
983,2043,Tobiasz,Czuryło,Dubler,tobiasz.czuryło@example.com,+48596428845,
984,143,Kacper,Kawula,Marynarz,kacper.kawula@example.com,+48625967990,NIE
985,576,Krystian,Tondera,Tłumacz przysięgły,krystian.tondera@example.com,+48865048922,NIE
986,2013,Arkadiusz,Kopyść,Broker informacji,arkadiusz.kopyść@example.com,+48531709623,NIE
987,488,Sebastian,Baumgart,Rolnik,sebastian.baumgart@example.com,+48889476042,NIE
988,354,Blanka,Drygas,Scenograf,blanka.drygas@example.com,+48605012679,TAK
989,2001,Melania,Żmija,Listonosz,melania.żmija@example.com,+48659714447,NIE
990,1504,Julianna,Szachniewicz,Technik ochrony środowiska,julianna.szachniewicz@example.com,+48579003500,TAK
991,33,Kamil,Mieszała,Żongler,kamil.mieszała@example.com,+48606313603,NIE
992,693,Michał,Pośnik,Intendent,michał.pośnik@example.com,+48843656557,TAK
993,1502,Jakub,Plizga,Hostessa,jakub.plizga@example.com,+48756720525,TAK
994,805,Szymon,Maras,Prezenter,szymon.maras@example.com,+48812150066,
995,636,Grzegorz,Parus,Rzeczoznawca,grzegorz.parus@example.com,+48723117674,TAK
996,9,Malwina,Palak,Nauczyciel,malwina.palak@example.com,+48610476637,
997,2035,Przemysław,Siciarz,Liczmen,przemysław.siciarz_at_example.com,+48771030813,TAK
998,2036,Michał,Chaba,Poganiacz,michał.chaba@example.com,+48535582494,NIE
999,1066,Urszula,Proch,Tłumacz,urszula.proch@example.com,+48579223697,NIE
1000,1650,Gabriel,Kowaluk,Tokarz,gabriel.kowaluk@example.com,+48554220172,
1001,1446,Janina,Drewa,Rybak,janina.drewa@example.com,+48846927986,NIE
1002,504,Mieszko,Sych,Kurator sztuki,mieszko.sych@example.com,+48872978319,TAK
1003,774,Kamila,Budrewicz,Lalkarz,kamila.budrewicz@example.com,+48601943417,
1004,1728,Anastazja,Welc,Agent literacki,anastazja.welc@example.com,+48515575582,TAK
1005,211,Cyprian,Dytko,Aktor,cyprian.dytko@example.com,+48789561164,TAK
1006,1523,Anna Maria,Bona,Aktor dziecięcy,anna maria.bona@example.com,+48716189218,TAK
1007,327,Piotr,Boba,Lekarz weterynarii,piotr.boba@example.com,+48546911669,NIE
1008,89,Franciszek,Bochnak,Ratownik przedmedyczny,franciszek.bochnak@example.com,+48591311208,TAK
1009,1433,Mikołaj,Elert,Fotoreporter,mikołaj.elert@example.com,+48612661118,TAK
1010,2085,Aleksander,Żołnierczyk,Rekwizytor,aleksander.żołnierczyk@example.com,+48507917307,NIE
1011,227,Daniel,Cis,Arborysta,daniel.cis@example.com,+48586186653,NIE
1012,1691,Tola,Wawrzeńczyk,Pakowacz,tola.wawrzeńczyk@example.com,+48538710148,NIE
1013,2003,Piotr,Wojtaszczyk,Krupier,piotr.wojtaszczyk@example.com,+48793044586,TAK
1014,692,Kornelia,Erdmann,Klechdarz,kornelia.erdmann@example.com,+48870936560,TAK
1015,1006,Igor,Polakiewicz,Producent wykonawczy,igor.polakiewicz@example.com,+48570906721,
1016,1130,Stefan,Borkowicz,Artysta-rezydent,stefan.borkowicz@example.com,+48700290510,NIE
1017,564,Hubert,Jakiel,Finansista,hubert.jakiel@example.com,+48855156212,TAK
1018,842,Urszula,Stanisławek,Kurator sztuki,urszula.stanisławek@example.com,+48859333234,TAK
1019,1956,Franciszek,Dzieża,Agent ubezpieczeniowy,franciszek.dzieża@example.com,+48865283885,NIE
1020,2118,Grzegorz,Wlazły,Reżyser,grzegorz.wlazły@example.com,+48558949055,NIE
1021,728,Janina,Ligas,Ankieter,janina.ligas@example.com,+48560012088,
1022,656,Monika,Bakalarczyk,Barman,monika.bakalarczyk@example.com,+48755078559,NIE
1023,1488,Elżbieta,Pyć,Technik mechanik lotniczy,elżbieta.pyć@example.com,+48849739328,NIE
1024,1387,Dorota,Drost,Technik awionik,dorota.drost@example.com,+48735138519,TAK
1025,1957,Fabian,Domowicz,Politolog,fabian.domowicz@example.com,+48727697729,TAK
1026,277,Nikodem,Ziółko,Niania,nikodem.ziółko@example.com,+48869935449,NIE
1027,495,Angelika,Marciniszyn,Redaktor,angelika.marciniszyn@example.com,+48719398038,TAK
1028,2128,Bartek,Stawinoga,Deweloper budowlany,bartek.stawinoga@example.com,+48529538350,TAK
1029,263,Tomasz,Mirończuk,Marketingowiec,tomasz.mirończuk_at_example.com,+48652365810,TAK
1030,338,Konstanty,Torbus,Wydawca,konstanty.torbus@example.com,+48512252209,
1031,493,Tomasz,Nasiadka,Technik mechanik okrętowy,tomasz.nasiadka@example.com,+48565504679,NIE
1032,284,Malwina,Mrotek,Makler papierów wartościowych,malwina.mrotek@example.com,+48525054415,NIE
1033,1160,Józef,Olkowicz,Aktor,józef.olkowicz@example.com,+48672664787,NIE
1034,2062,Maciej,Kosidło,Ebenista,maciej.kosidło@example.com,+48599994467,TAK
1035,102,Anastazja,Matraszek,Rolnik,anastazja.matraszek@example.com,+48866632726,NIE
1036,264,Konrad,Meissner,Biegły rewident,konrad.meissner@example.com,+48871777038,TAK
1037,1108,Józef,Budych,Marynarz,józef.budych@example.com,+48636125927,NIE
1038,510,Maks,Jarka,Rzeczoznawca samochodowy,maks.jarka@example.com,+48701500146,TAK
1039,1259,Adrian,Odrzywołek,Dyrektor kreatywny,adrian.odrzywołek@example.com,+48718802540,NIE
1040,1014,Kazimierz,Kośka,Syndyk licencjonowany,kazimierz.kośka@example.com,+48749498896,TAK
1041,624,Julita,Powązka,Trener personalny,julita.powązka@example.com,+48616927701,NIE
1042,961,Melania,Ważna,Animator kultury,melania.ważna@example.com,+48598269457,TAK
1043,695,Konrad,Rasała,Architekt wnętrz,konrad.rasała@example.com,+48894883038,TAK
1044,1559,Bruno,Guściora,Niania,bruno.guściora@example.com,+48736783130,NIE
1045,101,Aleks,Dziób,Makler giełd towarowych,aleks.dziób@example.com,+48820806171,NIE
1046,835,Sara,Nieradzik,Kowboj,sara.nieradzik@example.com,+48660069219,TAK
1047,1451,Ewa,Macha,Krupier,ewa.macha@example.com,+48872176929,TAK
1048,2033,Gabriel,Burzec,Terapeuta,gabriel.burzec@example.com,+48532217116,TAK
1049,788,Arkadiusz,Drabczyk,Konferansjer,arkadiusz.drabczyk@example.com,+48880062886,NIE
1050,2051,Witold,Bekus,Rzeczoznawca majątkowy,witold.bekus@example.com,+48786435953,TAK
1051,644,Anastazja,Bienia,Elektromonter pomiarów,anastazja.bienia@example.com,+48564829122,NIE
1052,1533,Łukasz,Wąsek,Agent celny,łukasz.wąsek@example.com,+48687964272,TAK
1053,1082,Eliza,Błaszyk,Dyrektor artystyczny,eliza.błaszyk@example.com,+48800215119,TAK
1054,6,Adam,Podgórny,Portier,adam.podgórny@example.com,+48771180945,NIE
1055,505,Aleksander,Irla,Urbanista,aleksander.irla@example.com,+48609559700,TAK
1056,419,Szymon,Działo,Niania,szymon.działo@example.com,+48717029878,
1057,110,Rozalia,Stojak,Agent celny,rozalia.stojak@example.com,+48665740104,
1058,425,Oliwier,Hojka,Hycel,oliwier.hojka@example.com,+48877361809,TAK
1059,269,Julian,Dziurdzia,Agent firmy inwestycyjnej,julian.dziurdzia@example.com,+48854645532,TAK
1060,1578,Nela,Leszczyk,Żołnierz,nela.leszczyk@example.com,+48565820297,TAK
1061,19,Tadeusz,Fidler,Bibliotekarz,tadeusz.fidler@example.com,+48728231781,TAK
1062,199,Olga,Rychel,Pucybut,olga.rychel@example.com,+48879717748,TAK
1063,1597,Szymon,Wiertelak,Mim,szymon.wiertelak@example.com,+48753200868,NIE
1064,1714,Mieszko,Sajda,Sufler,mieszko.sajda@example.com,+48878193512,NIE
1065,1798,Angelika,Droździel,Tłumacz literacki,angelika.droździel@example.com,+48774474933,TAK
1066,794,Maks,Brzykcy,Kurier rowerowy,maks.brzykcy@example.com,+48652568239,TAK
1067,430,Blanka,Łyskawa,Pracownik socjalny,blanka.łyskawa@example.com,+48733947772,TAK
1068,882,Kacper,Kawiak,Kurier,kacper.kawiak@example.com,+48873393567,NIE
1069,965,Robert,Kordus,Integrator automatyki,robert.kordus@example.com,+48696729814,NIE
1070,1810,Franciszek,Stoch,Geolog,franciszek.stoch@example.com,+48667501077,TAK
1071,1400,Tola,Jerzyk,Technik budownictwa,tola.jerzyk@example.com,+48736130797,NIE
1072,1998,Blanka,Leżoń,Audytor efektywności energetycznej,blanka.leżoń@example.com,+48544763054,NIE
1073,1813,Justyna,Kazberuk,Doradca finansowy,justyna.kazberuk@example.com,+48557558355,
1074,1370,Hubert,Tuzimek,Dyrektor artystyczny,hubert.tuzimek@example.com,+48720089584,NIE
1075,1542,Roksana,Petrus,Zoopsycholog,roksana.petrus@example.com,+48635676249,TAK
1076,2349,Sara,Tyka,Makler morski,sara.tyka@example.com,+48581100781,NIE
1077,1607,Paweł,Wiatrak,Kontroler biletów,paweł.wiatrak@example.com,+48815272164,NIE
1078,954,Cezary,Staniewicz,Rybak,cezary.staniewicz@example.com,+48557353905,TAK
1079,1333,Piotr,Dziewit,Szczurołap,piotr.dziewit@example.com,+48786132839,NIE
1080,8,Fryderyk,Kwoka,Technik budownictwa,fryderyk.kwoka@example.com,+48814838977,TAK
1081,654,Grzegorz,Sapała,Rzecznik prasowy,grzegorz.sapała@example.com,+48708277254,TAK
1082,1031,Emil,Kielczyk,Terapeuta,emil.kielczyk@example.com,+48605379940,TAK
1083,614,Klara,Grabczak,Szatniarz,klara.grabczak@example.com,+48731218369,TAK
1084,80,Kornel,Pospiech,Doradca finansowy,kornel.pospiech@example.com,+48651827005,TAK
1085,1031,Tomasz,Leoniak,Poganiacz,tomasz.leoniak@example.com,+48510721197,TAK
1086,1423,Julianna,Zaucha,Kupiec,julianna.zaucha@example.com,+48578007607,
1087,1846,Rozalia,Krasa,Tłumacz literacki,rozalia.krasa@example.com,+48611324368,TAK
1088,208,Blanka,Supeł,Redaktor techniczny,blanka.supeł@example.com,+48536211284,NIE
1089,977,Aurelia,Wons,Fotoreporter,aurelia.wons_at_example.com,+48898317082,
1090,749,Eryk,Sprycha,Przewodnik turystyczny,eryk.sprycha@example.com,+48652857778,NIE
1091,404,Aniela,Parda,Kostiumograf,aniela.parda@example.com,+48683760571,TAK
1092,1400,Rafał,Wacławiak,Ratownik przedmedyczny,rafał.wacławiak@example.com,+48799071623,NIE
1093,1948,Wiktor,Dunal,Ankieter,wiktor.dunal@example.com,+48625611266,TAK
1094,778,Kajetan,Prochownik,Polityk,kajetan.prochownik@example.com,+48555376898,NIE
1095,1826,Gustaw,Paleń,Makler papierów wartościowych,gustaw.paleń_at_example.com,+48594648200,TAK
1096,2090,Klara,Łyskawa,Technik weterynarii,klara.łyskawa@example.com,+48698477164,NIE
1097,153,Emil,Kiepura,Iluzjonista,emil.kiepura@example.com,+48745371029,TAK
1098,1185,Artur,Wypiór,Syndyk licencjonowany,artur.wypiór@example.com,+48622872472,TAK
1099,84,Artur,Brygoła,Scenarzysta,artur.brygoła@example.com,+48865929925,
1100,1835,Monika,Płócienniczak,Księgowy,monika.płócienniczak@example.com,+48876034893,TAK
1101,1132,Piotr,Arendarczyk,Żołnierz,piotr.arendarczyk@example.com,+48711788719,NIE
1102,1890,Stanisław,Znojek,Konstruktor,stanisław.znojek@example.com,+48682379498,NIE
1103,249,Monika,Elsner,Geolog,monika.elsner@example.com,+48549975112,NIE
1104,1175,Roksana,Pernak,Kiper,roksana.pernak@example.com,+48581537797,TAK
1105,2020,Sara,Jodko,Technik handlowiec,sara.jodko@example.com,+48521241947,NIE
1106,1533,Przemysław,Błaszyk,Poganiacz,przemysław.błaszyk@example.com,+48755346896,NIE
1107,642,Przemysław,Kala,Iluzjonista,przemysław.kala@example.com,+48518676585,TAK
1108,1316,Grzegorz,Palej,Producent wykonawczy,grzegorz.palej@example.com,+48873030173,TAK
1109,1700,Kacper,Sus,Drwal,kacper.sus@example.com,+48794666636,TAK
1110,1771,Stefan,Siebert,Dyplomata,stefan.siebert@example.com,+48646777773,TAK
1111,1284,Ada,Dziadkiewicz,Terapeuta,ada.dziadkiewicz@example.com,+48883629820,TAK
1112,722,Cyprian,Szczerbiak,Żołnierz,cyprian.szczerbiak@example.com,+48517073520,TAK
1113,1921,Ksawery,Matura,Kurier rowerowy,ksawery.matura@example.com,+48762566164,
1114,1851,Maksymilian,Sularz,Artysta-rezydent,maksymilian.sularz@example.com,+48873688323,TAK
1115,2207,Damian,Duczmal,Technik kelner,damian.duczmal@example.com,+48806874022,NIE
1116,1034,Marianna,Kloch,Lalkarz,marianna.kloch@example.com,+48891672518,TAK
1117,285,Jan,Grześków,Plastyk,jan.grześków@example.com,+48698770399,TAK
1118,9,Kalina,Strojna,Barista,kalina.strojna_at_example.com,+48830516873,TAK
1119,614,Michał,Lew,Makler giełd towarowych,michał.lew@example.com,+48877194309,NIE
1120,231,Alex,Mortka,Redaktor techniczny,alex.mortka@example.com,+48738695090,TAK
1121,1580,Adrianna,Szmaj,Scenarzysta,adrianna.szmaj@example.com,+48714813614,TAK
1122,212,Damian,Buchholz,Klechdarz,damian.buchholz@example.com,+48719808337,TAK
1123,2035,Adrian,Siemieńczuk,Krupier,adrian.siemieńczuk@example.com,+48567110624,NIE
1124,1141,Sandra,Kanik,Pośrednik ubezpieczeniowy,sandra.kanik@example.com,+48743873180,TAK
1125,1757,Adrian,Rudyk,Projektant gier komputerowych,adrian.rudyk@example.com,+48752640611,NIE
1126,1494,Przemysław,Ogonek,Trener,przemysław.ogonek@example.com,+48507258037,
1127,2437,Kornel,Roczniak,Strażak,kornel.roczniak@example.com,+48731796519,
1128,954,Maciej,Robaszkiewicz,Rzeczoznawca budowlany,maciej.robaszkiewicz@example.com,+48817210021,TAK
1129,1461,Radosław,Zagrajek,Kawiarka,radosław.zagrajek@example.com,+48571450212,NIE
1130,1423,Natan,Boś,Sprzątacz,natan.boś@example.com,+48861992895,NIE
1131,1363,Jerzy,Sztuczka,Projektant gier komputerowych,jerzy.sztuczka@example.com,+48871334730,NIE
1132,1388,Krystyna,Nóżka,Ekonomista,krystyna.nóżka@example.com,+48738381721,
1133,2105,Anna Maria,Burdach,Ekwilibrystyka,anna maria.burdach@example.com,+48565848964,TAK
1134,667,Iwo,Glegoła,Kurator sądowy,iwo.glegoła@example.com,+48504162419,TAK
1135,1466,Michał,Sznura,Broker ubezpieczeniowy,michał.sznura@example.com,+48725152174,NIE
1136,1297,Juliusz,Kozar,Ratownik przedmedyczny,juliusz.kozar@example.com,+48685724358,TAK
1137,200,Liwia,Ziemann,Antykwariusz,liwia.ziemann@example.com,+48856531405,NIE
1138,84,Sebastian,Tomal,Syndyk,sebastian.tomal@example.com,+48758863980,NIE
1139,816,Olga,Lulek,Konstruktor,olga.lulek@example.com,+48836699523,TAK
1140,1879,Artur,Guziak,Służący,artur.guziak_at_example.com,+48584754687,NIE
1141,2608,Dagmara,Sromek,Geolog,dagmara.sromek@example.com,+48755233457,NIE
1142,880,Igor,Natanek,Rzeczoznawca majątkowy,igor.natanek@example.com,+48621993135,NIE
1143,722,Ksawery,Galik,Nadleśniczy,ksawery.galik@example.com,+48653552976,TAK
1144,799,Kacper,Kozica,Rachmistrz,kacper.kozica@example.com,+48799877761,NIE
1145,1027,Paweł,Prygiel,Ankieter,paweł.prygiel@example.com,+48797507629,TAK
1146,1012,Aleks,Kłósek,Podleśniczy,aleks.kłósek@example.com,+48869520143,TAK
1147,52,Sonia,Kusik,Łącznik,sonia.kusik@example.com,+48552065177,NIE
1148,257,Michał,Kłysz,Kosztorysant,michał.kłysz@example.com,+48519695781,NIE
1149,825,Stanisław,Juroszek,Supermodelka,stanisław.juroszek@example.com,+48761341929,TAK
1150,501,Artur,Kamieniarz,Inżynier,artur.kamieniarz@example.com,+48792865107,NIE
1151,995,Alex,Drózd,Dyrektor kreatywny,alex.drózd@example.com,+48791822961,TAK
1152,1408,Liwia,Szurek,Ratownik,liwia.szurek@example.com,+48639834338,TAK
1153,1135,Iwo,Dela,Intendent,iwo.dela@example.com,+48836858957,NIE
1154,2045,Dawid,Handke,Fasowacz,dawid.handke@example.com,+48873237372,TAK
1155,548,Ksawery,Komisarek,Oceanonauta,ksawery.komisarek@example.com,+48799940694,NIE
1156,227,Melania,Horbacz,Brakarz,melania.horbacz@example.com,+48617112323,NIE
1157,255,Emil,Polnik,Naukowiec,emil.polnik@example.com,+48697626423,NIE
1158,27,Norbert,Dzierżak,Kosmonauta,norbert.dzierżak@example.com,+48635109682,TAK
1159,814,Szymon,Wasilewicz,Tłumacz,szymon.wasilewicz@example.com,+48561170578,NIE
1160,898,Norbert,Olko,Podleśniczy,norbert.olko@example.com,+48569700388,TAK
1161,787,Łukasz,Szwaja,Trener personalny,łukasz.szwaja@example.com,+48675375121,TAK
1162,1347,Ksawery,Lichoń,Kosztorysant,ksawery.lichoń@example.com,+48527842947,NIE
1163,576,Stanisław,Cierpka,Syndyk,stanisław.cierpka@example.com,+48601471007,TAK
1164,1249,Adam,Potoczna,Palacz,adam.potoczna@example.com,+48646755833,TAK
1165,1491,Marianna,Pielach,Marynarz,marianna.pielach@example.com,+48890964327,TAK
1166,961,Józef,Rezler,Agent celny,józef.rezler@example.com,+48630491306,TAK
1167,861,Filip,Klemczak,Konserwator zabytków,filip.klemczak@example.com,+48739312930,NIE
1168,838,Rafał,Bittner,Koniarze,rafał.bittner@example.com,+48858929735,TAK
1169,1338,Karina,Dyjach,Żongler,karina.dyjach@example.com,+48781511677,TAK
1170,1337,Ernest,Grzywnowicz,Architekt wnętrz,ernest.grzywnowicz@example.com,+48794989409,TAK
1171,1391,Borys,Jodko,Masztalerz,borys.jodko@example.com,+48805205294,TAK
1172,1160,Nikodem,Szarejko,Kurator sądowy,nikodem.szarejko@example.com,+48777813833,TAK
1173,1325,Krzysztof,Maksym,Dziennikarz,krzysztof.maksym@example.com,+48830200397,NIE
1174,274,Iwo,Opyrchał,Inżynier budownictwa,iwo.opyrchał@example.com,+48687900604,NIE
1175,1682,Karol,Filiks,Technik mechanik lotniczy,karol.filiks@example.com,+48762074545,NIE
1176,1653,Tomasz,Zaguła,Makler nadzorujący,tomasz.zaguła@example.com,+48661604100,TAK
1177,750,Artur,Grzela,Redaktor merytoryczny,artur.grzela@example.com,+48748358085,TAK
1178,215,Jędrzej,Toborek,Likwidator szkód,jędrzej.toborek@example.com,+48519970431,NIE
1179,982,Wiktor,Walocha,Inżynier,wiktor.walocha@example.com,+48710173615,NIE
1180,1898,Apolonia,Tyma,Technik mechanik okrętowy,apolonia.tyma@example.com,+48520484605,NIE
1181,1962,Damian,Kubów,Instruktor,damian.kubów@example.com,+48532156583,NIE
1182,576,Tadeusz,Skalik,Kierowca,tadeusz.skalik@example.com,+48784773945,TAK
1183,1111,Inga,Kalka,Audytor efektywności energetycznej,inga.kalka@example.com,+48858661725,TAK
1184,578,Sara,Anioła,Dubler,sara.anioła@example.com,+48833146934,NIE
1185,1107,Aniela,Dzikiewicz,Kowboj,aniela.dzikiewicz@example.com,+48737788950,NIE
1186,879,Anastazja,Kubanek,Elektromonter pomiarów,anastazja.kubanek@example.com,+48605015416,NIE
1187,2002,Stanisław,Irla,Kurator sądowy,stanisław.irla@example.com,+48823425208,TAK
1188,2091,Krzysztof,Skowyra,Kurator sztuki,krzysztof.skowyra@example.com,+48510167144,NIE
1189,1837,Antoni,Kwinta,Niania,antoni.kwinta_at_example.com,+48521871619,TAK
1190,999,Juliusz,Petryk,Barista,juliusz.petryk_at_example.com,+48504741102,TAK
1191,1859,Gaja,Malcherek,Kiper,gaja.malcherek@example.com,+48730771753,TAK
1192,1108,Szymon,Rolak,Szczurołap,szymon.rolak@example.com,+48817893193,TAK
1193,402,Stanisław,Makaruk,Urbanista,stanisław.makaruk@example.com,+48895869427,NIE
1194,1917,Julianna,Czupryna,Konsjerż,julianna.czupryna@example.com,+48511459652,NIE
1195,1865,Klara,Berendt,Palacz,klara.berendt_at_example.com,+48811153690,NIE
1196,887,Ksawery,Szmagaj,Scenarzysta,ksawery.szmagaj@example.com,+48553522603,TAK
1197,2066,Kornel,Kapałka,Rzeczoznawca,kornel.kapałka@example.com,+48528024194,TAK
1198,1999,Marianna,Marosz,Charakteryzator,marianna.marosz@example.com,+48899184168,TAK
1199,935,Adrianna,Mazek,Hycel,adrianna.mazek@example.com,+48726644329,TAK
1200,746,Dagmara,Kuk,Nadleśniczy,dagmara.kuk@example.com,+48670505849,NIE
1201,1992,Malwina,Pietraś,Konstruktor,malwina.pietraś@example.com,+48779348324,NIE
1202,295,Robert,Wandzel,Deweloper budowlany,robert.wandzel@example.com,+48802717398,TAK
1203,1021,Artur,Brudny,Modelka dużych rozmiarów,artur.brudny@example.com,+48579798685,TAK
1204,549,Marcel,Maćków,Kornak,marcel.maćków@example.com,+48539797168,TAK
1205,903,Oliwier,Gaś,Ekonomista,oliwier.gaś@example.com,+48874520949,NIE
1206,279,Aniela,Wiesiołek,Rzeczoznawca budowlany,aniela.wiesiołek@example.com,+48797900679,NIE
1207,1776,Jan,Bas,Charakteryzator,jan.bas@example.com,+48516226647,
1208,60,Ewelina,Sołoducha,Technik weterynarii,ewelina.sołoducha@example.com,+48830575798,
1209,327,Miłosz,Downar,Trener,miłosz.downar@example.com,+48870997714,NIE
1210,2032,Maurycy,Rzeźniczek,Tokarz,maurycy.rzeźniczek@example.com,+48585616550,NIE
1211,364,Kornelia,Kalka,Dziennikarz,kornelia.kalka@example.com,+48720668384,NIE
1212,2080,Nicole,Kutnik,Rzeczoznawca samochodowy,nicole.kutnik@example.com,+48854882088,
1213,1435,Albert,Kozon,Kowboj,albert.kozon@example.com,+48874605563,TAK
1214,1598,Tobiasz,Soliwoda,Menedżer kultury,tobiasz.soliwoda@example.com,+48804166866,
1215,159,Leonard,Wawrzeńczyk,Hydraulik,leonard.wawrzeńczyk@example.com,+48687525184,TAK
1216,1267,Cyprian,Maziarczyk,Urbanista,cyprian.maziarczyk@example.com,+48505015933,NIE
1217,910,Robert,Kusyk,Grabarz,robert.kusyk@example.com,+48657787645,
1218,1172,Norbert,Stempin,Reżyser,norbert.stempin@example.com,+48806048254,TAK
1219,869,Apolonia,Laszkiewicz,Producent wykonawczy,apolonia.laszkiewicz@example.com,+48522333370,TAK
1220,206,Witold,Tomal,Marynarz,witold.tomal@example.com,+48752929155,
1221,1108,Olgierd,Biesek,Kosztorysant,olgierd.biesek@example.com,+48690099117,NIE
1222,1465,Kornel,Stawinoga,Kurier rowerowy,kornel.stawinoga@example.com,+48538399468,TAK
1223,109,Radosław,Piksa,Dyrektor artystyczny,radosław.piksa@example.com,+48751992999,TAK
1224,1591,Grzegorz,Przystupa,Arborysta,grzegorz.przystupa@example.com,+48744127715,NIE
1225,1321,Elżbieta,Michnik,Makler papierów wartościowych,elżbieta.michnik@example.com,+48633702006,TAK
1226,1538,Filip,Trzpil,Iluzjonista,filip.trzpil@example.com,+48570776951,NIE
1227,321,Robert,Karaśkiewicz,Kurier,robert.karaśkiewicz@example.com,+48736608888,TAK
1228,747,Maurycy,Korek,Supermodelka,maurycy.korek@example.com,+48758162536,TAK
1229,1300,Ksawery,Kuzior,Rzeczoznawca majątkowy,ksawery.kuzior@example.com,+48599863670,TAK
1230,1854,Mateusz,Kuropatwa,Pracownicy uczelni w Polsce,mateusz.kuropatwa@example.com,+48626023130,NIE
1231,661,Roksana,Majewicz,Technik nawigator morski,roksana.majewicz@example.com,+48892180603,TAK
1232,1695,Leon,Chołody,Marynarz,leon.chołody@example.com,+48607151024,NIE
1233,458,Stanisław,Wiesiołek,Hostessa,stanisław.wiesiołek@example.com,+48751156353,
1234,1558,Apolonia,Dziduch,Konstruktor,apolonia.dziduch@example.com,+48801754550,TAK
1235,790,Tymon,Ziegert,Pisarz,tymon.ziegert@example.com,+48794454692,TAK
1236,1390,Aniela,Siedlaczek,Żongler,aniela.siedlaczek@example.com,+48782139865,TAK
1237,2017,Maks,Kulus,Sprzątacz,maks.kulus@example.com,+48772140634,TAK
1238,120,Eliza,Prochownik,Intendent,eliza.prochownik@example.com,+48692693130,TAK
1239,1221,Cezary,Zyguła,Aktor dziecięcy,cezary.zyguła@example.com,+48845658443,NIE
1240,51,Adrian,Capiga,Przewodnik turystyczny,adrian.capiga_at_example.com,+48600925356,NIE
1241,1859,Roksana,Płocharczyk,Syndyk licencjonowany,roksana.płocharczyk@example.com,+48845375323,TAK
1242,1501,Tadeusz,Święs,Koniarze,tadeusz.święs@example.com,+48666792266,TAK
1243,293,Fabian,Szlufik,Żołnierz,fabian.szlufik@example.com,+48562533105,TAK
1244,1385,Kajetan,Młocek,Inżynier budownictwa,kajetan.młocek@example.com,+48754176668,NIE
1245,376,Stanisław,Matulka,Redaktor merytoryczny,stanisław.matulka@example.com,+48666399774,NIE
1246,1216,Robert,Kornet,Politolog,robert.kornet_at_example.com,+48512411295,TAK
1247,1347,Jan,Posłuszny,Stajenny,jan.posłuszny@example.com,+48745742249,NIE
1248,1241,Kaja,Juroszek,Podleśniczy,kaja.juroszek@example.com,+48618426594,TAK
1249,1397,Ernest,Pawliszyn,Szczurołap,ernest.pawliszyn_at_example.com,+48592020693,TAK
1250,1988,Dagmara,Smorąg,Redaktor techniczny,dagmara.smorąg_at_example.com,+48881635883,TAK
1251,452,Aleksander,Brojek,Syndyk,aleksander.brojek@example.com,+48506974282,NIE
1252,1250,Aniela,Trzop,Elektromonter pomiarów,aniela.trzop@example.com,+48733456136,NIE
1253,1397,Juliusz,Langier,Dyrektor finansowy,juliusz.langier@example.com,+48521701403,NIE
1254,1514,Ada,Kuba,Kiper,ada.kuba_at_example.com,+48627072914,TAK
1255,736,Monika,Nyc,Model,monika.nyc@example.com,+48851222379,TAK
1256,105,Paweł,Duczmal,Kosmonauta,paweł.duczmal@example.com,+48727382389,NIE
1257,1422,Adrianna,Leśna,Menedżer kultury,adrianna.leśna@example.com,+48849842713,TAK
1258,773,Eryk,Szymaniuk,Technik weterynarii,eryk.szymaniuk@example.com,+48584006703,TAK
1259,1243,Julita,Leśko,Kontroler biletów,julita.leśko@example.com,+48572980457,TAK
1260,1184,Kalina,Fraś,Zarządca nieruchomości,kalina.fraś@example.com,+48585750265,TAK
1261,1141,Olga,Ciuk,Archiwista,olga.ciuk_at_example.com,+48749602916,TAK
1262,1072,Marika,Kostera,Księgowy,marika.kostera_at_example.com,+48584030531,NIE
1263,2053,Lidia,Tryc,Bankowiec,lidia.tryc@example.com,+48669762133,
1264,309,Marek,Niedośpiał,Poganiacz,marek.niedośpiał@example.com,+48608001645,NIE
1265,1977,Anastazja,Kopczyk,Archiwista,anastazja.kopczyk@example.com,+48573983028,NIE
1266,1378,Aleks,Ważny,Stajenny,aleks.ważny@example.com,+48510746295,TAK
1267,577,Przemysław,Buczko,Prezenter,przemysław.buczko_at_example.com,+48887733727,TAK
1268,91,Ignacy,Joszko,Łącznik,ignacy.joszko@example.com,+48783406843,NIE
1269,1814,Urszula,Maślach,Technik ochrony środowiska,urszula.maślach@example.com,+48673431913,TAK
1270,266,Ignacy,Mosiołek,Dyrektor artystyczny,ignacy.mosiołek@example.com,+48805742109,TAK
1271,656,Fabian,Pyś,Satyryk,fabian.pyś@example.com,+48705719670,NIE
1272,1134,Ewa,Chromy,Szczurołap,ewa.chromy@example.com,+48855047993,NIE
1273,1256,Inga,Zinkiewicz,Szczurołap,inga.zinkiewicz@example.com,+48617955908,TAK
1274,81,Aurelia,Czuryło,Sztygar,aurelia.czuryło@example.com,+48567604211,TAK
1275,552,Kornelia,Huczek,Kurator sztuki,kornelia.huczek@example.com,+48514475979,NIE
1276,1785,Tymoteusz,Knych,Audytor efektywności energetycznej,tymoteusz.knych@example.com,+48850534877,NIE
1277,877,Nela,Kuśka,Dziennikarz,nela.kuśka@example.com,+48838409867,NIE
1278,2609,Fabian,Dłubak,Prezenter,fabian.dłubak@example.com,+48561239303,NIE
1279,1735,Grzegorz,Dylong,Iluzjonista,grzegorz.dylong@example.com,+48573018360,
1280,705,Anastazja,Postawa,Rzecznik prasowy,anastazja.postawa@example.com,+48745384681,NIE
1281,787,Bianka,Sojda,Makler papierów wartościowych,bianka.sojda@example.com,+48634621416,TAK
1282,714,Maciej,Jaje,Menedżer kultury,maciej.jaje@example.com,+48806165870,NIE
1283,68,Paweł,Jodko,Zoopsycholog,paweł.jodko@example.com,+48764346993,NIE
1284,577,Sara,Mainka,Robotnik,sara.mainka@example.com,+48715870662,TAK
1285,489,Cezary,Madziar,Rzeczoznawca samochodowy,cezary.madziar@example.com,+48740182211,NIE
1286,250,Anita,Koterba,Meteorolog,anita.koterba@example.com,+48551172561,NIE
1287,1958,Julian,Miotke,Menedżer kultury,julian.miotke@example.com,+48686913945,NIE
1288,2148,Julita,Kościołek,Sprzedawca,julita.kościołek@example.com,+48686714784,TAK
1289,903,Tymoteusz,Mędrala,Konferansjer,tymoteusz.mędrala@example.com,+48846088641,TAK
1290,1713,Krystian,Doktór,Ochroniarz,krystian.doktór@example.com,+48839651029,TAK
1291,1466,Adam,Para,Technik weterynarii,adam.para_at_example.com,+48745735806,
1292,1751,Rafał,Flisiak,Technik mechanik,rafał.flisiak@example.com,+48729995301,NIE
1293,58,Krzysztof,Kutnik,Technik ochrony środowiska,krzysztof.kutnik@example.com,+48859404436,NIE
1294,28,Sara,Jaremko,Hydraulik,sara.jaremko@example.com,+48562138710,TAK
1295,107,Cyprian,Kusio,Charakteryzator,cyprian.kusio_at_example.com,+48510152506,
1296,85,Stefan,Siembab,Wydawca,stefan.siembab@example.com,+48784590586,TAK
1297,1887,Patryk,Szelest,Kornak,patryk.szelest@example.com,+48891529753,TAK
1298,1259,Jędrzej,Trybała,Dżokej,jędrzej.trybała@example.com,+48737862943,NIE
1299,1388,Grzegorz,Ciepłuch,Pośrednik w obrocie nieruchomościami,grzegorz.ciepłuch@example.com,+48834188837,NIE
1300,1216,Kamil,Rajczak,Pracownik socjalny,kamil.rajczak_at_example.com,+48655063141,TAK
1301,2051,Józef,Łyskawa,Marketingowiec,józef.łyskawa@example.com,+48680005219,TAK
1302,808,Tomasz,Fronia,Ratownik,tomasz.fronia@example.com,+48763371733,TAK
1303,277,Jakub,Kosałka,Trener personalny,jakub.kosałka@example.com,+48807804922,TAK
1304,111,Szymon,Sadownik,Menedżer kultury,szymon.sadownik@example.com,+48664845089,TAK
1305,70,Natasza,Złotnik,Makler giełd towarowych,natasza.złotnik_at_example.com,+48779165982,NIE
1306,543,Konrad,Pudełek,Broker informacji,konrad.pudełek@example.com,+48814691577,NIE
1307,71,Nikodem,Kręcisz,Terapeuta,nikodem.kręcisz@example.com,+48882867686,NIE
1308,1720,Kamila,Tałaj,Kelner,kamila.tałaj@example.com,+48584162687,TAK
1309,2046,Jędrzej,Krefta,Pośrednik ubezpieczeniowy,jędrzej.krefta@example.com,+48624522565,NIE
1310,904,Konrad,Śmieja,Kurier rowerowy,konrad.śmieja@example.com,+48574535448,TAK
1311,409,Gustaw,Jereczek,Kosmonauta,gustaw.jereczek@example.com,+48696628383,NIE
1312,945,Kazimierz,Grochowina,Geolog,kazimierz.grochowina@example.com,+48659215722,TAK
1313,1992,Olgierd,Pronobis,Hutnik,olgierd.pronobis_at_example.com,+48725848648,
1314,1436,Tymoteusz,Dulik,Sztygar,tymoteusz.dulik@example.com,+48568921119,TAK
1315,2077,Dawid,Muc,Bibliotekarz dyplomowany,dawid.muc@example.com,+48551268970,NIE
1316,1154,Miłosz,Staciwa,Kelner,miłosz.staciwa@example.com,+48754095556,NIE
1317,859,Olga,Kosałka,Konsjerż,olga.kosałka@example.com,+48877930730,TAK
1318,1460,Gaja,Fornalik,Kawalkator,gaja.fornalik@example.com,+48674693482,NIE
1319,1450,Elżbieta,Myk,Salowa,elżbieta.myk@example.com,+48668000596,TAK
1320,939,Maurycy,Szmagaj,Producent wykonawczy,maurycy.szmagaj@example.com,+48694524025,TAK
1321,1785,Adrianna,Wojtalewicz,Ankieter,adrianna.wojtalewicz@example.com,+48684933460,NIE
1322,295,Jerzy,Ciesielczyk,Strażak,jerzy.ciesielczyk@example.com,+48601379610,TAK
1323,1932,Malwina,Cierpisz,Kowboj,malwina.cierpisz@example.com,+48843591566,
1324,1030,Marianna,Chlebda,Rzeczoznawca budowlany,marianna.chlebda@example.com,+48633338682,TAK
1325,1987,Hubert,Milcarz,Pośrednik ubezpieczeniowy,hubert.milcarz@example.com,+48805310967,
1326,11,Konrad,Matela,Ankieter,konrad.matela@example.com,+48599731788,TAK
1327,761,Krzysztof,Łęgowik,Integrator automatyki,krzysztof.łęgowik_at_example.com,+48566271569,TAK
1328,963,Przemysław,Tytko,Kiper,przemysław.tytko@example.com,+48864142291,NIE
1329,34,Leonard,Wódka,Tłumacz,leonard.wódka@example.com,+48852889425,
1330,640,Eryk,Mućko,Kurier,eryk.mućko@example.com,+48840730808,TAK
1331,2055,Natasza,Pompa,Palacz,natasza.pompa@example.com,+48786539046,NIE
1332,243,Ida,Migda,Tłumacz,ida.migda@example.com,+48864055705,TAK
1333,1777,Olaf,Szulim,Ochroniarz,olaf.szulim@example.com,+48516286006,TAK
1334,1443,Kornelia,Brodowicz,Listonosz,kornelia.brodowicz@example.com,+48574594826,TAK
1335,1735,Radosław,Łachut,Klechdarz,radosław.łachut@example.com,+48561546316,TAK
1336,1177,Fabian,Władyka,Przedstawiciel handlowy,fabian.władyka@example.com,+48558649978,TAK
1337,1581,Dorota,Westfal,Broker informacji,dorota.westfal@example.com,+48813183873,NIE
1338,1942,Antoni,Muzyk,Lalkarz,antoni.muzyk@example.com,+48868823183,NIE
1339,1382,Eryk,Kajdas,Detektyw,eryk.kajdas@example.com,+48601000397,
1340,993,Klara,Malecha,Marynarz,klara.malecha@example.com,+48794922155,NIE
1341,786,Eryk,Sopata,Doker,eryk.sopata@example.com,+48856798571,NIE
1342,1928,Szymon,Glegoła,Trener personalny,szymon.glegoła_at_example.com,+48610350295,NIE
1343,1211,Michał,Miszkiel,Doker,michał.miszkiel@example.com,+48578055746,TAK
1344,1812,Elżbieta,Gumienny,Doradca inwestycyjny,elżbieta.gumienny@example.com,+48793358355,NIE
1345,1931,Sebastian,Gołota,Audytor efektywności energetycznej,sebastian.gołota@example.com,+48586141528,TAK
1346,2109,Dawid,Starek,Lekarz weterynarii,dawid.starek@example.com,+48886392301,TAK
1347,1094,Tymoteusz,Bogumił,Marynarz,tymoteusz.bogumił@example.com,+48878058519,TAK
1348,1623,Błażej,Fydrych,Rolnik,błażej.fydrych@example.com,+48823211219,TAK
1349,1799,Cyprian,Filas,Makler morski,cyprian.filas@example.com,+48898019993,NIE
1350,767,Karina,Macheta,Dyrektor artystyczny,karina.macheta@example.com,+48896207008,TAK
1351,218,Stanisław,Buszko,Przedstawiciel handlowy,stanisław.buszko@example.com,+48848451924,NIE
1352,364,Nikodem,Huszcza,Nadleśniczy,nikodem.huszcza@example.com,+48812084314,TAK
1353,220,Łukasz,Sołtan,Broker ubezpieczeniowy,łukasz.sołtan@example.com,+48807827356,TAK
1354,1944,Patryk,Nazimek,Agronom,patryk.nazimek@example.com,+48660744321,NIE
1355,1349,Przemysław,Gumuła,Doradca podatkowy w Polsce,przemysław.gumuła@example.com,+48876765091,TAK
1356,1842,Tola,Grzelec,Pakowacz,tola.grzelec@example.com,+48671825927,TAK
1357,2031,Eryk,Kulon,Technik kelner,eryk.kulon@example.com,+48505242531,TAK
1358,2193,Gaja,Bobik,Wydawca,gaja.bobik_at_example.com,+48559520223,TAK
1359,710,Maciej,Wyrobek,Krupier,maciej.wyrobek@example.com,+48894514973,
1360,898,Jakub,Reichel,Rzeczoznawca samochodowy,jakub.reichel@example.com,+48707561835,TAK
1361,1550,Leonard,Dyczko,Kosmonauta,leonard.dyczko@example.com,+48653768577,TAK
1362,282,Radosław,Kołsut,Makler giełd towarowych,radosław.kołsut@example.com,+48710513191,TAK
1363,2011,Maksymilian,Sadownik,Pracownicy uczelni w Polsce,maksymilian.sadownik@example.com,+48753128839,TAK
1364,1000,Stanisław,Maślankiewicz,Rekwizytor,stanisław.maślankiewicz@example.com,+48796259706,TAK
1365,291,Tobiasz,Przekop,Aktuariusz,tobiasz.przekop@example.com,+48859799121,TAK
1366,1751,Marek,Kuzia,Klechdarz,marek.kuzia@example.com,+48852129402,NIE
1367,85,Antoni,Cichowlas,Konsjerż,antoni.cichowlas@example.com,+48630938751,NIE
1368,1341,Jeremi,Cąkała,Listonosz,jeremi.cąkała@example.com,+48741842456,TAK
1369,1735,Angelika,Zbroja,Babcia klozetowa,angelika.zbroja@example.com,+48783302280,NIE
1370,605,Ksawery,Szynkiewicz,Trener,ksawery.szynkiewicz_at_example.com,+48816690802,TAK
1371,296,Jacek,Mzyk,Hostessa,jacek.mzyk@example.com,+48822556002,TAK
1372,309,Urszula,Borysewicz,Kosztorysant,urszula.borysewicz@example.com,+48520934243,TAK
1373,1429,Anastazja,Michnik,Ekwilibrystyka,anastazja.michnik@example.com,+48689269056,NIE
1374,47,Daniel,Kazek,Taksówkarz,daniel.kazek@example.com,+48701258964,NIE
1375,1063,Dominik,Hinca,Kornak,dominik.hinca@example.com,+48653799628,NIE
1376,94,Cezary,Motak,Konsultant,cezary.motak@example.com,+48618394884,TAK
1377,2036,Adrian,Mijas,Babcia klozetowa,adrian.mijas@example.com,+48552347530,NIE
1378,1097,Lidia,Gwizdek,Taksówkarz,lidia.gwizdek@example.com,+48759612603,NIE
1379,92,Dominik,Wlazły,Kuk,dominik.wlazły@example.com,+48754584184,TAK
1380,999,Franciszek,Smela,Artysta-rezydent,franciszek.smela_at_example.com,+48576534473,NIE
1381,831,Marek,Toś,Kawalkator,marek.toś@example.com,+48626009098,NIE
1382,1018,Wiktor,Kołsut,Rolnik,wiktor.kołsut@example.com,+48712919450,
1383,815,Urszula,Zaucha,Strażak,urszula.zaucha@example.com,+48513263159,NIE
1384,1822,Nicole,Błądek,Agronom,nicole.błądek@example.com,+48715442900,
1385,206,Leonard,Pasiak,Kierowca,leonard.pasiak@example.com,+48877419544,NIE
1386,683,Rozalia,Wasyluk,Ergonomista,rozalia.wasyluk@example.com,+48707163635,NIE
1387,994,Ewa,Kluczek,Prezenter,ewa.kluczek@example.com,+48565588265,NIE
1388,2051,Szymon,Nickel,Audytor efektywności energetycznej,szymon.nickel@example.com,+48682311729,TAK
1389,415,Sandra,Madajczyk,Plastyk,sandra.madajczyk@example.com,+48779746068,NIE
1390,582,Bartek,Łaszcz,Technik kelner,bartek.łaszcz@example.com,+48698347818,TAK
1391,1467,Karol,Kiliszek,Trener personalny,karol.kiliszek@example.com,+48709340367,TAK
1392,1081,Przemysław,Pędrak,Likwidator szkód,przemysław.pędrak@example.com,+48864838581,NIE
1393,1155,Kacper,Delekta,Kupiec,kacper.delekta@example.com,+48599793437,TAK
1394,1042,Aleks,Kuświk,Ratownik przedmedyczny,aleks.kuświk@example.com,+48609440719,NIE
1395,235,Radosław,Nagel,Reporter wojenny,radosław.nagel@example.com,+48816787159,TAK
1396,1041,Konrad,Kurpanik,Integrator automatyki,konrad.kurpanik@example.com,+48576531016,NIE
1397,641,Anastazja,Drygała,Charakteryzator,anastazja.drygała@example.com,+48719717013,TAK
1398,1258,Stanisław,Hojka,Żongler,stanisław.hojka@example.com,+48636727522,NIE
1399,2331,Janina,Pyza,Aktuariusz,janina.pyza@example.com,+48503436693,NIE
1400,457,Oliwier,Dzieża,Ekwilibrystyka,oliwier.dzieża@example.com,+48509768714,NIE
1401,1263,Józef,Dziopa,Tłumacz,józef.dziopa@example.com,+48681080089,NIE
1402,45,Antoni,Pałyga,Geodeta,antoni.pałyga@example.com,+48537671096,TAK
1403,1858,Kajetan,Koloch,Technik nawigator morski,kajetan.koloch@example.com,+48763247767,TAK
1404,1596,Mieszko,Baster,Technik budownictwa,mieszko.baster@example.com,+48768028454,NIE
1405,1778,Tymoteusz,Kosiec,Scenarzysta,tymoteusz.kosiec@example.com,+48716984885,TAK
1406,2013,Melania,Oleksa,Technik awionik,melania.oleksa@example.com,+48604501895,NIE
1407,1387,Melania,Kazberuk,Sprzątacz,melania.kazberuk@example.com,+48874049164,NIE
1408,510,Rozalia,Gruchot,Terminolog,rozalia.gruchot@example.com,+48512515499,NIE
1409,429,Radosław,Andrys,Niania,radosław.andrys@example.com,+48745896900,TAK
1410,1673,Aleksander,Zygmuntowicz,Liczmen,aleksander.zygmuntowicz@example.com,+48688777210,NIE
1411,154,Jacek,Królczyk,Strażak,jacek.królczyk_at_example.com,+48592328145,NIE
1412,1243,Kornel,Kolber,Kosztorysant,kornel.kolber@example.com,+48755722910,TAK
1413,547,Patryk,Olszowa,Lalkarz,patryk.olszowa@example.com,+48608276143,TAK
1414,1071,Nicole,Słoboda,Fasowacz,nicole.słoboda@example.com,+48721260423,NIE
1415,632,Miłosz,Leżoń,Kasjer biletowy,miłosz.leżoń@example.com,+48524763173,TAK
1416,53,Filip,Flisek,Konsultant,filip.flisek@example.com,+48739440741,NIE
1417,1468,Aniela,Bąbel,Teksturator,aniela.bąbel@example.com,+48761667644,NIE
1418,1617,Aleks,Dziechciarz,Babcia klozetowa,aleks.dziechciarz@example.com,+48744354194,NIE
1419,331,Sylwia,Kierepka,Krupier,sylwia.kierepka@example.com,+48870853610,TAK
1420,1227,Konrad,Krüger,Bibliotekarz dyplomowany,konrad.krüger@example.com,+48622439419,NIE
1421,1111,Jakub,Nowotnik,Perfumiarz,jakub.nowotnik@example.com,+48748862845,
1422,1558,Elżbieta,Gowin,Sprzedawca,elżbieta.gowin@example.com,+48590395843,TAK
1423,1626,Ewa,Nocek,Technik mechanik okrętowy,ewa.nocek@example.com,+48879094651,NIE
1424,1671,Blanka,Wochna,Makler papierów wartościowych,blanka.wochna@example.com,+48861401232,TAK
1425,1829,Szymon,Zębik,Scenarzysta,szymon.zębik@example.com,+48795069840,NIE
1426,491,Olgierd,Czupryna,Astronom,olgierd.czupryna@example.com,+48597597418,TAK
1427,1069,Dorota,Ogrodowicz,Konsultant,dorota.ogrodowicz@example.com,+48689775505,NIE
1428,2036,Dorota,Miechowicz,Księgowy,dorota.miechowicz@example.com,+48720140869,NIE
1429,1035,Liwia,Krysta,Syndyk licencjonowany,liwia.krysta@example.com,+48530612974,NIE
1430,1428,Maciej,Kasica,Sprzedawca,maciej.kasica@example.com,+48516366082,NIE
1431,683,Rafał,Kudlak,Inscenizator,rafał.kudlak@example.com,+48687344298,TAK
1432,510,Julian,Szmalec,Agent ubezpieczeniowy,julian.szmalec@example.com,+48546627853,NIE
1433,1529,Filip,Suchojad,Perfumiarz,filip.suchojad@example.com,+48730220394,NIE
1434,2430,Liwia,Miksza,Doradca finansowy,liwia.miksza@example.com,+48830921902,TAK
1435,1865,Arkadiusz,Mszyca,Technik żywienia i gospodarstwa domowego,arkadiusz.mszyca@example.com,+48858903314,TAK
1436,777,Rozalia,Pikula,Reżyser,rozalia.pikula@example.com,+48717572917,TAK
1437,1059,Arkadiusz,Rogacz,Perfumiarz,arkadiusz.rogacz@example.com,+48865729441,TAK
1438,1091,Ksawery,Heleniak,Syndyk licencjonowany,ksawery.heleniak@example.com,+48732713245,NIE
1439,1924,Inga,Hermanowicz,Ekonomista,inga.hermanowicz@example.com,+48826736080,TAK
1440,816,Malwina,Buśko,Finansista,malwina.buśko@example.com,+48798581440,
1441,1392,Aniela,Szumny,Ergonomista,aniela.szumny@example.com,+48892003240,TAK
1442,619,Karol,Poleszak,Archeolog,karol.poleszak@example.com,+48835700118,NIE
1443,1583,Leonard,Zaborek,Teksturator,leonard.zaborek@example.com,+48855151508,TAK
1444,1579,Dagmara,Marat,Prezenter,dagmara.marat@example.com,+48608314284,TAK
1445,1083,Norbert,Szulczyk,Kostiumograf,norbert.szulczyk@example.com,+48548200883,TAK
1446,1299,Gabriel,Thomas,Architekt wnętrz,gabriel.thomas@example.com,+48899116967,TAK
1447,2208,Agnieszka,Świętoń,Plastyk,agnieszka.świętoń@example.com,+48870033155,NIE
1448,1284,Róża,Pedrycz,Audytor efektywności energetycznej,róża.pedrycz@example.com,+48543691168,NIE
1449,291,Rafał,Cybul,Aktor,rafał.cybul@example.com,+48594827685,TAK
1450,274,Tola,Moskalik,Sprzątacz,tola.moskalik@example.com,+48539732346,TAK
1451,1577,Ignacy,Gul,Agent ubezpieczeniowy,ignacy.gul@example.com,+48765044324,NIE
1452,943,Alex,Żbik,Technik budownictwa,alex.żbik@example.com,+48724291893,NIE
1453,717,Wojciech,Guzdek,Bibliotekarz dyplomowany,wojciech.guzdek@example.com,+48863329425,TAK
1454,1863,Andrzej,Plak,Żołnierz,andrzej.plak_at_example.com,+48844693663,NIE
1455,1902,Ernest,Drabczyk,Niania,ernest.drabczyk@example.com,+48723150876,TAK
1456,474,Filip,Szymula,Animator kultury,filip.szymula@example.com,+48679440012,NIE
1457,1160,Jacek,Tłuczek,Trener,jacek.tłuczek@example.com,+48813599104,
1458,782,Maurycy,Bukowiec,Szlifierz,maurycy.bukowiec@example.com,+48772329600,NIE
1459,40,Dominik,Indyka,Żongler,dominik.indyka@example.com,+48501722817,TAK
1460,308,Łukasz,Chojak,Ekonomista,łukasz.chojak@example.com,+48533354977,NIE
1461,579,Iwo,Majsterek,Biegły rewident,iwo.majsterek_at_example.com,+48548895669,TAK
1462,1084,Mateusz,Szarpak,Szczurołap,mateusz.szarpak_at_example.com,+48511191720,NIE
1463,1734,Janina,Fit,Scenarzysta,janina.fit@example.com,+48888433140,NIE
1464,1974,Arkadiusz,Łobacz,Koniarze,arkadiusz.łobacz_at_example.com,+48780701451,NIE
1465,416,Arkadiusz,Wojczuk,Hycel,arkadiusz.wojczuk@example.com,+48829580595,NIE
1466,1562,Anita,Majewicz,Doradca inwestycyjny,anita.majewicz@example.com,+48655502841,NIE
1467,826,Kazimierz,Potoczek,Kowboj,kazimierz.potoczek@example.com,+48630712653,TAK
1468,1867,Kornelia,Kiedrowicz,Intendent,kornelia.kiedrowicz@example.com,+48621893307,TAK
1469,504,Cezary,Smętek,Doradca ubezpieczeniowy,cezary.smętek@example.com,+48524537591,NIE
1470,1236,Sylwia,Bilik,Marynarz,sylwia.bilik@example.com,+48735115294,NIE
1471,103,Stanisław,Strzelczak,Zoopsycholog,stanisław.strzelczak@example.com,+48603674105,TAK
1472,164,Adam,Bogusiewicz,Ebenista,adam.bogusiewicz@example.com,+48752142744,NIE
1473,1876,Adrian,Hajduga,Konsultant,adrian.hajduga@example.com,+48602342010,NIE
1474,1010,Tymon,Myk,Iluzjonista,tymon.myk@example.com,+48626606711,NIE
1475,1081,Dominik,Chowaniak,Tłumacz literacki,dominik.chowaniak@example.com,+48542509402,NIE
1476,1265,Kornelia,Drost,Broker,kornelia.drost@example.com,+48548586558,TAK
1477,1970,Patryk,Mielke,Żongler,patryk.mielke@example.com,+48698299055,NIE
1478,57,Norbert,Syldatk,Grabarz,norbert.syldatk@example.com,+48594163094,NIE
1479,573,Damian,Roczniak,Technik handlowiec,damian.roczniak@example.com,+48530661822,TAK
1480,1357,Piotr,Stąpór,Lalkarz,piotr.stąpór@example.com,+48588016577,NIE
1481,295,Cyprian,Świć,Deweloper budowlany,cyprian.świć@example.com,+48582936921,TAK
1482,1859,Klara,Drewnik,Audytor efektywności energetycznej,klara.drewnik@example.com,+48692371796,
1483,1279,Adrian,Trznadel,Kurator sądowy,adrian.trznadel@example.com,+48714861555,NIE
1484,2484,Klara,Żelasko,Pracownik socjalny,klara.żelasko@example.com,+48505628451,NIE
1485,1945,Radosław,Palonek,Barista,radosław.palonek@example.com,+48689943032,NIE
1486,178,Stanisław,Cierpisz,Audytor efektywności energetycznej,stanisław.cierpisz@example.com,+48553229417,TAK
1487,80,Wiktor,Ciereszko,Supermodelka,wiktor.ciereszko@example.com,+48801612473,NIE
1488,134,Nikodem,Neubauer,Stajenny,nikodem.neubauer@example.com,+48602873711,NIE
1489,409,Michał,Fraś,Listonosz,michał.fraś@example.com,+48564641266,
1490,804,Agnieszka,Siarkiewicz,Urbanista,agnieszka.siarkiewicz@example.com,+48789276338,NIE
1491,303,Fryderyk,Staciwa,Krupier,fryderyk.staciwa@example.com,+48518892793,
1492,37,Tobiasz,Polnik,Mim,tobiasz.polnik@example.com,+48784486327,TAK
1493,220,Andrzej,Matela,Geodeta,andrzej.matela@example.com,+48555467950,NIE
1494,795,Krystyna,Fugiel,Rybak,krystyna.fugiel@example.com,+48684214367,TAK
1495,1839,Eryk,Wódka,Pakowacz,eryk.wódka_at_example.com,+48798789938,TAK
1496,2490,Norbert,Słabosz,Kawiarka,norbert.słabosz@example.com,+48890236408,NIE
1497,1674,Tadeusz,Ośko,Kasjer biletowy,tadeusz.ośko@example.com,+48520104555,NIE
1498,790,Kamila,Jeżyk,Dyrektor artystyczny,kamila.jeżyk@example.com,+48799475508,NIE
1499,351,Tymoteusz,Florian,Pakowacz,tymoteusz.florian@example.com,+48822727923,NIE
1500,575,Michał,Bittner,Nauczyciel akademicki,michał.bittner@example.com,+48792309082,NIE
1501,434,Błażej,Kinal,Ratownik,błażej.kinal@example.com,+48821498214,NIE
1502,1077,Adam,Górkiewicz,Elektromonter pomiarów,adam.górkiewicz@example.com,+48735449611,NIE
1503,1594,Ida,Ochab,Szlifierz,ida.ochab@example.com,+48833073895,TAK
1504,1474,Anita,Komisarek,Rolnik,anita.komisarek@example.com,+48766060386,TAK
1505,1019,Bartek,Żołna,Szlifierz,bartek.żołna@example.com,+48590200117,TAK
1506,811,Leonard,Piszcz,Redaktor merytoryczny,leonard.piszcz@example.com,+48806720831,NIE
1507,1970,Jeremi,Flasza,Podleśniczy,jeremi.flasza@example.com,+48722975895,NIE
1508,805,Krzysztof,Dziarmaga,Portier,krzysztof.dziarmaga@example.com,+48783933353,TAK
1509,777,Jerzy,Lepa,Doradca ubezpieczeniowy,jerzy.lepa@example.com,+48675671120,NIE
1510,517,Kornel,Kuśnierek,Naukowiec,kornel.kuśnierek@example.com,+48875420518,NIE
1511,462,Kajetan,Szczudło,Aktor dziecięcy,kajetan.szczudło@example.com,+48826563778,NIE
1512,339,Nela,Glenc,Dżokej,nela.glenc@example.com,+48750114414,NIE
1513,962,Roksana,Jaszczyszyn,Certyfikator energetyczny,roksana.jaszczyszyn@example.com,+48553241235,TAK
1514,1897,Franciszek,Michel,Ksiądz,franciszek.michel@example.com,+48778279081,NIE
1515,1499,Janina,Kawala,Kosmonauta,janina.kawala@example.com,+48721399211,NIE
1516,1575,Róża,Smal,Producent wykonawczy,róża.smal@example.com,+48872458230,NIE
1517,829,Apolonia,Pajek,Zarządca nieruchomości,apolonia.pajek@example.com,+48749729237,NIE
1518,2453,Karol,Dydak,Konsultant ślubny,karol.dydak@example.com,+48786925531,TAK
1519,1321,Natan,Łodyga,Pośrednik ubezpieczeniowy,natan.łodyga@example.com,+48896706317,NIE
1520,1788,Fabian,Cacko,Kosztorysant,fabian.cacko@example.com,+48687299985,TAK
1521,486,Leonard,Klinkosz,Redaktor techniczny,leonard.klinkosz@example.com,+48704486527,
1522,1246,Kaja,Feliksiak,Hycel,kaja.feliksiak@example.com,+48782236566,NIE
1523,1551,Alex,Wasil,Doker,alex.wasil@example.com,+48644389843,TAK
1524,512,Patryk,Rogacz,Ekwilibrystyka,patryk.rogacz_at_example.com,+48527611898,NIE
1525,2583,Hubert,Zyzik,Kiper,hubert.zyzik@example.com,+48848872502,TAK
1526,2072,Julian,Dykas,Technik ochrony środowiska,julian.dykas@example.com,+48652763560,TAK
1527,1537,Anna Maria,Huczek,Rolnik,anna maria.huczek@example.com,+48663429833,TAK
1528,20,Alan,Mały,Pokojówka,alan.mały@example.com,+48584269332,TAK
1529,207,Stanisław,Szywała,Dubler,stanisław.szywała@example.com,+48696341792,TAK
1530,1320,Michał,Glica,Doradca ubezpieczeniowy,michał.glica@example.com,+48810382595,NIE
1531,1952,Igor,Apostel,Meteorolog,igor.apostel@example.com,+48796797720,TAK
1532,915,Tymoteusz,Cylwik,Konferansjer,tymoteusz.cylwik@example.com,+48685981326,TAK
1533,1542,Dominik,Supernak,Rybak,dominik.supernak@example.com,+48592908718,NIE
1534,1001,Andrzej,Botor,Instruktor,andrzej.botor@example.com,+48856632557,TAK
1535,1810,Tymon,Figat,Klechdarz,tymon.figat@example.com,+48712841270,TAK
1536,1788,Józef,Elias,Naukowiec,józef.elias@example.com,+48881240704,
1537,148,Eliza,Pyszny,Broker,eliza.pyszny@example.com,+48713647208,TAK
1538,1500,Andrzej,Szczypek,Kawalkator,andrzej.szczypek@example.com,+48502392227,
1539,1931,Olgierd,Roda,Kuk,olgierd.roda@example.com,+48891765634,
1540,1653,Sebastian,Calik,Ksiądz,sebastian.calik@example.com,+48552831708,TAK
1541,251,Olaf,Juśkiewicz,Fotoreporter,olaf.juśkiewicz@example.com,+48826976880,NIE
1542,1791,Stanisław,Burdach,Doker,stanisław.burdach@example.com,+48877426522,TAK
1543,1542,Konstanty,Pazoła,Archiwista,konstanty.pazoła@example.com,+48847921200,TAK
1544,741,Borys,Paśnik,Agent ubezpieczeniowy,borys.paśnik_at_example.com,+48631581205,TAK
1545,795,Oliwier,Mikusek,Fasowacz,oliwier.mikusek@example.com,+48731525200,NIE
1546,984,Wiktor,Bujko,Łącznik,wiktor.bujko@example.com,+48714628994,NIE
1547,1047,Emil,Mazepa,Kiper,emil.mazepa_at_example.com,+48887298984,TAK
1548,336,Daniel,Damps,Kasjer biletowy,daniel.damps@example.com,+48802150034,NIE
1549,877,Witold,Bobko,Rolnik,witold.bobko@example.com,+48564060279,TAK
1550,368,Malwina,Szmaj,Scenarzysta,malwina.szmaj@example.com,+48591344900,TAK
1551,581,Antoni,Worach,Ksiądz,antoni.worach@example.com,+48749206776,TAK
1552,729,Józef,Mordak,Redaktor merytoryczny,józef.mordak@example.com,+48560960780,
1553,992,Sebastian,Jamroz,Deweloper budowlany,sebastian.jamroz@example.com,+48536101605,NIE
1554,1210,Malwina,Dziełak,Aktor dziecięcy,malwina.dziełak@example.com,+48859121221,TAK
1555,913,Hubert,Gerlach,Archeolog,hubert.gerlach@example.com,+48794054398,TAK
1556,1845,Norbert,Tórz,Model,norbert.tórz@example.com,+48630224789,TAK
1557,2215,Blanka,Misiuk,Rzecznik prasowy,blanka.misiuk@example.com,+48508448489,NIE
1558,1619,Lidia,Wardziak,Przewodnik turystyczny,lidia.wardziak@example.com,+48631216683,NIE
1559,1191,Eliza,Mirończuk,Stajenny,eliza.mirończuk@example.com,+48734368531,TAK
1560,1023,Daniel,Wojtaszczyk,Lalkarz,daniel.wojtaszczyk@example.com,+48574815162,NIE
1561,1759,Tola,Zaniewicz,Rybak,tola.zaniewicz@example.com,+48574670774,NIE
1562,624,Norbert,Brańka,Archiwista,norbert.brańka@example.com,+48812180127,NIE
1563,1542,Bruno,Malisz,Agent ubezpieczeniowy,bruno.malisz@example.com,+48619702771,TAK
1564,1837,Adrianna,Frania,Makler nadzorujący,adrianna.frania@example.com,+48648833169,TAK
1565,1578,Aleks,Prygiel,Redaktor techniczny,aleks.prygiel@example.com,+48727166693,TAK
1566,864,Fryderyk,Żelazek,Dyplomata,fryderyk.żelazek@example.com,+48769394364,TAK
1567,715,Adrianna,Smolka,Lalkarz,adrianna.smolka@example.com,+48579521483,TAK
1568,2536,Rafał,Łosiewicz,Pracownik socjalny,rafał.łosiewicz@example.com,+48599443979,TAK
1569,1936,Klara,Małocha,Aktor dziecięcy,klara.małocha@example.com,+48529596515,NIE
1570,88,Maciej,Ryfa,Broker,maciej.ryfa@example.com,+48835077791,TAK
1571,293,Dominik,Wąsala,Kasjer biletowy,dominik.wąsala@example.com,+48653449013,TAK
1572,1878,Sonia,Bartel,Arborysta,sonia.bartel@example.com,+48859326447,TAK
1573,1020,Maurycy,Krzysztoszek,Dżokej,maurycy.krzysztoszek@example.com,+48709144318,TAK
1574,656,Hubert,Bulanda,Bibliotekarz,hubert.bulanda@example.com,+48625750297,TAK
1575,827,Wiktor,Stanaszek,Zoopsycholog,wiktor.stanaszek@example.com,+48793890531,TAK
1576,1053,Karina,Marko,Tłumacz przysięgły,karina.marko@example.com,+48684311458,NIE
1577,1810,Mateusz,Słoboda,Kasjer biletowy,mateusz.słoboda@example.com,+48688589139,TAK
1578,1379,Julian,Koman,Strażak,julian.koman@example.com,+48584700582,TAK
1579,1399,Leonard,Nieradko,Szczurołap,leonard.nieradko@example.com,+48801095695,NIE
1580,619,Artur,Tylec,Rzecznik prasowy,artur.tylec@example.com,+48686863185,TAK
1581,1567,Sebastian,Kuświk,Technik mechanik lotniczy,sebastian.kuświk@example.com,+48745355302,TAK
1582,921,Bianka,Szczudło,Tłumacz literacki,bianka.szczudło@example.com,+48576082304,TAK
1583,902,Emil,Gosek,Finansista,emil.gosek@example.com,+48741836202,TAK
1584,67,Kamil,Tomys,Audytor efektywności energetycznej,kamil.tomys@example.com,+48627892139,TAK
1585,983,Kornelia,Gołofit,Technik awionik,kornelia.gołofit@example.com,+48665917741,NIE
1586,1280,Natasza,Gospodarek,Scenarzysta,natasza.gospodarek@example.com,+48656552069,TAK
1587,41,Norbert,Niedojadło,Liczmen,norbert.niedojadło@example.com,+48877150762,TAK
1588,1348,Janina,Młodzik,Ankieter,janina.młodzik@example.com,+48862895877,
1589,908,Ada,Ochal,Broker,ada.ochal@example.com,+48810360822,NIE
1590,920,Anna Maria,Zemanek,Syndyk licencjonowany,anna maria.zemanek@example.com,+48601498575,TAK
1591,1736,Elżbieta,Panuś,Artysta-rezydent,elżbieta.panuś@example.com,+48693711656,TAK
1592,54,Kamil,Piaścik,Krupier,kamil.piaścik@example.com,+48563412929,
1593,290,Anastazja,Roter,Menedżer kultury,anastazja.roter@example.com,+48771277240,NIE
1594,910,Hubert,Chlipała,Przewodnik turystyczny,hubert.chlipała@example.com,+48841688641,NIE
1595,1228,Stanisław,Kościukiewicz,Niania,stanisław.kościukiewicz@example.com,+48679049098,TAK
1596,1012,Ignacy,Przewoźniak,Rybak,ignacy.przewoźniak@example.com,+48862636136,TAK
1597,235,Leonard,Wisz,Kurier rowerowy,leonard.wisz@example.com,+48708011315,NIE
1598,279,Mateusz,Ulewicz,Kurier rowerowy,mateusz.ulewicz@example.com,+48850309948,TAK
1599,2481,Emil,Włodarz,Fasowacz,emil.włodarz@example.com,+48719230206,TAK
1600,1564,Olga,Dietrich,Dyrektor kreatywny,olga.dietrich@example.com,+48837101769,TAK
1601,1573,Emil,Matraszek,Terminolog,emil.matraszek@example.com,+48686177347,
1602,265,Apolonia,Rapa,Szatniarz,apolonia.rapa@example.com,+48577704016,TAK
1603,2020,Stefan,Mytnik,Księgowy,stefan.mytnik@example.com,+48666994245,NIE
1604,569,Elżbieta,Langiewicz,Ergonomista,elżbieta.langiewicz@example.com,+48721514233,NIE
1605,737,Adrianna,Wiszowaty,Tłumacz przysięgły,adrianna.wiszowaty@example.com,+48613712577,NIE
1606,159,Konstanty,Tołoczko,Rybak,konstanty.tołoczko@example.com,+48733049541,NIE
1607,2033,Bianka,Pędzik,Kornak,bianka.pędzik@example.com,+48580065974,NIE
1608,1387,Szymon,Kazana,Salowa,szymon.kazana@example.com,+48843836507,TAK
1609,1711,Michał,Maksimowicz,Rybak,michał.maksimowicz@example.com,+48709096857,NIE
1610,227,Róża,Surmiak,Archiwista,róża.surmiak@example.com,+48738732208,TAK
1611,1227,Krzysztof,Golonko,Trener,krzysztof.golonko_at_example.com,+48847229318,TAK
1612,419,Sonia,Hadała,Inscenizator,sonia.hadała@example.com,+48788520536,TAK
1613,2091,Norbert,Kosidło,Arborysta,norbert.kosidło_at_example.com,+48829370330,TAK
1614,446,Stanisław,Herbut,Sztygar,stanisław.herbut@example.com,+48713356358,TAK
1615,817,Ada,Bejnarowicz,Inscenizator,ada.bejnarowicz@example.com,+48886888959,
1616,1523,Apolonia,Plona,Iluzjonista,apolonia.plona@example.com,+48631206405,NIE
1617,548,Alan,Mazik,Kiper,alan.mazik@example.com,+48865004414,TAK
1618,1350,Jerzy,Kiełbik,Ratownik przedmedyczny,jerzy.kiełbik@example.com,+48720533609,NIE
1619,2059,Gabriel,Gołofit,Kurator sądowy,gabriel.gołofit@example.com,+48512337698,NIE
1620,2493,Marianna,Solarek,Katecheta,marianna.solarek_at_example.com,+48692429473,
1621,1623,Fabian,Głuszko,Technik kelner,fabian.głuszko@example.com,+48741836360,NIE
1622,1592,Ewa,Martyn,Taksówkarz,ewa.martyn@example.com,+48689272959,TAK
1623,31,Róża,Forysiak,Broker ubezpieczeniowy,róża.forysiak@example.com,+48700915764,TAK
1624,158,Julita,Koziarz,Audytor efektywności energetycznej,julita.koziarz@example.com,+48604442100,NIE
1625,486,Kalina,Miszkiewicz,Podleśniczy,kalina.miszkiewicz@example.com,+48504830452,TAK
1626,1101,Alan,Kremer,Naukowiec,alan.kremer_at_example.com,+48836568987,NIE
1627,83,Monika,Jarka,Geodeta,monika.jarka@example.com,+48893672132,NIE
1628,447,Gustaw,Startek,Marynarz,gustaw.startek@example.com,+48501163598,TAK
1629,399,Marcelina,Nowotny,Psiarz,marcelina.nowotny@example.com,+48802750291,NIE
1630,14,Urszula,Liedtke,Pisarz,urszula.liedtke@example.com,+48524953195,NIE
1631,695,Aleks,Zadora,Strażak,aleks.zadora@example.com,+48712210743,NIE
1632,1715,Hubert,Bociek,Handlarz,hubert.bociek_at_example.com,+48576978423,NIE
1633,417,Andrzej,Majtyka,Reżyser,andrzej.majtyka@example.com,+48724231435,NIE
1634,1438,Paweł,Działa,Pisarz,paweł.działa_at_example.com,+48569744288,TAK
1635,1480,Angelika,Błaszyk,Koniarze,angelika.błaszyk@example.com,+48807951169,TAK
1636,1366,Urszula,Jędryczka,Konsjerż,urszula.jędryczka@example.com,+48641090264,TAK
1637,1513,Ryszard,Łapacz,Trener,ryszard.łapacz@example.com,+48767007298,TAK
1638,963,Bruno,Miąsko,Konsultant,bruno.miąsko@example.com,+48810916011,NIE
1639,1065,Jacek,Siewiera,Technik mechanik okrętowy,jacek.siewiera@example.com,+48599354166,NIE
1640,1898,Maks,Kaszkowiak,Rzeczoznawca majątkowy,maks.kaszkowiak@example.com,+48651976012,TAK
1641,1333,Monika,Fryś,Menedżer kultury,monika.fryś@example.com,+48790354829,TAK
1642,1294,Antoni,Gałach,Meteorolog,antoni.gałach@example.com,+48829930474,NIE
1643,1268,Stanisław,Teodorowicz,Marketingowiec,stanisław.teodorowicz@example.com,+48730095331,NIE
1644,368,Adam,Ogrodowicz,Klechdarz,adam.ogrodowicz@example.com,+48808344574,NIE
1645,1735,Mariusz,Staciwa,Fasowacz,mariusz.staciwa@example.com,+48865753454,NIE
1646,1552,Szymon,Krzempek,Astronom,szymon.krzempek@example.com,+48613414860,TAK
1647,1622,Ada,Kraszkiewicz,Biegły rewident,ada.kraszkiewicz@example.com,+48515885767,TAK
1648,757,Błażej,Piłka,Doradca podatkowy w Polsce,błażej.piłka@example.com,+48845181391,
1649,1981,Natasza,Liśkiewicz,Kosmonauta,natasza.liśkiewicz@example.com,+48799597980,NIE
1650,431,Julianna,Nikel,Brakarz,julianna.nikel@example.com,+48872576935,NIE
1651,518,Grzegorz,Lizurej,Rekwizytor,grzegorz.lizurej@example.com,+48731149512,TAK
1652,1460,Bianka,Komisarczyk,Kuk,bianka.komisarczyk@example.com,+48571705630,TAK
1653,2057,Adrianna,Maciejewicz,Charakteryzator,adrianna.maciejewicz@example.com,+48505589019,
1654,880,Robert,Kośka,Krojczy,robert.kośka@example.com,+48552294893,NIE
1655,789,Dariusz,Kalka,Technik żywienia i gospodarstwa domowego,dariusz.kalka@example.com,+48855494544,TAK
1656,623,Miłosz,Stachelek,Żongler,miłosz.stachelek@example.com,+48687561624,
1657,163,Paweł,Krakowczyk,Modelka dużych rozmiarów,paweł.krakowczyk@example.com,+48506218812,TAK
1658,2117,Stefan,Szałkiewicz,Pokojówka,stefan.szałkiewicz@example.com,+48834892476,TAK
1659,1188,Maks,Graś,Konserwator zabytków,maks.graś@example.com,+48586814117,NIE
1660,186,Marcin,Fijałek,Lalkarz,marcin.fijałek@example.com,+48791125413,NIE
1661,710,Norbert,Sulik,Technik mechanik,norbert.sulik@example.com,+48669617407,TAK
1662,1071,Jeremi,Lesner,Makler papierów wartościowych,jeremi.lesner@example.com,+48702479348,NIE
1663,2,Norbert,Rymarz,Pakowacz,norbert.rymarz@example.com,+48814900973,NIE
1664,2066,Łukasz,Fronia,Doradca ubezpieczeniowy,łukasz.fronia@example.com,+48676714455,TAK
1665,1784,Szymon,Bareja,Charakteryzator,szymon.bareja@example.com,+48537961157,NIE
1666,276,Mikołaj,Kurzydło,Astronom,mikołaj.kurzydło_at_example.com,+48633794384,
1667,620,Jakub,Szram,Kawalkator,jakub.szram@example.com,+48565021301,NIE
1668,354,Anita,Kacperek,Ankieter,anita.kacperek@example.com,+48733294224,
1669,1607,Róża,Fiedoruk,Księgowy,róża.fiedoruk@example.com,+48726758253,NIE
1670,2081,Cyprian,Stosio,Syndyk,cyprian.stosio@example.com,+48755790079,NIE
1671,574,Stanisław,Pawlonka,Służący,stanisław.pawlonka@example.com,+48586010898,TAK
1672,933,Dominik,Gadzina,Inżynier budownictwa,dominik.gadzina@example.com,+48784621756,NIE
1673,1248,Ida,Bartoszak,Listonosz,ida.bartoszak@example.com,+48667305074,NIE
1674,281,Franciszek,Misiuk,Liczmen,franciszek.misiuk@example.com,+48548944674,NIE
1675,1299,Aniela,Płócienniczak,Makler papierów wartościowych,aniela.płócienniczak@example.com,+48662076398,NIE
1676,1878,Alan,Pyziak,Aktuariusz,alan.pyziak@example.com,+48536145846,TAK
1677,1807,Adam,Sasak,Hostessa,adam.sasak@example.com,+48505613529,NIE
1678,1049,Miłosz,Sondej,Taksówkarz,miłosz.sondej_at_example.com,+48845545258,NIE
1679,292,Anita,Czupryn,Kurator sądowy,anita.czupryn@example.com,+48695100794,TAK
1680,1582,Eryk,Imiela,Dyrektor kreatywny,eryk.imiela@example.com,+48565305812,NIE
1681,1372,Stanisław,Maszczyk,Sztygar,stanisław.maszczyk@example.com,+48538628552,TAK
1682,304,Jakub,Gregorek,Szlifierz,jakub.gregorek@example.com,+48623072986,
1683,388,Mieszko,Patyna,Kurier,mieszko.patyna@example.com,+48867779701,
1684,1545,Nicole,Wódka,Rekwizytor,nicole.wódka@example.com,+48754067945,TAK
1685,1236,Oliwier,Beck,Szatniarz,oliwier.beck@example.com,+48813114978,TAK
1686,1473,Józef,Sommerfeld,Plastyk,józef.sommerfeld@example.com,+48711084241,TAK
1687,46,Iwo,Wiesiołek,Salowa,iwo.wiesiołek@example.com,+48531327331,NIE
1688,524,Nataniel,Friedrich,Fotoreporter,nataniel.friedrich@example.com,+48731842437,TAK
1689,2437,Ewa,Supeł,Przedstawiciel handlowy,ewa.supeł@example.com,+48704404468,NIE
1690,290,Błażej,Armatys,Biegły rewident,błażej.armatys@example.com,+48725982338,NIE
1691,233,Szymon,Nitkiewicz,Aktuariusz,szymon.nitkiewicz@example.com,+48844027561,NIE
1692,1180,Alan,Muc,Politolog,alan.muc@example.com,+48517890059,TAK
1693,1379,Nicole,Mokwa,Naukowiec,nicole.mokwa@example.com,+48795932045,NIE
1694,1206,Olga,Pyś,Aktuariusz,olga.pyś@example.com,+48686324369,TAK
1695,551,Radosław,Franczuk,Teksturator,radosław.franczuk@example.com,+48769844419,TAK
1696,1976,Klara,Szymajda,Hutnik,klara.szymajda@example.com,+48575229419,NIE
1697,655,Daniel,Grzech,Zarządca nieruchomości,daniel.grzech@example.com,+48787393800,TAK
1698,452,Olgierd,Hinca,Stajenny,olgierd.hinca@example.com,+48726952996,NIE
1699,1163,Roksana,Puto,Certyfikator energetyczny,roksana.puto@example.com,+48820677039,NIE
1700,665,Albert,Czak,Psycholog,albert.czak@example.com,+48860097605,NIE
1701,1010,Kajetan,Kieca,Projektant gier komputerowych,kajetan.kieca@example.com,+48583161654,NIE
1702,1318,Kalina,Kiełek,Konsultant ślubny,kalina.kiełek@example.com,+48765911464,NIE
1703,1499,Angelika,Jarkiewicz,Kostiumograf,angelika.jarkiewicz@example.com,+48833849217,TAK
1704,897,Jerzy,Grzejszczak,Intendent,jerzy.grzejszczak@example.com,+48610658959,NIE
1705,1441,Bruno,Szlufik,Dyrektor kreatywny,bruno.szlufik@example.com,+48811924811,TAK
1706,916,Kajetan,Figat,Niania,kajetan.figat_at_example.com,+48637247029,NIE
1707,767,Aleksander,Jaszczyszyn,Fotoreporter,aleksander.jaszczyszyn@example.com,+48611221816,TAK
1708,2057,Maksymilian,Dolega,Służący,maksymilian.dolega@example.com,+48762371040,TAK
1709,1628,Aleksander,Wacław,Meteorolog,aleksander.wacław@example.com,+48817312718,NIE
1710,1570,Alan,Krzywonos,Doradca finansowy,alan.krzywonos@example.com,+48735752019,NIE
1711,1772,Melania,Gwara,Hydraulik,melania.gwara_at_example.com,+48801666288,
1712,745,Gaja,Budzich,Konsultant,gaja.budzich@example.com,+48666400335,NIE
1713,1666,Dorota,Mały,Ekonomista,dorota.mały_at_example.com,+48778718011,TAK
1714,1936,Blanka,Łyczek,Kawiarka,blanka.łyczek@example.com,+48573128845,NIE
1715,1921,Leon,Czerner,Szlifierz,leon.czerner@example.com,+48855696722,
1716,1461,Ewa,Muc,Bankowiec,ewa.muc@example.com,+48839557025,TAK
1717,778,Ada,Maciejuk,Kurator sztuki,ada.maciejuk@example.com,+48549914424,NIE
1718,1141,Natasza,Hawrylak,Poganiacz,natasza.hawrylak@example.com,+48724559388,TAK
1719,1734,Aniela,Kluczyk,Ochroniarz,aniela.kluczyk_at_example.com,+48767728515,NIE
1720,620,Eliza,Żbik,Broker ubezpieczeniowy,eliza.żbik@example.com,+48555798766,TAK
1721,1778,Paweł,Morys,Tłumacz literacki,paweł.morys@example.com,+48506599402,NIE
1722,605,Gabriel,Muc,Rzeczoznawca,gabriel.muc@example.com,+48830730745,NIE
1723,1129,Nataniel,Jarczak,Służący,nataniel.jarczak@example.com,+48643113148,NIE
1724,751,Elżbieta,Krysik,Fasowacz,elżbieta.krysik@example.com,+48767708641,TAK
1725,1276,Liwia,Miękus,Krojczy,liwia.miękus_at_example.com,+48690352020,NIE
1726,1993,Leon,Radzewicz,Fasowacz,leon.radzewicz@example.com,+48709269547,NIE
1727,1281,Roksana,Galek,Konsultant,roksana.galek@example.com,+48536149772,TAK
1728,1169,Aleksander,Kostek,Katecheta,aleksander.kostek@example.com,+48783739221,TAK
1729,829,Anna Maria,Florian,Aktor głosowy,anna maria.florian@example.com,+48885244235,TAK
1730,1629,Ewa,Bisaga,Hostessa,ewa.bisaga@example.com,+48612485152,NIE
1731,124,Daniel,Czerwionka,Inżynier budownictwa,daniel.czerwionka@example.com,+48535993353,NIE
1732,1113,Krystyna,Dzikiewicz,Redaktor,krystyna.dzikiewicz@example.com,+48764478143,TAK
1733,1493,Blanka,Toczko,Hydraulik,blanka.toczko@example.com,+48867819390,
1734,2031,Kalina,Klucznik,Inżynier budownictwa,kalina.klucznik@example.com,+48853429005,TAK
1735,1060,Kamil,Grzywnowicz,Dyrektor artystyczny,kamil.grzywnowicz@example.com,+48837860748,NIE
1736,1345,Sandra,Wyrobek,Kurier,sandra.wyrobek@example.com,+48834325192,
1737,1609,Dariusz,Wudarczyk,Reporter wojenny,dariusz.wudarczyk@example.com,+48542168233,NIE
1738,159,Fabian,Fijoł,Model,fabian.fijoł@example.com,+48829296404,
1739,1859,Janina,Powązka,Ekwilibrystyka,janina.powązka@example.com,+48665857374,TAK
1740,2082,Julianna,Zasępa,Modelka dużych rozmiarów,julianna.zasępa@example.com,+48651127809,TAK
1741,584,Adam,Tyka,Broker ubezpieczeniowy,adam.tyka@example.com,+48704243228,NIE
1742,119,Radosław,Mydlak,Kuk,radosław.mydlak@example.com,+48674805835,TAK
1743,1483,Igor,Szczepan,Kupiec,igor.szczepan@example.com,+48572595136,TAK
1744,714,Filip,Otremba,Motorniczy,filip.otremba@example.com,+48572416168,NIE
1745,1662,Fryderyk,Kupidura,Arborysta,fryderyk.kupidura@example.com,+48815139583,NIE
1746,781,Krystian,Korzeniak,Makler giełd towarowych,krystian.korzeniak@example.com,+48873533468,TAK
1747,1334,Dariusz,Marciniszyn,Kawiarka,dariusz.marciniszyn@example.com,+48744220045,TAK
1748,489,Karol,Miksza,Technik elektronik,karol.miksza@example.com,+48773853128,NIE
1749,1143,Aleksander,Ropiak,Terapeuta,aleksander.ropiak@example.com,+48681087870,TAK
1750,531,Błażej,Bicz,Naukowiec,błażej.bicz@example.com,+48852937511,NIE
1751,378,Roksana,Paszkowiak,Aktuariusz,roksana.paszkowiak@example.com,+48715856502,TAK
1752,2527,Leon,Prygiel,Rzeczoznawca majątkowy,leon.prygiel@example.com,+48638341407,TAK
1753,1139,Urszula,Łapot,Aktuariusz,urszula.łapot@example.com,+48685334699,TAK
1754,681,Kornel,Pesta,Ergonomista,kornel.pesta@example.com,+48739990610,
1755,2119,Kazimierz,Stroka,Technik technologii drewna,kazimierz.stroka@example.com,+48505784954,NIE
1756,1287,Alan,John,Masztalerz,alan.john@example.com,+48641751850,NIE
1757,209,Daniel,Szumacher,Inżynier,daniel.szumacher@example.com,+48529866038,NIE
1758,1986,Ewa,Hawrylak,Integrator automatyki,ewa.hawrylak@example.com,+48627011291,TAK
1759,576,Arkadiusz,Pietrewicz,Kurier,arkadiusz.pietrewicz@example.com,+48802053948,NIE
1760,530,Mateusz,Pałgan,Politolog,mateusz.pałgan@example.com,+48513366594,NIE
1761,1674,Maurycy,Kretowicz,Barista,maurycy.kretowicz@example.com,+48847620420,TAK
1762,953,Karol,Polakiewicz,Psycholog,karol.polakiewicz@example.com,+48709918427,NIE
1763,197,Filip,Przekwas,Koniarze,filip.przekwas@example.com,+48810672833,NIE
1764,1672,Kamila,Sudnik,Handlarz,kamila.sudnik@example.com,+48578719143,TAK
1765,1816,Kajetan,Kuźnia,Dżokej,kajetan.kuźnia@example.com,+48545720146,TAK
1766,722,Olga,Hewelt,Ratownik,olga.hewelt@example.com,+48720204943,TAK
1767,503,Wojciech,Pacholik,Broker informacji,wojciech.pacholik@example.com,+48510538574,NIE
1768,1867,Igor,Nocek,Naukowiec,igor.nocek@example.com,+48592564424,NIE
1769,1228,Apolonia,Wieczerzak,Broker informacji,apolonia.wieczerzak@example.com,+48524978143,NIE
1770,2019,Grzegorz,Milczarczyk,Ratownik,grzegorz.milczarczyk@example.com,+48894355138,NIE
1771,301,Alan,Duży,Menedżer kultury,alan.duży@example.com,+48723051377,TAK
1772,44,Kajetan,Woda,Przedstawiciel handlowy,kajetan.woda@example.com,+48649727280,TAK
1773,669,Igor,Plebanek,Pucybut,igor.plebanek@example.com,+48778572484,TAK
1774,553,Aleks,Lalak,Technik mechanik lotniczy,aleks.lalak@example.com,+48747876430,NIE
1775,893,Tymon,Świerszcz,Żongler,tymon.świerszcz@example.com,+48560727384,NIE
1776,1900,Julian,Żynda,Hycel,julian.żynda@example.com,+48658931845,TAK
1777,1972,Inga,Fidler,Astronom,inga.fidler@example.com,+48787802061,
1778,776,Bianka,Ryfa,Konstruktor,bianka.ryfa@example.com,+48756726487,NIE
1779,656,Malwina,Trochimiuk,Barista,malwina.trochimiuk@example.com,+48644953465,TAK
1780,1890,Marika,Polasik,Ksiądz,marika.polasik@example.com,+48687547980,TAK
1781,1118,Ada,Flasza,Drwal,ada.flasza@example.com,+48513429337,NIE
1782,1343,Robert,Deneka,Krojczy,robert.deneka@example.com,+48530794069,NIE
1783,33,Angelika,Rolak,Trener,angelika.rolak@example.com,+48886982322,NIE
1784,879,Angelika,Gotfryd,Handlarz,angelika.gotfryd@example.com,+48557706232,NIE
1785,1220,Justyna,Orwat,Agent ubezpieczeniowy,justyna.orwat@example.com,+48736865427,TAK
1786,1532,Sonia,Olas,Pracownicy uczelni w Polsce,sonia.olas@example.com,+48827974608,NIE
1787,1910,Przemysław,Dubel,Rzeczoznawca majątkowy,przemysław.dubel@example.com,+48681665760,TAK
1788,1108,Ryszard,Witaszek,Perfumiarz,ryszard.witaszek@example.com,+48519274029,NIE
1789,886,Ksawery,Kostorz,Tokarz,ksawery.kostorz@example.com,+48596664397,NIE
1790,1413,Eryk,Opyrchał,Palacz,eryk.opyrchał@example.com,+48701902533,TAK
1791,589,Przemysław,Jodko,Żongler,przemysław.jodko@example.com,+48574386536,TAK
1792,1966,Kamil,Szyguła,Wydawca,kamil.szyguła@example.com,+48546773049,TAK
1793,766,Aurelia,Mydlarz,Kurator sądowy,aurelia.mydlarz@example.com,+48576786292,TAK
1794,1098,Urszula,Dzidek,Lalkarz,urszula.dzidek@example.com,+48530126208,TAK
1795,832,Fryderyk,Kukier,Pisarz,fryderyk.kukier@example.com,+48637901515,NIE
1796,1874,Szymon,Bilik,Aktor,szymon.bilik@example.com,+48692568257,TAK
1797,865,Karina,Myk,Krupier,karina.myk@example.com,+48706155718,NIE
1798,949,Urszula,Filak,Hostessa,urszula.filak@example.com,+48691740182,
1799,1398,Mikołaj,Orkisz,Arborysta,mikołaj.orkisz@example.com,+48647051380,TAK
1800,1680,Daniel,Manista,Doradca finansowy,daniel.manista@example.com,+48762051181,TAK
1801,859,Ada,Knysak,Agent ubezpieczeniowy,ada.knysak@example.com,+48770305758,TAK
1802,952,Ksawery,Thomas,Leśniczy,ksawery.thomas@example.com,+48870605461,TAK
1803,406,Kacper,Makles,Modelka dużych rozmiarów,kacper.makles@example.com,+48828625429,NIE
1804,2047,Jan,Jama,Doradca ubezpieczeniowy,jan.jama@example.com,+48881734713,NIE
1805,1152,Melania,Michalczak,Handlarz,melania.michalczak@example.com,+48742665925,NIE
1806,1022,Borys,Pikor,Tłumacz,borys.pikor@example.com,+48630757347,NIE
1807,1548,Dawid,Zygmuntowicz,Doradca finansowy,dawid.zygmuntowicz@example.com,+48703630497,TAK
1808,2113,Kamil,Lesner,Tłumacz,kamil.lesner@example.com,+48860294270,TAK
1809,2090,Natasza,Kunert,Masztalerz,natasza.kunert@example.com,+48588816814,TAK
1810,1830,Kajetan,Grosz,Urbanista,kajetan.grosz@example.com,+48504729330,NIE
1811,1934,Nicole,Mądrzak,Przedstawiciel handlowy,nicole.mądrzak@example.com,+48767974452,NIE
1812,1990,Tymoteusz,Goworek,Doradca finansowy,tymoteusz.goworek@example.com,+48626797385,TAK
1813,1280,Kalina,Indyka,Sufler,kalina.indyka@example.com,+48596800029,NIE
1814,248,Nela,Czerniec,Inżynier budownictwa,nela.czerniec@example.com,+48741846900,NIE
1815,160,Anita,Dworniczak,Inscenizator,anita.dworniczak@example.com,+48841637711,TAK
1816,870,Damian,Kawiak,Trener personalny,damian.kawiak@example.com,+48732174249,TAK
1817,219,Urszula,Szczepan,Charakteryzator,urszula.szczepan@example.com,+48886616590,NIE
1818,1732,Witold,Sarosiek,Szlifierz,witold.sarosiek@example.com,+48624244513,NIE
1819,1002,Witold,Drobik,Sztygar,witold.drobik@example.com,+48575946982,TAK
1820,360,Anita,Mądrzyk,Palacz,anita.mądrzyk@example.com,+48684937591,NIE
1821,1539,Bruno,Walentynowicz,Technik handlowiec,bruno.walentynowicz@example.com,+48538260929,TAK
1822,298,Fabian,Madejczyk,Scenarzysta,fabian.madejczyk@example.com,+48637418731,TAK
1823,720,Natasza,Oleszczak,Terminolog,natasza.oleszczak@example.com,+48843524177,TAK
1824,1699,Ida,Juszczuk,Technik weterynarii,ida.juszczuk@example.com,+48863339745,NIE
1825,776,Mieszko,Cieciora,Ochroniarz,mieszko.cieciora@example.com,+48555783341,NIE
1826,495,Paweł,Kornak,Rzeczoznawca samochodowy,paweł.kornak@example.com,+48843898153,NIE
1827,611,Urszula,Buczko,Rzeczoznawca samochodowy,urszula.buczko@example.com,+48846049859,NIE
1828,1307,Nela,Ziemkiewicz,Psiarz,nela.ziemkiewicz@example.com,+48864663808,TAK
1829,484,Dorota,Tatarczyk,Technik handlowiec,dorota.tatarczyk@example.com,+48785381665,NIE
1830,2065,Antoni,Kryk,Pokojówka,antoni.kryk@example.com,+48529819200,TAK
1831,26,Melania,Indyka,Architekt wnętrz,melania.indyka@example.com,+48597247849,TAK
1832,378,Błażej,Kwoka,Redaktor techniczny,błażej.kwoka@example.com,+48674008362,TAK
1833,416,Nikodem,Janoszka,Kurator sztuki,nikodem.janoszka@example.com,+48858194594,TAK
1834,1683,Kajetan,Myszor,Doradca inwestycyjny,kajetan.myszor@example.com,+48537495218,TAK
1835,1272,Cezary,Gabryszak,Kierowca,cezary.gabryszak@example.com,+48828235367,TAK
1836,253,Kornel,Marosz,Charakteryzator,kornel.marosz@example.com,+48560235690,NIE
1837,948,Daniel,Rogacz,Kowboj,daniel.rogacz@example.com,+48674240426,NIE
1838,920,Robert,Margol,Kurator sądowy,robert.margol@example.com,+48506452929,TAK
1839,1679,Marika,Wujek,Terminolog,marika.wujek@example.com,+48671462753,NIE
1840,598,Łukasz,Tuzimek,Sufler,łukasz.tuzimek@example.com,+48759148262,TAK
1841,196,Karina,Wierzchoń,Dżokej,karina.wierzchoń@example.com,+48555515487,NIE
1842,1386,Tymon,Dziedzina,Terminolog,tymon.dziedzina@example.com,+48796703215,NIE
1843,1481,Jędrzej,Żynda,Handlarz,jędrzej.żynda@example.com,+48724671550,TAK
1844,747,Tymon,Gregorowicz,Arborysta,tymon.gregorowicz@example.com,+48866703223,NIE
1845,1418,Patryk,Jodko,Redaktor naukowy,patryk.jodko@example.com,+48654715501,TAK
1846,1473,Elżbieta,Sendor,Technik ochrony środowiska,elżbieta.sendor@example.com,+48621471250,NIE
1847,4,Daniel,Krüger,Marketingowiec,daniel.krüger@example.com,+48714620669,NIE
1848,1729,Iwo,Paprotny,Bibliotekarz,iwo.paprotny@example.com,+48771973327,TAK
1849,1315,Karol,Osojca,Rzeczoznawca samochodowy,karol.osojca@example.com,+48640030902,TAK
1850,1494,Ewa,Kurpisz,Tokarz,ewa.kurpisz@example.com,+48867375503,
1851,396,Krzysztof,Midura,Agent firmy inwestycyjnej,krzysztof.midura@example.com,+48741720644,NIE
1852,746,Inga,Bakalarczyk,Dyrektor finansowy,inga.bakalarczyk@example.com,+48839740625,NIE
1853,533,Gustaw,Lazarek,Psycholog,gustaw.lazarek@example.com,+48580000336,TAK
1854,930,Arkadiusz,Kubaczyk,Brakarz,arkadiusz.kubaczyk@example.com,+48887892780,NIE
1855,1689,Artur,Glanc,Przedstawiciel handlowy,artur.glanc@example.com,+48758042759,TAK
1856,1233,Kaja,Sereda,Tokarz,kaja.sereda@example.com,+48646116455,NIE
1857,305,Jan,Mycek,Kontroler biletów,jan.mycek@example.com,+48853085753,NIE
1858,777,Marcelina,Malara,Żołnierz,marcelina.malara@example.com,+48575335620,NIE
1859,1220,Krystian,Toma,Projektant gier komputerowych,krystian.toma@example.com,+48630563592,TAK
1860,1819,Olga,Drobik,Technik budownictwa,olga.drobik@example.com,+48711722503,NIE
1861,1828,Norbert,Wojewódka,Archiwista,norbert.wojewódka@example.com,+48850985795,NIE
1862,22,Tomasz,Znojek,Bankowiec,tomasz.znojek@example.com,+48506914198,TAK
1863,1229,Bruno,Mikłaszewicz,Deweloper budowlany,bruno.mikłaszewicz@example.com,+48749223665,NIE
1864,1580,Jakub,Fal,Doradca ubezpieczeniowy,jakub.fal@example.com,+48814517894,NIE
1865,783,Eryk,Cuch,Producent wykonawczy,eryk.cuch@example.com,+48684901056,NIE
1866,97,Ignacy,Sadowy,Supermodelka,ignacy.sadowy@example.com,+48738235980,TAK
1867,598,Dawid,Dziadkiewicz,Instruktor,dawid.dziadkiewicz@example.com,+48646930633,TAK
1868,1030,Blanka,Tytko,Krojczy,blanka.tytko@example.com,+48860298483,NIE
1869,1568,Mikołaj,Żakiewicz,Liczmen,mikołaj.żakiewicz@example.com,+48692557896,TAK
1870,119,Przemysław,Poreda,Przedstawiciel handlowy,przemysław.poreda@example.com,+48862688574,NIE
1871,1563,Apolonia,Kiliszek,Technik żywienia i gospodarstwa domowego,apolonia.kiliszek@example.com,+48593486949,TAK
1872,1220,Wiktor,Kulis,Meteorolog,wiktor.kulis@example.com,+48743788796,TAK
1873,243,Sandra,Kosman,Kowboj,sandra.kosman@example.com,+48600665307,TAK
1874,1192,Maks,Bojdo,Redaktor naukowy,maks.bojdo@example.com,+48839174961,TAK
1875,1869,Elżbieta,Buczko,Pucybut,elżbieta.buczko@example.com,+48555430516,TAK
1876,1174,Fryderyk,Ławniczek,Liczmen,fryderyk.ławniczek@example.com,+48884871155,NIE
1877,767,Janina,Samulak,Lalkarz,janina.samulak@example.com,+48703926853,TAK
1878,1648,Stanisław,Cyrulik,Dżokej,stanisław.cyrulik@example.com,+48899643358,TAK
1879,2483,Sebastian,Kopczyk,Księgowy,sebastian.kopczyk@example.com,+48890664977,
1880,1292,Jacek,Gonet,Producent wykonawczy,jacek.gonet@example.com,+48529518518,NIE
1881,1860,Anita,Ratka,Terminolog,anita.ratka@example.com,+48680438195,TAK
1882,660,Mieszko,Migda,Biegły rewident,mieszko.migda@example.com,+48539750517,
1883,2075,Aleks,Nowotnik,Masztalerz,aleks.nowotnik@example.com,+48504792077,NIE
1884,2591,Jan,Meissner,Integrator automatyki,jan.meissner@example.com,+48765120108,NIE
1885,1247,Konrad,Więcławek,Scenograf,konrad.więcławek@example.com,+48768911602,TAK
1886,2096,Iwo,Czupryna,Kawiarka,iwo.czupryna@example.com,+48810402261,TAK
1887,47,Paweł,Jargiło,Listonosz,paweł.jargiło@example.com,+48879536834,TAK
1888,1634,Marcin,Kałwak,Ekwilibrystyka,marcin.kałwak@example.com,+48608904983,NIE
1889,2058,Ignacy,Klęczar,Model,ignacy.klęczar@example.com,+48645802477,TAK
1890,1739,Natasza,Szoka,Intendent,natasza.szoka@example.com,+48629601970,TAK
1891,1791,Jeremi,Radzewicz,Dziennikarz,jeremi.radzewicz@example.com,+48544039967,TAK
1892,976,Tymon,Hajda,Dżokej,tymon.hajda@example.com,+48670027314,NIE
1893,1784,Emil,Opioła,Rybak,emil.opioła@example.com,+48695328378,NIE
1894,665,Dominik,Antoszczyk,Syndyk licencjonowany,dominik.antoszczyk@example.com,+48749843744,TAK
1895,2018,Tola,Stempel,Nadleśniczy,tola.stempel@example.com,+48796438335,TAK
1896,2066,Eryk,Korab,Barman,eryk.korab@example.com,+48637232525,TAK
1897,1247,Aurelia,Zimoń,Grabarz,aurelia.zimoń@example.com,+48749088891,NIE
1898,758,Juliusz,Leśny,Ergonomista,juliusz.leśny@example.com,+48862116289,TAK
1899,2087,Paweł,Chalimoniuk,Konsjerż,paweł.chalimoniuk@example.com,+48519780944,TAK
1900,1610,Oskar,Mirocha,Rzeczoznawca majątkowy,oskar.mirocha@example.com,+48762153274,TAK
1901,1186,Kajetan,Mosur,Krojczy,kajetan.mosur@example.com,+48718607312,TAK
1902,1745,Rozalia,Gumieniak,Szlifierz,rozalia.gumieniak@example.com,+48748161935,NIE
1903,360,Melania,Loska,Agent ubezpieczeniowy,melania.loska@example.com,+48898719906,NIE
1904,1141,Dorota,Mycek,Ergonomista,dorota.mycek@example.com,+48539001937,TAK
1905,1077,Marek,Moroń,Motorniczy,marek.moroń@example.com,+48725470923,TAK
1906,1047,Oskar,Drywa,Kelner,oskar.drywa@example.com,+48855393256,TAK
1907,620,Jędrzej,Magier,Taksówkarz,jędrzej.magier@example.com,+48814618575,TAK
1908,1759,Kazimierz,Mieszała,Fotoreporter,kazimierz.mieszała@example.com,+48607417177,
1909,603,Alex,Cierpka,Makler giełd towarowych,alex.cierpka@example.com,+48778472911,TAK
1910,686,Ksawery,Kudra,Supermodelka,ksawery.kudra@example.com,+48825747196,NIE
1911,2092,Gustaw,Koziatek,Archiwista,gustaw.koziatek@example.com,+48502447591,TAK
1912,871,Monika,Brańka,Ratownik,monika.brańka@example.com,+48659627741,NIE
1913,619,Wiktor,Kott,Kuk,wiktor.kott@example.com,+48522731610,NIE
1914,2008,Olaf,Dziugieł,Ekwilibrystyka,olaf.dziugieł@example.com,+48631247996,NIE
1915,1587,Nataniel,Kasica,Marynarz,nataniel.kasica@example.com,+48759209303,NIE
1916,277,Karol,Kurczab,Kosztorysant,karol.kurczab@example.com,+48834844466,NIE
1917,1534,Robert,Jaracz,Finansista,robert.jaracz@example.com,+48612638696,
1918,1589,Andrzej,Luberda,Reżyser,andrzej.luberda@example.com,+48745534497,TAK
1919,993,Dorota,Kopik,Dyplomata,dorota.kopik@example.com,+48835028049,TAK
1920,1971,Kazimierz,Ficner,Brakarz,kazimierz.ficner@example.com,+48661971821,TAK
1921,1217,Ada,Krata,Liczmen,ada.krata@example.com,+48624403043,TAK
1922,1813,Inga,Szałata,Doradca finansowy,inga.szałata@example.com,+48861909286,NIE
1923,4,Tymon,Witas,Kurier,tymon.witas@example.com,+48684030718,TAK
1924,57,Rozalia,Szczepaniuk,Prezenter,rozalia.szczepaniuk@example.com,+48795507739,TAK
1925,871,Tola,Mizia,Iluzjonista,tola.mizia@example.com,+48701760655,TAK
1926,422,Cyprian,Wygoda,Pośrednik ubezpieczeniowy,cyprian.wygoda@example.com,+48657309239,NIE
1927,2007,Maciej,Romaniak,Perfumiarz,maciej.romaniak@example.com,+48560048424,NIE
1928,311,Emil,Antończak,Meteorolog,emil.antończak@example.com,+48544490536,TAK
1929,2000,Ignacy,Maziarczyk,Pośrednik w obrocie nieruchomościami,ignacy.maziarczyk@example.com,+48528154422,TAK
1930,653,Urszula,Burchard,Służący,urszula.burchard@example.com,+48897991150,
1931,1216,Oskar,Golisz,Pracownik socjalny,oskar.golisz@example.com,+48887636512,TAK
1932,970,Ida,Konsek,Makler giełd towarowych,ida.konsek@example.com,+48702186621,TAK
1933,1253,Kajetan,Rudowicz,Kawiarka,kajetan.rudowicz@example.com,+48604836837,NIE
1934,1097,Gaja,Tomal,Ekwilibrystyka,gaja.tomal@example.com,+48684854641,NIE
1935,1840,Dominik,Miętus,Konserwator zabytków,dominik.miętus@example.com,+48846207320,NIE
1936,1788,Witold,Lelonek,Listonosz,witold.lelonek@example.com,+48889389159,TAK
1937,1243,Natan,Dziechciarz,Elektromonter pomiarów,natan.dziechciarz@example.com,+48509566206,TAK
1938,534,Przemysław,Bluszcz,Makler nadzorujący,przemysław.bluszcz@example.com,+48766712824,NIE
1939,2077,Kamil,Ziarno,Geolog,kamil.ziarno_at_example.com,+48647141503,TAK
1940,2002,Urszula,Minta,Sprzedawca,urszula.minta@example.com,+48736604093,NIE
1941,1243,Aleks,Tokaj,Kupiec,aleks.tokaj@example.com,+48742536208,
1942,700,Maksymilian,Graś,Bibliotekarz dyplomowany,maksymilian.graś@example.com,+48749261203,TAK
1943,341,Marianna,Sobolak,Agent literacki,marianna.sobolak@example.com,+48817241271,TAK
1944,1045,Alex,Wiesiołek,Hostessa,alex.wiesiołek@example.com,+48850621492,NIE
1945,1898,Artur,Pezda,Scenograf,artur.pezda@example.com,+48690596642,NIE
1946,1983,Michał,Rogacz,Technik handlowiec,michał.rogacz@example.com,+48830691077,NIE
1947,842,Marek,Pietraś,Modelka dużych rozmiarów,marek.pietraś@example.com,+48632094083,NIE
1948,2161,Maksymilian,Pacocha,Oceanonauta,maksymilian.pacocha@example.com,+48869919964,TAK
1949,823,Robert,Romejko,Agent firmy inwestycyjnej,robert.romejko@example.com,+48671353424,TAK
1950,1900,Urszula,Szkatuła,Technik handlowiec,urszula.szkatuła@example.com,+48516480977,NIE
1951,454,Mariusz,Gogacz,Tłumacz,mariusz.gogacz@example.com,+48723505308,NIE
1952,217,Igor,Juras,Brakarz,igor.juras@example.com,+48783624319,TAK
1953,1916,Agnieszka,Graboń,Poganiacz,agnieszka.graboń@example.com,+48526581911,TAK
1954,1800,Gaja,Ficner,Agent celny,gaja.ficner@example.com,+48712296276,TAK
1955,889,Tobiasz,Dyczko,Technik nawigator morski,tobiasz.dyczko@example.com,+48675637534,TAK
1956,1180,Aniela,Wasil,Pucybut,aniela.wasil@example.com,+48581964102,
1957,1754,Marianna,Grzebyk,Doradca finansowy,marianna.grzebyk@example.com,+48811550746,NIE
1958,1350,Mikołaj,Wakuła,Barista,mikołaj.wakuła@example.com,+48629021105,NIE
1959,1289,Bianka,Jas,Dyrektor artystyczny,bianka.jas@example.com,+48684294546,NIE
1960,665,Konrad,Samson,Redaktor merytoryczny,konrad.samson@example.com,+48841193673,NIE
1961,547,Dominik,Glazik,Księgowy,dominik.glazik@example.com,+48649424587,
1962,1794,Sara,Zaborek,Reporter wojenny,sara.zaborek@example.com,+48685650469,TAK
1963,1834,Aniela,Grabara,Technik budownictwa,aniela.grabara@example.com,+48838235362,TAK
1964,139,Dagmara,Majewicz,Sprzątacz,dagmara.majewicz@example.com,+48548220543,NIE
1965,607,Robert,Szyba,Inscenizator,robert.szyba@example.com,+48828513317,TAK
1966,815,Bartek,Orpel,Technik technologii drewna,bartek.orpel@example.com,+48759421209,TAK
1967,1504,Oliwier,Bartela,Trener personalny,oliwier.bartela@example.com,+48863602130,
1968,1682,Julian,Szumiec,Krojczy,julian.szumiec_at_example.com,+48857960500,
1969,35,Mieszko,Paw,Broker ubezpieczeniowy,mieszko.paw@example.com,+48703747201,NIE
1970,105,Aniela,Herba,Konsjerż,aniela.herba@example.com,+48564789551,TAK
1971,1647,Jakub,Skowyra,Kurator sztuki,jakub.skowyra@example.com,+48685421989,NIE
1972,1634,Paweł,Sapeta,Broker,paweł.sapeta@example.com,+48689971505,TAK
1973,335,Gustaw,Zegadło,Grabarz,gustaw.zegadło@example.com,+48685899804,TAK
1974,975,Rozalia,Ptok,Sztygar,rozalia.ptok@example.com,+48673929056,NIE
1975,1516,Jeremi,Jaroch,Główny księgowy,jeremi.jaroch@example.com,+48796619134,TAK
1976,229,Roksana,Kiszczak,Żołnierz,roksana.kiszczak@example.com,+48861719991,TAK
1977,1704,Albert,Sutor,Konsultant ślubny,albert.sutor@example.com,+48714686850,TAK
1978,1457,Ryszard,Korzonek,Makler papierów wartościowych,ryszard.korzonek_at_example.com,+48727310839,NIE
1979,1967,Sandra,Budych,Psiarz,sandra.budych@example.com,+48853493049,TAK
1980,430,Adam,Uroda,Kawiarka,adam.uroda@example.com,+48600824379,NIE
1981,73,Dawid,Ryczko,Detektyw,dawid.ryczko@example.com,+48521555809,NIE
1982,876,Maurycy,Czerkies,Technik handlowiec,maurycy.czerkies@example.com,+48789878220,TAK
1983,100,Stanisław,Janka,Kostiumograf,stanisław.janka@example.com,+48893697019,NIE
1984,1007,Kamila,Pazera,Leśniczy,kamila.pazera@example.com,+48886916295,
1985,2024,Adam,Walkusz,Palacz,adam.walkusz@example.com,+48784335429,TAK
1986,999,Kornel,Krajniak,Konserwator zabytków,kornel.krajniak@example.com,+48726501663,TAK
1987,55,Miłosz,Krasa,Technik kelner,miłosz.krasa@example.com,+48823896547,NIE
1988,1856,Angelika,Kałwa,Ebenista,angelika.kałwa@example.com,+48590670489,TAK
1989,408,Oliwier,Mol,Doradca podatkowy w Polsce,oliwier.mol@example.com,+48705838715,TAK
1990,28,Marianna,Niemira,Perfumiarz,marianna.niemira@example.com,+48869432798,TAK
1991,1770,Przemysław,Kott,Trener personalny,przemysław.kott@example.com,+48677420926,TAK
1992,1717,Fabian,Szeszko,Kosztorysant,fabian.szeszko@example.com,+48791826204,TAK
1993,128,Julita,Kubów,Scenograf,julita.kubów@example.com,+48644848677,NIE
1994,755,Dariusz,Szpyt,Przedstawiciel handlowy,dariusz.szpyt@example.com,+48554627482,NIE
1995,816,Dominik,Sierżant,Ratownik przedmedyczny,dominik.sierżant@example.com,+48677415492,NIE
1996,131,Marcelina,Omiotek,Technik ochrony środowiska,marcelina.omiotek@example.com,+48510949394,TAK
1997,1354,Roksana,Melka,Hycel,roksana.melka@example.com,+48773051405,NIE
1998,2330,Ida,Mikita,Perfumiarz,ida.mikita@example.com,+48760279532,TAK
1999,763,Kamila,Koćwin,Tłumacz,kamila.koćwin@example.com,+48505311181,TAK
2000,1440,Aurelia,Kramer,Doradca finansowy,aurelia.kramer@example.com,+48675880473,
2001,59,Józef,Kamieniak,Rybak,józef.kamieniak@example.com,+48850385824,TAK
2002,1848,Jeremi,Burzawa,Nauczyciel akademicki,jeremi.burzawa@example.com,+48784004044,TAK
2003,234,Kalina,Hyjek,Listonosz,kalina.hyjek@example.com,+48850288414,NIE
2004,767,Olga,Janczura,Ochroniarz,olga.janczura@example.com,+48816433836,NIE
2005,592,Sonia,Rawa,Audytor efektywności energetycznej,sonia.rawa@example.com,+48620732616,TAK
2006,1456,Marcelina,Jeka,Broker informacji,marcelina.jeka@example.com,+48685848903,NIE
2007,828,Justyna,Berus,Finansista,justyna.berus@example.com,+48846956795,TAK
2008,1056,Cyprian,Habdas,Technik kelner,cyprian.habdas@example.com,+48827038796,TAK
2009,863,Józef,Dela,Ekonomista,józef.dela@example.com,+48593484495,TAK
2010,709,Cezary,Rudowicz,Tłumacz literacki,cezary.rudowicz@example.com,+48863535262,NIE
2011,816,Franciszek,Ellwart,Rzeczoznawca samochodowy,franciszek.ellwart_at_example.com,+48503900394,TAK
2012,1356,Nicole,Orszulik,Redaktor merytoryczny,nicole.orszulik@example.com,+48776679991,TAK
2013,1009,Natan,Huszcza,Technik technologii drewna,natan.huszcza@example.com,+48871719551,TAK
2014,894,Hubert,Czapiga,Instruktor,hubert.czapiga@example.com,+48714692971,TAK
2015,979,Julita,Ziółko,Handlarz,julita.ziółko@example.com,+48572521688,TAK
2016,2013,Stanisław,Czapiga,Producent wykonawczy,stanisław.czapiga@example.com,+48726854737,TAK
2017,1046,Marcelina,Dyda,Doradca podatkowy w Polsce,marcelina.dyda@example.com,+48848625638,NIE
2018,1080,Angelika,Araszkiewicz,Konsjerż,angelika.araszkiewicz@example.com,+48660042816,NIE
2019,942,Jacek,Bulczak,Marynarz,jacek.bulczak@example.com,+48506419436,TAK
2020,496,Elżbieta,Turlej,Strażak,elżbieta.turlej@example.com,+48516463700,NIE
2021,55,Radosław,Neubauer,Bankowiec,radosław.neubauer@example.com,+48890896086,NIE
2022,1718,Fabian,Jędral,Pracownik socjalny,fabian.jędral@example.com,+48704469275,
2023,1250,Ignacy,Powała,Drwal,ignacy.powała@example.com,+48682291162,TAK
2024,812,Wojciech,Filiks,Hydraulik,wojciech.filiks_at_example.com,+48655825494,TAK
2025,993,Fabian,Serzysko,Aktuariusz,fabian.serzysko@example.com,+48688251619,NIE
2026,2099,Elżbieta,Gryka,Mim,elżbieta.gryka@example.com,+48659543188,TAK
2027,1867,Tobiasz,Kusztal,Klechdarz,tobiasz.kusztal@example.com,+48521149755,TAK
2028,302,Julian,Głownia,Kowboj,julian.głownia@example.com,+48772432106,TAK
2029,816,Anastazja,Piejko,Aktuariusz,anastazja.piejko@example.com,+48606187792,NIE
2030,343,Fabian,Drozda,Technik technologii drewna,fabian.drozda@example.com,+48609847664,NIE
2031,871,Leonard,Szuta,Technik budownictwa,leonard.szuta@example.com,+48758130477,NIE
2032,99,Ada,Satora,Sprzątacz,ada.satora@example.com,+48726335821,TAK
2033,1282,Roksana,Broncel,Aktor,roksana.broncel@example.com,+48532296250,TAK
2034,997,Ksawery,Gęsiarz,Hydraulik,ksawery.gęsiarz@example.com,+48887382314,NIE
2035,400,Marcelina,Graś,Kuk,marcelina.graś_at_example.com,+48560481306,NIE
2036,968,Jerzy,Krochmal,Masztalerz,jerzy.krochmal@example.com,+48890364731,NIE
2037,1179,Sara,Wojewodzic,Tłumacz przysięgły,sara.wojewodzic@example.com,+48689988586,NIE
2038,963,Marika,Filek,Audytor efektywności energetycznej,marika.filek@example.com,+48721461641,TAK
2039,1439,Jakub,Sadowy,Aktor głosowy,jakub.sadowy@example.com,+48629455367,TAK
2040,1004,Ewa,Dyda,Rzeczoznawca,ewa.dyda@example.com,+48643553577,
2041,1774,Maks,Obarzanek,Trener,maks.obarzanek@example.com,+48502000466,TAK
2042,1805,Oskar,Hetmańczyk,Żongler,oskar.hetmańczyk@example.com,+48626851516,TAK
2043,526,Ryszard,Matulewicz,Nauczyciel akademicki,ryszard.matulewicz@example.com,+48715529634,TAK
2044,1845,Alan,Rajczak,Terminolog,alan.rajczak_at_example.com,+48572456045,NIE
2045,107,Olaf,Bak,Tłumacz literacki,olaf.bak@example.com,+48569823255,TAK
2046,1239,Kalina,Jędrusiak,Kowboj,kalina.jędrusiak@example.com,+48899981961,TAK
2047,67,Maciej,Borysiuk,Broker ubezpieczeniowy,maciej.borysiuk@example.com,+48815385445,
2048,1353,Wiktor,Czubaj,Arborysta,wiktor.czubaj@example.com,+48543646736,
2049,16,Ida,Furgała,Pracownik socjalny,ida.furgała@example.com,+48600082026,TAK
2050,1084,Krystian,Gajzler,Archeolog,krystian.gajzler_at_example.com,+48506064937,NIE
2051,1442,Julianna,Wawrzynek,Trener personalny,julianna.wawrzynek@example.com,+48724407641,
2052,1468,Alex,Kopij,Technik kelner,alex.kopij@example.com,+48839107521,NIE
2053,1125,Nikodem,Pawela,Aktor głosowy,nikodem.pawela@example.com,+48897452687,NIE
2054,375,Jan,Filus,Przewodnik turystyczny,jan.filus@example.com,+48737137884,TAK
2055,864,Maurycy,Orman,Archiwista,maurycy.orman@example.com,+48520244179,TAK
2056,660,Tomasz,Godzisz,Makler papierów wartościowych,tomasz.godzisz@example.com,+48818472125,TAK
2057,1196,Juliusz,Krzosek,Lekarz weterynarii,juliusz.krzosek@example.com,+48660085283,TAK
2058,683,Adrianna,Ambrozik,Redaktor merytoryczny,adrianna.ambrozik@example.com,+48557621854,TAK
2059,1198,Anita,Bakun,Supermodelka,anita.bakun@example.com,+48895364271,TAK
2060,892,Mieszko,Kycia,Konserwator zabytków,mieszko.kycia@example.com,+48568609233,TAK
2061,995,Hubert,Kopyt,Nauczyciel,hubert.kopyt@example.com,+48623654264,TAK
2062,252,Dorota,Mrózek,Sprzedawca,dorota.mrózek@example.com,+48847096093,TAK
2063,1186,Antoni,Szałaj,Redaktor,antoni.szałaj@example.com,+48892983280,TAK
2064,1356,Anastazja,Matyszczak,Nadleśniczy,anastazja.matyszczak@example.com,+48701531293,TAK
2065,778,Aleks,Madzia,Księgowy,aleks.madzia_at_example.com,+48515508943,TAK
2066,815,Inga,Maćków,Kasjer biletowy,inga.maćków@example.com,+48866425508,TAK
2067,1386,Łukasz,Madajczyk,Kuk,łukasz.madajczyk@example.com,+48770401749,
2068,749,Jerzy,Mysiak,Fasowacz,jerzy.mysiak@example.com,+48514167984,TAK
2069,98,Andrzej,Parzonka,Żongler,andrzej.parzonka@example.com,+48743207689,NIE
2070,628,Dagmara,Gronkiewicz,Kiper,dagmara.gronkiewicz@example.com,+48526959515,TAK
2071,706,Urszula,Żołna,Archiwista,urszula.żołna@example.com,+48674796971,NIE
2072,1610,Anita,Truchan,Fasowacz,anita.truchan@example.com,+48818901460,TAK
2073,344,Aleks,Wyrwał,Elektromonter pomiarów,aleks.wyrwał@example.com,+48774578377,NIE
2074,29,Mikołaj,Ubysz,Doker,mikołaj.ubysz@example.com,+48733618918,TAK
2075,913,Gustaw,Strzyż,Fasowacz,gustaw.strzyż@example.com,+48842413605,TAK
2076,1089,Maciej,Pyć,Łącznik,maciej.pyć@example.com,+48629809018,NIE
2077,1153,Franciszek,Lejk,Rzeczoznawca majątkowy,franciszek.lejk@example.com,+48661958869,
2078,2022,Juliusz,Pinda,Technik awionik,juliusz.pinda@example.com,+48631849905,TAK
2079,1436,Błażej,Ślipek,Przedstawiciel handlowy,błażej.ślipek@example.com,+48622391676,NIE
2080,1720,Maciej,Nestorowicz,Krojczy,maciej.nestorowicz@example.com,+48570915609,NIE
2081,1695,Sylwia,Macias,Kawalkator,sylwia.macias@example.com,+48626830288,TAK
2082,2393,Ignacy,Hewelt,Scenograf,ignacy.hewelt@example.com,+48894985173,NIE
2083,1565,Karina,Ceynowa,Rekwizytor,karina.ceynowa@example.com,+48623129046,
2084,1333,Eryk,Węgrzynowicz,Kasjer biletowy,eryk.węgrzynowicz@example.com,+48573645560,NIE
2085,1001,Jerzy,Myrcik,Supermodelka,jerzy.myrcik@example.com,+48825998208,NIE
2086,1581,Maciej,Makulec,Sufler,maciej.makulec@example.com,+48760801814,NIE
2087,364,Agnieszka,Bereda,Pośrednik finansowy,agnieszka.bereda@example.com,+48624294919,TAK
2088,1124,Krystian,Paczos,Bibliotekarz dyplomowany,krystian.paczos@example.com,+48578528125,TAK
2089,947,Ewelina,Jarosik,Barman,ewelina.jarosik@example.com,+48767862581,
2090,1610,Ernest,Bernard,Agronom,ernest.bernard@example.com,+48830689629,NIE
2091,257,Justyna,Bartman,Ebenista,justyna.bartman@example.com,+48666064969,TAK
2092,287,Nicole,Świtaj,Geodeta,nicole.świtaj@example.com,+48659607297,TAK
2093,417,Krzysztof,Starościak,Księgowy,krzysztof.starościak@example.com,+48625946796,NIE
2094,1265,Marcelina,Krzysztoszek,Rzeczoznawca samochodowy,marcelina.krzysztoszek@example.com,+48586842491,NIE
2095,987,Angelika,Kuryłowicz,Satyryk,angelika.kuryłowicz@example.com,+48881350116,TAK
2096,1893,Karol,Pinda,Tłumacz literacki,karol.pinda@example.com,+48555462689,NIE
2097,768,Szymon,Gronkiewicz,Tłumacz,szymon.gronkiewicz@example.com,+48787594661,
2098,49,Stanisław,Golda,Handlarz,stanisław.golda@example.com,+48788226583,NIE
2099,1686,Rozalia,Makar,Hostessa,rozalia.makar@example.com,+48861378747,TAK
2100,2056,Blanka,Roś,Scenograf,blanka.roś@example.com,+48504349917,TAK
2101,1375,Malwina,Cichowlas,Technik nawigator morski,malwina.cichowlas@example.com,+48579765340,TAK
2102,623,Sebastian,Rzeźniczek,Zoopsycholog,sebastian.rzeźniczek@example.com,+48527421433,TAK
2103,1175,Maurycy,Mirończuk,Ratownik przedmedyczny,maurycy.mirończuk@example.com,+48844484271,TAK
2104,1656,Alex,Chlipała,Technik weterynarii,alex.chlipała@example.com,+48643316971,NIE
2105,381,Maurycy,Twardy,Klechdarz,maurycy.twardy@example.com,+48697509491,NIE
2106,1661,Jeremi,Galos,Archiwista,jeremi.galos@example.com,+48640486279,NIE
2107,130,Krzysztof,Sajnóg,Rzeczoznawca,krzysztof.sajnóg@example.com,+48601089530,TAK
2108,496,Rafał,Ryndak,Kawalkator,rafał.ryndak@example.com,+48777951414,
2109,62,Aniela,Tadla,Dżokej,aniela.tadla_at_example.com,+48628294459,NIE
2110,168,Angelika,Suszka,Hycel,angelika.suszka@example.com,+48889913410,NIE
2111,675,Tola,Pera,Strażak,tola.pera_at_example.com,+48624408917,NIE
2112,1086,Kamila,Świgoń,Kiper,kamila.świgoń@example.com,+48504712123,TAK
2113,284,Kacper,Nastały,Drwal,kacper.nastały@example.com,+48721096642,TAK
2114,1744,Jerzy,Ornat,Strażak,jerzy.ornat@example.com,+48796243291,TAK
2115,932,Błażej,Misiuk,Doradca finansowy,błażej.misiuk@example.com,+48683881093,NIE
2116,836,Adam,Koss,Astronom,adam.koss@example.com,+48867616930,NIE
2117,600,Lidia,Zybura,Kornak,lidia.zybura@example.com,+48576677963,
2118,1177,Igor,Jakiel,Konserwator zabytków,igor.jakiel@example.com,+48732321029,TAK
2119,1757,Mateusz,Bejma,Antykwariusz,mateusz.bejma@example.com,+48679078289,NIE
2120,1686,Szymon,Rompa,Ebenista,szymon.rompa_at_example.com,+48565309591,NIE
2121,2012,Dariusz,Cymbała,Nadleśniczy,dariusz.cymbała@example.com,+48852618262,NIE
2122,526,Sebastian,Zastawny,Księgowy,sebastian.zastawny@example.com,+48622949540,NIE
2123,1411,Tadeusz,Jantos,Kontroler biletów,tadeusz.jantos@example.com,+48545103256,NIE
2124,542,Marek,Wyskiel,Robotnik,marek.wyskiel@example.com,+48747701780,NIE
2125,1215,Dawid,Rybus,Kupiec,dawid.rybus@example.com,+48744472170,TAK
2126,1914,Karina,Mamcarz,Geodeta,karina.mamcarz@example.com,+48523026863,NIE
2127,1088,Bruno,Rosołek,Dżokej,bruno.rosołek@example.com,+48649366397,NIE
2128,404,Sara,Cylwik,Koniarze,sara.cylwik@example.com,+48741473935,TAK
2129,1292,Przemysław,Krenc,Kawiarka,przemysław.krenc@example.com,+48621622762,
2130,230,Rozalia,Ryguła,Archeolog,rozalia.ryguła@example.com,+48724938150,NIE
2131,1191,Kajetan,Rakus,Kelner,kajetan.rakus@example.com,+48767602777,TAK
2132,1730,Aurelia,Bogdał,Kurator sztuki,aurelia.bogdał@example.com,+48888396269,NIE
2133,1259,Angelika,Wąsala,Projektant gier komputerowych,angelika.wąsala@example.com,+48502547378,
2134,643,Alan,Tylec,Pośrednik w obrocie nieruchomościami,alan.tylec@example.com,+48707027587,TAK
2135,629,Olgierd,Kwapień,Kornak,olgierd.kwapień@example.com,+48841322367,NIE
2136,224,Kornel,Huczko,Dziennikarz,kornel.huczko@example.com,+48512550111,NIE
2137,267,Szymon,Chomiuk,Agent celny,szymon.chomiuk@example.com,+48557777392,TAK
2138,1757,Kamil,Wasyluk,Strażak,kamil.wasyluk@example.com,+48659062357,TAK
2139,594,Dariusz,Chwedczuk,Klechdarz,dariusz.chwedczuk@example.com,+48604339660,TAK
2140,1462,Emil,Maciejuk,Kiper,emil.maciejuk@example.com,+48861434725,NIE
2141,2089,Krystyna,Solnica,Klechdarz,krystyna.solnica@example.com,+48508608951,TAK
2142,405,Marika,Paluszak,Doradca finansowy,marika.paluszak@example.com,+48652812140,NIE
2143,1274,Jan,Fras,Intendent,jan.fras@example.com,+48707983325,NIE
2144,1074,Adam,Waleczek,Biegły rewident,adam.waleczek@example.com,+48539568924,TAK
2145,739,Krystyna,Liss,Model,krystyna.liss@example.com,+48648877461,TAK
2146,592,Bartek,Walus,Scenarzysta,bartek.walus@example.com,+48821341741,NIE
2147,243,Łukasz,Hrynkiewicz,Biegły rewident,łukasz.hrynkiewicz@example.com,+48727898204,TAK
2148,1023,Aniela,Sterna,Konstruktor,aniela.sterna@example.com,+48798640838,TAK
2149,491,Mikołaj,Janke,Kornak,mikołaj.janke@example.com,+48754478048,TAK
2150,1282,Iwo,Kozok,Rekwizytor,iwo.kozok@example.com,+48577445410,TAK
2151,1687,Gaja,Wawrzyn,Hostessa,gaja.wawrzyn@example.com,+48731166482,NIE
2152,2119,Anita,Wziątek,Aktor dziecięcy,anita.wziątek@example.com,+48577056267,TAK
2153,1666,Nikodem,Balas,Agent firmy inwestycyjnej,nikodem.balas@example.com,+48759308552,NIE
2154,1762,Jacek,Łuc,Szczurołap,jacek.łuc@example.com,+48886235930,NIE
2155,1688,Mikołaj,Olchawa,Robotnik,mikołaj.olchawa@example.com,+48880183941,NIE
2156,1191,Ada,Opioła,Palacz,ada.opioła_at_example.com,+48867681666,NIE
2157,919,Krzysztof,Bakun,Doradca podatkowy w Polsce,krzysztof.bakun@example.com,+48741533775,NIE
2158,1432,Gaja,Karnas,Dyrektor finansowy,gaja.karnas@example.com,+48679367646,NIE
2159,451,Gaja,Larysz,Trener,gaja.larysz@example.com,+48543251692,NIE
2160,537,Adrianna,Słyk,Kosztorysant,adrianna.słyk@example.com,+48651526193,TAK
2161,1818,Oliwier,Sulik,Makler morski,oliwier.sulik_at_example.com,+48509707905,NIE
2162,816,Bruno,Szramka,Architekt krajobrazu,bruno.szramka_at_example.com,+48616851515,NIE
2163,1867,Adam,Galek,Technik mechanik lotniczy,adam.galek@example.com,+48640507494,NIE
2164,626,Marianna,Borejko,Rzeczoznawca,marianna.borejko@example.com,+48880396838,NIE
2165,1814,Bruno,Czesak,Strażak,bruno.czesak@example.com,+48887273060,TAK
2166,673,Michał,Stranc,Dziennikarz,michał.stranc@example.com,+48706911720,TAK
2167,960,Damian,Moskalik,Biegły rewident,damian.moskalik@example.com,+48723837374,TAK
2168,1380,Roksana,Mikus,Makler giełd towarowych,roksana.mikus@example.com,+48853005343,TAK
2169,1635,Justyna,Policht,Pokojówka,justyna.policht@example.com,+48665641038,TAK
2170,1979,Tymoteusz,Grygo,Dyplomata,tymoteusz.grygo@example.com,+48871518274,NIE
2171,547,Marika,Lesiewicz,Likwidator szkód,marika.lesiewicz@example.com,+48524658006,TAK
2172,634,Miłosz,Hajda,Fasowacz,miłosz.hajda@example.com,+48882699421,TAK
2173,1973,Bruno,Świerkosz,Krojczy,bruno.świerkosz@example.com,+48665063355,NIE
2174,1674,Aurelia,Kieca,Syndyk licencjonowany,aurelia.kieca@example.com,+48597503161,NIE
2175,2514,Mieszko,Mordal,Dyrektor kreatywny,mieszko.mordal@example.com,+48844021072,
2176,586,Leonard,Joszko,Kosmonauta,leonard.joszko@example.com,+48650162606,
2177,445,Ewa,Jarosik,Archiwista,ewa.jarosik@example.com,+48889513905,TAK
2178,984,Elżbieta,Bors,Rachmistrz,elżbieta.bors@example.com,+48863695211,TAK
2179,1170,Arkadiusz,Szylar,Rachmistrz,arkadiusz.szylar@example.com,+48854527934,TAK
2180,1105,Filip,Kazubek,Sztygar,filip.kazubek@example.com,+48590934995,TAK
2181,1440,Nicole,Godzisz,Kelner,nicole.godzisz@example.com,+48779500311,TAK
2182,1404,Igor,Podgórna,Kelner,igor.podgórna@example.com,+48637025804,NIE
2183,2215,Sonia,Kukuczka,Fasowacz,sonia.kukuczka@example.com,+48634772464,TAK
2184,1254,Monika,Ciepła,Żołnierz,monika.ciepła@example.com,+48616925233,TAK
2185,1415,Konrad,Tatarczuk,Masztalerz,konrad.tatarczuk@example.com,+48532706970,TAK
2186,1566,Dagmara,Puch,Trener personalny,dagmara.puch@example.com,+48861068536,TAK
2187,147,Tymoteusz,Ryndak,Likwidator szkód,tymoteusz.ryndak@example.com,+48687179161,TAK
2188,246,Aleks,Duras,Palacz,aleks.duras@example.com,+48603768287,NIE
2189,307,Maks,Kutek,Makler giełd towarowych,maks.kutek@example.com,+48693177946,NIE
2190,561,Fabian,Wochna,Makler nadzorujący,fabian.wochna@example.com,+48885492244,TAK
2191,1158,Urszula,Han,Kosztorysant,urszula.han@example.com,+48811309929,NIE
2192,624,Kazimierz,Tabak,Oceanonauta,kazimierz.tabak@example.com,+48777644335,TAK
2193,1445,Ada,Maślankiewicz,Agent firmy inwestycyjnej,ada.maślankiewicz@example.com,+48572722209,NIE
2194,249,Kazimierz,Pyć,Pracownicy uczelni w Polsce,kazimierz.pyć@example.com,+48725114535,TAK
2195,1828,Kalina,Kuźnia,Krojczy,kalina.kuźnia@example.com,+48758979161,TAK
2196,1127,Mikołaj,Pioch,Mim,mikołaj.pioch@example.com,+48822345752,NIE
2197,1623,Elżbieta,Stroka,Inżynier budownictwa,elżbieta.stroka@example.com,+48656475839,
2198,949,Natan,Bryja,Bibliotekarz dyplomowany,natan.bryja@example.com,+48712418404,TAK
2199,2019,Mariusz,Kapinos,Rolnik,mariusz.kapinos@example.com,+48845264280,
2200,961,Jan,Rudzik,Redaktor merytoryczny,jan.rudzik@example.com,+48570700276,NIE
2201,710,Sebastian,Fiutak,Zoopsycholog,sebastian.fiutak@example.com,+48597811630,TAK
2202,2281,Kornel,Kunda,Ochroniarz,kornel.kunda@example.com,+48537328311,NIE
2203,1873,Agnieszka,Minkiewicz,Klechdarz,agnieszka.minkiewicz@example.com,+48815271912,TAK
2204,327,Leon,Golak,Instruktor,leon.golak@example.com,+48862692595,TAK
2205,1876,Albert,Kuder,Oceanonauta,albert.kuder_at_example.com,+48531877989,TAK
2206,1496,Maurycy,Pochopień,Żongler,maurycy.pochopień@example.com,+48587297848,NIE
2207,1288,Inga,Kałek,Technik żywienia i gospodarstwa domowego,inga.kałek@example.com,+48833754187,NIE
2208,55,Radosław,Przeklasa,Kurier,radosław.przeklasa@example.com,+48833525897,TAK
2209,388,Kalina,Orawiec,Agent firmy inwestycyjnej,kalina.orawiec@example.com,+48585513319,NIE
2210,496,Tobiasz,Zimniak,Pakowacz,tobiasz.zimniak@example.com,+48758447448,TAK
2211,156,Grzegorz,Jonik,Ksiądz,grzegorz.jonik@example.com,+48802275016,NIE
2212,67,Filip,Gral,Kawiarka,filip.gral@example.com,+48583979410,NIE
2213,142,Paweł,Grycz,Doradca finansowy,paweł.grycz@example.com,+48845208014,
2214,805,Marcelina,Skierka,Agent celny,marcelina.skierka@example.com,+48548800239,NIE
2215,697,Miłosz,Jop,Robotnik,miłosz.jop@example.com,+48562885379,TAK
2216,2007,Damian,Jagieło,Konsultant,damian.jagieło@example.com,+48565866782,NIE
2217,1707,Tymoteusz,Malesza,Dżokej,tymoteusz.malesza@example.com,+48887146756,TAK
2218,1414,Artur,Zubowicz,Agent ubezpieczeniowy,artur.zubowicz@example.com,+48850287149,NIE
2219,371,Tymoteusz,Krzyśko,Trener,tymoteusz.krzyśko@example.com,+48697639655,NIE
2220,987,Ryszard,Żurawik,Strażak,ryszard.żurawik@example.com,+48726962538,NIE
2221,1117,Fryderyk,Kubaczyk,Zoopsycholog,fryderyk.kubaczyk@example.com,+48859235568,NIE
2222,1385,Łukasz,Rolak,Niania,łukasz.rolak@example.com,+48847474833,TAK
2223,1165,Albert,Pabis,Konserwator zabytków,albert.pabis@example.com,+48673949790,NIE
2224,1586,Patryk,Bartoszczyk,Kawiarka,patryk.bartoszczyk_at_example.com,+48502825249,NIE
2225,656,Apolonia,Musiolik,Instruktor,apolonia.musiolik@example.com,+48778000374,NIE
2226,934,Tola,Piotrkowicz,Modelka dużych rozmiarów,tola.piotrkowicz@example.com,+48707322485,NIE
2227,1268,Tomasz,Puto,Salowa,tomasz.puto_at_example.com,+48824657615,
2228,276,Patryk,Kursa,Satyryk,patryk.kursa@example.com,+48783784637,NIE
2229,313,Gaja,Cymer,Inżynier,gaja.cymer@example.com,+48539563264,TAK
2230,1683,Leonard,Narożny,Tłumacz literacki,leonard.narożny@example.com,+48625312178,NIE
2231,1184,Melania,Ciarka,Hostessa,melania.ciarka@example.com,+48602606008,TAK
2232,953,Inga,Rudzik,Geolog,inga.rudzik@example.com,+48630798037,TAK
2233,378,Olaf,Basa,Ochroniarz,olaf.basa@example.com,+48873000596,TAK
2234,2004,Gustaw,Wojewodzic,Ratownik przedmedyczny,gustaw.wojewodzic@example.com,+48527921540,NIE
2235,1172,Krzysztof,Matyjas,Psycholog,krzysztof.matyjas@example.com,+48671810575,NIE
2236,1967,Mieszko,Kutnik,Kosmonauta,mieszko.kutnik@example.com,+48783741773,TAK
2237,81,Natan,Widuch,Deweloper budowlany,natan.widuch@example.com,+48649847521,NIE
2238,367,Krystyna,Kajdan,Motorniczy,krystyna.kajdan@example.com,+48509719572,TAK
2239,164,Kazimierz,Stypa,Detektyw,kazimierz.stypa@example.com,+48892666335,TAK
2240,925,Jan,Szałata,Sprzedawca,jan.szałata@example.com,+48754841024,TAK
2241,1658,Aleksander,Stanisławek,Pośrednik finansowy,aleksander.stanisławek_at_example.com,+48538108155,NIE
2242,7,Dawid,Wąsek,Rzeczoznawca samochodowy,dawid.wąsek@example.com,+48586343652,NIE
2243,1634,Emil,Kuszyk,Projektant gier komputerowych,emil.kuszyk@example.com,+48735732615,
2244,1756,Róża,Chodak,Technik mechanik okrętowy,róża.chodak@example.com,+48638178900,NIE
2245,25,Wiktor,Plaskota,Babcia klozetowa,wiktor.plaskota@example.com,+48820791006,TAK
2246,122,Stefan,Kozubal,Ratownik przedmedyczny,stefan.kozubal@example.com,+48876864196,NIE
2247,1971,Kaja,Jaskóła,Fasowacz,kaja.jaskóła@example.com,+48736283696,NIE
2248,356,Kaja,Langiewicz,Aktor dziecięcy,kaja.langiewicz@example.com,+48656224196,TAK
2249,1570,Sylwia,Sporek,Redaktor,sylwia.sporek@example.com,+48814537175,TAK
2250,1605,Patryk,Budzich,Archeolog,patryk.budzich@example.com,+48511901836,TAK
2251,1410,Jędrzej,Brygoła,Agent celny,jędrzej.brygoła@example.com,+48652584329,TAK
2252,1697,Ryszard,Keler,Technik handlowiec,ryszard.keler@example.com,+48615363426,
2253,2001,Kazimierz,Tomal,Technik handlowiec,kazimierz.tomal@example.com,+48650749004,TAK
2254,2063,Tobiasz,Kościuszko,Żongler,tobiasz.kościuszko@example.com,+48854891850,NIE
2255,438,Paweł,Łakota,Rzeczoznawca,paweł.łakota@example.com,+48737948570,NIE
2256,1088,Aniela,Kleinschmidt,Rzecznik prasowy,aniela.kleinschmidt@example.com,+48659399850,NIE
2257,307,Cezary,Hamera,Aktor głosowy,cezary.hamera@example.com,+48630729467,TAK
2258,1295,Olgierd,Dybał,Naukowiec,olgierd.dybał@example.com,+48790432360,TAK
2259,1006,Dariusz,Pęciak,Plastyk,dariusz.pęciak@example.com,+48854927000,NIE
2260,1407,Nikodem,Owczarczak,Satyryk,nikodem.owczarczak_at_example.com,+48577646874,NIE
2261,935,Aleks,Jewuła,Rachmistrz,aleks.jewuła_at_example.com,+48746864781,TAK
2262,1005,Jeremi,Rozum,Barista,jeremi.rozum@example.com,+48787414731,TAK
2263,1571,Kacper,Zawodnik,Kelner,kacper.zawodnik@example.com,+48553742893,NIE
2264,1962,Miłosz,Ruszczak,Scenarzysta,miłosz.ruszczak@example.com,+48831617772,TAK
2265,1157,Apolonia,Kozar,Tokarz,apolonia.kozar@example.com,+48612125358,TAK
2266,217,Dawid,Westfal,Perfumiarz,dawid.westfal@example.com,+48505537360,NIE
2267,884,Daniel,Pracz,Rekwizytor,daniel.pracz@example.com,+48557783291,TAK
2268,1291,Kalina,Filek,Intendent,kalina.filek@example.com,+48820074294,NIE
2269,115,Nicole,Kochanowicz,Wydawca,nicole.kochanowicz@example.com,+48747800086,NIE
2270,510,Roksana,Matyjaszek,Marketingowiec,roksana.matyjaszek@example.com,+48637029607,TAK
2271,1077,Tymoteusz,Golenia,Konstruktor,tymoteusz.golenia@example.com,+48776298923,NIE
2272,2073,Filip,Wiewiórka,Ksiądz,filip.wiewiórka@example.com,+48750997845,TAK
2273,1777,Fabian,Kostro,Konsultant,fabian.kostro@example.com,+48820047601,TAK
2274,1972,Ignacy,Golczyk,Arborysta,ignacy.golczyk_at_example.com,+48629615302,TAK
2275,599,Anita,Kierepka,Meteorolog,anita.kierepka@example.com,+48557310982,TAK
2276,745,Leonard,Chołody,Marynarz,leonard.chołody@example.com,+48528639087,TAK
2277,441,Roksana,Szymula,Zarządca nieruchomości,roksana.szymula@example.com,+48562583725,NIE
2278,565,Sara,Pikula,Technik weterynarii,sara.pikula@example.com,+48562816885,NIE
2279,1430,Elżbieta,Bartłomiejczyk,Rzeczoznawca budowlany,elżbieta.bartłomiejczyk@example.com,+48512187404,NIE
2280,1896,Antoni,Złotek,Scenograf,antoni.złotek@example.com,+48833977090,TAK
2281,901,Blanka,Samol,Salowa,blanka.samol@example.com,+48860617368,NIE
2282,1053,Kaja,Miksza,Inżynier,kaja.miksza@example.com,+48709868516,
2283,1727,Kamil,Mzyk,Technik mechanik,kamil.mzyk_at_example.com,+48840559035,TAK
2284,58,Dariusz,Rozumek,Bibliotekarz dyplomowany,dariusz.rozumek@example.com,+48829209830,NIE
2285,146,Alan,Krzyk,Polityk,alan.krzyk@example.com,+48618603920,TAK
2286,636,Błażej,Oczkowicz,Pośrednik w obrocie nieruchomościami,błażej.oczkowicz@example.com,+48579261048,TAK
2287,680,Gabriel,Dorobisz,Żongler,gabriel.dorobisz@example.com,+48598091595,TAK
2288,2327,Jędrzej,Pęciak,Technik weterynarii,jędrzej.pęciak@example.com,+48613761660,NIE
2289,1298,Olgierd,Drynda,Lekarz weterynarii,olgierd.drynda@example.com,+48674944748,NIE
2290,557,Dariusz,Lempart,Drwal,dariusz.lempart@example.com,+48749690530,TAK
2291,1365,Ada,Wowra,Taksówkarz,ada.wowra@example.com,+48828664904,TAK
2292,1299,Stanisław,Kurz,Leśniczy,stanisław.kurz@example.com,+48515104870,TAK
2293,1820,Janina,Fogt,Żołnierz,janina.fogt@example.com,+48581409237,TAK
2294,1677,Adrian,Garbaciak,Deweloper budowlany,adrian.garbaciak@example.com,+48831108295,NIE
2295,1475,Urszula,Stąpór,Zarządca nieruchomości,urszula.stąpór@example.com,+48736914361,NIE
2296,1664,Kamil,Grześków,Ksiądz,kamil.grześków@example.com,+48761401497,NIE
2297,2067,Tobiasz,Tórz,Satyryk,tobiasz.tórz@example.com,+48753163406,TAK
2298,778,Iwo,Cieplucha,Aktor głosowy,iwo.cieplucha@example.com,+48505334333,NIE
2299,2059,Justyna,Chatys,Aktor,justyna.chatys@example.com,+48613229672,NIE
2300,537,Anna Maria,Glazik,Dyrektor kreatywny,anna maria.glazik@example.com,+48500812063,TAK
2301,1605,Sonia,Golak,Certyfikator energetyczny,sonia.golak@example.com,+48877532158,NIE
2302,872,Kacper,Działak,Dyrektor artystyczny,kacper.działak@example.com,+48569825813,NIE
2303,1751,Artur,Dytko,Tokarz,artur.dytko@example.com,+48772797490,NIE
2304,1450,Igor,Pieczarka,Doker,igor.pieczarka@example.com,+48735864566,
2305,2054,Szymon,Elwart,Technik mechanik lotniczy,szymon.elwart@example.com,+48814643841,
2306,1642,Robert,Tasarz,Psiarz,robert.tasarz@example.com,+48749829696,TAK
2307,1768,Ernest,Han,Broker,ernest.han@example.com,+48535227253,NIE
2308,1467,Józef,Panasewicz,Modelka dużych rozmiarów,józef.panasewicz@example.com,+48504413649,TAK
2309,892,Gabriel,Dyda,Inscenizator,gabriel.dyda@example.com,+48781312949,TAK
2310,1224,Robert,Wójs,Ekonomista,robert.wójs@example.com,+48847951556,TAK
2311,1055,Melania,Futyma,Reżyser,melania.futyma@example.com,+48610066474,TAK
2312,362,Kaja,Gortat,Ergonomista,kaja.gortat@example.com,+48689806174,TAK
2313,288,Malwina,Andruszko,Prezenter,malwina.andruszko@example.com,+48689604974,TAK
2314,43,Ida,Kryza,Szatniarz,ida.kryza@example.com,+48693487736,TAK
2315,1520,Cezary,Giel,Sprzedawca,cezary.giel@example.com,+48859866687,TAK
2316,1239,Karol,Pelka,Sztygar,karol.pelka@example.com,+48869101966,NIE
2317,1202,Rozalia,Mycek,Motorniczy,rozalia.mycek@example.com,+48598756712,NIE
2318,1345,Liwia,Rejek,Agent celny,liwia.rejek@example.com,+48713483565,TAK
2319,1129,Kamil,Zubowicz,Pisarz,kamil.zubowicz@example.com,+48533949067,NIE
2320,1236,Dawid,Zontek,Technik weterynarii,dawid.zontek@example.com,+48617329186,NIE
2321,1598,Dawid,Engler,Szatniarz,dawid.engler@example.com,+48515134743,TAK
2322,812,Jerzy,Duszkiewicz,Terapeuta,jerzy.duszkiewicz@example.com,+48600350395,NIE
2323,1958,Lidia,Ligas,Konsjerż,lidia.ligas@example.com,+48864684880,TAK
2324,1575,Damian,Wlizło,Elektromonter pomiarów,damian.wlizło@example.com,+48820182234,NIE
2325,948,Patryk,Merchel,Handlarz,patryk.merchel@example.com,+48846117171,NIE
2326,613,Leon,Kucharz,Babcia klozetowa,leon.kucharz@example.com,+48640142878,NIE
2327,779,Sara,Kotala,Salowa,sara.kotala@example.com,+48868972185,NIE
2328,212,Roksana,Majzner,Technik mechanik,roksana.majzner@example.com,+48639728133,TAK
2329,1344,Oskar,Dzierżak,Naukowiec,oskar.dzierżak@example.com,+48807482417,TAK
2330,1058,Nela,Hewelt,Technik nawigator morski,nela.hewelt@example.com,+48897836489,TAK
2331,283,Urszula,Chlipała,Hutnik,urszula.chlipała@example.com,+48829843384,TAK
2332,1282,Apolonia,Hewelt,Technik mechanik,apolonia.hewelt@example.com,+48890201357,TAK
2333,2085,Maciej,Skocz,Perfumiarz,maciej.skocz@example.com,+48890707793,
2334,967,Krzysztof,Wojtyś,Satyryk,krzysztof.wojtyś@example.com,+48883970490,TAK
2335,1145,Tymoteusz,Fedorczyk,Taksówkarz,tymoteusz.fedorczyk@example.com,+48665093887,
2336,2033,Franciszek,Borzych,Pakowacz,franciszek.borzych@example.com,+48882116968,NIE
2337,959,Julian,Troć,Archeolog,julian.troć@example.com,+48667491420,TAK
2338,1291,Norbert,Ziętal,Pisarz,norbert.ziętal@example.com,+48817230442,NIE
2339,310,Gustaw,Latko,Tokarz,gustaw.latko@example.com,+48584654971,TAK
2340,1651,Tadeusz,Kuźnia,Koniarze,tadeusz.kuźnia@example.com,+48812841012,NIE
2341,584,Kamil,Halik,Naukowiec,kamil.halik@example.com,+48813679153,TAK
2342,2054,Ida,Pyc,Technik technologii drewna,ida.pyc@example.com,+48586143793,TAK
2343,202,Melania,Karalus,Likwidator szkód,melania.karalus@example.com,+48733665756,TAK
2344,2354,Juliusz,Kabza,Kostiumograf,juliusz.kabza@example.com,+48796648820,NIE
2345,556,Lidia,Duczmal,Tłumacz,lidia.duczmal@example.com,+48552951186,TAK
2346,163,Filip,Kara,Kawalkator,filip.kara@example.com,+48877661638,NIE
2347,918,Julian,Sprycha,Kontroler biletów,julian.sprycha@example.com,+48680488892,TAK
2348,313,Tola,Zbroja,Agent ubezpieczeniowy,tola.zbroja@example.com,+48608597388,TAK
2349,1443,Daniel,Łusiak,Kawiarka,daniel.łusiak@example.com,+48747785537,TAK
2350,1247,Leon,Marcińczyk,Inżynier,leon.marcińczyk@example.com,+48654102523,TAK
2351,1063,Patryk,Kawiak,Antykwariusz,patryk.kawiak@example.com,+48773675882,TAK
2352,609,Marcel,Brojek,Terminolog,marcel.brojek@example.com,+48649909526,
2353,75,Artur,Dąbal,Rekwizytor,artur.dąbal@example.com,+48598389634,NIE
2354,1329,Patryk,Kamieniarz,Niania,patryk.kamieniarz@example.com,+48770751512,NIE
2355,1335,Anastazja,Kocaj,Inżynier,anastazja.kocaj@example.com,+48738234699,TAK
2356,2381,Nikodem,Fabiszak,Aktuariusz,nikodem.fabiszak@example.com,+48825107996,NIE
2357,1096,Artur,Nickel,Architekt wnętrz,artur.nickel@example.com,+48590333055,NIE
2358,31,Cyprian,Jamroz,Rzeczoznawca samochodowy,cyprian.jamroz@example.com,+48791822743,NIE
2359,1454,Lidia,Pasiak,Dyrektor artystyczny,lidia.pasiak_at_example.com,+48523859249,TAK
2360,1611,Józef,Misior,Tłumacz literacki,józef.misior@example.com,+48584526776,NIE
2361,449,Tomasz,Rejek,Geolog,tomasz.rejek@example.com,+48642726128,TAK
2362,1298,Artur,Mrozowicz,Kornak,artur.mrozowicz@example.com,+48616890607,NIE
2363,1305,Angelika,Kandziora,Grabarz,angelika.kandziora@example.com,+48718639663,TAK
2364,1905,Kalina,Furga,Dubler,kalina.furga_at_example.com,+48586774550,TAK
2365,1931,Miłosz,Kałek,Babcia klozetowa,miłosz.kałek@example.com,+48533054211,TAK
2366,1784,Józef,Cłapa,Doradca ubezpieczeniowy,józef.cłapa@example.com,+48877029484,NIE
2367,2063,Ada,Małas,Listonosz,ada.małas@example.com,+48822093751,TAK
2368,1943,Bianka,Łabno,Katecheta,bianka.łabno@example.com,+48604037229,NIE
2369,902,Olga,Chlebek,Babcia klozetowa,olga.chlebek@example.com,+48525779476,TAK
2370,1414,Tomasz,Łosiak,Masztalerz,tomasz.łosiak@example.com,+48850105433,TAK
2371,1933,Mateusz,Wojtaszak,Archeolog,mateusz.wojtaszak@example.com,+48759489671,TAK
2372,1918,Urszula,Bik,Antykwariusz,urszula.bik_at_example.com,+48651900275,TAK
2373,504,Ida,Czerepak,Brakarz,ida.czerepak@example.com,+48785367859,NIE
2374,1127,Adrian,Kryszkiewicz,Agent literacki,adrian.kryszkiewicz@example.com,+48793273607,NIE
2375,70,Róża,Mirgos,Technik ochrony środowiska,róża.mirgos@example.com,+48691859650,TAK
2376,413,Albert,Poreda,Kasjer biletowy,albert.poreda@example.com,+48791350936,NIE
2377,1186,Natan,Grund,Trener,natan.grund@example.com,+48526945526,TAK
2378,2325,Bruno,Prażmo,Doradca ubezpieczeniowy,bruno.prażmo@example.com,+48590169868,NIE
2379,1317,Aurelia,Radko,Broker informacji,aurelia.radko@example.com,+48776973682,NIE
2380,2092,Andrzej,Orpel,Szczurołap,andrzej.orpel@example.com,+48581889544,NIE
2381,1899,Józef,Szymonik,Reżyser,józef.szymonik@example.com,+48606869739,TAK
2382,868,Oskar,Wyrobek,Hostessa,oskar.wyrobek@example.com,+48511931501,TAK
2383,642,Jeremi,Cybul,Ratownik przedmedyczny,jeremi.cybul@example.com,+48516743593,TAK
2384,1855,Albert,Ćwirko,Sprzątacz,albert.ćwirko@example.com,+48631994804,
2385,1235,Elżbieta,Szajda,Aktor dziecięcy,elżbieta.szajda@example.com,+48522634143,NIE
2386,2439,Tola,Grys,Trener,tola.grys@example.com,+48607908475,NIE
2387,1,Sylwia,Bohdanowicz,Zoopsycholog,sylwia.bohdanowicz@example.com,+48551499482,NIE
2388,1139,Anna Maria,Suchoń,Palacz,anna maria.suchoń@example.com,+48867730065,NIE
2389,1480,Janina,Wandas,Iluzjonista,janina.wandas@example.com,+48856647910,TAK
2390,1706,Maurycy,Glazer,Salowa,maurycy.glazer@example.com,+48516818714,TAK
2391,811,Janina,Cywka,Taksówkarz,janina.cywka@example.com,+48768161726,TAK
2392,2493,Gaja,Świerkot,Doradca finansowy,gaja.świerkot@example.com,+48689555614,NIE
2393,291,Maks,Fedak,Model,maks.fedak@example.com,+48511349458,TAK
2394,286,Tymon,Latko,Technik mechanik lotniczy,tymon.latko@example.com,+48893533493,NIE
2395,1642,Adam,Jerzyk,Naukowiec,adam.jerzyk@example.com,+48673191124,
2396,432,Iwo,Wołodźko,Wydawca,iwo.wołodźko@example.com,+48802734022,TAK
2397,711,Norbert,Kiszczak,Scenarzysta,norbert.kiszczak@example.com,+48589524832,TAK
2398,1604,Dominik,Frelek,Zarządca nieruchomości,dominik.frelek@example.com,+48536006833,NIE
2399,699,Olgierd,Zugaj,Grabarz,olgierd.zugaj@example.com,+48867446662,NIE
2400,122,Nicole,Fidler,Psiarz,nicole.fidler@example.com,+48542729961,TAK
2401,1793,Jakub,Bobryk,Tokarz,jakub.bobryk@example.com,+48758960121,
2402,1285,Ernest,Matejczyk,Bibliotekarz dyplomowany,ernest.matejczyk@example.com,+48511206853,
2403,1910,Ryszard,Gaudyn,Inscenizator,ryszard.gaudyn@example.com,+48843498310,TAK
2404,47,Norbert,Dębosz,Sprzedawca,norbert.dębosz@example.com,+48714955721,TAK
2405,576,Olgierd,Jany,Klechdarz,olgierd.jany@example.com,+48673114410,TAK
2406,312,Eliza,Gajdzik,Terminolog,eliza.gajdzik@example.com,+48742464112,NIE
2407,1365,Aleks,Huczko,Koniarze,aleks.huczko@example.com,+48828184082,TAK
2408,1905,Damian,Zaucha,Deweloper budowlany,damian.zaucha@example.com,+48868119155,NIE
2409,153,Apolonia,Gołota,Palacz,apolonia.gołota@example.com,+48822188483,TAK
2410,816,Ewelina,Wielgat,Terminolog,ewelina.wielgat@example.com,+48802219326,TAK
2411,2467,Kamila,Babij,Kuk,kamila.babij@example.com,+48509176964,NIE
2412,1150,Alex,Kurda,Agronom,alex.kurda@example.com,+48760277343,TAK
2413,1901,Melania,Kuder,Główny księgowy,melania.kuder@example.com,+48890054300,TAK
2414,1719,Szymon,Supeł,Handlarz,szymon.supeł@example.com,+48732555733,TAK
2415,1470,Karol,Węgrzyniak,Pośrednik w obrocie nieruchomościami,karol.węgrzyniak@example.com,+48764693254,NIE
2416,1316,Gustaw,Czupryna,Audytor efektywności energetycznej,gustaw.czupryna@example.com,+48568716628,NIE
2417,843,Marek,Zbrzeźniak,Bibliotekarz dyplomowany,marek.zbrzeźniak@example.com,+48810114282,TAK
2418,290,Artur,Kyc,Makler nadzorujący,artur.kyc@example.com,+48892392889,TAK
2419,654,Sonia,Kiliszek,Inscenizator,sonia.kiliszek@example.com,+48892750515,NIE
2420,2063,Anna Maria,Simon,Redaktor merytoryczny,anna maria.simon@example.com,+48585262329,TAK
2421,351,Bruno,Cyroń,Nauczyciel akademicki,bruno.cyroń@example.com,+48776704745,NIE
2422,35,Karina,Andreasik,Detektyw,karina.andreasik@example.com,+48559017537,NIE
2423,639,Monika,Meissner,Certyfikator energetyczny,monika.meissner@example.com,+48866930810,NIE
2424,1044,Olgierd,Gubernat,Wydawca,olgierd.gubernat@example.com,+48644216346,NIE
2425,289,Krystian,Heller,Iluzjonista,krystian.heller@example.com,+48712486573,NIE
2426,338,Oliwier,Bik,Koniarze,oliwier.bik@example.com,+48615516154,NIE
2427,60,Jakub,Sobieszczyk,Ergonomista,jakub.sobieszczyk@example.com,+48630817547,NIE
2428,122,Anna Maria,Nytko,Fasowacz,anna maria.nytko@example.com,+48790562383,NIE
2429,1946,Jacek,Świć,Bibliotekarz dyplomowany,jacek.świć@example.com,+48779644962,NIE
2430,921,Daniel,Nowrot,Motorniczy,daniel.nowrot@example.com,+48565414934,NIE
2431,182,Sebastian,Jagieło,Główny księgowy,sebastian.jagieło@example.com,+48574562503,NIE
2432,1194,Agnieszka,Tofil,Antykwariusz,agnieszka.tofil@example.com,+48629951243,
2433,475,Sara,Macioł,Artysta-rezydent,sara.macioł@example.com,+48802025693,TAK
2434,1557,Karina,Korzonek,Fotoreporter,karina.korzonek@example.com,+48689190800,
2435,1291,Malwina,Janiszek,Satyryk,malwina.janiszek@example.com,+48817646188,NIE
2436,98,Mikołaj,Kiepas,Makler giełd towarowych,mikołaj.kiepas@example.com,+48720238229,TAK
2437,225,Marek,Jereczek,Handlarz,marek.jereczek@example.com,+48810358846,NIE
2438,538,Gaja,Dargacz,Pośrednik w obrocie nieruchomościami,gaja.dargacz@example.com,+48895912085,
2439,1370,Dagmara,Misiejuk,Menedżer kultury,dagmara.misiejuk@example.com,+48768683218,NIE
2440,244,Nikodem,Pakos,Ksiądz,nikodem.pakos@example.com,+48741172245,TAK
2441,1450,Damian,Rawa,Agent celny,damian.rawa@example.com,+48532609490,TAK
2442,779,Liwia,Lica,Poganiacz,liwia.lica@example.com,+48841657309,TAK
2443,89,Rafał,Fedyk,Meteorolog,rafał.fedyk@example.com,+48579690411,TAK
2444,1711,Dariusz,Filiks,Scenograf,dariusz.filiks@example.com,+48793624981,TAK
2445,584,Inga,Andrukiewicz,Technik żywienia i gospodarstwa domowego,inga.andrukiewicz@example.com,+48507165798,NIE
2446,880,Kajetan,Gordon,Geolog,kajetan.gordon@example.com,+48773919557,NIE
2447,2558,Damian,Mieszała,Poganiacz,damian.mieszała@example.com,+48586826451,TAK
2448,847,Konstanty,Olewniczak,Technik nawigator morski,konstanty.olewniczak_at_example.com,+48634360431,NIE
2449,2108,Leonard,Kielich,Bibliotekarz dyplomowany,leonard.kielich@example.com,+48670077901,NIE
2450,1306,Stanisław,Ogonek,Plastyk,stanisław.ogonek@example.com,+48580405157,TAK
2451,594,Mieszko,Ziniewicz,Pakowacz,mieszko.ziniewicz@example.com,+48702514330,NIE
2452,352,Sylwia,Zegadło,Sprzątacz,sylwia.zegadło@example.com,+48517372603,TAK
2453,637,Elżbieta,Wiciak,Supermodelka,elżbieta.wiciak@example.com,+48560642641,TAK
2454,1692,Tomasz,Amanowicz,Certyfikator energetyczny,tomasz.amanowicz@example.com,+48592946280,TAK
2455,1309,Oskar,Fitrzyk,Ratownik,oskar.fitrzyk@example.com,+48523114601,TAK
2456,1524,Jeremi,Swatek,Pracownicy uczelni w Polsce,jeremi.swatek@example.com,+48671304190,TAK
2457,993,Ignacy,Pędzik,Trener,ignacy.pędzik@example.com,+48525182271,NIE
2458,707,Melania,Brodowicz,Katecheta,melania.brodowicz@example.com,+48826933218,NIE
2459,738,Łukasz,Żabierek,Rolnik,łukasz.żabierek@example.com,+48857290302,NIE
2460,1191,Jakub,Giersz,Iluzjonista,jakub.giersz@example.com,+48845152846,NIE
2461,2013,Rafał,Bubak,Rzeczoznawca budowlany,rafał.bubak@example.com,+48508882851,NIE
2462,84,Julianna,Skup,Rzeczoznawca,julianna.skup@example.com,+48617439248,NIE
2463,1384,Alex,Elsner,Ebenista,alex.elsner@example.com,+48702862300,TAK
2464,296,Fabian,Sierota,Ebenista,fabian.sierota@example.com,+48691108423,NIE
2465,1354,Ryszard,Letkiewicz,Scenarzysta,ryszard.letkiewicz@example.com,+48573380691,NIE
2466,1049,Agnieszka,Królikiewicz,Bibliotekarz dyplomowany,agnieszka.królikiewicz@example.com,+48582255840,TAK
2467,1636,Gaja,Folga,Charakteryzator,gaja.folga@example.com,+48805843867,TAK
2468,1462,Bartek,Szlufik,Arborysta,bartek.szlufik@example.com,+48760375271,NIE
2469,1248,Sylwia,Stępka,Fotoreporter,sylwia.stępka@example.com,+48561548052,TAK
2470,1028,Daniel,Jeske,Doradca inwestycyjny,daniel.jeske@example.com,+48673275826,NIE
2471,202,Jacek,Żakiewicz,Ekwilibrystyka,jacek.żakiewicz@example.com,+48733415267,NIE
2472,1234,Filip,Dzwonnik,Aktor dziecięcy,filip.dzwonnik@example.com,+48885923437,NIE
2473,2278,Maksymilian,Hanusiak,Technik awionik,maksymilian.hanusiak@example.com,+48826915942,TAK
2474,1232,Róża,Taciak,Broker,róża.taciak@example.com,+48530099671,NIE
2475,1752,Albert,Handzel,Geodeta,albert.handzel@example.com,+48716454072,TAK
2476,443,Łukasz,Zapaśnik,Rybak,łukasz.zapaśnik@example.com,+48783512273,
2477,236,Olaf,Smoter,Rzeczoznawca budowlany,olaf.smoter@example.com,+48507167031,NIE
2478,1104,Eliza,Kołpak,Terapeuta,eliza.kołpak@example.com,+48829034653,TAK
2479,55,Sonia,Duc,Dyrektor artystyczny,sonia.duc@example.com,+48723094787,TAK
2480,162,Norbert,Kik,Nadleśniczy,norbert.kik@example.com,+48582081246,TAK
2481,777,Nela,Jaremko,Zarządca nieruchomości,nela.jaremko@example.com,+48561669966,
2482,1515,Anita,Drobisz,Aktor głosowy,anita.drobisz@example.com,+48731902113,NIE
2483,1892,Ada,Piesik,Deweloper budowlany,ada.piesik@example.com,+48670176332,TAK
2484,472,Karol,Komuda,Krojczy,karol.komuda@example.com,+48720593408,TAK
2485,1506,Anastazja,Cebulak,Tłumacz przysięgły,anastazja.cebulak@example.com,+48832541277,TAK
2486,1052,Rozalia,Drynda,Makler morski,rozalia.drynda@example.com,+48894180013,NIE
2487,1234,Igor,Krochmal,Doradca inwestycyjny,igor.krochmal@example.com,+48690781707,TAK
2488,1846,Emil,Kielczyk,Broker,emil.kielczyk@example.com,+48733250865,NIE
2489,1256,Nicole,Ułanowicz,Zarządca nieruchomości,nicole.ułanowicz@example.com,+48745075746,TAK
2490,1297,Kajetan,Gilewicz,Technik mechanik lotniczy,kajetan.gilewicz_at_example.com,+48699404770,TAK
2491,1910,Miłosz,Makles,Kawalkator,miłosz.makles@example.com,+48763671870,NIE
2492,482,Olgierd,Ambrozik,Animator kultury,olgierd.ambrozik@example.com,+48665041945,TAK
2493,1308,Monika,Cylwik,Producent wykonawczy,monika.cylwik@example.com,+48885294460,TAK
2494,2037,Janina,Kociemba,Tokarz,janina.kociemba@example.com,+48899257395,NIE
2495,595,Igor,Grabczak,Doradca finansowy,igor.grabczak@example.com,+48585183672,TAK
2496,662,Rozalia,Karpik,Bankowiec,rozalia.karpik@example.com,+48500675665,TAK
2497,1922,Tomasz,Dziwak,Pracownik socjalny,tomasz.dziwak@example.com,+48899072895,TAK
2498,1694,Marcelina,Pupek,Pakowacz,marcelina.pupek@example.com,+48506532535,TAK
2499,435,Aurelia,Błażejczak,Brakarz,aurelia.błażejczak@example.com,+48662122822,NIE
2500,765,Marianna,Lejk,Kosztorysant,marianna.lejk@example.com,+48629905637,TAK
2501,1001,Adam,Łój,Pokojówka,adam.łój@example.com,+48570357361,TAK
2502,1181,Franciszek,Myszk,Ksiądz,franciszek.myszk@example.com,+48571801313,TAK
2503,1082,Jacek,Łuszczyk,Aktor,jacek.łuszczyk@example.com,+48553998383,NIE
2504,870,Julian,Gwara,Makler papierów wartościowych,julian.gwara@example.com,+48885763165,NIE
2505,900,Tobiasz,Zeman,Broker informacji,tobiasz.zeman@example.com,+48774360830,NIE
2506,788,Hubert,Olko,Bibliotekarz,hubert.olko@example.com,+48508011424,NIE
2507,290,Tobiasz,Matla,Konsultant ślubny,tobiasz.matla@example.com,+48870206046,NIE
2508,1682,Natasza,Wojcik,Barman,natasza.wojcik@example.com,+48731413235,TAK
2509,105,Szymon,Kielan,Agronom,szymon.kielan@example.com,+48630844751,NIE
2510,451,Przemysław,Durys,Liczmen,przemysław.durys@example.com,+48848510576,NIE
2511,209,Julita,Ryndak,Modelka dużych rozmiarów,julita.ryndak@example.com,+48851201198,TAK
2512,895,Fabian,Jaremko,Przewodnik turystyczny,fabian.jaremko@example.com,+48624898812,TAK
2513,1013,Lidia,Czuryło,Handlarz,lidia.czuryło@example.com,+48805580730,
2514,1562,Krystyna,Bździuch,Terminolog,krystyna.bździuch@example.com,+48896948997,TAK
2515,1458,Aniela,Naumiuk,Trener,aniela.naumiuk@example.com,+48874542369,
2516,608,Tomasz,Stebel,Sprzedawca,tomasz.stebel@example.com,+48892562417,TAK
2517,1846,Inga,Kusio,Tłumacz,inga.kusio@example.com,+48608169213,TAK
2518,292,Dariusz,Dudczak,Audytor efektywności energetycznej,dariusz.dudczak@example.com,+48693925793,NIE
2519,2006,Tobiasz,Lenik,Arborysta,tobiasz.lenik@example.com,+48721479655,TAK
2520,975,Kajetan,Łuczkiewicz,Dyrektor finansowy,kajetan.łuczkiewicz@example.com,+48769955955,NIE
2521,1471,Tola,Pierz,Audytor efektywności energetycznej,tola.pierz@example.com,+48785595455,TAK
2522,1660,Julita,Miśkowiec,Ekonomista,julita.miśkowiec@example.com,+48625778407,
2523,396,Kalina,Mendak,Motorniczy,kalina.mendak@example.com,+48879917824,NIE
2524,318,Łukasz,Skierka,Urbanista,łukasz.skierka@example.com,+48770513195,TAK
2525,774,Kamil,Deluga,Doker,kamil.deluga@example.com,+48518474212,TAK
2526,1794,Gaja,Mordak,Plastyk,gaja.mordak@example.com,+48811768870,NIE
2527,646,Filip,Wawrzonek,Ergonomista,filip.wawrzonek@example.com,+48713600089,
2528,2280,Dawid,Myszk,Doradca ubezpieczeniowy,dawid.myszk@example.com,+48504106410,NIE
2529,1208,Fryderyk,Furgała,Grabarz,fryderyk.furgała@example.com,+48764719222,NIE
2530,1526,Monika,Rybus,Kowboj,monika.rybus@example.com,+48539055648,NIE
2531,1647,Piotr,Duczek,Technik weterynarii,piotr.duczek@example.com,+48833857658,TAK
2532,642,Agnieszka,Plizga,Kawiarka,agnieszka.plizga@example.com,+48600606791,TAK
2533,275,Dagmara,Myga,Dyrektor finansowy,dagmara.myga@example.com,+48587465624,TAK
2534,280,Nataniel,Chmielak,Doradca ubezpieczeniowy,nataniel.chmielak@example.com,+48802570550,TAK
2535,1919,Aurelia,Golus,Konsjerż,aurelia.golus@example.com,+48752242368,TAK
2536,329,Ryszard,Tokaj,Tłumacz,ryszard.tokaj@example.com,+48808904894,TAK
2537,1997,Kamila,Cyman,Trener,kamila.cyman_at_example.com,+48748599879,TAK
2538,1871,Konstanty,Rajda,Księgowy,konstanty.rajda@example.com,+48817142378,NIE
2539,1657,Borys,Manista,Audytor efektywności energetycznej,borys.manista@example.com,+48766468360,NIE
2540,1793,Kornelia,Steciuk,Barman,kornelia.steciuk@example.com,+48713003639,NIE
2541,504,Radosław,Kościołek,Kostiumograf,radosław.kościołek@example.com,+48582989300,TAK
2542,1846,Gaja,Miecznik,Archeolog,gaja.miecznik@example.com,+48762670834,NIE
2543,1058,Gabriel,Siwczak,Konsultant ślubny,gabriel.siwczak@example.com,+48666750625,TAK
2544,2390,Artur,Kreczmer,Technik elektronik,artur.kreczmer@example.com,+48702720692,
2545,1843,Ryszard,Garncarz,Wydawca,ryszard.garncarz@example.com,+48653527226,
2546,1972,Gabriel,Rutowicz,Drwal,gabriel.rutowicz@example.com,+48680335045,TAK
2547,1201,Juliusz,Szulim,Łącznik,juliusz.szulim@example.com,+48786113033,TAK
2548,884,Aniela,Paszkowiak,Kupiec,aniela.paszkowiak@example.com,+48578091916,TAK
2549,2072,Hubert,Klinkosz,Leśniczy,hubert.klinkosz@example.com,+48507584964,TAK
2550,742,Karina,Hanus,Astronom,karina.hanus@example.com,+48830678404,NIE
2551,1441,Anastazja,Ciuba,Rolnik,anastazja.ciuba@example.com,+48769519023,NIE
2552,1126,Monika,Drynda,Agent ubezpieczeniowy,monika.drynda@example.com,+48670114862,NIE
2553,776,Konstanty,Sieczko,Kosztorysant,konstanty.sieczko@example.com,+48674341437,TAK
2554,1600,Józef,Granat,Technik kelner,józef.granat@example.com,+48641524766,
2555,1832,Julian,Kozar,Szczurołap,julian.kozar@example.com,+48558036044,NIE
2556,344,Alan,Thomas,Antykwariusz,alan.thomas@example.com,+48606102990,TAK
2557,171,Olgierd,Fryś,Technik weterynarii,olgierd.fryś@example.com,+48642107572,NIE
2558,1523,Marianna,Porwoł,Doradca inwestycyjny,marianna.porwoł@example.com,+48576827254,NIE
2559,1275,Dariusz,Jerzyk,Ratownik,dariusz.jerzyk@example.com,+48529732661,NIE
2560,1458,Aniela,Dunal,Archeolog,aniela.dunal@example.com,+48731821657,NIE
2561,1315,Albert,Borysiuk,Główny księgowy,albert.borysiuk_at_example.com,+48650228093,TAK
2562,2546,Karina,Lewko,Redaktor naukowy,karina.lewko@example.com,+48840155963,TAK
2563,231,Ewa,Brach,Sprzedawca,ewa.brach@example.com,+48627687274,
2564,1730,Rafał,Portka,Żongler,rafał.portka@example.com,+48671314284,TAK
2565,628,Apolonia,Staśko,Nauczyciel akademicki,apolonia.staśko@example.com,+48815041660,NIE
2566,1847,Borys,Wiszowaty,Brakarz,borys.wiszowaty@example.com,+48599592131,TAK
2567,1661,Marianna,Kobza,Certyfikator energetyczny,marianna.kobza@example.com,+48620310655,TAK
2568,1842,Nataniel,Cukier,Żołnierz,nataniel.cukier@example.com,+48517470690,TAK
2569,1429,Cyprian,Nowotnik,Pracownik socjalny,cyprian.nowotnik@example.com,+48565088966,TAK
2570,895,Leonard,Pawlukiewicz,Barman,leonard.pawlukiewicz@example.com,+48866583019,
2571,2342,Patryk,Buksa,Technik awionik,patryk.buksa@example.com,+48578136750,TAK
2572,1803,Alex,Korkosz,Tłumacz przysięgły,alex.korkosz@example.com,+48886454032,NIE
2573,405,Grzegorz,Geisler,Agent firmy inwestycyjnej,grzegorz.geisler@example.com,+48688507346,NIE
2574,620,Tomasz,Stawowczyk,Aktor,tomasz.stawowczyk@example.com,+48686371756,TAK
2575,357,Robert,Drobnik,Zoopsycholog,robert.drobnik@example.com,+48790620050,NIE
2576,1213,Roksana,Fac,Technik żywienia i gospodarstwa domowego,roksana.fac@example.com,+48597299674,TAK
2577,978,Stanisław,Imiołczyk,Podleśniczy,stanisław.imiołczyk@example.com,+48564480885,NIE
2578,2078,Urszula,Zimmer,Pośrednik finansowy,urszula.zimmer@example.com,+48615883062,TAK
2579,889,Szymon,Materka,Tłumacz,szymon.materka@example.com,+48591977723,NIE
2580,1437,Ida,Karłowicz,Konsultant ślubny,ida.karłowicz@example.com,+48763554202,TAK
2581,2607,Anna Maria,Czenczek,Technik elektronik,anna maria.czenczek@example.com,+48656415103,TAK
2582,1813,Leonard,Andrukiewicz,Kostiumograf,leonard.andrukiewicz@example.com,+48562960495,TAK
2583,1097,Nela,Glazik,Geolog,nela.glazik@example.com,+48787126350,NIE
2584,1264,Marianna,Kosiak,Konserwator zabytków,marianna.kosiak@example.com,+48622879726,NIE
2585,595,Błażej,Zybura,Pracownicy uczelni w Polsce,błażej.zybura@example.com,+48842780723,NIE
2586,1093,Adrianna,Dydak,Technik mechanik lotniczy,adrianna.dydak@example.com,+48779455783,TAK
2587,1903,Adrianna,Motak,Pracownik socjalny,adrianna.motak@example.com,+48601760521,TAK
2588,1962,Karina,Kolanko,Deweloper budowlany,karina.kolanko@example.com,+48889126585,NIE
2589,553,Nataniel,Jarmuła,Kawalkator,nataniel.jarmuła@example.com,+48818080870,NIE
2590,1770,Miłosz,Siedlarz,Przedstawiciel handlowy,miłosz.siedlarz@example.com,+48656039087,TAK
2591,2083,Adam,Gęgotek,Technik mechanik okrętowy,adam.gęgotek@example.com,+48635909219,NIE
2592,1300,Emil,Matusewicz,Kupiec,emil.matusewicz@example.com,+48566708352,TAK
2593,1650,Liwia,Falba,Terminolog,liwia.falba_at_example.com,+48535313290,NIE
2594,1443,Malwina,Stachelek,Lalkarz,malwina.stachelek@example.com,+48868395388,NIE
2595,609,Ida,Kurzyna,Przewodnik turystyczny,ida.kurzyna@example.com,+48741872797,NIE
2596,659,Anastazja,Garbaciak,Satyryk,anastazja.garbaciak@example.com,+48853003410,TAK
2597,218,Liwia,Dworniczak,Architekt wnętrz,liwia.dworniczak@example.com,+48620525272,TAK
2598,1607,Aniela,Damek,Rolnik,aniela.damek@example.com,+48565228764,TAK
2599,566,Kornelia,Dziurdzia,Nauczyciel,kornelia.dziurdzia@example.com,+48774814789,TAK
2600,444,Grzegorz,Fuławka,Koniarze,grzegorz.fuławka@example.com,+48556963245,
2601,2007,Jerzy,Oszust,Technik mechanik,jerzy.oszust@example.com,+48518021003,NIE
2602,84,Apolonia,Łuczkiewicz,Konsultant,apolonia.łuczkiewicz@example.com,+48655534168,NIE
2603,1923,Liwia,Masiak,Portier,liwia.masiak@example.com,+48623572686,NIE
2604,1226,Olga,Świerkot,Plastyk,olga.świerkot@example.com,+48774036877,TAK
2605,1531,Gaja,Piejko,Ksiądz,gaja.piejko_at_example.com,+48572841906,TAK
2606,1897,Dominik,Froń,Żołnierz,dominik.froń@example.com,+48890955854,TAK
2607,2592,Borys,Sosnówka,Drwal,borys.sosnówka@example.com,+48524960887,NIE
2608,992,Ryszard,Kunda,Nauczyciel,ryszard.kunda@example.com,+48803386632,NIE
2609,231,Wojciech,Bona,Syndyk,wojciech.bona@example.com,+48837393042,TAK
2610,1705,Sylwia,Gałaj,Psycholog,sylwia.gałaj@example.com,+48864487073,
2611,511,Marcin,Franas,Konsultant ślubny,marcin.franas@example.com,+48727065113,TAK
2612,1293,Alan,Kieszek,Makler papierów wartościowych,alan.kieszek@example.com,+48776194267,TAK
2613,213,Dominik,Sidorczuk,Agent literacki,dominik.sidorczuk@example.com,+48742377426,NIE
2614,459,Tymon,Preś,Terapeuta,tymon.preś_at_example.com,+48812363823,NIE
2615,2031,Leonard,Adamów,Redaktor,leonard.adamów@example.com,+48733147700,NIE
2616,1050,Ernest,Ciuła,Koniarze,ernest.ciuła@example.com,+48535594594,NIE
2617,1576,Wojciech,Hałka,Technik mechanik okrętowy,wojciech.hałka@example.com,+48527273605,NIE
2618,1092,Melania,Jachimczak,Nauczyciel akademicki,melania.jachimczak@example.com,+48794287465,NIE
2619,1176,Nataniel,Pikor,Architekt krajobrazu,nataniel.pikor@example.com,+48839068023,NIE
2620,2260,Dariusz,Węgrzynowicz,Tokarz,dariusz.węgrzynowicz@example.com,+48857422147,TAK
2621,1176,Grzegorz,Patyna,Pracownik socjalny,grzegorz.patyna@example.com,+48683201633,TAK
2622,1117,Andrzej,Zacharewicz,Audytor efektywności energetycznej,andrzej.zacharewicz@example.com,+48893643374,NIE
2623,1194,Borys,Maron,Reporter wojenny,borys.maron@example.com,+48690071967,TAK
2624,2057,Michał,Samson,Katecheta,michał.samson@example.com,+48727024993,NIE
2625,1296,Fabian,Zemanek,Leśniczy,fabian.zemanek@example.com,+48557192380,TAK
2626,1708,Jacek,Baum,Brakarz,jacek.baum@example.com,+48677112076,TAK
2627,2022,Karina,Budniak,Supermodelka,karina.budniak@example.com,+48723086012,NIE
2628,1822,Sylwia,Tyniec,Rzeczoznawca budowlany,sylwia.tyniec@example.com,+48627462088,TAK
2629,1406,Stefan,Matyka,Rzeczoznawca budowlany,stefan.matyka@example.com,+48698025501,TAK
2630,1295,Adam,Mzyk,Makler giełd towarowych,adam.mzyk@example.com,+48644885944,TAK
2631,1910,Anastazja,Skubis,Poganiacz,anastazja.skubis_at_example.com,+48789414732,TAK
2632,748,Bartek,Goss,Prezenter,bartek.goss@example.com,+48547578615,TAK
2633,620,Borys,Kusek,Supermodelka,borys.kusek@example.com,+48703932488,TAK
2634,1690,Anna Maria,Andrukiewicz,Psycholog,anna maria.andrukiewicz@example.com,+48777784346,NIE
2635,98,Cezary,Brach,Astronom,cezary.brach@example.com,+48709843029,TAK
2636,2434,Tomasz,Sterna,Audytor efektywności energetycznej,tomasz.sterna@example.com,+48674924808,NIE
2637,1707,Rafał,Piekart,Aktuariusz,rafał.piekart@example.com,+48869465549,NIE
2638,1986,Witold,Piotrak,Nauczyciel akademicki,witold.piotrak@example.com,+48534029167,TAK
2639,1184,Antoni,Graban,Meteorolog,antoni.graban@example.com,+48697177050,NIE
2640,2068,Oskar,Czopik,Instruktor,oskar.czopik@example.com,+48797736725,TAK
2641,1779,Klara,Jażdżyk,Meteorolog,klara.jażdżyk@example.com,+48875146513,TAK
2642,1240,Tola,Burza,Pośrednik ubezpieczeniowy,tola.burza@example.com,+48594799777,
2643,749,Roksana,Teodorowicz,Terminolog,roksana.teodorowicz@example.com,+48610596773,NIE
2644,757,Jerzy,Węgrzyniak,Fotoreporter,jerzy.węgrzyniak@example.com,+48784816084,NIE
2645,48,Dominik,Żołnierczyk,Tłumacz,dominik.żołnierczyk@example.com,+48508830079,NIE
2646,556,Anita,Kolka,Doradca finansowy,anita.kolka@example.com,+48687493049,TAK
2647,859,Adrianna,Majerczyk,Redaktor,adrianna.majerczyk@example.com,+48711709626,TAK
2648,1951,Alan,Glenc,Klechdarz,alan.glenc@example.com,+48594440736,
2649,1651,Klara,Laszuk,Bankowiec,klara.laszuk@example.com,+48563036362,
2650,404,Aleksander,Marcol,Kurier rowerowy,aleksander.marcol@example.com,+48534984026,NIE
2651,43,Sara,Graj,Kawalkator,sara.graj@example.com,+48880716958,NIE
2652,2055,Mikołaj,Iwańczyk,Pucybut,mikołaj.iwańczyk@example.com,+48750847748,NIE
2653,635,Marcelina,Subocz,Archiwista,marcelina.subocz@example.com,+48721660860,TAK
2654,1422,Ida,Ochnik,Detektyw,ida.ochnik@example.com,+48839354860,
2655,1916,Leonard,Zontek,Satyryk,leonard.zontek@example.com,+48562708122,TAK
2656,281,Ewa,Czubaszek,Technik budownictwa,ewa.czubaszek@example.com,+48891537928,
2657,515,Wojciech,Gronkiewicz,Agent literacki,wojciech.gronkiewicz@example.com,+48753513166,
2658,1863,Albert,Sinkiewicz,Agent celny,albert.sinkiewicz_at_example.com,+48838564902,TAK
2659,988,Anna Maria,Stempniak,Technik żywienia i gospodarstwa domowego,anna maria.stempniak@example.com,+48880700945,TAK
2660,136,Andrzej,Teter,Menedżer kultury,andrzej.teter@example.com,+48513168964,NIE
2661,390,Maciej,Anders,Oceanonauta,maciej.anders@example.com,+48560643601,TAK
2662,1781,Stanisław,Grymuza,Aktor,stanisław.grymuza@example.com,+48797266460,NIE
2663,637,Oskar,Cichowlas,Doradca podatkowy w Polsce,oskar.cichowlas@example.com,+48829422047,NIE
2664,1162,Sebastian,Syroka,Szczurołap,sebastian.syroka@example.com,+48789705221,TAK
2665,2268,Oliwier,Dziewit,Strażak,oliwier.dziewit@example.com,+48885653530,TAK
2666,947,Ewa,Małycha,Lekarz weterynarii,ewa.małycha@example.com,+48840910725,NIE
2667,656,Przemysław,Bork,Redaktor merytoryczny,przemysław.bork@example.com,+48628784187,NIE
2668,2116,Maciej,Siejak,Bibliotekarz,maciej.siejak@example.com,+48838221602,NIE
2669,1531,Piotr,Smutek,Wydawca,piotr.smutek@example.com,+48820767675,NIE
2670,965,Igor,Koniec,Portier,igor.koniec@example.com,+48799848622,TAK
2671,2114,Krzysztof,Daniec,Księgowy,krzysztof.daniec@example.com,+48665365471,NIE
2672,256,Sylwia,Kraszkiewicz,Teksturator,sylwia.kraszkiewicz@example.com,+48741799161,NIE
2673,290,Cezary,Łaskawiec,Psiarz,cezary.łaskawiec_at_example.com,+48711043204,TAK
2674,1298,Kamil,Kusa,Technik weterynarii,kamil.kusa@example.com,+48675498602,NIE
2675,1785,Fryderyk,Szramka,Makler nadzorujący,fryderyk.szramka@example.com,+48554721189,TAK
2676,1756,Eliza,Kapuścik,Zoopsycholog,eliza.kapuścik@example.com,+48874780530,TAK
2677,1274,Wiktor,Gajownik,Zarządca nieruchomości,wiktor.gajownik@example.com,+48753655998,NIE
2678,477,Kamil,Bujko,Redaktor merytoryczny,kamil.bujko@example.com,+48840225679,TAK
2679,1190,Norbert,Kawala,Babcia klozetowa,norbert.kawala@example.com,+48599148475,
2680,2616,Kaja,Radziewicz,Zarządca nieruchomości,kaja.radziewicz@example.com,+48672025342,NIE
2681,1612,Kajetan,Wojtanowicz,Doradca podatkowy w Polsce,kajetan.wojtanowicz@example.com,+48700940373,
2682,820,Krystian,Sip,Broker,krystian.sip_at_example.com,+48631127158,NIE
2683,1954,Nicole,Czubaszek,Iluzjonista,nicole.czubaszek@example.com,+48549627474,NIE
2684,1773,Łukasz,Szmalec,Konstruktor,łukasz.szmalec@example.com,+48793658907,NIE
2685,788,Dorota,Gadzała,Kupiec,dorota.gadzała@example.com,+48772617287,NIE
2686,1108,Marcel,Poreda,Marynarz,marcel.poreda@example.com,+48511800102,NIE
2687,1853,Tymon,Siekierka,Archiwista,tymon.siekierka@example.com,+48749441279,TAK
2688,1921,Ada,Krzempek,Technik weterynarii,ada.krzempek@example.com,+48829925520,NIE
2689,632,Marcin,Jamrożek,Konsjerż,marcin.jamrożek@example.com,+48774407341,TAK
2690,569,Iwo,Choina,Kierowca,iwo.choina@example.com,+48767102331,NIE
2691,302,Gaja,Szwiec,Konferansjer,gaja.szwiec@example.com,+48659447651,TAK
2692,100,Arkadiusz,Kochanowicz,Drwal,arkadiusz.kochanowicz@example.com,+48867025237,NIE
2693,1544,Jacek,Jamroz,Drwal,jacek.jamroz@example.com,+48637742451,TAK
2694,2037,Karol,Usarek,Pisarz,karol.usarek@example.com,+48822937387,TAK
2695,1944,Julian,Matejczyk,Wydawca,julian.matejczyk@example.com,+48626671547,NIE
2696,451,Błażej,Satora,Podleśniczy,błażej.satora@example.com,+48773242352,
2697,1844,Franciszek,Basa,Stajenny,franciszek.basa@example.com,+48684447754,TAK
2698,1109,Roksana,Łapaj,Redaktor naukowy,roksana.łapaj@example.com,+48695150562,TAK
2699,469,Kornel,Borczyk,Dyrektor artystyczny,kornel.borczyk@example.com,+48709668004,
2700,676,Gustaw,Kosz,Hydraulik,gustaw.kosz@example.com,+48848245476,TAK
2701,383,Sebastian,Milej,Fotoreporter,sebastian.milej@example.com,+48559529279,TAK
2702,692,Andrzej,Zadora,Dyrektor kreatywny,andrzej.zadora@example.com,+48868670031,NIE
2703,1033,Olaf,Sycz,Rzeczoznawca budowlany,olaf.sycz@example.com,+48838450007,NIE
2704,548,Marcelina,Gill,Konserwator zabytków,marcelina.gill@example.com,+48544991478,TAK
2705,562,Stefan,Rubin,Marketingowiec,stefan.rubin@example.com,+48560398338,
2706,2314,Sonia,Tomaszczyk,Żołnierz,sonia.tomaszczyk@example.com,+48726898973,TAK
2707,2173,Eryk,Kusek,Agent celny,eryk.kusek@example.com,+48632755384,TAK
2708,1938,Marcin,Ruszczak,Kurier rowerowy,marcin.ruszczak@example.com,+48805652736,NIE
2709,605,Tomasz,Pacholczak,Ergonomista,tomasz.pacholczak@example.com,+48735046797,NIE
2710,185,Adrian,Makieła,Handlarz,adrian.makieła@example.com,+48554365923,NIE
2711,1914,Dominik,Cisoń,Podleśniczy,dominik.cisoń@example.com,+48513956242,NIE
2712,213,Urszula,Olearczyk,Łącznik,urszula.olearczyk@example.com,+48870679181,NIE
2713,938,Marcelina,Beśka,Kiper,marcelina.beśka@example.com,+48605548406,NIE
2714,252,Eliza,Stanclik,Dyplomata,eliza.stanclik@example.com,+48868002779,TAK
2715,968,Kajetan,Białczyk,Technik budownictwa,kajetan.białczyk@example.com,+48703560724,TAK
2716,1666,Marika,Pośnik,Agent literacki,marika.pośnik@example.com,+48894385326,NIE
2717,258,Sonia,Borysiewicz,Redaktor merytoryczny,sonia.borysiewicz@example.com,+48639409560,TAK
2718,1672,Stanisław,Szymonik,Wydawca,stanisław.szymonik@example.com,+48634647930,NIE
2719,754,Radosław,Bogusiewicz,Makler morski,radosław.bogusiewicz@example.com,+48805167173,NIE
2720,228,Olaf,Mirocha,Stajenny,olaf.mirocha_at_example.com,+48685132751,NIE
2721,1396,Elżbieta,Bartkowicz,Likwidator szkód,elżbieta.bartkowicz@example.com,+48596721047,TAK
2722,165,Kamila,Maślach,Marynarz,kamila.maślach@example.com,+48812841995,TAK
2723,1621,Justyna,Szmurło,Prezenter,justyna.szmurło@example.com,+48754583830,
2724,765,Albert,Domżał,Reporter wojenny,albert.domżał@example.com,+48671279481,
2725,47,Damian,Jenek,Supermodelka,damian.jenek@example.com,+48658440808,NIE
2726,1699,Justyna,Drwięga,Klechdarz,justyna.drwięga@example.com,+48531284464,TAK
2727,111,Krzysztof,Jajko,Ankieter,krzysztof.jajko@example.com,+48735031409,TAK
2728,1351,Juliusz,Jenek,Syndyk,juliusz.jenek@example.com,+48649860058,NIE
2729,197,Anastazja,Becker,Likwidator szkód,anastazja.becker@example.com,+48508261072,NIE
2730,1885,Radosław,Swacha,Pucybut,radosław.swacha@example.com,+48878571428,NIE
2731,244,Arkadiusz,Kosznik,Iluzjonista,arkadiusz.kosznik@example.com,+48840579920,NIE
2732,1791,Kazimierz,Wojsław,Ochroniarz,kazimierz.wojsław@example.com,+48777068791,NIE
2733,1565,Błażej,Kupś,Kierowca,błażej.kupś@example.com,+48644834341,NIE
2734,623,Kalina,Basista,Model,kalina.basista@example.com,+48668080962,NIE
2735,946,Marcelina,Skrobot,Broker ubezpieczeniowy,marcelina.skrobot@example.com,+48632532323,NIE
2736,2064,Andrzej,Wesoła,Tokarz,andrzej.wesoła@example.com,+48704576843,NIE
2737,1263,Aniela,Nalewajko,Kornak,aniela.nalewajko@example.com,+48718258807,TAK
2738,21,Konrad,Gula,Dyplomata,konrad.gula@example.com,+48567343730,TAK
2739,61,Roksana,Szmaj,Technik elektronik,roksana.szmaj_at_example.com,+48857202286,NIE
2740,1729,Elżbieta,Leszkiewicz,Reżyser,elżbieta.leszkiewicz@example.com,+48647345130,NIE
2741,1488,Tymoteusz,Zastawny,Żongler,tymoteusz.zastawny@example.com,+48608104030,
2742,2039,Marcelina,Duras,Fotoreporter,marcelina.duras@example.com,+48857135546,NIE
2743,1385,Tymon,Pawlos,Technik ochrony środowiska,tymon.pawlos@example.com,+48803624047,NIE
2744,546,Tymoteusz,Ludwisiak,Model,tymoteusz.ludwisiak@example.com,+48868531796,NIE
2745,1083,Albert,Sereda,Konserwator zabytków,albert.sereda@example.com,+48568541169,TAK
2746,950,Juliusz,Gołota,Sztygar,juliusz.gołota@example.com,+48661349298,TAK
2747,627,Ewelina,Fitas,Kawalkator,ewelina.fitas@example.com,+48792985015,TAK
2748,1178,Hubert,Zadka,Kiper,hubert.zadka@example.com,+48627913175,NIE
2749,96,Gaja,Wyłupek,Terminolog,gaja.wyłupek@example.com,+48629472910,NIE
2750,1396,Aleks,Skotarek,Sprzątacz,aleks.skotarek_at_example.com,+48600361692,NIE
2751,1708,Norbert,Żołna,Rekwizytor,norbert.żołna@example.com,+48775234010,NIE
2752,1957,Jacek,Sołoducha,Architekt wnętrz,jacek.sołoducha@example.com,+48691285942,TAK
2753,266,Rafał,Bacik,Szlifierz,rafał.bacik@example.com,+48705496542,TAK
2754,774,Antoni,Prasek,Aktor głosowy,antoni.prasek@example.com,+48833715601,NIE
2755,1556,Marcin,Bernatek,Bibliotekarz dyplomowany,marcin.bernatek@example.com,+48795727394,TAK
2756,964,Radosław,Duszkiewicz,Kupiec,radosław.duszkiewicz@example.com,+48568476131,NIE
2757,1604,Urszula,Szajda,Technik kelner,urszula.szajda@example.com,+48712998046,
2758,1542,Sylwia,Pszczółka,Kosztorysant,sylwia.pszczółka@example.com,+48616887260,NIE
2759,427,Ksawery,Wszoła,Pośrednik ubezpieczeniowy,ksawery.wszoła@example.com,+48564662239,NIE
2760,622,Tymoteusz,Wołos,Deweloper budowlany,tymoteusz.wołos@example.com,+48579868500,NIE
2761,482,Witold,Raczkiewicz,Teksturator,witold.raczkiewicz@example.com,+48593660718,NIE
2762,1970,Józef,Kuziora,Hutnik,józef.kuziora@example.com,+48663698722,TAK
2763,1431,Przemysław,Moskalik,Kurator sądowy,przemysław.moskalik@example.com,+48612110102,TAK
2764,1261,Urszula,Tłuczek,Tłumacz przysięgły,urszula.tłuczek@example.com,+48732443709,TAK
2765,1545,Miłosz,Syroka,Technik ochrony środowiska,miłosz.syroka@example.com,+48621806236,TAK
2766,24,Anna Maria,Wardzała,Sztygar,anna maria.wardzała@example.com,+48782687994,NIE
2767,1438,Urszula,Stoltmann,Krojczy,urszula.stoltmann@example.com,+48645893189,TAK
2768,144,Karina,Woroch,Krupier,karina.woroch@example.com,+48710205823,TAK
2769,1024,Emil,Węgrzynek,Reżyser,emil.węgrzynek@example.com,+48827616176,NIE
2770,218,Krystian,Krauz,Agent firmy inwestycyjnej,krystian.krauz@example.com,+48529596998,NIE
2771,1057,Borys,Świergiel,Strażak,borys.świergiel@example.com,+48809600400,TAK
2772,1388,Krystyna,Dzienis,Broker,krystyna.dzienis@example.com,+48503523929,NIE
2773,402,Ksawery,Warchał,Tłumacz przysięgły,ksawery.warchał@example.com,+48761519048,NIE
2774,741,Roksana,Naumiuk,Kurier,roksana.naumiuk@example.com,+48609998505,TAK
2775,130,Wojciech,Honkisz,Redaktor,wojciech.honkisz@example.com,+48744799766,NIE
2776,297,Igor,Gładka,Krojczy,igor.gładka@example.com,+48560738835,TAK
2777,1229,Agnieszka,Sommer,Agent literacki,agnieszka.sommer@example.com,+48800375214,NIE
2778,1391,Oskar,Dziuban,Barista,oskar.dziuban@example.com,+48742006029,
2779,461,Oliwier,Drozdowicz,Kosztorysant,oliwier.drozdowicz@example.com,+48506437373,TAK
2780,764,Liwia,Budner,Reżyser,liwia.budner@example.com,+48532537940,TAK
2781,669,Fryderyk,Zimmer,Doradca ubezpieczeniowy,fryderyk.zimmer@example.com,+48639089881,TAK
2782,406,Bruno,Wiszowaty,Kostiumograf,bruno.wiszowaty@example.com,+48761344755,TAK
2783,657,Andrzej,Sarniak,Intendent,andrzej.sarniak@example.com,+48800201688,
2784,1308,Miłosz,Czochara,Astronom,miłosz.czochara@example.com,+48828981631,NIE
2785,1263,Kamil,Budzyń,Portier,kamil.budzyń@example.com,+48612226267,TAK
2786,585,Marcelina,Krysta,Szatniarz,marcelina.krysta@example.com,+48639537422,NIE
2787,2001,Olga,Rogal,Animator kultury,olga.rogal@example.com,+48634336061,TAK
2788,18,Aurelia,Sztuba,Archiwista,aurelia.sztuba@example.com,+48831750631,NIE
2789,27,Albert,Bazydło,Rachmistrz,albert.bazydło@example.com,+48661449639,TAK
2790,1838,Adrianna,Zadworny,Robotnik,adrianna.zadworny@example.com,+48794613921,TAK
2791,1167,Dariusz,Drozda,Krupier,dariusz.drozda@example.com,+48537615861,TAK
2792,1534,Monika,Kornet,Technik budownictwa,monika.kornet@example.com,+48783877371,NIE
2793,919,Sebastian,Pizoń,Tłumacz,sebastian.pizoń@example.com,+48725148297,TAK
2794,1689,Leonard,Kokosza,Animator kultury,leonard.kokosza@example.com,+48874684893,TAK
2795,1083,Dagmara,Grymuza,Barman,dagmara.grymuza@example.com,+48521473861,NIE
2796,326,Stanisław,Ochnio,Rolnik,stanisław.ochnio@example.com,+48608429773,TAK
2797,190,Elżbieta,Pyzel,Instruktor,elżbieta.pyzel@example.com,+48687597148,
2798,763,Gustaw,Michniak,Agent ubezpieczeniowy,gustaw.michniak@example.com,+48625094068,NIE
2799,844,Piotr,Gajzler,Meteorolog,piotr.gajzler@example.com,+48600474108,NIE
2800,468,Ada,Koziatek,Doker,ada.koziatek@example.com,+48772594018,TAK
2801,929,Bartek,Nytko,Księgowy,bartek.nytko@example.com,+48618378264,TAK
2802,1676,Józef,Malon,Pracownik socjalny,józef.malon@example.com,+48761047981,TAK
2803,1715,Aleks,Tofil,Marynarz,aleks.tofil@example.com,+48573555883,NIE
2804,269,Klara,Kociemba,Ebenista,klara.kociemba@example.com,+48853877158,NIE
2805,1366,Bianka,Wicha,Wydawca,bianka.wicha@example.com,+48665218586,TAK
2806,1177,Anna Maria,Pastor,Kuk,anna maria.pastor@example.com,+48658241953,TAK
2807,1009,Konrad,Świtaj,Kurator sztuki,konrad.świtaj@example.com,+48617886405,NIE
2808,638,Sara,Litewka,Taksówkarz,sara.litewka@example.com,+48857593515,TAK
2809,1291,Artur,Kryza,Rolnik,artur.kryza@example.com,+48717708862,TAK
2810,577,Oskar,Malcher,Klechdarz,oskar.malcher@example.com,+48616587372,TAK
2811,1233,Witold,Stypa,Technik elektronik,witold.stypa@example.com,+48766167920,
2812,1624,Stanisław,Hojda,Konsultant ślubny,stanisław.hojda@example.com,+48782890920,NIE
2813,544,Olaf,Malecha,Pucybut,olaf.malecha@example.com,+48765112767,TAK
2814,1435,Nela,Kurda,Motorniczy,nela.kurda@example.com,+48690231560,TAK
2815,942,Maksymilian,Mazik,Brakarz,maksymilian.mazik@example.com,+48750774091,TAK
2816,855,Cezary,Miechowicz,Dżokej,cezary.miechowicz@example.com,+48877283475,NIE
2817,1851,Kornelia,Głowiak,Kawalkator,kornelia.głowiak@example.com,+48821827781,NIE
2818,67,Łukasz,Huber,Geodeta,łukasz.huber@example.com,+48800019357,NIE
2819,2074,Antoni,Kołodziejak,Księgowy,antoni.kołodziejak_at_example.com,+48840427044,NIE
2820,411,Juliusz,Józefczak,Kuk,juliusz.józefczak@example.com,+48745860025,NIE
2821,1931,Kamil,Hornik,Ekwilibrystyka,kamil.hornik@example.com,+48831373430,TAK
2822,884,Dorota,Jarmuła,Elektromonter pomiarów,dorota.jarmuła@example.com,+48733737715,TAK
2823,1233,Dorota,Mądrzyk,Technik budownictwa,dorota.mądrzyk@example.com,+48896334952,NIE
2824,2015,Wiktor,Ziółko,Oceanonauta,wiktor.ziółko@example.com,+48599415168,TAK
2825,538,Radosław,Chadaj,Szczurołap,radosław.chadaj_at_example.com,+48527573124,TAK
2826,1297,Łukasz,Maciejewicz,Polityk,łukasz.maciejewicz@example.com,+48587751577,TAK
2827,2441,Gaja,Lazarek,Konferansjer,gaja.lazarek@example.com,+48662310513,TAK
2828,486,Fabian,Mądrzyk,Archeolog,fabian.mądrzyk_at_example.com,+48639246458,NIE
2829,365,Maurycy,Dunal,Kasjer biletowy,maurycy.dunal@example.com,+48630136622,TAK
2830,999,Lidia,Kuliberda,Hycel,lidia.kuliberda@example.com,+48539413683,
2831,1764,Dagmara,Baum,Przewodnik turystyczny,dagmara.baum@example.com,+48606786430,NIE
2832,2416,Aleks,Wołoszyk,Konsultant ślubny,aleks.wołoszyk@example.com,+48615529250,NIE
2833,551,Łukasz,Woda,Palacz,łukasz.woda@example.com,+48899599198,NIE
2834,807,Julianna,Poczta,Tłumacz,julianna.poczta@example.com,+48761804168,TAK
2835,182,Miłosz,Ładniak,Kiper,miłosz.ładniak@example.com,+48649675105,TAK
2836,1904,Józef,Łaś,Ratownik przedmedyczny,józef.łaś@example.com,+48713642721,TAK
2837,1362,Róża,Letkiewicz,Pośrednik w obrocie nieruchomościami,róża.letkiewicz@example.com,+48876834346,TAK
2838,27,Julianna,Olesiejuk,Dyrektor kreatywny,julianna.olesiejuk@example.com,+48634209109,TAK
2839,290,Daniel,Rzeźniczek,Katecheta,daniel.rzeźniczek@example.com,+48721069009,NIE
2840,172,Cyprian,Matyszczak,Sprzedawca,cyprian.matyszczak@example.com,+48896755590,NIE
2841,105,Gustaw,Januszko,Szlifierz,gustaw.januszko@example.com,+48622303965,NIE
2842,1640,Konstanty,Warych,Certyfikator energetyczny,konstanty.warych@example.com,+48569468288,TAK
2843,453,Michał,Sroga,Broker,michał.sroga@example.com,+48783624890,
2844,1789,Radosław,Śledzik,Psycholog,radosław.śledzik@example.com,+48829153866,TAK
2845,1133,Blanka,Szynkiewicz,Broker,blanka.szynkiewicz@example.com,+48631330901,TAK
2846,442,Lidia,Olma,Podleśniczy,lidia.olma@example.com,+48663231233,TAK
2847,287,Kazimierz,Olewniczak,Inżynier budownictwa,kazimierz.olewniczak@example.com,+48826695391,TAK
2848,695,Mariusz,Radke,Pracownik socjalny,mariusz.radke@example.com,+48500042653,NIE
2849,601,Filip,Głowiak,Kornak,filip.głowiak@example.com,+48636241014,NIE
2850,262,Monika,Koćwin,Redaktor naukowy,monika.koćwin@example.com,+48783541659,NIE
2851,86,Inga,Ciećko,Kupiec,inga.ciećko@example.com,+48537134862,NIE
2852,1719,Hubert,Wawrzonek,Makler morski,hubert.wawrzonek@example.com,+48892729288,NIE
2853,324,Gaja,Janczura,Żongler,gaja.janczura@example.com,+48682505449,
2854,1508,Przemysław,Stawinoga,Prezenter,przemysław.stawinoga@example.com,+48765472320,NIE
2855,1581,Natan,Kara,Hostessa,natan.kara@example.com,+48782864689,TAK
2856,304,Mateusz,Witas,Technik budownictwa,mateusz.witas@example.com,+48847601144,TAK
2857,1036,Hubert,Bielat,Kornak,hubert.bielat@example.com,+48619250643,TAK
2858,1386,Nataniel,Sierota,Pucybut,nataniel.sierota@example.com,+48619676835,TAK
2859,2258,Józef,Siewert,Rzeczoznawca budowlany,józef.siewert@example.com,+48550354980,NIE
2860,952,Grzegorz,Szyma,Robotnik,grzegorz.szyma@example.com,+48824546558,TAK
2861,2119,Leonard,Wojtunik,Sprzedawca,leonard.wojtunik_at_example.com,+48846919920,TAK
2862,641,Gabriel,Grochola,Zoopsycholog,gabriel.grochola@example.com,+48611576240,NIE
2863,1645,Ada,Druszcz,Technik elektronik,ada.druszcz_at_example.com,+48630031850,
2864,1960,Przemysław,Pindor,Dyrektor finansowy,przemysław.pindor@example.com,+48589752160,NIE
2865,682,Maurycy,Tylka,Klechdarz,maurycy.tylka@example.com,+48892103920,NIE
2866,1822,Olgierd,Osman,Szatniarz,olgierd.osman@example.com,+48555918004,TAK
2867,388,Marika,Białka,Aktuariusz,marika.białka@example.com,+48725813266,NIE
2868,682,Marcel,Opas,Bibliotekarz,marcel.opas@example.com,+48738280445,NIE
2869,816,Oliwier,Strzelczak,Marketingowiec,oliwier.strzelczak_at_example.com,+48502933475,NIE
2870,2418,Nataniel,Smutek,Naukowiec,nataniel.smutek@example.com,+48862598415,NIE
2871,42,Marek,Małż,Ergonomista,marek.małż@example.com,+48625497366,NIE
2872,1175,Dariusz,Majdan,Ekwilibrystyka,dariusz.majdan@example.com,+48781870408,TAK
2873,51,Klara,Iwanow,Kawiarka,klara.iwanow@example.com,+48869480434,TAK
2874,1455,Sylwia,Siedlarz,Dyrektor kreatywny,sylwia.siedlarz@example.com,+48855244700,NIE
2875,38,Marcel,Wieczerzak,Barista,marcel.wieczerzak@example.com,+48731658076,NIE
2876,1564,Natan,Roszkiewicz,Przedstawiciel handlowy,natan.roszkiewicz@example.com,+48859315095,NIE
2877,1731,Fabian,Szpara,Geodeta,fabian.szpara@example.com,+48696398703,TAK
2878,2016,Bianka,Jędryczka,Pośrednik finansowy,bianka.jędryczka@example.com,+48578370905,
2879,2045,Lidia,Miśko,Meteorolog,lidia.miśko@example.com,+48879657050,NIE
2880,900,Krzysztof,Janoszka,Konserwator zabytków,krzysztof.janoszka@example.com,+48584311455,TAK
2881,540,Przemysław,Swaczyna,Stajenny,przemysław.swaczyna@example.com,+48609079079,NIE
2882,1330,Ida,Hanusiak,Przewodnik turystyczny,ida.hanusiak@example.com,+48895045198,NIE
2883,1784,Karol,Parzyszek,Kosmonauta,karol.parzyszek@example.com,+48657134032,NIE
2884,445,Konstanty,Lamch,Technik nawigator morski,konstanty.lamch@example.com,+48639814352,TAK
2885,19,Tymoteusz,Pabiś,Makler morski,tymoteusz.pabiś@example.com,+48516750518,TAK
2886,1508,Damian,Calik,Nauczyciel,damian.calik@example.com,+48831201898,TAK
2887,2284,Bruno,Fac,Łącznik,bruno.fac@example.com,+48800792371,TAK
2888,1041,Konstanty,Sajewicz,Satyryk,konstanty.sajewicz@example.com,+48506694766,TAK
2889,194,Ksawery,Liss,Certyfikator energetyczny,ksawery.liss@example.com,+48813682130,TAK
2890,566,Kornelia,Kawula,Technik mechanik okrętowy,kornelia.kawula@example.com,+48861463655,TAK
2891,2126,Marcin,Wandzel,Rolnik,marcin.wandzel@example.com,+48608104843,NIE
2892,1114,Julian,Słysz,Listonosz,julian.słysz@example.com,+48661356834,NIE
2893,1572,Ewelina,Stąpor,Szatniarz,ewelina.stąpor@example.com,+48727977246,TAK
2894,96,Lidia,Dułak,Kawiarka,lidia.dułak@example.com,+48818622360,
2895,1552,Marcin,Węgier,Sprzedawca,marcin.węgier@example.com,+48728919560,NIE
2896,218,Natasza,Wielądek,Konstruktor,natasza.wielądek@example.com,+48654032058,NIE
2897,78,Paweł,Sura,Geodeta,paweł.sura@example.com,+48710100185,NIE
2898,1235,Ewa,Szrama,Makler papierów wartościowych,ewa.szrama@example.com,+48667126264,NIE
2899,1511,Sebastian,Laszuk,Sprzedawca,sebastian.laszuk@example.com,+48535761702,NIE
2900,1897,Tola,Kluj,Technik elektronik,tola.kluj@example.com,+48550476806,NIE
2901,624,Maks,Kochanowicz,Urbanista,maks.kochanowicz@example.com,+48872816679,TAK
2902,207,Ernest,Łasak,Redaktor merytoryczny,ernest.łasak@example.com,+48506789346,TAK
2903,2062,Tola,Uliasz,Służący,tola.uliasz@example.com,+48608802012,NIE
2904,519,Hubert,Kupś,Portier,hubert.kupś_at_example.com,+48787951798,NIE
2905,1216,Jędrzej,Nesterowicz,Taksówkarz,jędrzej.nesterowicz@example.com,+48678071841,NIE
2906,170,Ewa,Trybała,Konstruktor,ewa.trybała@example.com,+48755180515,NIE
2907,703,Sylwia,Schwarz,Inżynier,sylwia.schwarz@example.com,+48831760326,TAK
2908,83,Aleks,Fiołek,Listonosz,aleks.fiołek@example.com,+48605353278,NIE
2909,1122,Stefan,Swacha,Producent wykonawczy,stefan.swacha@example.com,+48643880000,TAK
2910,215,Marek,Fronczek,Bibliotekarz dyplomowany,marek.fronczek@example.com,+48505448617,TAK
2911,16,Karol,Rej,Koniarze,karol.rej@example.com,+48676616268,NIE
2912,1982,Fryderyk,Bąbel,Robotnik,fryderyk.bąbel_at_example.com,+48754519114,TAK
2913,919,Rozalia,Pianka,Klechdarz,rozalia.pianka_at_example.com,+48888291816,NIE
2914,1055,Antoni,Hrynkiewicz,Kurator sądowy,antoni.hrynkiewicz@example.com,+48827087543,NIE
2915,1245,Hubert,Słabosz,Pisarz,hubert.słabosz@example.com,+48661851135,TAK
2916,627,Maciej,Gendek,Syndyk licencjonowany,maciej.gendek@example.com,+48561739880,
2917,1666,Mateusz,Kajak,Hutnik,mateusz.kajak@example.com,+48866895798,TAK
2918,2049,Kalina,Synak,Dyrektor artystyczny,kalina.synak@example.com,+48732174721,NIE
2919,1859,Jerzy,Buszta,Krupier,jerzy.buszta@example.com,+48811780144,TAK
2920,1202,Marcel,Leśna,Konsjerż,marcel.leśna@example.com,+48768445016,NIE
2921,1772,Alan,Dzierżak,Pucybut,alan.dzierżak@example.com,+48600781706,NIE
2922,1941,Dawid,Ciepła,Trener,dawid.ciepła@example.com,+48567239281,TAK
2923,818,Maks,Bakalarczyk,Barman,maks.bakalarczyk@example.com,+48889102759,TAK
2924,1294,Ksawery,Kryszczuk,Architekt wnętrz,ksawery.kryszczuk@example.com,+48568002302,NIE
2925,137,Monika,Starostka,Tłumacz przysięgły,monika.starostka@example.com,+48693359688,NIE
2926,1171,Tadeusz,Tyczka,Redaktor naukowy,tadeusz.tyczka@example.com,+48793635760,TAK
2927,1283,Ida,Mila,Babcia klozetowa,ida.mila@example.com,+48745474087,NIE
2928,2284,Aleks,Łusiak,Kawalkator,aleks.łusiak@example.com,+48512716196,TAK
2929,317,Kazimierz,Pielech,Kiper,kazimierz.pielech@example.com,+48698074650,NIE
2930,1264,Konrad,Madejczyk,Agent firmy inwestycyjnej,konrad.madejczyk_at_example.com,+48746667120,NIE
2931,261,Marcelina,Bona,Kawalkator,marcelina.bona@example.com,+48596423688,NIE
2932,1521,Natan,Ładziak,Satyryk,natan.ładziak_at_example.com,+48763193445,TAK
2933,1953,Aniela,Lemiesz,Naukowiec,aniela.lemiesz@example.com,+48864284290,NIE
2934,2094,Natasza,Kulma,Certyfikator energetyczny,natasza.kulma@example.com,+48520362921,TAK
2935,601,Gustaw,Ostręga,Listonosz,gustaw.ostręga@example.com,+48502212589,TAK
2936,689,Mieszko,Godzwon,Bibliotekarz dyplomowany,mieszko.godzwon@example.com,+48778368475,NIE
2937,212,Nela,Mol,Bibliotekarz,nela.mol@example.com,+48737200809,NIE
2938,278,Blanka,Szyca,Elektromonter pomiarów,blanka.szyca@example.com,+48756969065,TAK
2939,615,Tymoteusz,Kaziród,Krojczy,tymoteusz.kaziród@example.com,+48855943601,TAK
2940,1529,Borys,Matula,Technik żywienia i gospodarstwa domowego,borys.matula@example.com,+48857228935,TAK
2941,427,Andrzej,Buchholz,Makler morski,andrzej.buchholz@example.com,+48697722727,NIE
2942,1853,Konrad,Gajownik,Konsultant,konrad.gajownik@example.com,+48623163647,TAK
2943,729,Agnieszka,Balcewicz,Kostiumograf,agnieszka.balcewicz@example.com,+48578105475,TAK
2944,994,Marcelina,Bortkiewicz,Pakowacz,marcelina.bortkiewicz@example.com,+48877242232,TAK
2945,1646,Fryderyk,Bodek,Architekt krajobrazu,fryderyk.bodek@example.com,+48519846734,TAK
2946,2229,Agnieszka,Franczuk,Dżokej,agnieszka.franczuk_at_example.com,+48692686887,NIE
2947,590,Natan,Karpeta,Menedżer kultury,natan.karpeta@example.com,+48711162303,TAK
2948,685,Fryderyk,Ciepła,Makler giełd towarowych,fryderyk.ciepła_at_example.com,+48532405817,TAK
2949,558,Aleksander,Bartkowicz,Projektant gier komputerowych,aleksander.bartkowicz@example.com,+48646332291,TAK
2950,854,Maurycy,Patalas,Perfumiarz,maurycy.patalas@example.com,+48666897345,TAK
2951,155,Olgierd,Lukas,Doradca inwestycyjny,olgierd.lukas@example.com,+48886056425,NIE
2952,323,Marianna,Chachuła,Arborysta,marianna.chachuła@example.com,+48877777789,NIE
2953,1360,Sandra,Przekop,Redaktor merytoryczny,sandra.przekop@example.com,+48717706423,NIE
2954,589,Kalina,Pazdan,Kornak,kalina.pazdan@example.com,+48735384470,
2955,1965,Nikodem,Nabiałek,Kupiec,nikodem.nabiałek@example.com,+48605706169,TAK
2956,549,Juliusz,Wąsek,Intendent,juliusz.wąsek@example.com,+48879668047,TAK
2957,1192,Dominik,Mularz,Supermodelka,dominik.mularz@example.com,+48799353732,NIE
2958,1967,Robert,Korbel,Dziennikarz,robert.korbel@example.com,+48874359867,NIE
2959,326,Jeremi,Romańczyk,Satyryk,jeremi.romańczyk@example.com,+48644235635,NIE
2960,1929,Robert,Sierota,Prezenter,robert.sierota@example.com,+48625473902,TAK
2961,199,Justyna,Mazek,Kasjer biletowy,justyna.mazek@example.com,+48834346667,TAK
2962,501,Ida,Cich,Fasowacz,ida.cich@example.com,+48630342191,NIE
2963,163,Alex,Rasała,Technik żywienia i gospodarstwa domowego,alex.rasała@example.com,+48560420949,
2964,2422,Tobiasz,Filas,Agent firmy inwestycyjnej,tobiasz.filas@example.com,+48760820077,NIE
2965,46,Jan,Omiotek,Artysta-rezydent,jan.omiotek@example.com,+48603957227,TAK
2966,1790,Bianka,Czerkies,Służący,bianka.czerkies@example.com,+48816922779,NIE
2967,1958,Marcin,Opoka,Perfumiarz,marcin.opoka@example.com,+48643941478,TAK
2968,1067,Ada,Pindor,Kurator sądowy,ada.pindor_at_example.com,+48546120663,TAK
2969,1477,Przemysław,Materka,Pośrednik ubezpieczeniowy,przemysław.materka@example.com,+48839616699,NIE
2970,1757,Marcel,Gałęza,Fotoreporter,marcel.gałęza@example.com,+48862577466,NIE
2971,341,Elżbieta,Fitas,Rolnik,elżbieta.fitas@example.com,+48700679510,TAK
2972,583,Tymon,Sutor,Babcia klozetowa,tymon.sutor@example.com,+48551948224,NIE
2973,1068,Sylwia,Dycha,Pakowacz,sylwia.dycha@example.com,+48682910419,TAK
2974,353,Tola,Buszko,Tłumacz literacki,tola.buszko@example.com,+48808772450,NIE
2975,480,Borys,Waloch,Zoopsycholog,borys.waloch@example.com,+48695928566,TAK
2976,1947,Dominik,Kuder,Pokojówka,dominik.kuder@example.com,+48719154470,TAK
2977,2096,Malwina,Krysta,Ratownik,malwina.krysta@example.com,+48719317190,TAK
2978,112,Hubert,Hampel,Liczmen,hubert.hampel_at_example.com,+48794558612,NIE
2979,1234,Józef,Minkiewicz,Bibliotekarz,józef.minkiewicz_at_example.com,+48504197156,TAK
2980,253,Anna Maria,Bródka,Model,anna maria.bródka@example.com,+48604538611,TAK
2981,1470,Olgierd,Rajtar,Listonosz,olgierd.rajtar@example.com,+48619146025,NIE
2982,1322,Mateusz,Jędrusiak,Palacz,mateusz.jędrusiak@example.com,+48677171451,NIE
2983,803,Filip,Roskosz,Makler morski,filip.roskosz@example.com,+48820762661,NIE
2984,742,Monika,Molga,Zoopsycholog,monika.molga@example.com,+48505936026,NIE
2985,1696,Alex,Breś,Charakteryzator,alex.breś@example.com,+48508500131,TAK
2986,1711,Hubert,Lepianka,Detektyw,hubert.lepianka@example.com,+48880418837,NIE
2987,574,Norbert,Habdas,Technik weterynarii,norbert.habdas@example.com,+48501200878,TAK
2988,583,Dawid,Miotke,Charakteryzator,dawid.miotke@example.com,+48694554843,NIE
2989,1011,Eliza,Lademann,Geolog,eliza.lademann@example.com,+48831861677,NIE
2990,1900,Alan,Białczyk,Brakarz,alan.białczyk@example.com,+48525404840,NIE
2991,355,Olga,Mądrzyk,Makler nadzorujący,olga.mądrzyk@example.com,+48522922851,NIE
2992,91,Natan,Lulek,Technik elektronik,natan.lulek@example.com,+48553538853,TAK
2993,953,Maksymilian,Fudalej,Naukowiec,maksymilian.fudalej@example.com,+48838826598,TAK
2994,918,Ksawery,Brańka,Ergonomista,ksawery.brańka@example.com,+48572886599,TAK
2995,2336,Karol,Prystupa,Redaktor merytoryczny,karol.prystupa@example.com,+48857594771,TAK
2996,1024,Róża,Wawrzynkiewicz,Kawalkator,róża.wawrzynkiewicz_at_example.com,+48690487291,NIE
2997,917,Nicole,Mrozowicz,Broker informacji,nicole.mrozowicz@example.com,+48606739299,
2998,1063,Tadeusz,Grygorowicz,Doker,tadeusz.grygorowicz@example.com,+48671063537,TAK
2999,1761,Marika,Buza,Makler giełd towarowych,marika.buza@example.com,+48876729314,NIE
3000,1635,Grzegorz,Ochwat,Tłumacz,grzegorz.ochwat@example.com,+48520195809,TAK
3001,1646,Fryderyk,Bodek,Architekt krajobrazu,fryderyk.bodek@firma.pl,+48519846734,TAK
3002,85,Stefan,Siembab,Wydawca,stefan.siembab@firma.pl,+48784590586,TAK
3003,561,Fabian,Wochna,Makler nadzorujący,fabian.wochna@firma.pl,+48885492244,TAK
3004,510,Maks,Jarka,Rzeczoznawca samochodowy,maks.jarka@firma.pl,+48701500146,TAK
3005,1734,Janina,Fit,Scenarzysta,janina.fit@firma.pl,+48888433140,NIE
3006,1719,Szymon,Supeł,Handlarz,szymon.supeł@firma.pl,+48732555733,TAK
3007,1845,Alan,Rajczak,Terminolog,alan.rajczak_at_example.com,+48572456045,NIE
3008,2021,Łukasz,Bulanda,Scenarzysta,łukasz.bulanda@firma.pl,+48672626147,
3009,1573,Adam,Tusk,Kawalkator,adam.tusk@firma.pl,+48634722211,TAK
3010,667,Eryk,Chmara,Rzecznik prasowy,eryk.chmara@firma.pl,+48581602568,
3011,2453,Karol,Dydak,Konsultant ślubny,karol.dydak@firma.pl,+48786925531,TAK
3012,1748,Cezary,Sus,Scenograf,cezary.sus@firma.pl,+48860078492,
3013,1012,Ignacy,Wojtczuk,Rekwizytor,ignacy.wojtczuk@firma.pl,+48806866706,NIE
3014,942,Maksymilian,Mazik,Brakarz,maksymilian.mazik@firma.pl,+48750774091,TAK
3015,555,Alan,Hass,Supermodelka,alan.hass@firma.pl,+48769456185,TAK
3016,293,Dominik,Wąsala,Kasjer biletowy,dominik.wąsala@firma.pl,+48653449013,TAK
3017,611,Jakub,Wąsek,Sprzedawca,jakub.wąsek@firma.pl,+48516723090,TAK
3018,945,Ryszard,Morgała,Menedżer kultury,ryszard.morgała@firma.pl,+48718779240,NIE
3019,1697,Fabian,Doroszkiewicz,Animator kultury,fabian.doroszkiewicz@firma.pl,+48894571567,
3020,1139,Urszula,Łapot,Aktuariusz,urszula.łapot@firma.pl,+48685334699,TAK
3021,542,Marek,Wyskiel,Robotnik,marek.wyskiel@firma.pl,+48747701780,NIE
3022,1390,Aniela,Siedlaczek,Żongler,aniela.siedlaczek@firma.pl,+48782139865,TAK
3023,1431,Przemysław,Moskalik,Kurator sądowy,przemysław.moskalik@firma.pl,+48612110102,TAK
3024,432,Iwo,Wołodźko,Wydawca,iwo.wołodźko@firma.pl,+48802734022,TAK
3025,1108,Ryszard,Witaszek,Perfumiarz,ryszard.witaszek@firma.pl,+48519274029,NIE
3026,823,Robert,Romejko,Agent firmy inwestycyjnej,robert.romejko@firma.pl,+48671353424,TAK
3027,1648,Stanisław,Cyrulik,Dżokej,stanisław.cyrulik@firma.pl,+48899643358,TAK
3028,993,Fabian,Serzysko,Aktuariusz,fabian.serzysko@firma.pl,+48688251619,NIE
3029,553,Aleks,Lalak,Technik mechanik lotniczy,aleks.lalak@firma.pl,+48747876430,NIE
3030,230,Natan,Pawlos,Pisarz,natan.pawlos_at_example.com,+48533138683,NIE
3031,291,Maks,Fedak,Model,maks.fedak@firma.pl,+48511349458,TAK
3032,1338,Tadeusz,Barłóg,Psycholog,tadeusz.barłóg@firma.pl,+48890846026,NIE
3033,1987,Dominik,Buszta,Technik mechanik lotniczy,dominik.buszta@firma.pl,+48607428298,NIE
3034,297,Błażej,Stark,Technik ochrony środowiska,błażej.stark@firma.pl,+48692707472,TAK
3035,1918,Urszula,Bik,Antykwariusz,urszula.bik_at_example.com,+48651900275,TAK
3036,603,Alex,Cierpka,Makler giełd towarowych,alex.cierpka@firma.pl,+48778472911,TAK
3037,1552,Szymon,Krzempek,Astronom,szymon.krzempek@firma.pl,+48613414860,TAK
3038,1006,Igor,Polakiewicz,Producent wykonawczy,igor.polakiewicz@firma.pl,+48570906721,
3039,859,Ada,Knysak,Agent ubezpieczeniowy,ada.knysak@firma.pl,+48770305758,TAK
3040,484,Dorota,Tatarczyk,Technik handlowiec,dorota.tatarczyk@firma.pl,+48785381665,NIE
3041,2331,Janina,Pyza,Aktuariusz,janina.pyza@firma.pl,+48503436693,NIE
3042,1626,Ewa,Nocek,Technik mechanik okrętowy,ewa.nocek@firma.pl,+48879094651,NIE
3043,1357,Piotr,Stąpór,Lalkarz,piotr.stąpór@firma.pl,+48588016577,NIE
3044,1672,Stanisław,Szymonik,Wydawca,stanisław.szymonik@firma.pl,+48634647930,NIE
3045,248,Nela,Czerniec,Inżynier budownictwa,nela.czerniec@firma.pl,+48741846900,NIE
3046,1126,Monika,Drynda,Agent ubezpieczeniowy,monika.drynda@firma.pl,+48670114862,NIE
3047,1172,Norbert,Stempin,Reżyser,norbert.stempin@firma.pl,+48806048254,TAK
3048,2422,Tobiasz,Filas,Agent firmy inwestycyjnej,tobiasz.filas@firma.pl,+48760820077,NIE
3049,2052,Krystian,Nitkiewicz,Kosztorysant,krystian.nitkiewicz@firma.pl,+48612419730,NIE
3050,643,Aleksander,Klisz,Lalkarz,aleksander.klisz@firma.pl,+48812347040,NIE
3051,585,Marcelina,Krysta,Szatniarz,marcelina.krysta@firma.pl,+48639537422,NIE
3052,269,Klara,Kociemba,Ebenista,klara.kociemba@firma.pl,+48853877158,NIE
3053,1711,Dariusz,Filiks,Scenograf,dariusz.filiks@firma.pl,+48793624981,TAK
3054,262,Grzegorz,Duszczak,Kelner,grzegorz.duszczak@firma.pl,+48695357097,TAK
3055,1936,Klara,Małocha,Aktor dziecięcy,klara.małocha@firma.pl,+48529596515,NIE
3056,1578,Aleks,Prygiel,Redaktor techniczny,aleks.prygiel@firma.pl,+48727166693,TAK
3057,298,Fabian,Madejczyk,Scenarzysta,fabian.madejczyk@firma.pl,+48637418731,TAK
3058,499,Arkadiusz,Pych,Rekwizytor,arkadiusz.pych@firma.pl,+48535171139,NIE
3059,1404,Radosław,Dworniczak,Inscenizator,radosław.dworniczak@firma.pl,+48587895770,TAK
3060,1898,Maks,Kaszkowiak,Rzeczoznawca majątkowy,maks.kaszkowiak@firma.pl,+48651976012,TAK
3061,291,Alan,Wota,Archeolog,alan.wota@firma.pl,+48789272657,NIE
3062,1867,Kornelia,Kiedrowicz,Intendent,kornelia.kiedrowicz@firma.pl,+48621893307,TAK
3063,789,Jakub,Hak,Dyrektor finansowy,jakub.hak@firma.pl,+48779588358,TAK
3064,47,Daniel,Kazek,Taksówkarz,daniel.kazek@firma.pl,+48701258964,NIE
3065,1912,Ignacy,Kostek,Agent celny,ignacy.kostek@firma.pl,+48867357103,NIE
3066,108,Maurycy,Dela,Doker,maurycy.dela@firma.pl,+48754934382,TAK
3067,1052,Rozalia,Drynda,Makler morski,rozalia.drynda@firma.pl,+48894180013,NIE
3068,1510,Norbert,Piekarek,Tokarz,norbert.piekarek@firma.pl,+48862923542,TAK
3069,1298,Olgierd,Drynda,Lekarz weterynarii,olgierd.drynda@firma.pl,+48674944748,NIE
3070,14,Urszula,Liedtke,Pisarz,urszula.liedtke@firma.pl,+48524953195,NIE
3071,939,Łukasz,Wojtczuk,Krojczy,łukasz.wojtczuk@firma.pl,+48679870042,TAK
3072,75,Artur,Dąbal,Rekwizytor,artur.dąbal@firma.pl,+48598389634,NIE
3073,1162,Sebastian,Syroka,Szczurołap,sebastian.syroka@firma.pl,+48789705221,TAK
3074,255,Kazimierz,Nazarewicz,Poganiacz,kazimierz.nazarewicz@firma.pl,+48710943917,TAK
3075,1623,Elżbieta,Stroka,Inżynier budownictwa,elżbieta.stroka@firma.pl,+48656475839,
3076,217,Igor,Juras,Brakarz,igor.juras@firma.pl,+48783624319,TAK
3077,1293,Alan,Kieszek,Makler papierów wartościowych,alan.kieszek@firma.pl,+48776194267,TAK
3078,2219,Nataniel,Rozum,Technik budownictwa,nataniel.rozum@firma.pl,+48834850786,TAK
3079,1109,Roksana,Łapaj,Redaktor naukowy,roksana.łapaj@firma.pl,+48695150562,TAK
3080,1822,Sylwia,Tyniec,Rzeczoznawca budowlany,sylwia.tyniec@firma.pl,+48627462088,TAK
3081,1366,Bianka,Wicha,Wydawca,bianka.wicha@firma.pl,+48665218586,TAK
3082,619,Wiktor,Kott,Kuk,wiktor.kott@firma.pl,+48522731610,NIE
3083,1155,Kacper,Delekta,Kupiec,kacper.delekta@firma.pl,+48599793437,TAK
3084,472,Karol,Komuda,Krojczy,karol.komuda@firma.pl,+48720593408,TAK
3085,1488,Elżbieta,Pyć,Technik mechanik lotniczy,elżbieta.pyć@firma.pl,+48849739328,NIE
3086,231,Ewa,Brach,Sprzedawca,ewa.brach@firma.pl,+48627687274,
3087,1819,Olga,Drobik,Technik budownictwa,olga.drobik@firma.pl,+48711722503,NIE
3088,444,Grzegorz,Fuławka,Koniarze,grzegorz.fuławka@firma.pl,+48556963245,
3089,546,Julita,Minkina,Aktor głosowy,julita.minkina@firma.pl,+48654500780,TAK
3090,1289,Bianka,Jas,Dyrektor artystyczny,bianka.jas@firma.pl,+48684294546,NIE
