kontrahent_id,nazwa,nip,regon,kraj,miasto,kod_pocztowy,ulica,email,telefon,typ,opiekun_handlowy,data_utworzenia,status
1,Kluczek Sp.k. Sp. J.,1043321817,734036506,PL,Tarnowskie Góry,32-229,ulica Kusocińskiego 81/96,kontakt@kluczek.pl,+48 15 130 21 37,klient,Antoni Trzos,2026-03-23,aktywny
2,Wujek-Soroko s.c. sp.k.,6184959312,149203558,PL,Szczecin,72-204,pl. Wyszyńskiego 940,kontakt@wujek-soroko.pl,+48 48 181 39 22,dostawca,Kaja Kiliszek,2023-09-04,aktywny
3,Spółdzielnia Wacławczyk Spółka z o.o.,2553419289,882893941,PL,Zambrów,44-105,aleja Strażacka 594,kontakt@spółdzielnia.pl,+48 31 573 58 44,oba,Róża Jałowiec,2023-01-08,aktywny
4,Bodzak Sp. z o.o. Sp. z o.o.,3056413959,328306011,pl,Zgorzelec,38-850,pl. Słowicza 10,kontakt@bodzak.pl,+48 61 758 68 28,dostawca,Aleks Mazanek,2022-02-14,aktywny
5,Różewicz-Wołk Sp.j. sp.k.,,647099690,PL,Tczew,59-651,plac Kołłątaja 341,kontakt@różewicz-wołk.pl,+48 22 873 16 24,klient,Ewelina Sadoch,2022-05-09,aktywny
6,Gierak-Obuchowicz Sp.j. S.A.,916-697-84-82,112327652,PL,Mielec,82 705,ul. Długosza 030,kontakt@gierak-obuchowicz.pl,+48 98 649 44 92,dostawca,pani Róża Ciepłuch,2021-10-22,aktywny
7,Basak-Westfal Sp.k. sp. z o.o.,7048281480,753876785,PL,Racibórz,28-672,al. Lazurowa 42,kontakt@basak-westfal.pl,+48 30 482 30 79,oba,Melania Cudzich,2020-07-25,aktywny
8,FPUH Prokopiak S.A.,0154303911,191969690,PL,Chojnice,75-409,plac Piłsudskiego 71/01,kontakt@fpuh.pl,+48 19 878 78 26,klient,Damian Jenek,2025-11-20,nieaktywny
9,PPUH Nurek Sp.j. sp. z o.o.,4896383468,821218382,PL,Kołobrzeg,77-480,al. Nałkowskiej 18,kontakt@ppuh.pl,+48 67 629 67 25,klient,Cyprian Duczmal,2023-01-29,aktywny
10,Fundacja Tylka Sp. z o.o.,9839301033,172370545,PL,Sanok,01-977,pl. Dąbrowskiej 81,kontakt@fundacja.pl,+48 53 172 75 40,dostawca,Dorota Ziarek,2026-01-01,aktywny
11,Furgała-Pyziak i syn s.c. sp. z o.o.,9973763117,807577342,PL,Jaworzno,70-977,ul. Hallera 701,kontakt@furgała-pyziak.pl,+48 56 533 62 69,oba,pani Aniela Drygas,2021-03-01,aktywny
12,Murat-Basak Sp. z o.o. Sp. J.,1065133388,581695135,PL,Olsztyn,94-498,ulica Warszawska 78/24,kontakt@murat-basak.pl,+48 65 287 45 69,klient,Bruno Brojek,2021-05-27,aktywny
13,Grzywnowicz-Padło Sp.j. sp.k.,1080132677,616854671,PL,Świecie,84-383,al. Miła 31,kontakt@grzywnowicz-padło.pl,+48 62 160 31 58,klient,pani Julita Dumała,2024-12-08,aktywny
14,Pawełkiewicz-Zimniak Sp. z o.o. S.A.,4687234304,721890096,PL,Rzeszów,91647,ulica Boczna 51,kontakt@pawełkiewicz-zimniak.pl,+48 51 158 16 84,dostawca,Konstanty Łachut,2026-03-13,nieaktywny
15,Spółdzielnia Brojek S.A. sp.k.,2081219139,533550699,PL,Wieluń,74-591,ul. Bydgoska 311,kontakt@spółdzielnia.pl,+48 83 352 84 86,klient,Maks Sypek,2021-06-23,aktywny
16,Fundacja Sobuś Sp.k. sp.k.,9854353465,240529481,PL,Radom,87-670,pl. Słowackiego 513,kontakt@fundacja.pl,+48 69 423 19 11,dostawca,Rafał Jałowiec,2021-09-05,aktywny
17,SPÓŁDZIELNIA MIDURA S.A. SP. Z O.O.,,570497096,PL,Tczew,60-256,aleja Bałtycka 08,kontakt@spółdzielnia.pl,+48 89 926 93 77,klient,Tomasz Pyszny,2023-12-01,nieaktywny
18,Szóstak-Tomys Sp.j. Sp. z o.o.,2411824494,326161867,PL,Sochaczew,28-886,ul. Konwaliowa 064,kontakt@szóstak-tomys.pl,+48 37 803 91 43,oba,pan Bruno Pitala,2026-01-14,aktywny
19,FPUH Czenczek-Łyczek S.A. Sp. z o.o.,1640052420,895890631,PL,Inowrocław,38-223,ulica Księżycowa 09,kontakt@fpuh.pl,+48 81 822 64 81,klient,pan Antoni Handke,2021-10-24,aktywny
20,Kielczyk S.A. Sp. J.,2805982625,144913399,PL,Gliwice,77-070,pl. Niepodległości 93,kontakt@kielczyk.pl,+48 57 915 15 55,klient,Maksymilian Klaja,2023-05-11,aktywny
21,PPUH Zinkiewicz-Klatka Sp. z o.o. Sp.k. Spółka z o.o.,2563421603,605399561,PL,Ostrów Wielkopolski,86-734,plac Wyspiańskiego 247,kontakt@ppuh.pl,+48 36 936 68 54,dostawca,pani Kamila Łapot,2023-02-10,aktywny
22,PPUH Dmoch-Chomiuk s.c. Sp. J.,3654145865,829627019,PL,Gniezno,65272,aleja Konopnickiej 54,kontakt@ppuh.pl,+48 14 218 43 32,oba,Monika Goska,2023-07-15,aktywny
23,FPUH Ficner-Cieciora i syn s.c. sp.k.,6556981698,304095531,PL,Wyszków,68-009,pl. Tysiąclecia 24,kontakt@fpuh.pl,+48 16 825 65 10,oba,Dominik Maras,2022-10-08,aktywny
24,Spółdzielnia Adamaszek-Ziętal s.c. Sp. z o.o.,5951484655,532074125,PL,Ostrowiec Świętokrzyski,92-352,aleja Dąbrowskiej 401,kontakt@spółdzielnia.pl,+48 81 230 34 63,oba,Jacek Sych,2024-10-22,aktywny
25,Araszkiewicz i syn s.c. sp. z o.o.,994-680-44-38,561588882,PL,Włocławek,82-269,aleja Nałkowskiej 68/01,kontakt@araszkiewicz.pl,+48 70 552 66 96,klient,Krystian Hnat,2026-04-16,aktywny
26,Cofała Sp. z o.o. Sp.k. Sp. J.,2148951345,341206079,PL,Śrem,71-152,ul. Spacerowa 505,kontakt@cofała.pl,+48 29 125 15 41,dostawca,Witold Pokusa,2021-05-17,aktywny
27,Materek i syn s.c. Sp. J.,9367632017,935822550,PL,Bielawa,53-998,ul. Norwida 26,kontakt@materek.pl,+48 39 280 99 76,dostawca,Kajetan Knych,2021-02-13,aktywny
28,Gabinety Giersz Sp. z o.o.,8687277439,784683755,PL,Świecie,95-831,aleja Witosa 16/07,kontakt@gabinety.pl,+48 77 596 90 40,dostawca,Ksawery Łudzik,2025-06-28,aktywny
29,Stowarzyszenie Sobkiewicz i syn s.c. Spółka z o.o.,3455812230,511281012,PL,Głogów,29-025,pl. Niepodległości 414,kontakt@stowarzyszenie.pl,+48 38 165 63 62,dostawca,pani Melania Dudzicz,2025-10-13,aktywny
30,Stowarzyszenie Jop-Sycz Sp. z o.o. Sp.k. sp. z o.o.,6690967058,420632895,PL,Konin,75-986,plac Wolności 65/56,kontakt@stowarzyszenie.pl,+48 64 651 79 87,klient,Ernest Kopik,2026-01-12,aktywny
31,Spółdzielnia Gula-Strojna Sp.k. S.A.,8069901623,595744935,PL,Oświęcim,01-533,ul. Stefana Batorego 159,kontakt@spółdzielnia.pl,+48 17 366 58 51,klient,pani Anita Karczmarek,2025-08-28,aktywny
32,PPUH Strycharz S.A.,4641708054,340756713,PL,Bielsk Podlaski,53-335,al. Rajska 36,kontakt@ppuh.pl,+48 94 141 13 41,klient,Tymoteusz Wnuczek,2020-10-14,aktywny
33,Stowarzyszenie Gołofit-Koronkiewicz i syn s.c. sp. z o.o.,2719374528,750572325,PL,Warszawa,39-294,aleja Ściegiennego 95/77,kontakt@stowarzyszenie.pl,+48 31 418 23 84,klient,pan Juliusz Wojtczuk,2024-01-21,aktywny
34,Latko-Więckiewicz Sp. z o.o. Sp.k. S.A.,6319314915,954942461,PL,Lębork,85-649,al. Żeromskiego 43,kontakt@latko-więckiewicz.pl,+48 55 645 64 94,dostawca,Tymon Rybus,2021-05-01,aktywny
35,Pronobis Sp.j. Spółka z o.o.,2849877699,388187517,PL,Września,99-075,al. Poznańska 67/63,kontakt@pronobis.pl,+48 42 950 21 45,dostawca,Jan Troka,2023-04-17,aktywny
36,Zmyślony Sp.j. sp.k.,9650752732,480990401,PL,Siemianowice Śląskie,23-824,pl. Sienkiewicza 31/72,kontakt@zmyślony.pl,+48 54 386 86 99,dostawca,pan Albert Gasz,2020-09-02,aktywny
37,PPUH Hadaś Sp.k. sp. z o.o.,1367837778,951405188,PL,Cieszyn,55-851,al. Witosa 77/43,kontakt@ppuh.pl,+48 22 401 38 61,oba,Angelika Nowotka,2023-04-15,aktywny
38,Parda-Żach Sp. z o.o. sp.k.,5788568556,854684750,PL,Skawina,37-241,plac Krasickiego 12/23,kontakt@parda-żach.pl,+48 45 413 42 39,klient,Marcin Stochaj,2022-09-19,aktywny
39,Kokosza-Sołek Sp.j. Sp. J.,8233749893,403867539,pl,Starachowice,70-478,ul. Krakowska 690,kontakt@kokosza-sołek.pl,+48 35 403 39 56,klient,Malwina Kucz,2023-12-13,aktywny
40,Stowarzyszenie Pyszny sp.k.,0947775208,371096600,PL,Nysa,54-552,pl. Baczyńskiego 46,kontakt@stowarzyszenie.pl,+48 25 941 18 61,dostawca,pan Eryk Fechner,2021-05-22,aktywny
41,FPUH Pastuszko i syn s.c. Sp. J.,0229413183,920814900,PL,Żary,17-638,ul. Żwirki i Wigury 90/16,kontakt@fpuh.pl,+48 88 710 89 38,oba,Marcelina Ulewicz,2024-10-28,aktywny
42,Szykuła Sp.j. S.A.,4964990911,918982730,PL,Świętochłowice,28-466,plac Jana 464,kontakt@szykuła.pl,+48 91 316 43 94,klient,Natasza Kwoka,2022-04-27,aktywny
43,Grupa Knieć-Wojtak Sp.k. sp.k.,1206797401,348545713,POL,Gliwice,84-042,ulica Piękna 92,kontakt@grupa.pl,+48 47 819 68 19,oba,Hubert Winnik,2023-03-06,nieaktywny
44,Lampart S.A. Sp. J.,1024994716,603260608,PL,Żary,90-263,plac Plater 12/41,kontakt@lampart.pl,+48 62 378 74 79,dostawca,Fabian Buszko,2025-06-20,aktywny
45,Fundacja Smoczyk S.A. Sp. z o.o.,6594013994,122275263,Polska,Zabrze,76-708,pl. Wolności 49/19,kontakt@fundacja.pl,+48 84 141 32 70,oba,Mieszko Chlebda,2025-07-08,nieaktywny
46,FPUH Kościołek Sp. z o.o. sp. z o.o.,9671756557,819550381,PL,Cieszyn,83-350,aleja Rataja 65,kontakt@fpuh.pl,+48 31 437 62 98,dostawca,pan Przemysław Latuszek,2023-10-16,aktywny
47,FPUH Bździuch-Wąsala i syn s.c. S.A.,8071545165,652543518,PL,Iława,62-477,al. Rubinowa 14,kontakt@fpuh.pl,+48 95 990 79 69,dostawca,pan Albert Cholewka,2021-03-02,aktywny
48,PPUH Druszcz-Bartłomiejczyk Sp. z o.o. Sp.k. Spółka z o.o.,9770348241,570423569,PL,Bydgoszcz,64-872,plac Baczyńskiego 54,kontakt@ppuh.pl,+48 26 129 90 87,klient,pani Rozalia Solich,2022-05-02,aktywny
49,PPUH Maciocha Sp. z o.o.,8613171271,869446962,PL,Czechowice-Dziedzice,25-088,aleja Baczyńskiego 37/77,kontakt@ppuh.pl,+48 76 822 44 63,dostawca,Tomasz Kozar,2025-11-08,aktywny
50,Sady-Bednarowicz S.A. sp.k.,2639821468,464938258,PL,Zgierz,85-596,plac Nałkowskiej 56/85,kontakt@sady-bednarowicz.pl,+48 11 389 48 85,oba,pani Róża Frydel,2026-01-18,nieaktywny
51,Spółdzielnia Pizoń S.A.,8755886755,302563940,PL,Kościan,25 324,ulica Jaworowa 74,kontakt@spółdzielnia.pl,+48 84 492 39 62,klient,Oskar Michel,2024-02-16,aktywny
52,Szambelan-Sadza Sp. z o.o. Sp.k. Sp. J.,6627028950,207765664,PL,Konin,39-015,pl. Tuwima 08,kontakt@szambelan-sadza.pl,+48 23 638 68 11,oba,Hubert Bajko,2022-03-05,aktywny
53,Grupa Kasznia Sp. z o.o. Sp. J.,2174596159,824085842,PL,Ząbki,37-481,al. Klasztorna 04,kontakt@grupa.pl,+48 51 741 72 79,klient,pan Filip Masłoń,2021-04-29,aktywny
54,Grupa Wiak Sp.k. Sp. J.,4316117248,131081879,PL,Wągrowiec,07-156,aleja Jana Pawła II 18,kontakt@grupa.pl,+48 52 915 17 47,dostawca,Gaja Bancerz,2024-10-05,aktywny
55,Spółdzielnia Sztuba-Damek Sp.j. sp. z o.o.,8692221967,765408938,PL,Jarosław,57-305,al. Wyzwolenia 90/91,kontakt@spółdzielnia.pl,+48 74 697 28 39,dostawca,Bruno Dykas,2023-05-29,aktywny
56,Szczerbiak S.A. Sp. J.,0748217598,421214426,PL,Jelenia Góra,71-077,ulica Poniatowskiego 974,kontakt@szczerbiak.pl,+48 99 356 68 48,klient,Jerzy Nowotny,2024-11-14,nieaktywny
57,FPUH Malecha Sp. z o.o.,3695944066,394721069,PL,Sanok,10-704,aleja Ściegiennego 93/61,kontakt@fpuh.pl,+48 83 985 97 16,oba,Krystian Migała,2026-02-16,aktywny
58,Cabała-Kanarek S.A. Spółka z o.o.,3953394211,773728014,PL,Zgierz,77-767,al. Kasprowicza 74,kontakt@cabała-kanarek.pl ,+48 50 907 66 14,oba,Jeremi Męcik,2024-08-25,aktywny
59,Fundacja Mila-Hyży s.c. Sp. z o.o.,4562328587,638798023,PL,Białystok,56-753,plac Rynek 39,kontakt@fundacja.pl,+48 32 363 71 47,oba,Cezary Wyskiel,2024-05-10,aktywny
60,Fuławka i syn s.c. S.A.,1236851602,383960237,PL,Jelenia Góra,61-532,pl. Tuwima 96,kontakt@fuławka.pl,+48 69 477 96 96,dostawca,pan Marek Andrearczyk,2024-10-30,aktywny
61,Stowarzyszenie Pabisiak Sp.k. Spółka z o.o.,1370985939,795411453,PL,Dąbrowa Górnicza,21-338,al. Mazowiecka 68/07,kontakt@stowarzyszenie.pl,+48 92 943 69 99,dostawca,Jędrzej Deryło,2025-02-19,aktywny
62,Grupa Wygoda Sp. z o.o.,,587096273,PL,Zduńska Wola,66-845,aleja Chmielna 38,kontakt@grupa.pl,+48 96 860 99 79,dostawca,pani Krystyna Buszkiewicz,2022-04-16,nieaktywny
63,Kopciuch Sp. z o.o. Sp.k. Sp. J.,1796405370,577488537,PL,Żywiec,17-950,plac Wieniawskiego 109,kontakt@kopciuch.pl,+48 57 201 97 57,oba,Damian Dziuban,2024-07-31,aktywny
64,Grupa Sankiewicz-Drela Sp. z o.o. Spółka z o.o.,3171390050,361530104,PL,Suwałki,15-473,ulica Ceglana 48/46,kontakt@grupa.pl,+48 83 310 18 80,klient,pan Marcel Rajtar,2022-12-24,aktywny
65,Spółdzielnia Duczek-Ciuła s.c. sp. z o.o.,5290422840,957397689,PL,Kraśnik,96-901,ulica Tuwima 584,kontakt@spółdzielnia.pl,+48 25 776 13 26,klient,Ryszard Mizia,2024-07-29,aktywny
66,Gabinety Miksza sp. z o.o.,1177589171,640992677,PL,Augustów,85-502,aleja Szymanowskiego 558,kontakt@gabinety.pl,+48 89 144 94 76,dostawca,Agnieszka Przewoźniak,2025-09-11,aktywny
67,Brachaczek-Jaskóła s.c. Sp. z o.o.,0766177113,445864933,PL,Kutno,30-877,ul. Letniskowa 76/62,kontakt@brachaczek-jaskóła.pl,+48 19 229 45 89,oba,pan Wiktor Ornat,2024-03-15,aktywny
68,Stowarzyszenie Kominiak-Pietrek i syn s.c. sp.k.,8478961189,873995963,PL,Bolesławiec,13539,ul. Prosta 217,kontakt@stowarzyszenie.pl,+48 66 562 39 62,dostawca,Natan Markiel,2025-08-23,aktywny
69,FPUH Koczy i syn s.c. Sp. J.,1565452719,197951867,PL,Starachowice,87-880,al. Krasickiego 78/09,kontakt@fpuh.pl,+48 22 542 22 57,klient,Marek Gadzała,2021-03-25,aktywny
70,Spółdzielnia Pyś sp.k.,8516560499,435489452,PL,Ruda Śląska,56-101,pl. Kasprowicza 40,kontakt@spółdzielnia.pl,+48 24 691 74 37,klient,Arkadiusz Wyroślak,2025-12-19,aktywny
71,Zapaśnik Sp. z o.o. Sp.k. Sp. z o.o.,5851493689,924024405,PL,Rumia,56150,aleja Szarych Szeregów 22/21,kontakt@zapaśnik.pl,+48 88 773 98 44,klient,Tadeusz Wochna,2022-07-31,aktywny
72,Spółdzielnia Gosek-Bazyluk Sp.k. Spółka z o.o.,5502296128,895609471,PL,Stalowa Wola,59-262,pl. Jana Sobieskiego 482,kontakt@spółdzielnia.pl,+48 22 864 77 37,dostawca,Sara Korzonek,2025-04-07,aktywny
73,Stowarzyszenie Luberda-Mosiołek Sp.k. sp. z o.o.,5459910226,910069356,PL,Przemyśl,59-866,plac Władysława Łokietka 136,kontakt@stowarzyszenie.pl,+48 97 183 44 66,oba,pani Sylwia Matura,2025-04-24,aktywny
74,Ciechowicz Sp.k. S.A.,6438156144,828230915,PL,Otwock,36-009,ul. Plater 74/39,kontakt@ciechowicz.pl,+48 78 783 49 15,klient,pani Krystyna Kunysz,2024-12-27,nieaktywny
75,Stowarzyszenie Gebauer-Rudyk Sp.k. Sp. z o.o.,0343244517,108299923,PL,Płońsk,85-698,ulica Daszyńskiego 04/70,kontakt@stowarzyszenie.pl,+48 66 279 26 58,oba,pani Klara Erdmann,2023-02-20,aktywny
76,FPUH Dubis Sp. J.,5160607156,718216692,PL,Jelenia Góra,26-136,al. Krasińskiego 42/47,kontakt@fpuh,+48 84 514 91 63,dostawca,Natan Bochnia,2021-11-06,aktywny
77,Fidura Sp. z o.o. Spółka z o.o.,9681645351,936571442,PL,Koszalin,97-990,aleja Solidarności 51/60,kontakt@fidura.pl,+48 20 622 91 24,oba,Julita Topa,2026-04-11,aktywny
78,Stowarzyszenie Heczko Sp.k. Spółka z o.o.,955-271-77-46,955052486,PL,Wałcz,34-599,al. Malinowa 37/09,kontakt@stowarzyszenie.pl,+48 86 157 55 74,klient,pani Bianka Pakosz,2024-01-15,aktywny
79,FPUH Pacyga Sp.k. Sp. z o.o.,0541199869,596832859,pl,Sieradz,15-144,ulica Willowa 113,kontakt@fpuh.pl,+48 68 929 83 93,klient,Tobiasz Chalimoniuk,2024-02-29,aktywny
80,FPUH Katana sp.k.,2071518202,366012797,PL,Sandomierz,70-430,ul. Korczaka 17/96,kontakt@fpuh.pl,+48 67 636 76 88,klient,Filip Pacholczak,2024-08-21,aktywny
81,Spółdzielnia Panicz Spółka z o.o.,6659051515,699108439,PL,Mińsk Mazowiecki,31-876,plac Długosza 850,kontakt@spółdzielnia.pl,+48 47 358 94 87,klient,Jacek Warczak,2024-04-18,aktywny
82,Dorna i syn s.c. Sp. J.,2546291486,504456327,PL,Sanok,12-679,ulica Sienkiewicza 329,kontakt@dorna.pl,+48 27 786 99 97,oba,Krzysztof Dąbkiewicz,2021-08-09,aktywny
83,Spółdzielnia Szwałek-Lesner i syn s.c. S.A.,3322141883,996703082,PL,Pabianice,43-793,ulica Tuwima 28,kontakt@spółdzielnia.pl,+48 95 444 89 26,oba,Tymoteusz Malesza,2024-10-13,aktywny
84,Dyś Sp. z o.o. sp. z o.o.,9270653797,405939035,Polska,Tarnobrzeg,31-603,plac Partyzantów 026,kontakt@dyś.pl,+48 40 646 40 49,dostawca,Wiktor Teodorowicz,2022-09-25,aktywny
85,Gabinety Mikita s.c. sp.k.,7746886235,960345542,PL,Luboń,14-463,ul. Popiełuszki 84,kontakt@gabinety.pl,+48 43 153 92 71,dostawca,pan Antoni Wojewódka,2021-09-16,aktywny
86,Fundacja Oczko Sp. z o.o. sp.k.,1412478266,198476695,PL,Oleśnica,92-932,ul. Wesoła 921,kontakt@fundacja.pl,+48 68 457 13 63,klient,Jacek Zębik,2025-01-01,aktywny
87,PPUH Lisoń-Stanuch Sp.j. sp. z o.o.,6153051528,247746438,PL,Giżycko,68-302,al. Jesionowa 18/36,kontakt@ppuh.pl,+48 47 949 70 99,klient,pan Gabriel Matraszek,2025-10-26,aktywny
88,Fundacja Bieszke Sp.k. Sp. z o.o.,,219385981,PL,Rybnik,41-438,plac Kołłątaja 71,kontakt@fundacja.pl,+48 41 408 25 16,klient,Karol Gruszczyk,2025-04-07,aktywny
89,Grupa Tadych Sp.k. sp.k.,7117980897,359779090,POL,Rumia,17-570,aleja Jasna 560,kontakt@grupa.pl,+48 48 539 10 88,dostawca,Fabian Szyguła,2023-04-04,aktywny
90,Mijas s.c. sp. z o.o.,1851888888,121833792,PL,Gniezno,20-673,ul. Malinowa 851,kontakt@mijas.pl,+48 71 144 91 59,dostawca,Anita Pakos,2023-05-27,aktywny
91,Gabinety Żugaj i syn s.c. Spółka z o.o.,153-195-20-53,686277792,PL,Brodnica,79-692,pl. Plater 40/24,kontakt@gabinety.pl,+48 93 279 97 69,oba,Natan Żyrek,2025-12-04,aktywny
92,Bączkiewicz i syn s.c. sp. z o.o.,1704303059,432941445,PL,Koszalin,73-674,ul. Targowa 01/83,kontakt.bączkiewicz.pl,+48 80 584 42 14,oba,Sandra Chalimoniuk,2022-09-13,aktywny
93,Spółdzielnia Lipowicz Sp. z o.o.,5415667656,300593456,PL,Piekary Śląskie,93-333,ul. Sienkiewicza 29,kontakt@spółdzielnia.pl,+48 99 609 57 76,dostawca,Maksymilian Białk,2021-06-26,aktywny
94,FPUH Saran Sp.j. Sp. z o.o.,6928451152,809656613,PL,Krotoszyn,57-425,plac Malczewskiego 15/61,kontakt@fpuh.pl,+48 50 556 87 64,klient,Tola Łyczek,2025-07-15,aktywny
95,FPUH Indyk-Bulanda S.A. Sp. z o.o.,5964016583,960170255,PL,Otwock,77-057,ulica Środkowa 24,kontakt@fpuh.pl,+48 14 246 87 96,dostawca,Arkadiusz Engler,2020-12-12,aktywny
96,Klęczar Sp.k. sp. z o.o.,5569092757,499446327,PL,Nowa Sól,23-133,ul. Wiklinowa 51/60,kontakt@klęczar.pl,+48 20 687 27 77,dostawca,Kacper Bojarczuk,2025-01-08,aktywny
97,Klisz Sp. z o.o. Sp.k. Spółka z o.o.,3102786810,381080560,PL,Łuków,55-588,al. Lawendowa 60,kontakt@klisz.pl,+48 68 319 88 46,oba,pani Tola Prygiel,2026-01-24,aktywny
98,Gabinety Tuzimek Sp. z o.o. Sp.k. sp. z o.o.,1727155183,682152066,Poland,Bielsko-Biała,56-865,ulica Bociania 68/16,kontakt@gabinety.pl,+48 49 971 30 99,oba,Natan Wójcikiewicz,2022-07-06,aktywny
99,Gabinety Rozum sp.k.,3132370586,714478186,PL,Zabrze,66-649,ulica Wałowa 231,kontakt@gabinety.pl,+48 70 922 80 26,oba,Juliusz Kopczyk,2021-07-11,aktywny
100,Plona-Furgała i syn s.c. S.A.,7866912515,583156434,PL,Lubartów,84-078,aleja Powstańców Wielkopolskich 97/99,kontakt@plona-furgała.pl ,+48 98 629 54 26,oba,pani Marianna Żach,2022-08-07,aktywny
101,Bracha Sp.j. sp. z o.o.,6801824222,446454337,PL,Czerwionka-Leszczyny,39-816,plac Pułaskiego 14/77,kontakt@bracha.pl,+48 55 631 46 20,dostawca,Adam Bany,2022-10-05,aktywny
102,Grupa Jarka sp.k.,4249818293,723464439,Poland,Ruda Śląska,79-609,al. Powstańców Wielkopolskich 80/79,kontakt@grupa.pl,+48 32 774 89 87,dostawca,Kazimierz Tomal,2021-01-07,aktywny
103,PPUH Dawidczyk Sp. z o.o. Sp. z o.o.,1094396908,634764290,PL,Jarosław,14831,plac Dąbrowskiej 20/37,kontakt@ppuh.pl,+48 93 409 71 41,oba,pan Grzegorz Kempka,2025-02-10,aktywny
104,Fundacja Semik Sp. z o.o.,0276773598,254263081,PL,Łaziska Górne,44-696,ul. Grottgera 51/51,kontakt@fundacja.pl,+48 51 851 54 61,klient,Ryszard Świętoń,2024-09-17,aktywny
105,Gabinety Popielarczyk-Borkiewicz Sp. z o.o. Sp. z o.o.,5371473215,154337019,PL,Śrem,85-145,plac Staffa 62/91,kontakt@gabinety.pl,+48 60 984 88 63,klient,Melania Miękina,2022-05-08,aktywny
106,Gabinety Radko sp.k.,5327877472,124885365,PL,Świecie,90-849,pl. Skargi 68/50,kontakt@gabinety.pl,+48 61 617 68 40,klient,pani Justyna Okraska,2024-07-07,aktywny
107,Gabinety Niemira Spółka z o.o.,7974801623,383975609,PL,Mysłowice,29-141,ulica Traugutta 88,kontakt@gabinety.pl,+48 62 474 15 61,klient,Natan Westfal,2022-09-28,aktywny
108,Spółdzielnia Fryś-Klaus S.A. Spółka z o.o.,216-558-52-39,746889670,PL,Jaworzno,24-852,pl. Bolesława Krzywoustego 065,kontakt@spółdzielnia.pl,+48 75 141 15 14,klient,Sara Kuder,2024-04-17,aktywny
109,Gabinety Kalinka sp.k.,7298259524,521931770,PL,Mikołów,30 547,aleja Rejtana 359,kontakt@gabinety.pl,+48 86 444 74 75,oba,pan Ernest Ziętal,2026-01-19,aktywny
110,PPUH ANIOŁA SP.J. SPÓŁKA Z O.O.,705-516-94-07,740926818,PL,Jaworzno,26-821,ul. Floriana 075,kontakt@ppuh.pl,+48 44 771 84 83,klient,Eliza Kozień,2021-02-18,aktywny
111,Szyda Sp. z o.o. sp. z o.o.,8962309130,120333847,PL,Zambrów,21-280,ul. Bociania 37,kontakt@szyda.pl,+48 51 528 29 62,oba,pani Anastazja Lesisz,2022-11-05,aktywny
112,PPUH Pyziak S.A. sp.k.,702-838-57-85,504612520,PL,Kutno,11-384,ulica Krasickiego 52,kontakt@ppuh.pl,+48 33 570 78 53,oba,Piotr Weremczuk,2024-07-13,aktywny
113,FPUH Tyniec S.A. Sp. J.,4973348433,419561201,PL,Lubartów,91-481,ul. Poprzeczna 43,kontakt@fpuh.pl,+48 37 806 72 50,dostawca,Krystyna Białasik,2024-06-20,aktywny
114,  PPUH Szachniewicz-Nalewajko i syn s.c. Sp. J.,441-986-65-24,411871167,PL,Świdnica,31-309,ulica Szpitalna 971,kontakt@ppuh.pl,+48 47 831 20 54,dostawca,Sonia Niksa,2023-06-08,aktywny
115,Grupa Siedlarz-Parkitny s.c. sp. z o.o.,384-842-19-92,356927167,PL,Zamość,92-148,plac Stycznia 53/96,kontakt@grupa.pl,+48 17 785 77 38,oba,Karol Piaseczna,2023-03-03,aktywny
116,Grupa Hankiewicz S.A.,5712082675,612656440,PL,Myszków,65-806,ul. Władysława Łokietka 065,kontakt@grupa.pl,+48 47 428 46 92,klient,Kacper Maksimowicz,2021-07-24,aktywny
117,Matyszczak S.A. sp. z o.o.,8026206721,904236062,PL,Nowa Ruda,85-644,aleja Dolna 58,kontakt@matyszczak.pl,+48 15 109 48 82,oba,pani Janina Buszta,2021-10-05,nieaktywny
118,FPUH Kozon Sp.k. Spółka z o.o.,4788728746,307029662,PL,Piotrków Trybunalski,18-065,pl. Kościuszki 303,kontakt@fpuh.pl,+48 53 266 68 92,dostawca,Jędrzej Korzekwa,2022-08-24,aktywny
119,Fundacja Dulik-Olesiejuk Sp.j. Spółka z o.o.,4932966855,193133974,PL,Przemyśl,05-772,pl. Bema 054,kontakt@fundacja.pl,+48 96 197 33 27,dostawca,Leonard Szulim,2024-03-09,nieaktywny
120,FPUH Żach Sp.j. Sp. z o.o.,4637454995,112279027,PL,Wejherowo,24-509,pl. Kołłątaja 41/61,kontakt@fpuh.pl,+48 94 468 98 40,klient,Grzegorz Hnat,2021-11-19,aktywny
121,Stowarzyszenie Jędrusiak sp. z o.o.,6841459332,243418388,PL,Bytom,42-677,plac Jana III Sobieskiego 62/75,kontakt@stowarzyszenie.pl,+48 30 565 87 57,dostawca,pan Dariusz Dietrich,2025-11-02,aktywny
122,PPUH Roszko Sp. J.,3391878517,705771555,PL,Tarnowskie Góry,82-811,ulica Widok 820,kontakt@ppuh.pl,+48 18 948 80 74,klient,Monika Bielas,2022-03-28,aktywny
123,Rohde-Pastucha i syn s.c. sp.k.,7139718706,586869229,PL,Kętrzyn,47-371,ul. Rzemieślnicza 75/57,kontakt@rohde-pastucha.pl,+48 76 525 68 82,klient,Anita Matla,2025-09-28,aktywny
124,Stowarzyszenie Hejna-Śliz Sp.k. Spółka z o.o.,0640391067,469935052,PL,Tczew,32-984,ulica Gajowa 868,kontakt@stowarzyszenie.pl,+48 80 161 18 70,klient,Błażej Berek,2023-10-11,aktywny
125,FPUH Hubert sp. z o.o.,6567661826,801726890,PL,Gniezno,79-293,pl. Orzeszkowej 21,kontakt@fpuh.pl,+48 26 282 78 60,oba,pan Maurycy Ślebioda,2021-12-26,aktywny
126,Turoń Sp.k. sp. z o.o.,0047868630,365764028,PL,Legionowo,86356,pl. Nałkowskiej 44/22,kontakt@turoń.pl,+48 55 258 45 34,oba,pani Sandra Skoneczna,2021-10-28,aktywny
127,Ufnal-Baum Sp.j. Sp. J.,6903311905,579362443,PL,Szczecin,47-568,al. Powstańców Wielkopolskich 29/11,kontakt@ufnal-baum.pl,+48 42 858 15 61,dostawca,Ewa Skrobot,2023-03-09,aktywny
128,PPUH Ryszkiewicz i syn s.c. Sp. z o.o.,2843959953,354373770,PL,Sieradz,74-076,aleja Skargi 77,kontakt@ppuh.pl,+48 29 776 76 38,dostawca,pani Janina Królczyk,2023-12-05,aktywny
129,Spółdzielnia Zdobylak-Banachowicz Sp.j. sp.k.,,442238518,PL,Jasło,08-852,ulica Willowa 25,kontakt@spółdzielnia.pl,+48 63 252 48 58,klient,Mieszko Madziar,2025-11-13,aktywny
130,Gabinety Drozdowicz sp. z o.o.,4270866881,243980993,PL,Przemyśl,26-651,al. Chopina 49/81,kontakt@gabinety.pl,+48 42 361 36 52,oba,Tola Kudełka,2021-06-11,nieaktywny
131,Siwa-Latko s.c. Spółka z o.o.,183-046-99-04,178151583,PL,Kościan,78-346,ul. Kruczkowskiego 10,kontakt@siwa-latko.pl,+48 86 841 95 81,klient,Nikodem Łabaj,2025-12-07,aktywny
132,Fundacja Prygiel-Luberda Sp. z o.o. Spółka z o.o.,4033173937,525880424,PL,Olkusz,81-559,plac Andersa 64,kontakt@fundacja.pl,+48 81 429 46 58,dostawca,pan Mieszko Jędruch,2026-07-17,aktywny
133,Kluj-Ciochoń Sp.j. Spółka z o.o.,5560932049,694113766,PL,Malbork,27349,ul. Krasickiego 55/62,kontakt@kluj-ciochoń.pl,+48 48 256 35 52,klient,pani Natasza Dybiec,2024-10-25,aktywny
134,Grupa Gałat Sp.j. sp. z o.o.,7854777253,281747678,PL,Leszno,19-100,aleja Azaliowa 63/25,kontakt@grupa.pl,+48 80 600 33 79,oba,pani Elżbieta Sykut,2021-03-20,aktywny
135,PPUH Tekieli Sp.j. Sp. z o.o.,0062312032,643026584,PL,Zgierz,64-024,aleja Borowa 339,kontakt@ppuh.pl,+48 58 161 89 91,oba,pani Olga Hornik,2025-12-23,aktywny
136,PPUH Morawiak i syn s.c. Sp. z o.o.,088-600-84-88,407829477,PL,Wyszków,87-482,plac Solidarności 62,kontakt@ppuh.pl,+48 75 932 99 96,dostawca,Dariusz Zackiewicz,2022-07-27,aktywny
137,Stowarzyszenie Denkiewicz Sp.j. Sp. z o.o.,823-398-45-42,953556386,PL,Radom,73-576,aleja Nałkowskiej 168,kontakt@stowarzyszenie.pl,+48 21 482 61 68,oba,pan Fabian Łukasz,2023-04-15,nieaktywny
138,Grupa Błądek-Rzucidło Sp.j. sp. z o.o.,4101666872,160252954,PL,Rumia,44-572,plac Orzeszkowej 86/80,kontakt@grupa.pl,+48 32 184 73 65,oba,Piotr Rosłon,2024-04-09,aktywny
139,Gabinety Kuk Sp. z o.o.,8033974013,834899763,PL,Czechowice-Dziedzice,59-153,ul. Kazimierza Wielkiego 52/69,kontakt@gabinety.pl,+48 80 677 94 14,klient,Tola Droździk,2024-02-01,aktywny
140,Gabinety Karmelita-Dunal Sp.j. sp. z o.o.,9261429391,996199211,PL,Lubliniec,73-307,ul. Przechodnia 169,kontakt@gabinety.pl,+48 97 653 52 59,oba,Szymon Niksa,2022-02-16,aktywny
141,Stowarzyszenie Gołas i syn s.c. Sp. J.,9996504773,344961731,PL,Łaziska Górne,75592,ulica Drzymały 289,kontakt@stowarzyszenie.pl,+48 81 484 65 33,oba,Tymon Swacha,2024-10-26,aktywny
142,Domżał-Dorobek Sp.k. sp.k.,4311426269,440030663,PL,Elbląg,25-020,al. Piwna 63,kontakt@domżał-dorobek.pl,+48 24 193 10 49,dostawca,Nela Berek,2024-08-05,aktywny
143,Fundacja Jeżyna-Bystroń Sp.k. Sp. z o.o.,212-678-88-66,210909937,PL,Kościerzyna,08-723,ulica Wybickiego 786,kontakt@fundacja.pl,+48 22 462 80 21,oba,pani Dorota Słupik,2024-03-12,nieaktywny
144,PPUH Świstek Sp. z o.o.,6224447217,279537578,PL,Jarocin,99-889,pl. Popiełuszki 334,kontakt@ppuh.pl,+48 46 531 48 71,klient,Artur Brudny,2024-08-10,aktywny
145,FPUH Działo sp. z o.o.,7993712406,524871030,PL,Szczytno,91-501,plac Władysława Jagiełły 44/19,kontakt@fpuh.pl,+48 90 489 52 66,dostawca,Ewa Budych,2025-05-21,aktywny
146,Gabinety Ślipek Sp. J.,9245937520,527606494,PL,Kalisz,38-044,plac Władysława Jagiełły 473,kontakt@gabinety.pl,+48 48 852 98 91,dostawca,Julita Kafel,2023-04-11,aktywny
147,FPUH Glazer-Pusz Sp. z o.o. Spółka z o.o.,6519398288,128900946,PL,Turek,95-601,ulica Sienkiewicza 83/30,kontakt@fpuh.pl,+48 37 548 47 98,klient,Klara Skierka,2025-02-22,aktywny
148,Grupa Dzikiewicz i syn s.c. sp. z o.o.,4342661793,614574336,PL,Chorzów,01-988,ul. Poniatowskiego 77/34,kontakt@grupa.pl,+48 79 618 98 63,oba,pani Bianka Zeman,2020-12-20,aktywny
149,Klemens s.c. Spółka z o.o.,8911352908,704753177,PL,Pabianice,69-757,pl. Partyzantów 206,kontakt@klemens.pl,+48 53 915 65 23,klient,pan Mariusz Mądrzyk,2021-08-30,aktywny
150,Grupa Zysk sp.k.,8899375678,929296154,PL,Będzin,73-618,aleja Stroma 887,kontakt@grupa.pl,+48 55 125 71 23,dostawca,Dorota Graboś,2025-03-22,nieaktywny
151,Spółdzielnia Lepka Sp. z o.o.,1254573875,473984594,PL,Elbląg,43-167,pl. Skargi 205,kontakt@spółdzielnia.pl,+48 23 548 99 67,dostawca,Nicole Krzosek,2021-04-24,aktywny
152,NIKEL-FAC I SYN S.C. SP. J.,1051238284,271944408,PL,Marki,52-847,al. Sadowa 122,kontakt@nikel-fac.pl,+48 82 536 69 39,dostawca,pan Marcel Wawszczak,2022-08-17,aktywny
153,Fundacja Tylec Sp. J.,6609379662,104778194,PL,Mikołów,97-274,plac Drzymały 90/45,kontakt@fundacja.pl,+48 37 385 18 83,klient,Stanisław Grund,2022-08-27,aktywny
154,Osial Sp. z o.o. Sp.k. sp. z o.o.,7147859692,521490916,PL,Słupsk,52-703,al. Kosynierów 45,kontakt@osial.pl,+48 55 460 68 89,klient,Borys Kubina,2023-11-23,nieaktywny
155,Spółdzielnia Freitag Sp.k. sp.k.,1251341259,844571822,PL,Krotoszyn,48-426,pl. Malczewskiego 33/91,kontakt@spółdzielnia.pl,+48 76 497 63 86,klient,pan Piotr Lampart,2024-11-10,aktywny
156,Hamera i syn s.c. S.A.,8282742253,584258607,PL,Żywiec,65-208,ul. Reja 871,kontakt@hamera.pl,+48 56 109 72 27,klient,Janina Szatanik,2024-11-11,nieaktywny
157,Ostręga s.c. sp.k.,7676772198,133136428,PL,Mikołów,08-465,aleja Powstańców Śląskich 08/74,kontakt@ostręga.pl,+48 48 133 45 38,oba,Ewa Kik,2023-10-18,aktywny
158,Pasieczna S.A. S.A.,5807836131,419662531,PL,Augustów,10-047,al. Długa 01/70,kontakt@pasieczna.pl,+48 68 369 54 21,dostawca,Kalina Cader,2021-11-15,aktywny
159,Szajner-Toma Sp.k. sp. z o.o.,3959629230,973521043,POL,Kętrzyn,54-384,al. Jabłoniowa 182,kontakt@szajner-toma.pl,+48 18 683 54 78,dostawca,pani Justyna Dziadkiewicz,2022-06-12,aktywny
160,PPUH Jonczyk Sp.k. Sp. J.,4494812602,397773877,PL,Suwałki,01-775,aleja Browarna 86/86,kontakt@ppuh.pl,+48 27 355 28 51,klient,Witold Kudłacik,2024-12-17,aktywny
161,Spółdzielnia Giec sp.k.,4667116843,845932321,PL,Inowrocław,93-784,ulica Piwna 03/31,kontakt@spółdzielnia.pl,+48 69 599 51 84,klient,Gaja Kielan,2021-08-08,aktywny
162,  PPUH Kudra Sp.k. S.A.,5186363741,446673808,PL,Częstochowa,32-759,aleja Ptasia 83,kontakt@ppuh.pl,+48 54 660 83 26,oba,Sebastian Makoś,2025-12-31,aktywny
163,Spółdzielnia Wolańczyk Sp. J.,0017012775,100725768,PL,Nowa Ruda,74-327,al. Norwida 283,kontakt@spółdzielnia.pl,+48 36 805 26 93,dostawca,Radosław Kurzydło,2022-05-05,nieaktywny
164,Ogonek s.c. Spółka z o.o.,1541520645,879524067,PL,Świebodzice,23-642,pl. Wybickiego 056,kontakt@ogonek.pl,+48 65 771 21 22,klient,pani Anastazja Litwiniuk,2022-12-14,aktywny
165,Fundacja Zacharek sp. z o.o.,9387005163,845210115,PL,Polkowice,69-485,ulica Jadwigi 27/08,kontakt@fundacja.pl,+48 72 172 39 59,klient,Urszula Majdan,2021-09-15,aktywny
166,Spółdzielnia Wódka-Pelka Sp. z o.o. Sp.k. Spółka z o.o.,4262218908,755325292,PL,Ostrów Wielkopolski,43-663,aleja Lubelska 83,kontakt@spółdzielnia.pl,+48 67 459 37 90,oba,Cezary Glegoła,2022-04-04,nieaktywny
167,PPUH Kotlarek-Czerniakiewicz Sp. z o.o. sp.k.,7311219655,561052655,POL,Inowrocław,98-602,pl. Andersa 54,kontakt@ppuh.pl,+48 28 353 45 92,klient,Bruno Kunysz,2023-05-05,aktywny
168,Prażuch i syn s.c. sp.k.,9404389836,902990996,PL,Sopot,32-713,ul. Żwirki i Wigury 85,kontakt@prażuch.pl,+48 48 761 16 40,dostawca,Fryderyk Kozica,2024-11-19,aktywny
169,FPUH Koterba-Indyk Sp. z o.o. Sp.k. S.A.,9180552696,551898779,PL,Skarżysko-Kamienna,66-904,al. Jesionowa 75/35,kontakt@fpuh.pl,+48 80 799 32 70,klient,pani Blanka Zbrożek,2020-09-29,aktywny
170,SZCZEPAN-DWORCZAK SP. Z O.O. SP. Z O.O.,4300684861,554810443,Polska,Kędzierzyn-Koźle,71-958,al. Traugutta 35,kontakt@szczepan-dworczak.pl,+48 21 755 78 78,oba,Fryderyk Sadlak,2022-04-09,aktywny
171,Chorążewicz-Cieniuch Sp.k. Spółka z o.o.,1832856918,433041955,PL,Wągrowiec,44-264,al. Miarki 52,kontakt@chorążewicz-cieniuch.pl,+48 41 159 41 21,dostawca,Inga Górnisiewicz,2021-11-10,aktywny
172,Stark-Bilik Sp.k. sp.k.,0421020276,472271797,PL,Toruń,68-035,ulica Krótka 231,kontakt@stark-bilik.pl,+48 32 480 26 44,oba,Mateusz Kowaluk,2021-11-18,aktywny
173,Fundacja Dydak-Nieroda s.c. Sp. z o.o.,5648149173,588764892,PL,Marki,86-957,al. Tysiąclecia 008,kontakt@fundacja.pl,+48 18 611 82 31,dostawca,Bartek Ruszczak,2022-04-28,aktywny
174,FPUH Miszkiel-Młotek Sp. z o.o. Sp.k. Sp. z o.o.,9138000304,606553372,PL,Poznań,65-833,pl. Rejtana 11,kontakt@fpuh.pl,+48 60 253 32 14,oba,Tadeusz Wojtyś,2025-04-05,aktywny
175,PPUH Deryło-Dulik Sp. z o.o. Sp.k. sp. z o.o.,6541951804,292569534,PL,Żory,51-081,plac Powstańców Śląskich 33/41,kontakt@ppuh.pl,+48 77 147 61 18,dostawca,Tomasz Plebanek,2023-09-22,aktywny
176,Fundacja Pleban Sp.j. Spółka z o.o.,5187053497,942358213,PL,Sosnowiec,82-010,pl. Jana Pawła II 659,kontakt@fundacja.pl,+48 90 348 69 57,oba,Liwia Kolbusz,2026-02-02,nieaktywny
177,Mzyk-Drej Sp.k. sp. z o.o.,8320603856,782837348,PL,Mława,61-278,ulica Olchowa 90/25,kontakt@mzyk-drej.pl,+48 53 101 94 58,oba,Nikodem Miksza,2024-01-03,aktywny
178,Dzienniak-Grześków Sp.k. sp.k.,3670241032,658087211,PL,Otwock,10-307,ulica Szarych Szeregów 856,kontakt@dzienniak-grześków.pl,+48 58 569 20 84,klient,Maksymilian Furga,2026-03-24,aktywny
179,Grupa Rodzeń S.A.,1990623449,438238241,PL,Oświęcim,30-859,aleja Szafirowa 047,kontakt@grupa.pl,+48 52 425 67 44,klient,pan Kajetan Lewek,2021-05-24,nieaktywny
180,Fundacja Mich Sp.k. sp. z o.o.,9121277567,229640083,POL,Śrem,85-390,aleja Rolnicza 11/42,kontakt@fundacja.pl,+48 37 562 49 69,dostawca,Marcin Trochim,2021-11-26,aktywny
181,Stowarzyszenie Cis Sp. z o.o. Sp. J.,4903521352,525464250,PL,Ruda Śląska,01-966,plac Stefana Batorego 121,kontakt@stowarzyszenie.pl,+48 97 406 43 32,klient,Kornelia Śliż,2025-02-03,nieaktywny
182,PPUH Wilkos-Drela Sp. z o.o. sp.k.,8317121001,991605503,PL,Szczecin,12-363,ul. Hallera 56/04,kontakt@ppuh.pl,+48 27 302 61 57,oba,Tobiasz Citko,2021-07-02,aktywny
183,Bystrek s.c. Spółka z o.o.,1013721512,145844821,PL,Tomaszów Mazowiecki,74-534,aleja Reja 44,kontakt@bystrek.pl,+48 17 272 83 65,oba,Anastazja Dworczak,2024-12-26,aktywny
184,Komuda Sp.j. S.A.,6253244729,137204552,PL,Tarnowskie Góry,54-307,ul. Słowianska 379,kontakt@komuda.pl,+48 93 402 73 62,oba,Róża Łuczkiewicz,2025-12-06,aktywny
185,Wlaźlak-Wawszczak Sp.j. Spółka z o.o.,626-383-80-63,939575663,PL,Zawiercie,80-390,plac Mieszka I 924,kontakt@wlaźlak-wawszczak.pl,+48 72 657 72 54,oba,pani Apolonia Bartel,2026-03-11,aktywny
186,Gryta-Lorens Sp. z o.o. Sp.k. Spółka z o.o.,2059304071,668473595,PL,Świebodzice,89-649,ul. Brzoskwiniowa 465,kontakt@gryta-lorens.pl,+48 85 338 30 22,klient,Sylwia Zieniewicz,2023-04-06,aktywny
187,PPUH Skotarczak-Delikat i syn s.c. Sp. J.,0396522396,441454588,PL,Żywiec,04-976,pl. Powstańców 74,kontakt@ppuh.pl,+48 86 128 99 55,oba,Kalina Beck,2022-02-25,aktywny
188,Spółdzielnia Dylak Sp. z o.o. Sp.k. sp. z o.o.,7842701037,746030501,PL,Zamość,33-675,aleja Grottgera 179,kontakt@spółdzielnia.pl,+48 13 639 71 10,dostawca,pan Cezary Lelito,2022-10-26,aktywny
189,PPUH Pyda i syn s.c. Spółka z o.o.,2500292188,491797490,PL,Skarżysko-Kamienna,90-917,ul. Wolności 52,kontakt@ppuh.pl,+48 58 821 94 60,oba,Sylwia Dyjas,2021-09-09,aktywny
190,Gabinety Trzpil i syn s.c. Spółka z o.o.,,853775825,pl,Nowa Sól,14-011,aleja Złota 88/99,kontakt@gabinety.pl,+48 83 133 33 87,dostawca,Adrianna Pleśniak,2023-01-13,aktywny
191,Fundacja Buksa Sp.k. Sp. z o.o.,7251355218,982252644,PL,Bochnia,89-513,aleja Rynek 146,kontakt@fundacja.pl,+48 68 111 43 36,klient,Oliwier Trepczyk,2021-04-26,aktywny
192,Żynda-Otremba Sp. z o.o. Sp.k. Sp. z o.o.,0067626769,477131597,PL,Sanok,27-534,al. Piekarska 77,kontakt@żynda-otremba.pl,+48 23 948 71 83,oba,pani Roksana Orman,2023-02-01,aktywny
193,Drozda i syn s.c. Sp. z o.o.,0405411527,503144836,PL,Puławy,83-112,pl. Konstytucji 3 Maja 82,kontakt@drozda.pl,+48 20 660 21 53,oba,Kornel Kmak,2025-12-21,aktywny
194,Fundacja Płócienniczak i syn s.c. S.A.,2962015336,539460908,PL,Zduńska Wola,81-189,aleja Żwirki i Wigury 93,kontakt@fundacja.pl,+48 95 388 48 40,klient,pan Eryk Kondej,2021-02-11,aktywny
195,Zarzeczna-Widłak i syn s.c. sp.k.,7205061493,615748688,PL,Kluczbork,09-592,ulica Dojazdowa 371,kontakt@zarzeczna-widłak.pl,+48 23 126 36 31,oba,Marika Amanowicz,2023-10-31,nieaktywny
196,PPUH Wota S.A.,1467741865,298514700,Poland,Września,51-602,aleja Gołębia 924,kontakt@ppuh.pl,+48 59 478 33 67,klient,Łukasz Rudzik,2023-07-06,aktywny
197,Kamieniarz Sp. z o.o. Sp.k. Spółka z o.o.,3490211585,544514776,pl,Płock,24383,pl. Skłodowskiej-Curie 692,kontakt@kamieniarz.pl,+48 81 162 59 76,dostawca,Kaja Mich,2025-11-18,aktywny
198,FPUH Zaczyk Sp.k. sp. z o.o.,7416089895,827497537,PL,Kętrzyn,23-569,aleja Bema 25,kontakt@fpuh.pl,+48 26 875 67 32,klient,pan Kajetan Rychel,2022-12-07,aktywny
199,Spółdzielnia Borysiewicz i syn s.c. sp. z o.o.,0616329455,880720904,PL,Kutno,72-518,pl. Poniatowskiego 76/77,kontakt@spółdzielnia.pl,+48 22 497 81 60,oba,Karol Salwin,2024-03-19,nieaktywny
200,Czulak i syn s.c. sp.k.,7099861626,259128258,PL,Siemianowice Śląskie,38-034,plac Szymanowskiego 279,kontakt@czulak.pl,+48 24 676 22 46,oba,pan Stefan Początek,2024-05-31,nieaktywny
201,Gabinety Olesiejuk Spółka z o.o.,6799702467,254460628,PL,Radomsko,70-843,aleja Zapolskiej 61,kontakt@gabinety.pl,+48 15 505 52 98,klient,Radosław Sołtan,2021-02-09,aktywny
202,Mirończuk Sp. z o.o. Sp.k. Spółka z o.o.,5054447139,244295352,PL,Starogard Gdański,12 450,ulica Leszczynowa 95/96,kontakt@mirończuk.pl,+48 67 892 51 44,oba,Sebastian Wrochna,2025-03-26,aktywny
203,Dąbroś-Szczubełek i syn s.c. Sp. z o.o.,3736785080,949856342,PL,Toruń,73-360,al. Hallera 25/44,kontakt@dąbroś-szczubełek.pl,+48 19 418 74 61,klient,Ida Gładka,2026-06-09,nieaktywny
204,Rduch i syn s.c. Sp. z o.o.,,856594938,PL,Świnoujście,08-284,pl. Wieniawskiego 32,kontakt@rduch.pl,+48 46 477 69 74,dostawca,pani Elżbieta Dudzicz,2021-12-12,aktywny
205,Fundacja Garczarek s.c. sp. z o.o.,5797279857,469634556,PL,Czerwionka-Leszczyny,35-643,al. Sowia 16,kontakt@fundacja.pl,+48 44 866 98 21,dostawca,Leonard Gawliczek,2020-11-12,aktywny
206,Stowarzyszenie Uroda Sp. z o.o. sp. z o.o.,9333346801,937844678,PL,Łaziska Górne,94-096,pl. Kossaka 51/86,kontakt@stowarzyszenie.pl,+48 71 235 92 32,oba,Marianna Ławniczek,2020-08-26,aktywny
207,Kuza-Wałek Sp. z o.o. Sp.k. sp.k.,4466574378,424425818,PL,Bełchatów,44-561,ul. Szarych Szeregów 500,kontakt@kuza-wałek.pl,+48 85 204 10 75,oba,Róża Marcol,2024-10-02,aktywny
208,Złotek S.A. sp.k.,9441715454,397302928,POL,Bolesławiec,59-001,ul. Krzywa 42/41,kontakt@złotek.pl,+48 94 828 93 48,klient,pani Klara Doroszkiewicz,2022-03-29,aktywny
209,Wesoły-Pioch Sp.k. sp. z o.o.,0965207443,549431487,PL,Zgierz,93-717,aleja Staffa 10,kontakt@wesoły-pioch.pl,+48 60 854 14 84,oba,Malwina Rajchel,2022-09-08,aktywny
210,Siebert-Pakos s.c. Sp. J.,3875842829,415448230,PL,Pszczyna,57-010,aleja Miła 271,kontakt@siebert-pakos.pl,+48 71 231 43 81,klient,Ernest Strzyż,2024-04-27,aktywny
211,Tokarek Sp. z o.o. Sp.k. sp. z o.o.,5346554942,597959181,PL,Krosno,39-141,ul. Prosta 89,kontakt@tokarek.pl,+48 71 154 91 84,oba,Leon Wawrzyńczyk,2021-05-10,aktywny
212,FPUH Matusewicz sp. z o.o.,816-846-02-28,315066828,PL,Gorlice,96-156,al. Podleśna 12,kontakt@fpuh.pl,+48 63 683 68 28,dostawca,Julianna Jarmużek,2022-07-31,aktywny
213,Stowarzyszenie Ofiara Sp. z o.o. Sp.k. S.A.,5250074321,718774770,PL,Chorzów,32-284,pl. Asnyka 99/94,kontakt@stowarzyszenie.pl,+48 73 904 21 26,oba,Emil Fronczek,2025-06-03,aktywny
214,PPUH Karmelita-Kolarz Sp.k. S.A.,6760083503,445973716,PL,Ciechanów,38-662,ulica Pałacowa 137,kontakt@ppuh.pl,+48 13 792 10 90,oba,Liwia Kobel,2023-05-08,aktywny
215,Sadlik Sp. z o.o. Sp.k. Spółka z o.o.,4216894219,984595578,PL,Włocławek,50-882,al. Stefana Batorego 27/10,kontakt@sadlik.pl,+48 49 397 68 76,oba,Bartek Michnik,2026-06-08,aktywny
216,Brach-Nieroda i syn s.c. Sp. J.,3230982155,863548641,PL,Otwock,65-294,pl. Narutowicza 61/88,kontakt@brach-nieroda,+48 59 997 91 42,oba,Konstanty Damps,2021-02-07,aktywny
217,Grupa Knapek Sp. z o.o.,1001676183,371375678,PL,Ostrów Wielkopolski,20-550,plac Waryńskiego 14/63,kontakt.grupa.pl,+48 30 310 98 97,oba,Andrzej Palus,2020-08-30,aktywny
218,Grupa Fal s.c. Sp. J.,9141173931,935327024,PL,Krotoszyn,08-317,pl. Sikorskiego 20,kontakt@grupa.pl,+48 77 306 55 62,dostawca,Sonia Wysota,2022-05-10,aktywny
219,PPUH Pawlos-Malka Sp.k. S.A.,3753001193,818356830,PL,Kędzierzyn-Koźle,22-381,aleja Konarskiego 05,kontakt@ppuh.pl,+48 30 192 75 19,oba,Jeremi Osada,2021-09-10,nieaktywny
220,Szabla Sp.k. Sp. J.,3744701206,411994135,PL,Łuków,81-079,al. Lotnicza 079,kontakt@szabla.pl,+48 97 420 64 24,klient,Leonard Snoch,2021-01-26,aktywny
221,Gabinety Cebo sp. z o.o.,2557941551,296354549,PL,Ząbki,87-741,ulica Lisia 00,kontakt@gabinety.pl,+48 62 509 68 44,dostawca,Aleksander Opyrchał,2025-12-02,aktywny
222,Fundacja Wojaczek Sp. J.,2120216979,961425250,PL,Konin,05-567,pl. Wyszyńskiego 365,kontakt@fundacja.pl,+48 34 725 58 55,oba,Igor Sot,2020-11-18,nieaktywny
223,Grupa Szmaj Sp. J.,2771670142,803272515,PL,Wałcz,07-184,ulica Niepodległości 74,kontakt@grupa.pl,+48 12 821 96 77,oba,Arkadiusz Palus,2023-01-26,nieaktywny
224,Fundacja Lorenz-Żero S.A. Sp. J.,6289002877,632398698,PL,Ełk,73-804,plac Powstańców Wielkopolskich 973,kontakt@fundacja.pl,+48 20 869 72 51,klient,Krystian Anders,2024-04-08,nieaktywny
225,Grupa Starzak s.c. Sp. z o.o.,8386631774,960347752,PL,Wodzisław Śląski,82-860,pl. Mieszka I 64,kontakt@grupa.pl,+48 22 977 73 67,dostawca,Gabriel Świt,2021-11-21,nieaktywny
226,Getka-Kabala Sp. z o.o. Sp. J.,0166088016,950170825,PL,Koszalin,92-287,ulica Jałowcowa 65/71,kontakt@getka-kabala.pl,+48 76 675 36 93,oba,Dorota Leks,2025-09-03,nieaktywny
227,Grupa Huber s.c. Spółka z o.o.,037-589-97-53,868706268,PL,Toruń,56679,ulica Traugutta 565,kontakt@grupa.pl,+48 25 199 94 38,klient,pani Róża Molak,2024-05-21,aktywny
228,Szeszko S.A. Sp. J.,4885102721,982442542,PL,Środa Wielkopolska,99599,ulica Południowa 77,kontakt@szeszko.pl,+48 24 360 88 35,klient,pani Sandra Klejna,2021-11-29,nieaktywny
229,Gabinety Drygała S.A.,3735160917,929084565,PL,Jarosław,40-475,plac Żeromskiego 49,kontakt@gabinety.pl,+48 69 774 85 74,klient,Przemysław Płodzień,2026-02-25,aktywny
230,Spółdzielnia Łodyga Sp. J.,0869782920,884362665,PL,Skawina,32-992,plac Skłodowskiej-Curie 44,kontakt.spółdzielnia.pl,+48 24 496 94 86,oba,Antoni Sady,2024-03-02,aktywny
231,PPUH Kozok s.c. S.A.,6934654724,248369653,PL,Leszno,13-474,ulica Jasna 03,kontakt@ppuh.pl,+48 88 816 75 48,oba,Konrad Startek,2024-01-29,aktywny
232,Stowarzyszenie Migda Sp.k. sp.k.,3339452286,682495784,Poland,Kętrzyn,11-597,al. Wróblewskiego 01,kontakt@stowarzyszenie.pl,+48 25 879 55 81,dostawca,Sara Kowalówka,2025-03-28,aktywny
233,MAINKA-JACHIMCZAK I SYN S.C. SP.K.,4608106205,819679947,PL,Starachowice,16-044,ul. Północna 66/70,kontakt@mainka-jachimczak.pl,+48 36 373 30 46,oba,Marianna Fedorczyk,2023-05-15,aktywny
234,Spółdzielnia Wolff Sp. z o.o.,4380571980,340848222,PL,Tarnowskie Góry,36-457,ulica Popiełuszki 93/47,kontakt@spółdzielnia.pl,+48 41 623 99 46,oba,Krystyna Wenda,2021-01-31,nieaktywny
235,Malcher Sp. z o.o. Sp.k. S.A.,6580043979,991187981,PL,Kutno,18-430,ulica Daszyńskiego 06/57,kontakt@malcher.pl,+48 92 821 92 57,oba,pan Ryszard Ornat,2022-10-05,aktywny
236,Fundacja Szlufik sp. z o.o.,4721228161,143630672,PL,Piotrków Trybunalski,04-327,ul. Rynek 078,kontakt@fundacja.pl,+48 46 669 43 26,klient,pani Kornelia Śleziak,2023-06-02,aktywny
237,Moczko-Gębura Sp. z o.o. Sp.k. S.A.,2025909475,948157453,PL,Nowy Targ,95-058,aleja Pułaskiego 23,kontakt@moczko-gębura.pl,+48 20 902 50 77,klient,pani Julita Zimoń,2022-08-15,aktywny
238,PPUH Torbus sp.k.,2688615332,812249975,PL,Koszalin,73-972,aleja Czarnieckiego 270,kontakt@ppuh.pl,+48 53 469 47 37,oba,Adam Wujek,2026-07-04,aktywny
239,Spółdzielnia Danilczuk-Daraż Sp.j. sp.k.,0157399308,832883943,PL,Warszawa,43-940,ul. Rejtana 52,kontakt@spółdzielnia.pl,+48 59 915 24 59,dostawca,pani Ewa Radzewicz,2023-09-24,aktywny
240,FPUH Kosz-Dziwak Sp. z o.o. sp.k.,5887704353,651790232,PL,Ostróda,47-984,aleja Górnicza 15/45,kontakt@fpuh.pl,+48 23 271 78 78,klient,Damian Słoboda,2021-04-17,aktywny
241,Gabinety Kęsek Sp.j. Sp. J.,3613861205,593089342,PL,Zakopane,41-179,pl. Wyszyńskiego 92/64,kontakt@gabinety.pl,+48 15 189 19 16,klient,Hubert Nagórka,2023-05-20,aktywny
242,Famuła s.c. sp.k.,6180919014,484077593,PL,Ciechanów,99-989,ul. Kilińskiego 59/39,kontakt@famuła.pl,+48 48 905 97 48,oba,Sonia Pachołek,2021-07-12,aktywny
243,FPUH Brańka S.A.,6607283260,955525741,PL,Chełm,45-328,ulica Kruczkowskiego 57/04,kontakt@fpuh.pl,+48 92 247 48 96,oba,Witold Kurz,2024-09-28,nieaktywny
244,Gorol Sp. z o.o. Sp.k. Sp. z o.o.,8821009963,676762622,PL,Gorzów Wielkopolski,93-002,aleja Ptasia 62/67,kontakt@gorol.pl,+48 50 315 54 37,dostawca,Nataniel Szatko,2026-04-22,aktywny
245,Grupa Pawlonka Sp.j. sp. z o.o.,3943129080,595279737,PL,Łuków,84777,pl. Witosa 104,kontakt@grupa.pl,+48 48 787 18 42,klient,Alex Kasica,2022-10-09,aktywny
246,Bródka Sp. z o.o. Sp.k. S.A.,5523149131,441220048,PL,Nowy Sącz,49-165,pl. Nałkowskiej 59,kontakt@bródka.pl,+48 68 436 88 94,dostawca,pan Przemysław Supernak,2022-04-08,aktywny
247,Bejma-Nickel Sp.j. Spółka z o.o.,5620533644,485995156,PL,Słupsk,07-104,plac Moniuszki 884,kontakt.bejma-nickel.pl,+48 97 850 52 71,dostawca,Radosław Kolarczyk,2025-07-21,aktywny
248,Zieja Sp.j. Spółka z o.o.,7812914283,310917183,PL,Ząbki,71-861,ul. Topolowa 061,kontakt@zieja.pl,+48 91 178 19 12,oba,Malwina Bzymek,2020-11-27,aktywny
249,Siara S.A. sp.k.,6930848874,802128517,PL,Nowy Sącz,82-299,aleja Cmentarna 677,kontakt@siara.pl,+48 57 501 38 85,oba,Tomasz Monkiewicz,2023-10-27,aktywny
250,Fundacja Bareja-Berus Sp.j. sp.k.,8165803923,913043828,PL,Krosno,24-457,aleja Cedrowa 434,kontakt@fundacja.pl,+48 68 263 32 82,oba,Krystian Dzienniak,2022-03-13,aktywny
251,Szczudło Sp.k. S.A.   ,5037314536,145965208,PL,Wodzisław Śląski,70-424,ul. Nałkowskiej 68,kontakt@szczudło.pl,+48 77 910 56 59,dostawca,Julita Grabas,2025-08-28,nieaktywny
252,PPUH Sowała S.A. Sp. z o.o.,5184498922,504435133,PL,Chrzanów,39-081,ul. Zakole 89/92,kontakt@ppuh.pl,+48 57 701 93 19,oba,Adrianna Wilusz,2023-05-19,aktywny
253,Leszkiewicz-Pietrewicz S.A. sp. z o.o.,8655779089,249216081,PL,Zielona Góra,06-434,aleja Czereśniowa 29/45,kontakt@leszkiewicz-pietrewicz.pl,+48 32 335 19 75,oba,Dawid Bąkiewicz,2023-09-16,aktywny
254,FUNDACJA SKAŁKA-GRYGOROWICZ I SYN S.C. SP. Z O.O.,2591365176,825022076,PL,Tarnowskie Góry,67-470,aleja Reymonta 229,kontakt@fundacja.pl,+48 72 315 85 30,oba,Dominik Zbrożek,2025-03-02,aktywny
255,Martyn Sp. z o.o. Sp.k. Sp. z o.o.,0242869902,872608028,PL,Iława,45-899,al. Azaliowa 79/97,kontakt@martyn.pl,+48 21 321 67 87,dostawca,Tymoteusz Kucharz,2025-12-16,aktywny
256,Spółdzielnia Pawela s.c. S.A.,9292984254,586909856,PL,Pszczyna,89-412,aleja Jeżynowa 30/74,kontakt@spółdzielnia.pl,+48 40 487 59 26,klient,pani Lidia Karol,2020-09-28,aktywny
257,Stowarzyszenie Bak sp.k.,629-127-99-02,941672107,PL,Oleśnica,90-702,ulica Dolna 754,kontakt@stowarzyszenie.pl,+48 22 593 94 26,oba,Dawid Mrózek,2020-07-27,nieaktywny
258,Spółdzielnia Smolorz Sp.j. Sp. J.   ,6865086374,947778851,PL,Koło,63-778,al. Kruczkowskiego 82,kontakt@spółdzielnia.pl,+48 55 703 99 83,klient,Fabian Sromek,2025-04-30,aktywny
259,Fundacja Rduch-Tarach i syn s.c. S.A.,3149864301,861442766,PL,Ostróda,73-030,ulica Lelewela 03,kontakt@fundacja.pl,+48 84 635 25 76,klient,Agnieszka Szałas,2024-10-06,aktywny
260,FPUH Sajewicz Sp. J.,5651269444,675638242,pl,Tarnowskie Góry,48-844,al. Wodna 03/57,kontakt@fpuh.pl,+48 83 474 88 45,oba,pan Marek Musiała,2025-01-05,aktywny
261,Stowarzyszenie Potęga-Gierak i syn s.c. S.A.,8872588741,429266242,PL,Kędzierzyn-Koźle,96-851,pl. Bema 60,kontakt@stowarzyszenie.pl,+48 61 853 27 94,klient,Anita Żabierek,2023-02-19,aktywny
262,Berdzik-Cieloch Sp.k. Sp. J.   ,2601279611,168805869,PL,Suwałki,87-212,plac Skłodowskiej-Curie 07,kontakt@berdzik-cieloch.pl,+48 39 479 20 87,klient,Tymoteusz Boksa,2024-11-13,nieaktywny
263,Szyja Sp. z o.o. Sp.k. S.A.,9849027705,316581500,PL,Krotoszyn,40-730,pl. Narutowicza 574,kontakt@szyja.pl,+48 35 134 86 75,oba,Roksana Pacyga,2023-02-26,aktywny
264,Gabinety Krzyżostaniak-Malon s.c. Sp. J.,0530214654,819044151,POL,Dąbrowa Górnicza,01-524,pl. Wybickiego 99/44,kontakt@gabinety.pl,+48 62 700 35 76,klient,Karina Morys,2021-04-30,nieaktywny
265,Stowarzyszenie Działa sp.k.,4895543935,588293766,PL,Świętochłowice,36-268,pl. Moniuszki 83,kontakt@stowarzyszenie.pl,+48 84 104 43 32,dostawca,Olga Andryszczyk,2026-03-27,aktywny
266,FPUH Gągała Sp. z o.o.,8451848943,845382835,PL,Kościan,04-672,al. Harcerska 660,kontakt@fpuh.pl,+48 59 676 71 41,dostawca,Cyprian Holeksa,2025-09-14,aktywny
267,Migda-Gomoła Sp.k. sp.k.,0714163352,542839009,PL,Chrzanów,86-368,al. Solidarności 82,kontakt@migda-gomoła.pl,+48 77 648 11 99,dostawca,Patryk Gilewicz,2023-05-05,aktywny
268,Bejger-Bekus Sp.k. S.A.,5182755390,388917924,PL,Bielawa,98-935,aleja Staffa 35,kontakt@bejger-bekus.pl,+48 98 294 73 35,klient,Norbert Dębosz,2023-04-10,nieaktywny
269,Stowarzyszenie Porwoł sp. z o.o.,3339521113,825647741,PL,Śrem,38-475,aleja Topolowa 99/91,kontakt@stowarzyszenie.pl,+48 89 106 79 15,dostawca,pan Iwo Hinca,2024-09-20,aktywny
270,PPUH Pilarek Sp.j. S.A.,9472846393,237703046,PL,Radom,20-141,aleja Poniatowskiego 72/52,kontakt@ppuh.pl,+48 78 918 64 71,oba,Ada Gzyl,2020-12-03,aktywny
271,Madzia-Wasyluk Sp. z o.o. S.A.,2718750030,507407714,PL,Kraków,58-281,ulica Słowicza 71,kontakt@madzia-wasyluk.pl,+48 52 470 88 43,klient,Justyna Dylak,2023-07-04,aktywny
272,Fundacja Połetek Sp.j. S.A.   ,9552763657,491999503,pl,Kutno,01-039,ul. Konarskiego 058,kontakt@fundacja.pl,+48 46 561 33 83,klient,Kacper Berendt,2023-02-14,aktywny
273,Ciepluch Sp.k. Sp. J.,0267288573,422159250,PL,Leszno,29-711,plac Chopina 68,kontakt@ciepluch.pl,+48 82 979 82 16,dostawca,Leon Jarosiewicz,2021-09-01,aktywny
274,Zacharczuk Sp. z o.o. Sp.k. Sp. z o.o.,3471754556,701671267,PL,Sanok,94-533,al. Świerczewskiego 25/75,kontakt@zacharczuk.pl,+48 55 120 62 25,dostawca,Leon Kolek,2022-10-15,aktywny
275,Grupa Szajna S.A. Sp. J.,8245587717,509171868,PL,Kościerzyna,17-217,pl. Waryńskiego 21/50,kontakt@grupa.pl,+48 70 746 28 31,oba,Juliusz Miros,2024-05-04,aktywny
276,PPUH Wejman-Moneta Sp. z o.o. sp.k.,9611253551,801167479,PL,Żagań,14-670,ulica Cmentarna 761,kontakt@ppuh.pl,+48 45 719 92 60,dostawca,Lidia Jasnoch,2025-07-19,aktywny
277,Fronczek-Kryszczuk Sp.k. Spółka z o.o.,,810841299,PL,Czerwionka-Leszczyny,02-309,ul. Promienna 992,kontakt@fronczek-kryszczuk.pl,+48 21 315 31 60,klient,Paweł Gumuła,2021-08-18,aktywny
278,Grupa Podpora-Brzykcy i syn s.c. S.A.,800-681-14-94,266724578,PL,Gorzów Wielkopolski,64-204,ul. Sawickiej 835,kontakt@grupa.pl,+48 94 499 49 39,klient,Gustaw Abramczuk,2023-09-29,aktywny
279,  Hołota Sp.j. sp. z o.o.,2820055774,680447823,PL,Ostrowiec Świętokrzyski,89-956,al. Myśliwska 01,kontakt@hołota.pl,+48 81 555 27 99,oba,Anita Łachut,2022-07-18,aktywny
280,Spółdzielnia Kasperczak i syn s.c. S.A.,9688457836,964048388,PL,Kraśnik,10-741,pl. Paderewskiego 37/44,kontakt@spółdzielnia.pl,+48 67 415 56 62,dostawca,pan Franciszek Dywan,2022-04-21,aktywny
281,Żymełka-Kotlarek i syn s.c. Sp. z o.o.,8254780773,421704344,PL,Ełk,47-821,pl. Narutowicza 11/00,kontakt@żymełka-kotlarek.pl,+48 66 917 47 86,klient,Alan Cymer,2020-08-21,aktywny
282,Fundacja Dyczko sp. z o.o.   ,6866326633,382372922,PL,Żory,94-096,plac Kilińskiego 66,kontakt@fundacja.pl,+48 65 740 40 76,oba,pan Eryk Petrus,2023-08-10,aktywny
283,Gabinety Niećko Sp.k. Sp. J.,8463122413,783858343,PL,Jastrzębie-Zdrój,15-136,pl. Solidarności 16,kontakt@gabinety.pl,+48 90 563 44 99,oba,pan Tomasz Domowicz,2026-01-28,aktywny
284,Gabinety Andruszko s.c. Sp. z o.o.,2080214424,867935795,PL,Bydgoszcz,88-902,pl. Andersa 167,kontakt@gabinety.pl,+48 12 338 21 29,klient,Wiktor Piejko,2026-02-03,aktywny
285,Grupa Stochel S.A.,4757051202,386156035,PL,Jarocin,68-786,pl. Brzechwy 889,kontakt@grupa.pl,+48 20 656 70 33,klient,Kornelia Muzyk,2023-05-13,aktywny
286,Sommer-Jaśko Sp.k. Sp. z o.o.,1367303717,659568869,PL,Jarocin,83-395,ulica Maja 28/77,kontakt@sommer-jaśko.pl,+48 71 498 97 49,dostawca,Igor Karpiak,2022-05-03,aktywny
287,Stowarzyszenie Karłowicz Sp. z o.o. Sp.k. Sp. z o.o.,8814743509,815858075,PL,Tczew,07-520,aleja Niepodległości 17,kontakt@stowarzyszenie.pl,+48 25 341 91 65,dostawca,pan Aleksander Cłapa,2020-09-22,aktywny
288,Fundacja Kobryń Sp. z o.o. Spółka z o.o.,916-300-97-94,266421332,PL,Olkusz,96-670,ulica Składowa 088,kontakt@fundacja.pl,+48 22 354 30 73,klient,Tomasz Kaletka,2024-05-09,nieaktywny
289,PPUH Czajor-Wlaźlak s.c. Sp. J.,0052812738,440096507,PL,Bielawa,27-671,pl. Głowackiego 037,kontakt@ppuh.pl,+48 67 850 34 12,oba,pani Nicole Langier,2024-10-17,aktywny
290,FPUH Pikor sp. z o.o.,928-557-49-86,272167429,PL,Płock,13-778,pl. Stycznia 548,kontakt@fpuh.pl,+48 78 258 67 47,dostawca,pani Blanka Kubieniec,2024-09-03,aktywny
291,Zamora-Wasil i syn s.c. Sp. J.,8620959356,874171682,PL,Jawor,96-739,ul. Liliowa 33/16,kontakt@zamora-wasil.pl,+48 95 651 59 34,oba,Róża Madajczyk,2026-02-19,aktywny
292,Sobieszczyk-Reszke Sp. z o.o. sp. z o.o.,9456511812,147005473,PL,Polkowice,54-048,pl. Maczka 798,kontakt@sobieszczyk-reszke.pl,+48 33 994 14 35,klient,Sonia Bitner,2026-01-01,aktywny
293,FPUH Bugla-Jędrys Sp.j. Sp. z o.o.,967-899-40-53,336999287,PL,Śrem,62 947,ul. Kosynierów 22/16,kontakt@fpuh.pl,+48 12 313 93 72,klient,pani Anastazja Ziarek,2025-10-22,aktywny
294,Kapciak-Joszko Sp. z o.o. Sp.k. Sp. z o.o.,5865094806,888448988,PL,Pruszków,58-825,ulica Poniatowskiego 84/85,kontakt@kapciak-joszko.pl,+48 49 179 37 76,klient,Ksawery Kansy,2021-09-10,aktywny
295,FPUH Łuksza-Klebba Sp. z o.o. Sp.k. sp.k.,6338392885,545801065,PL,Wałcz,17-728,pl. Dąbrowskiej 51/58,kontakt@fpuh.pl,+48 92 690 55 96,dostawca,pan Natan Nitek,2025-05-07,nieaktywny
296,Stowarzyszenie Niedojadło-Jachimczak Sp.j. sp. z o.o.,2868528971,478305093,PL,Wrocław,67-110,aleja Spółdzielcza 03,kontakt@stowarzyszenie.pl,+48 81 432 57 62,oba,Miłosz Kasper,2025-05-21,aktywny
297,Spółdzielnia Nastaj Spółka z o.o.,9398368455,585764529,PL,Toruń,89-804,plac Malczewskiego 05/71,kontakt@spółdzielnia.pl,+48 61 100 14 46,oba,Melania Prażmo,2020-09-27,aktywny
298,Pitura-Doroba i syn s.c. Spółka z o.o.,8992107520,248614668,PL,Sandomierz,37-710,pl. Kraszewskiego 658,kontakt@pitura-doroba.pl,+48 57 696 41 39,dostawca,Bartek Bałdys,2023-12-05,aktywny
299,Spółdzielnia Arendarczyk S.A.,9315727912,739124632,PL,Środa Wielkopolska,57-850,aleja Malczewskiego 89/33,kontakt@spółdzielnia.pl,+48 15 848 83 58,klient,Adrianna Rok,2021-03-09,nieaktywny
300,Lenda S.A. Spółka z o.o.,5661390609,427258676,PL,Świebodzice,66-123,ul. Truskawkowa 842,kontakt@lenda.pl,+48 51 652 82 29,dostawca,Janina Preuss,2026-03-11,aktywny
301,Grupa Panuś sp. z o.o.,0679981361,411152157,PL,Żary,91960,ulica Armii Krajowej 909,kontakt@grupa.pl,+48 29 235 53 20,dostawca,Marika Dolega,2021-02-09,aktywny
302,PPUH Gabara-Kupidura i syn s.c. Spółka z o.o.,1686227832,623836867,PL,Lubliniec,41-539,ulica Gałczyńskiego 82,kontakt@ppuh.pl,+48 94 685 35 81,oba,Inga Grupa,2026-06-09,aktywny
303,Grupa Łyś S.A. Sp. z o.o.,4659116656,473992719,PL,Gniezno,85-340,plac Traugutta 98,kontakt@grupa.pl,+48 52 452 86 93,klient,pan Adam Pryszcz,2023-12-23,aktywny
304,Fundacja Seidel Spółka z o.o.,9792703354,267494290,PL,Nowy Dwór Mazowiecki,79-941,ul. Mickiewicza 56/16,kontakt@fundacja.pl,+48 25 857 16 41,oba,Rozalia Gałach,2022-03-19,nieaktywny
305,Grupa Kacperczyk Spółka z o.o.,,894582888,PL,Reda,48-527,al. Baczyńskiego 43,kontakt@grupa.pl,+48 37 659 76 43,oba,pani Urszula Klinkosz,2025-12-22,aktywny
306,PPUH Piszcz-Chojna Sp. z o.o. sp. z o.o.,0698042049,315495749,PL,Ostrowiec Świętokrzyski,86-645,aleja Lelewela 38,kontakt@ppuh,+48 17 576 93 11,klient,Wojciech Prażuch,2024-11-30,aktywny
307,Buśko-Dziuda Sp.k. Sp. J.,5104636814,438718269,PL,Starachowice,05-090,ulica Zachodnia 819,kontakt@buśko-dziuda.pl,+48 87 644 21 33,klient,Robert Wielgos,2026-03-04,nieaktywny
308,Fundacja Rosada Sp.j. sp.k.,003-845-76-20,119727026,PL,Nowa Sól,41-018,ul. Koralowa 91,kontakt@fundacja.pl,+48 98 460 55 90,dostawca,Wojciech Hallmann,2023-03-17,nieaktywny
309,Grupa Stelmasiak-Wołodźko Sp.k. sp.k.,4046084325,466990085,PL,Biała Podlaska,78-089,plac Kraszewskiego 072,kontakt@grupa.pl,+48 95 240 21 58,oba,Łukasz Pyś,2023-02-09,aktywny
310,Gabinety Sierpień i syn s.c. sp.k.,2649578236,800587168,Polska,Myszków,38-984,pl. Jadwigi 50/88,kontakt@gabinety.pl,+48 85 654 97 35,klient,Marcel Kargol,2024-01-09,aktywny
311,Dorobek s.c. sp.k.,2629251880,872493367,PL,Ciechanów,69-561,aleja Leszczynowa 53/68,kontakt@dorobek.pl,+48 34 425 28 13,dostawca,Miłosz Zacharek,2025-03-14,nieaktywny
312,Gałaj-Chołody Sp. z o.o. Sp.k. Spółka z o.o.,7423122091,762441268,PL,Mysłowice,15-186,pl. Solidarności 78/14,kontakt@gałaj-chołody.pl,+48 88 680 88 39,oba,Iwo Mikosz,2023-03-01,aktywny
313,Pitek-Kudełka Sp.j. Sp. z o.o.,5172897527,516032315,PL,Starachowice,46-132,pl. Wojska Polskiego 913,kontakt@pitek-kudełka.pl,+48 71 240 30 34,klient,pani Nela Obst,2020-12-02,aktywny
314,FPUH Konrad-Kuczaj s.c. Sp. z o.o.,4633312790,626072176,PL,Grudziądz,73-581,plac Narutowicza 05,kontakt@fpuh.pl,+48 69 352 64 61,klient,Borys Królikiewicz,2024-10-28,aktywny
315,Stowarzyszenie Machniak Sp. z o.o. Sp.k. S.A.,9998808170,590593090,PL,Tarnów,87-751,plac Powstańców Wielkopolskich 547,kontakt@stowarzyszenie.pl,+48 42 631 78 60,oba,Tymoteusz Bona,2020-12-30,aktywny
316,Grupa Skocz-Stoch i syn s.c. sp.k.,0347644722,553615317,PL,Chorzów,69-202,plac Konarskiego 08,kontakt@grupa.pl,+48 89 155 98 76,klient,Elżbieta Bejm,2025-10-03,aktywny
317,Gabinety Szmalec S.A. S.A.,1812982666,447313528,PL,Katowice,71-267,al. Staffa 56,kontakt@gabinety.pl,+48 14 283 68 85,oba,Julianna Kosak,2022-10-28,nieaktywny
318,Spółdzielnia Cholewka Sp. z o.o.,4521117511,662444547,PL,Jasło,66-093,al. Zakole 39,kontakt@spółdzielnia.pl,+48 76 726 30 58,oba,Ida Chwedoruk,2024-10-28,aktywny
319,Spółdzielnia Komsta s.c. sp. z o.o.,592-222-06-46,432342748,PL,Swarzędz,85-894,aleja Pułaskiego 37,kontakt@spółdzielnia.pl,+48 47 741 33 25,klient,Wiktor Ledzion,2022-10-31,aktywny
320,Spółdzielnia Kalota Spółka z o.o.,3977671998,107057729,PL,Świecie,27-531,plac Fredry 005,kontakt@spółdzielnia.pl,+48 81 384 89 90,oba,Angelika Zybura,2022-11-20,aktywny
321,Gabinety Pędrak sp. z o.o.,0502099454,194170046,PL,Łomża,75-558,ul. Kraszewskiego 65/91,kontakt@gabinety.pl,+48 24 526 32 30,oba,Albert Kutnik,2023-09-30,aktywny
322,Fundacja Bulak-Krzyk i syn s.c. Sp. J.,9982795017,925183459,PL,Wodzisław Śląski,63-812,ul. Wiklinowa 72,kontakt@fundacja.pl,+48 52 477 58 18,dostawca,Igor Wasążnik,2021-04-14,aktywny
323,SPÓŁDZIELNIA POPIELARCZYK SP. Z O.O.,1458683393,162475224,PL,Siedlce,21-371,ul. Tysiąclecia 65,kontakt@spółdzielnia.pl,+48 84 847 90 77,klient,Karina Rajch,2025-12-25,aktywny
324,Fundacja Janczarek s.c. sp.k.,4695489958,239278422,PL,Jaworzno,83-854,ul. Żurawia 29,kontakt@fundacja.pl,+48 77 846 90 73,dostawca,Łukasz Broszkiewicz,2022-07-29,nieaktywny
325,Grupa Kamyk-Kaczmarkiewicz S.A. sp. z o.o.,4301071391,545207819,PL,Sosnowiec,22-265,aleja Hallera 04/13,kontakt@grupa.pl,+48 16 441 54 81,oba,pan Tadeusz Forma,2022-12-09,aktywny
326,Borzych-Ryszkiewicz s.c. sp. z o.o.,4414488508,222231288,PL,Koszalin,75-841,aleja Reja 57/99,kontakt@borzych-ryszkiewicz.pl,+48 54 505 82 88,klient,Olaf Kulis,2022-07-12,aktywny
327,Spółdzielnia Siekierka Sp. z o.o. Spółka z o.o.,7702727858,596573456,PL,Lubin,67-881,al. Kruczkowskiego 91,kontakt@spółdzielnia.pl,+48 18 955 76 48,oba,Lidia Jantos,2024-02-05,aktywny
328,Grupa Nazarko-Gosik s.c. Sp. z o.o.,3955124059,502911719,PL,Jasło,97-121,aleja Miodowa 80/68,kontakt@grupa.pl,+48 84 720 59 33,oba,Leonard Sołtan,2021-11-13,nieaktywny
329,Wieja s.c. Spółka z o.o.,5046173578,990623169,PL,Chojnice,30-961,al. Strumykowa 91/62,kontakt@wieja.pl,+48 38 637 48 32,klient,Malwina Szajner,2024-10-02,aktywny
330,Palica-Tlałka Sp. z o.o. Sp.k. sp. z o.o.,1780782354,619124046,PL,Grodzisk Mazowiecki,70-419,plac Stycznia 09/81,kontakt@palica-tlałka.pl,+48 52 246 22 76,oba,Albert Żyto,2022-01-17,aktywny
331,Wesoła-Bochnia Sp. z o.o. Sp.k. Sp. z o.o.,7681040919,457867151,PL,Sieradz,47-110,aleja Staffa 44/86,kontakt@wesoła-bochnia.pl,+48 16 205 76 94,oba,pani Melania Lepa,2024-01-23,aktywny
332,Trzyna-Skałka i syn s.c. Spółka z o.o.,3533448578,820613955,PL,Oława,62-184,plac Paderewskiego 956,kontakt@trzyna-skałka.pl,+48 45 252 30 45,klient,Ignacy Nitek,2020-09-23,nieaktywny
333,Fras-Pawlos Sp.k. sp.k.,8138585422,856294020,PL,Jaworzno,13-220,al. Ściegiennego 890,kontakt@fras-pawlos.pl,+48 84 350 31 19,dostawca,Tobiasz Wołoszczuk,2024-05-10,aktywny
334,Bochnia Sp. z o.o. Sp. z o.o.,2070160164,520817418,PL,Kalisz,61-949,al. Żeromskiego 43,kontakt@bochnia.pl,+48 87 706 90 98,oba,pani Rozalia Wdowczyk,2025-07-23,aktywny
335,Fundacja Szkaradek Sp.k. Spółka z o.o.,5381792175,204435349,PL,Dzierżoniów,37-729,ul. Sawickiej 77,kontakt@fundacja.pl,+48 50 800 92 69,dostawca,Ksawery Miechowicz,2023-02-27,nieaktywny
336,Stowarzyszenie Kwarciak-Kielan i syn s.c. sp. z o.o.,0171577249,924570922,PL,Grodzisk Mazowiecki,66-529,pl. Popiełuszki 05,kontakt@stowarzyszenie.pl,+48 88 688 26 75,klient,Jakub Snoch,2025-02-08,aktywny
337,Wajdzik i syn s.c. Sp. z o.o.,3938276157,323594003,PL,Piaseczno,46-686,al. Piękna 01/18,kontakt@wajdzik.pl,+48 66 680 53 79,oba,Melania Sadowy,2023-03-17,aktywny
338,Stowarzyszenie Dorynek Sp. J.,1971997580,204855083,PL,Tarnowskie Góry,29-621,aleja Niepodległości 04/26,kontakt@stowarzyszenie.pl,+48 33 415 61 18,oba,Melania Szmajda,2021-10-11,aktywny
339,STOWARZYSZENIE BARŁÓG-STRZĘPEK I SYN S.C. SP.K.,6570132902,912906014,PL,Lębork,33-898,al. Kosynierów 697,kontakt@stowarzyszenie.pl,+48 95 252 67 78,dostawca,Natan Wykręt,2024-12-06,aktywny
340,FPUH Kubasiewicz s.c. S.A.,9098624055,689360922,PL,Bydgoszcz,62-120,plac Kraszewskiego 33/56,kontakt@fpuh.pl,+48 11 820 81 55,klient,pani Sylwia Olbrych,2023-09-21,nieaktywny
341,Spółdzielnia Steinke sp. z o.o.,6965666680,326791535,PL,Ruda Śląska,52-690,pl. Kopernika 27/55,kontakt@spółdzielnia.pl,+48 71 242 34 81,dostawca,Anita Maksym,2024-08-06,aktywny
342,Hak-Olszowa S.A. sp. z o.o.,4220102762,245788098,PL,Olkusz,95-205,ulica Floriana 333,kontakt@hak-olszowa.pl,+48 28 757 63 68,oba,Maurycy Matulka,2025-05-01,aktywny
343,Engler Sp. z o.o. S.A.,8687653262,749155592,PL,Jarocin,85-505,ul. Jana 07/59,kontakt@engler,+48 84 610 40 74,dostawca,pani Ewelina Tywoniuk,2025-03-01,nieaktywny
344,Fundacja Janiuk sp.k.,1284781897,194968544,PL,Zambrów,66-287,ul. Warszawska 86,kontakt@fundacja.pl,+48 71 745 94 95,klient,pan Iwo Stawowczyk,2024-01-23,aktywny
345,Gabinety Migda i syn s.c. Spółka z o.o.,8077879565,478939097,PL,Jelenia Góra,59-124,pl. Krasickiego 00/36,kontakt@gabinety.pl,+48 48 271 14 98,oba,Arkadiusz Nalazek,2023-12-20,aktywny
346,Gabinety Kuliberda-Wolff s.c. sp.k.,4079290490,129311097,PL,Łomża,31-276,al. Dojazdowa 76,kontakt@gabinety.pl,+48 73 184 26 74,klient,Sandra Wichary,2023-09-04,aktywny
347,Stowarzyszenie Warzybok sp.k.,4440192922,807762976,PL,Piaseczno,36-462,ulica Słowicza 31/43,kontakt@stowarzyszenie.pl,+48 58 927 32 43,oba,Fryderyk Hyjek,2023-03-17,aktywny
348,Potok-Jargieło S.A. sp.k.,,355494114,PL,Chrzanów,02 181,al. Dolna 88/57,kontakt@potok-jargieło.pl,+48 92 271 36 83,oba,Iwo Gozdur,2024-06-05,aktywny
349,Grupa Gryta-Berg Sp.k. Spółka z o.o.,1027674780,350891920,PL,Jaworzno,08-221,plac Makuszyńskiego 17/54,kontakt@grupa.pl,+48 98 822 59 70,dostawca,pani Liwia Kozdrój,2022-03-09,aktywny
350,Stowarzyszenie Danilczuk S.A.,047-658-01-83,784428973,PL,Świnoujście,16-360,pl. Słowicza 82/45,kontakt@stowarzyszenie.pl,+48 66 725 93 44,dostawca,pani Janina Knych,2023-08-04,aktywny
351,Grupa Kasak s.c. Sp. z o.o.,4967393855,827694333,PL,Świdnica,60-647,ulica Kossaka 699,kontakt@grupa.pl,+48 51 660 11 96,klient,Wojciech Stypa,2021-04-27,aktywny
352,  Kaszkowiak-Bobel Sp. z o.o. Sp.k. Sp. z o.o.,0910939116,192756659,PL,Legionowo,84-299,pl. Plater 64/75,kontakt@kaszkowiak-bobel.pl,+48 59 772 92 82,klient,pan Karol Zacharek,2021-10-20,aktywny
353,Szymanik Sp.k. Spółka z o.o.,4717465423,938303850,PL,Chełm,85-258,pl. Staszica 61,kontakt@szymanik.pl,+48 46 895 17 58,dostawca,Wiktor Kubaczyk,2024-04-15,nieaktywny
354,PPUH Serwa Sp. z o.o. Spółka z o.o.,4271739624,793082286,PL,Reda,51-537,ulica Wrocławska 21/64,kontakt@ppuh.pl,+48 24 247 79 65,klient,Witold Piechura,2021-10-01,nieaktywny
355,Fundacja Ciepluch Sp. J.,4101194700,634402789,PL,Zielona Góra,17-540,ulica Kościuszki 55/77,kontakt@fundacja.pl,+48 94 755 10 14,oba,Krystyna Barczuk,2024-12-08,aktywny
356,Wieja-Brojek S.A. Sp. J.,5690877663,881434315,PL,Luboń,77-468,pl. Krasińskiego 84/57,kontakt@wieja-brojek.pl,+48 80 331 10 59,oba,Dawid Gogol,2025-12-18,aktywny
357,Stowarzyszenie Procek sp.k.,5546015859,186389815,PL,Kędzierzyn-Koźle,20-311,ulica Daleka 54,kontakt@stowarzyszenie.pl,+48 48 763 35 32,oba,pan Mieszko Kloch,2020-12-31,nieaktywny
358,Stowarzyszenie Zysk i syn s.c. Sp. J.,3461571736,250262600,PL,Nowa Sól,38-612,ulica Nałkowskiej 368,kontakt@stowarzyszenie,+48 35 125 85 40,dostawca,Ewa Synak,2024-12-01,aktywny
359,Smoczyk-Wojtarowicz Sp.k. sp.k.,4787005052,945870756,PL,Nysa,49-226,plac Narutowicza 38/94,kontakt@smoczyk-wojtarowicz.pl,+48 62 221 37 93,oba,Ewelina Lepka,2026-06-04,aktywny
360,Fundacja Łągiewka Sp. J.,8293102706,605968226,PL,Gliwice,24-140,plac Kossaka 974,kontakt@fundacja.pl,+48 42 818 93 26,klient,pan Miłosz Kwoka,2022-06-28,aktywny
361,Zieja-Szott Sp. z o.o. Spółka z o.o.,1792911171,738852124,PL,Siedlce,14-289,plac Sucharskiego 031,kontakt@zieja-szott.pl,+48 19 923 35 64,dostawca,Bartek Kołtuniak,2025-01-24,aktywny
362,Kalka-Dudko Sp. z o.o. Sp.k. Sp. J.,1142625822,571008888,PL,Olkusz,48-475,pl. Mieszka I 20,kontakt@kalka-dudko.pl,+48 85 141 27 22,oba,Kamila Cabała,2024-10-10,aktywny
363,Fundacja Bączkiewicz-Mędrala i syn s.c. Sp. z o.o.,7100219463,844643743,PL,Przemyśl,49-849,ulica Tulipanowa 730,kontakt@fundacja.pl,+48 99 229 36 28,oba,Róża Reiter,2023-08-06,aktywny
364,Zastawny Sp.k. S.A.,3290927912,773441905,PL,Ostrowiec Świętokrzyski,61-399,pl. Kazimierza Wielkiego 08,kontakt@zastawny.pl,+48 55 528 10 81,klient,Iwo Wielądek,2022-09-17,aktywny
365,Spółdzielnia Kanik sp.k.   ,0312772209,158011705,PL,Radom,86-224,ulica Srebrna 024,kontakt@spółdzielnia.pl,+48 47 314 65 42,dostawca,Ewa Imiela,2025-08-22,aktywny
366,Kus-Truchan s.c. Sp. J.,0822078117,352651266,PL,Szczytno,61-705,ul. Kołłątaja 32,kontakt@kus-truchan.pl,+48 86 693 51 63,klient,pan Cyprian Łakota,2024-03-18,aktywny
367,Gabinety Miozga Sp. z o.o.,5313636310,605721937,PL,Toruń,08-365,pl. Wieniawskiego 12/73,kontakt@gabinety.pl,+48 17 546 28 37,oba,pani Tola Gamrat,2025-08-29,aktywny
368,FPUH Twardzik Sp. z o.o. Spółka z o.o.,2735435207,843255395,PL,Szczytno,49-367,pl. Paderewskiego 77,kontakt@fpuh.pl,+48 46 239 24 69,dostawca,Rozalia Duchnik,2025-04-01,aktywny
369,Spółdzielnia Krüger S.A. Spółka z o.o.,3492929831,192851105,PL,Myszków,45-332,pl. Tuwima 82/18,kontakt@spółdzielnia.pl,+48 77 600 37 85,dostawca,Aniela Golan,2025-09-30,aktywny
370,PPUH Banyś Sp. J.,9060078068,670287614,pl,Sanok,01-795,pl. Konarskiego 09,kontakt@ppuh.pl,+48 72 929 99 22,dostawca,pani Natasza Hanzel,2026-02-10,aktywny
371,Parus s.c. sp.k.,0632543108,615163018,PL,Nysa,25-537,pl. Maczka 29/45,kontakt@parus.pl,+48 31 820 68 83,oba,Kazimierz Suszko,2020-10-30,nieaktywny
372,Sapała Sp.k. S.A.,2625701659,670071366,PL,Gliwice,06-856,ulica Floriana 31,kontakt@sapała.pl,+48 48 536 44 99,oba,pan Franciszek Tworzydło,2022-11-18,aktywny
373,FPUH Osipiuk-Wota Sp.k. Sp. z o.o.,7905528182,861644944,PL,Oleśnica,68-639,pl. Sienkiewicza 391,kontakt@fpuh.pl,+48 28 442 40 79,klient,Nikodem Gołas,2025-12-03,aktywny
374,Gabinety Kwinta Sp.j. sp.k.,335-548-64-00,168042141,PL,Marki,08-370,al. Kruczkowskiego 094,kontakt@gabinety.pl,+48 55 563 72 74,oba,Wojciech Drożdżal,2021-12-07,aktywny
375,Grupa Lesner sp.k.,8479513719,186082315,PL,Czechowice-Dziedzice,13-104,pl. Szymanowskiego 338,kontakt@grupa.pl,+48 33 395 19 23,klient,Nicole Mętel,2023-08-27,aktywny
376,Dułak-Buk s.c. sp. z o.o.,7567043106,961129245,PL,Żyrardów,96-109,pl. Kusocińskiego 612,kontakt@dułak-buk.pl,+48 77 760 52 62,oba,Krystyna Gryka,2024-05-27,aktywny
377,Stowarzyszenie Szok-Tylka s.c. Spółka z o.o.,4243754020,479160679,PL,Grodzisk Mazowiecki,57956,plac Nałkowskiej 566,kontakt@stowarzyszenie.pl,+48 69 270 89 30,oba,pani Ewelina Hnat,2023-10-04,aktywny
378,Strug-Szajner s.c. sp. z o.o.,2231059276,379610097,PL,Piastów,33-369,al. Szafirowa 04,kontakt@strug-szajner.pl,+48 34 310 81 14,oba,Eliza Szpila,2024-02-11,nieaktywny
379,Grupa Mendyka sp. z o.o.,,636244827,PL,Siemianowice Śląskie,28-877,plac Maczka 48/88,kontakt@grupa.pl,+48 69 427 29 10,oba,Patryk Wdowczyk,2026-04-01,aktywny
380,Stowarzyszenie Herbut S.A. Sp. J.,7028140693,336614898,PL,Łomża,47-911,ul. Matejki 419,kontakt@stowarzyszenie.pl,+48 56 194 51 17,oba,Nicole Smalec,2022-09-30,aktywny
381,Korniak Sp. z o.o. Sp.k. sp. z o.o.,,308789137,POL,Sochaczew,23-500,pl. Hallera 40/96,kontakt@korniak.pl,+48 51 717 87 75,klient,Adam Stypka,2024-08-09,aktywny
382,Stowarzyszenie Chuchla Sp. J.   ,,578433629,pl,Oświęcim,54-953,ulica Ogrodowa 60/48,kontakt@stowarzyszenie.pl,+48 38 845 66 63,dostawca,Alex Kieloch,2023-10-18,aktywny
383,Spółdzielnia Słyk-Ornat Sp.k. Sp. J.,6629912349,609611966,PL,Siemianowice Śląskie,20-052,pl. Jana III Sobieskiego 98/13,kontakt@spółdzielnia.pl,+48 19 704 58 21,klient,Aleks Ceran,2025-02-24,aktywny
384,Spółdzielnia Tyka Sp. z o.o. Sp.k. Spółka z o.o.,6287923260,410808710,PL,Olsztyn,61-586,pl. Nałkowskiej 416,kontakt@spółdzielnia.pl,+48 16 942 48 84,dostawca,Adrian Roda,2026-02-05,aktywny
385,Mikiciuk-Ubysz S.A. S.A.,3002447149,547918677,Poland,Wołomin,51-668,ul. Wybickiego 83/31,kontakt@mikiciuk-ubysz.pl,+48 73 804 92 41,klient,Kornelia Szaj,2021-11-23,aktywny
386,Grupa Tomaszkiewicz-Pachnik Sp.j. S.A.,195-979-64-70,845439994,PL,Świdnik,47-357,aleja Władysława Jagiełły 04/25,kontakt@grupa.pl,+48 58 624 83 12,dostawca,pan Borys Orman,2022-05-21,aktywny
387,Bzymek-Trawka Sp. z o.o. Sp.k. sp. z o.o.,5725204560,783165158,PL,Grudziądz,97-746,ulica Topolowa 92,kontakt@bzymek-trawka.pl,+48 17 396 47 77,oba,Bartek Majnusz,2021-06-02,aktywny
388,Ścibisz Sp.j. Sp. J.,2192855447,835989586,PL,Kwidzyn,03-340,ulica Staszica 84/87,kontakt@ścibisz.pl ,+48 23 647 84 55,klient,Kacper Miękina,2020-09-13,aktywny
389,FPUH Czura-Zdziech Sp. z o.o. Sp.k. Spółka z o.o.,5765213281,337418815,PL,Nowy Sącz,08-291,aleja Sienkiewicza 016,kontakt@fpuh.pl,+48 82 728 98 77,oba,Olgierd Perlik,2021-11-01,aktywny
390,Patalas Sp. z o.o. Sp.k. Sp. z o.o.,1207545274,741720343,PL,Zakopane,50 237,ul. Zwycięstwa 981,kontakt@patalas.pl,+48 33 826 48 13,oba,Konrad Gustaw,2021-11-20,aktywny
391,PPUH Kamieniak Sp. z o.o. Sp. J.,2342321613,183467647,PL,Białystok,32-945,al. Mieszka I 620,kontakt@ppuh.pl,+48 72 875 65 15,klient,pani Malwina Miozga,2021-10-07,aktywny
392,Spółdzielnia Dawiec Sp. J.,8907140146,816815464,PL,Tarnowskie Góry,08-641,plac Wróblewskiego 84,kontakt@spółdzielnia.pl,+48 23 901 25 87,klient,Krystian Larysz,2022-10-20,aktywny
393,FPUH Pusz Sp. z o.o. Spółka z o.o.,0124955282,938379910,PL,Kościerzyna,49-534,pl. Korczaka 92,kontakt@fpuh.pl,+48 75 683 18 22,oba,Fabian Świerad,2020-09-18,aktywny
394,Fundacja Bilik Sp. J.,342-801-38-78,493486679,PL,Włocławek,27-669,ulica Korfantego 48,kontakt@fundacja.pl,+48 67 789 23 33,dostawca,Kornelia Borejko,2024-10-24,aktywny
395,Bacia-Sobiło S.A. sp.k.,3615171829,632378393,PL,Legionowo,09-571,ul. Kilińskiego 205,kontakt@bacia-sobiło.pl,+48 47 670 15 20,dostawca,Klara Kojder,2026-02-04,aktywny
396,FPUH Swacha Sp.k. Spółka z o.o.,7947386462,302706330,PL,Koło,36-156,ulica Chopina 09,kontakt@fpuh.pl,+48 71 795 57 32,klient,Nicole Block,2026-01-26,aktywny
397,Wlazły-Gosek S.A. S.A.,7811266913,896106713,PL,Wągrowiec,04 368,aleja Dolna 97/52,kontakt@wlazły-gosek.pl,+48 19 472 35 53,klient,Marika Kuk,2025-02-02,aktywny
398,Ferdyn-Śmieja S.A. S.A.,,534268004,PL,Lublin,53-783,aleja Chmielna 33,kontakt@ferdyn-śmieja.pl,+48 76 385 28 68,klient,Kajetan Sabała,2021-12-05,aktywny
399,Fundacja Wesoła-Wudarczyk i syn s.c. S.A.,3201017026,510849034,PL,Knurów,32-438,ul. Ludowa 56/99,kontakt@fundacja.pl,+48 30 410 89 89,klient,Angelika Gieroń,2021-06-01,aktywny
400,Fundacja Michalkiewicz Sp. z o.o. sp.k.,7734778480,468954488,PL,Tomaszów Mazowiecki,67-551,ul. Ciasna 803,kontakt@fundacja.pl,+48 15 540 25 59,dostawca,Monika Hejna,2024-02-01,nieaktywny
401,Gabinety Broniarek S.A.,7002842764,244405651,PL,Świdnica,60-171,al. Topolowa 82/77,kontakt@gabinety.pl,+48 60 599 24 82,oba,Nela Mikusek,2026-01-22,aktywny
402,Komisarek-Olas Sp.k. Sp. J.,8977828066,382813918,PL,Myszków,18-403,al. Słonecznikowa 27,kontakt@komisarek-olas.pl,+48 86 486 88 96,dostawca,Agnieszka Woszczyna,2023-10-01,aktywny
403,Stowarzyszenie Bednarowicz Sp. z o.o.,9025590563,204528821,PL,Zakopane,92-816,ulica Żeromskiego 75,kontakt@stowarzyszenie.pl,+48 55 465 62 54,klient,Anna Maria Leoniak,2023-04-19,aktywny
404,  FPUH Miąsko s.c. Sp. J.,8507698643,121906773,PL,Września,21-388,al. Mickiewicza 59,kontakt@fpuh.pl,+48 86 122 50 58,oba,Miłosz Tywoniuk,2024-12-07,aktywny
405,Soliwoda-Mandrysz Sp.k. Sp. z o.o.,7135785290,421608113,PL,Radom,54-316,plac Bema 21/23,kontakt@soliwoda-mandrysz.pl,+48 66 306 73 91,klient,Iwo Wika,2022-12-16,aktywny
406,Fundacja Nesterowicz Sp.j. Sp. z o.o.,4963919199,461677118,PL,Myszków,01-623,ul. Podleśna 77/67,kontakt@fundacja.pl,+48 19 680 77 70,dostawca,Jan Pronobis,2022-11-29,aktywny
407,Stowarzyszenie Boryczko-Kociemba s.c. Sp. z o.o.,4987820822,719380774,PL,Ostrowiec Świętokrzyski,07-190,ulica Staffa 020,kontakt@stowarzyszenie.pl,+48 38 776 69 44,oba,Kornel Malcher,2026-07-14,aktywny
408,Kandzia Sp.j. S.A.,9083572323,901476885,PL,Konin,21-689,plac Powstańców Śląskich 95/01,kontakt@kandzia.pl,+48 66 520 50 18,oba,Kazimierz Frost,2022-11-03,aktywny
409,Gabinety Miszkiewicz i syn s.c. Spółka z o.o.,4249363125,306068248,PL,Chojnice,71-067,plac Piłsudskiego 45,kontakt@gabinety.pl,+48 42 916 49 69,dostawca,Anna Maria Szela,2025-06-13,aktywny
410,Chaberek-Łaciak Sp. z o.o. Sp. z o.o.,324-204-48-24,791805218,PL,Ząbki,94-645,ul. Andersa 94/69,kontakt@chaberek-łaciak.pl,+48 73 901 12 17,klient,pani Angelika Jędraszek,2024-01-29,aktywny
411,Stowarzyszenie Fijoł-Pasich s.c. Sp. z o.o.,6516231984,229539022,PL,Olkusz,67-747,pl. Batalionów Chłopskich 93,kontakt@stowarzyszenie.pl,+48 74 192 40 86,klient,Eryk Iwańczyk,2024-01-27,aktywny
412,Słomian Sp.j. sp.k.,6363212340,571883135,PL,Gorlice,16-756,aleja Poniatowskiego 55,kontakt@słomian.pl,+48 43 983 85 17,dostawca,Mateusz Działa,2026-07-17,aktywny
413,Pawlaczek-Bujko Sp. z o.o. Sp.k. Sp. z o.o.,5867342579,868446134,PL,Gliwice,40-308,al. Maczka 15,kontakt@pawlaczek-bujko.pl,+48 50 121 92 87,klient,pani Anita Iskierka,2021-03-03,aktywny
414,Grupa Olbrych-Chlebek S.A. Sp. J.,3486451833,575026390,PL,Starachowice,44-945,pl. Fredry 27,kontakt@grupa.pl,+48 12 502 42 48,klient,Róża Franiak,2023-03-14,aktywny
415,Stowarzyszenie Gryska-Gierasimiuk i syn s.c. sp. z o.o.,7560417762,457257753,PL,Świnoujście,96-058,al. Szarych Szeregów 58/80,kontakt@stowarzyszenie.pl ,+48 23 944 30 99,dostawca,Aurelia Trawka,2026-03-27,aktywny
416,Gabinety Staręga S.A.,9857002721,103302620,PL,Skierniewice,09 993,aleja Makuszyńskiego 56,kontakt@gabinety.pl,+48 36 743 49 50,oba,Anita Szkatuła,2021-06-24,aktywny
417,Spółdzielnia Kastelik Sp. z o.o. sp. z o.o.,8296577249,286271681,PL,Ostrów Mazowiecka,40-723,plac Broniewskiego 173,kontakt@spółdzielnia.pl,+48 47 303 20 63,dostawca,pani Roksana Kuncewicz,2022-08-07,aktywny
418,STOWARZYSZENIE SMEKTAŁA-CECOT SP. Z O.O. SP.K. S.A.,9300893171,312886716,PL,Katowice,26-936,aleja Kolorowa 78,kontakt@stowarzyszenie.pl,+48 32 150 61 89,dostawca,Rafał Kiliszek,2023-06-23,aktywny
419,FPUH Bork s.c. Spółka z o.o.,2910867719,341037805,POL,Piekary Śląskie,42-147,ulica Krakowska 07/68,kontakt@fpuh.pl,+48 35 982 44 46,oba,Jan Biegała,2026-02-06,aktywny
420,Grabas i syn s.c. S.A.,3934362629,130894901,Poland,Giżycko,12-342,ul. Osiedlowa 40/94,kontakt@grabas,+48 44 341 89 67,klient,Kazimierz Bubak,2024-09-14,aktywny
421,Kasper-Kleina s.c. Sp. J.,7107256361,860695792,PL,Legionowo,99-452,pl. Broniewskiego 24,kontakt@kasper-kleina.pl,+48 87 362 19 22,oba,Bartek Misiuk,2021-03-20,aktywny
422,PPUH Kazek-Tereszkiewicz s.c. sp. z o.o.,7599004894,509028714,PL,Starogard Gdański,71-327,plac Powstańców 932,kontakt@ppuh.pl,+48 61 787 57 26,oba,Fabian Niebudek,2021-01-07,aktywny
423,PPUH Leśny Spółka z o.o.,2875721580,564854683,PL,Częstochowa,17-030,ul. Południowa 016,kontakt@ppuh.pl,+48 44 219 50 15,klient,Kajetan Osojca,2026-02-26,nieaktywny
424,PPUH Broszkiewicz-Pasztaleniec Sp.k. Spółka z o.o.,5644948569,277150029,PL,Bartoszyce,58-632,plac Mieszka I 81,kontakt@ppuh.pl,+48 73 882 29 81,oba,pan Aleksander Goliasz,2025-06-29,aktywny
425,Grupa Symonowicz Sp. z o.o. Sp.k. sp. z o.o.,0320742766,224579869,POL,Wągrowiec,83-728,al. Jałowcowa 29,kontakt@grupa.pl,+48 16 552 55 81,dostawca,Dariusz Kołaczyk,2025-09-09,aktywny
426,Kidawa-Bartman Sp. z o.o. Sp.k. Sp. J.,2151342283,983229699,PL,Świętochłowice,59-500,ulica Piekarska 57,kontakt@kidawa-bartman.pl,+48 83 779 84 37,oba,pan Julian Wojtiuk,2020-08-08,aktywny
427,PPUH Lizurej sp.k.,2613715041,831553554,PL,Zielona Góra,66-106,ul. Brzoskwiniowa 14/87,kontakt@ppuh.pl,+48 61 482 85 23,dostawca,Tola Stroka,2022-04-13,aktywny
428,Namysł-Krefta s.c. S.A.,7749050974,448875327,PL,Słupsk,62-394,aleja Radosna 96/69,kontakt@namysł-krefta.pl,+48 38 983 16 92,dostawca,pani Justyna Dobosiewicz,2024-03-07,aktywny
429,Ceynowa Sp.k. Sp. J.,1896164233,927723397,PL,Ząbki,63-118,al. Kazimierza Wielkiego 17/24,kontakt@ceynowa.pl,+48 22 121 36 30,dostawca,Krzysztof Ciarka,2025-01-26,aktywny
430,Trawka i syn s.c. Sp. J.,2147649259,814596978,PL,Giżycko,99-840,al. Pałacowa 01/32,kontakt@trawka.pl,+48 58 624 35 72,dostawca,Tymon Zuziak,2024-11-28,aktywny
431,Hadam-Madura Sp. z o.o. Sp.k. sp.k.,9616592660,199801582,PL,Nysa,79-592,ul. Krakowska 54/94,kontakt@hadam-madura.pl,+48 76 449 69 96,klient,Mieszko Strzyż,2022-04-19,nieaktywny
432,Grupa Dębniak-Białczyk Sp.j. sp.k.,814-761-74-23,237213199,PL,Zielona Góra,38-064,plac Stycznia 85/14,kontakt@grupa.pl,+48 42 635 64 47,oba,Marek Doroz,2021-02-03,aktywny
433,Fundacja Miozga-Groth Sp.k. Sp. z o.o.,,481669733,PL,Kołobrzeg,52-391,ul. Cisowa 238,kontakt@fundacja.pl,+48 85 183 74 12,klient,Olgierd Merda,2025-09-30,aktywny
434,Spółdzielnia Majorczyk i syn s.c. sp. z o.o.,6016459773,769811308,PL,Świecie,17-138,ulica Łąkowa 76,kontakt@spółdzielnia.pl,+48 54 992 33 37,klient,Karol Pusz,2021-06-08,aktywny
435,Gabinety Strzoda i syn s.c. sp.k.,4168006102,284399429,PL,Sandomierz,78 953,ul. Stolarska 68/76,kontakt@gabinety.pl,+48 69 808 61 94,oba,pani Justyna Golak,2026-01-06,aktywny
436,Grupa Mijas-Krakowczyk i syn s.c. sp.k.,5641220318,976139210,PL,Nowa Ruda,31-730,al. Poniatowskiego 95/00,kontakt@grupa.pl,+48 35 979 13 36,dostawca,pan Adam Patoka,2022-03-09,aktywny
437,FPUH Kwinta S.A. S.A.,8314727602,225046707,PL,Kościerzyna,94-540,plac Gałczyńskiego 89,kontakt@fpuh.pl,+48 30 856 99 66,dostawca,Andrzej Hus,2025-11-05,aktywny
438,Maron Sp.k. S.A.,9334960503,210234112,PL,Czeladź,75-320,ul. Głowackiego 07/78,kontakt@maron.pl,+48 64 968 73 84,oba,pan Nikodem Bulak,2023-10-27,aktywny
439,Stowarzyszenie Falba S.A.,7899730802,553123931,PL,Katowice,89-946,al. Konarskiego 40/79,kontakt@stowarzyszenie.pl,+48 81 165 44 92,dostawca,Anita Gomuła,2025-11-12,aktywny
440,Gabinety Wojniak sp.k.,5760243751,570417771,PL,Brodnica,04-294,ul. Zamkowa 14/42,kontakt@gabinety.pl,+48 75 324 85 97,dostawca,Jacek Tonder,2025-10-23,aktywny
441,Grupa Szczepan Spółka z o.o.,665-729-34-15,816246415,PL,Elbląg,78-179,ul. Tysiąclecia 524,kontakt@grupa.pl,+48 27 277 35 30,oba,Ada Wawszczyk,2026-01-28,aktywny
442,Gabinety Muc-Pytko Sp. z o.o. S.A.,7433800546,483372937,pl,Kalisz,77-957,aleja Malczewskiego 637,kontakt@gabinety.pl,+48 33 947 74 14,klient,Nikodem Ochota,2024-05-06,aktywny
443,Grupa Majtyka sp.k.,3183745501,926883089,PL,Łomża,97-840,ulica Kalinowa 674,kontakt@grupa.pl,+48 30 973 98 75,oba,pan Rafał Ograbek,2021-09-22,aktywny
444,Fundacja Kutera S.A. S.A.,7119918081,213184291,PL,Police,56-013,plac Kraszewskiego 58/01,kontakt@fundacja.pl,+48 91 220 36 56,klient,pani Inga Kontny,2023-11-01,aktywny
445,Stowarzyszenie Szlufik sp.k.,7125521371,546407987,PL,Żory,13-262,pl. Powstańców Wielkopolskich 39/38,kontakt@stowarzyszenie.pl,+48 42 954 70 53,dostawca,pani Natasza Kwapień,2026-03-22,aktywny
446,Heczko Sp. z o.o. Spółka z o.o.,5653286323,960892562,PL,Gliwice,02-422,ulica Toruńska 344,kontakt@heczko.pl,+48 63 519 68 76,oba,Filip Buśko,2024-08-12,nieaktywny
447,Grupa Oszust-Ziajka Sp.k. S.A.,2081155623,566081562,PL,Stargard Szczeciński,77-654,ulica Sadowa 26/92,kontakt@grupa.pl,+48 61 877 14 94,oba,Daniel Żołądź,2022-04-02,nieaktywny
448,Fundacja Andryszczyk Sp. z o.o.,8466845508,987988308,PL,Zabrze,82-465,plac Kosynierów 54/21,kontakt@fundacja.pl,+48 78 725 28 99,dostawca,Stanisław Ostafin,2025-07-24,aktywny
449,Stowarzyszenie Saj Sp. z o.o. Sp.k. sp.k.,9975634105,677064820,PL,Łomża,23-452,aleja Piękna 62/71,kontakt@stowarzyszenie.pl,+48 60 842 26 76,oba,Rozalia Sporysz,2023-09-28,aktywny
450,Spółdzielnia Szkaradek Sp.k. sp.k.,8485200899,377766466,PL,Gorzów Wielkopolski,57-733,plac Kościuszki 19,kontakt@spółdzielnia.pl,+48 49 843 64 74,klient,Adrianna Wiatrak,2021-03-25,aktywny
451,Spółdzielnia Bisaga Sp.k. Spółka z o.o.,8510174909,586563056,PL,Warszawa,05-681,al. Orzechowa 56/90,kontakt@spółdzielnia.pl,+48 41 924 84 82,oba,pan Przemysław Bodek,2026-07-16,aktywny
452,Dziduch S.A. sp. z o.o.,5449268314,452022995,PL,Warszawa,50-978,pl. Sikorskiego 85/54,kontakt@dziduch.pl,+48 57 565 22 28,oba,Adam Rorat,2025-05-01,aktywny
453,Tasarz s.c. Sp. z o.o.   ,1062737157,826732562,PL,Puławy,11-862,al. Czereśniowa 80,kontakt@tasarz.pl,+48 86 672 76 60,dostawca,Rafał Harasimiuk,2026-02-25,aktywny
454,Grupa Kornak Sp.k. S.A.,7622827724,856477620,PL,Tarnobrzeg,63 087,pl. Konstytucji 3 Maja 20,kontakt@grupa.pl,+48 99 317 68 70,klient,Szymon Słonka,2022-04-26,nieaktywny
455,Spółdzielnia Sajda-Prażmo Sp. z o.o. Spółka z o.o.,196-115-94-00,661328067,PL,Czeladź,83-316,al. Łąkowa 50,kontakt@spółdzielnia.pl,+48 26 480 49 57,dostawca,pani Marika Wita,2023-11-09,aktywny
456,Zemanek-Kala Sp.k. sp. z o.o.,2960443275,102239566,PL,Dzierżoniów,59-963,pl. Konstytucji 3 Maja 31/02,kontakt@zemanek-kala.pl,+48 81 457 18 15,dostawca,pan Marek Pawela,2025-12-14,aktywny
457,Pelka Sp.k. sp.k.,7567922871,917846365,PL,Zakopane,17-015,ulica Wyzwolenia 79,kontakt@pelka.pl,+48 96 559 29 51,klient,Tola Morys,2025-02-24,aktywny
458,Początek Sp.j. S.A.,5807412098,776574610,PL,Giżycko,79-226,ulica Górska 651,kontakt@początek.pl,+48 82 760 25 92,oba,Kazimierz Mateńko,2021-07-06,aktywny
459,Melcer-Bulanda s.c. sp.k.,1820433974,190890036,Poland,Jelenia Góra,43065,aleja Targowa 258,kontakt@melcer-bulanda.pl,+48 62 703 15 72,klient,Monika Pabis,2024-05-15,aktywny
460,Grupa Leks-Dmoch i syn s.c. S.A.,0856411186,280556122,PL,Czerwionka-Leszczyny,79 386,ulica Baczyńskiego 00,kontakt@grupa.pl,+48 29 287 42 21,klient,Dawid Smolka,2023-12-31,nieaktywny
461,Stowarzyszenie Żołnierczyk-Kuczaj i syn s.c. Sp. J.,2095200463,206025798,PL,Reda,61-709,ulica Kochanowskiego 48/76,kontakt@stowarzyszenie.pl,+48 29 522 51 43,dostawca,Tymoteusz Kuder,2021-11-30,aktywny
462,Wlazły S.A. sp. z o.o.,9937886141,165103088,PL,Jawor,64-627,aleja Wałowa 083,kontakt@wlazły.pl,+48 70 666 62 18,dostawca,Ignacy Sanetra,2020-11-18,aktywny
463,Graban Sp. z o.o. Sp.k. sp. z o.o.,0489138242,710149111,PL,Lubartów,70-520,aleja Maczka 34/03,kontakt@graban.pl,+48 68 185 91 74,klient,Krystian Woronko,2022-02-26,aktywny
464,Fundacja Ambrozik S.A. sp. z o.o.,3868700790,410579235,PL,Świecie,06-056,pl. Bema 64,kontakt@fundacja.pl,+48 11 161 71 44,oba,pani Blanka Piłka,2023-05-16,aktywny
465,Zaczyk S.A. S.A.,5398402894,175092373,PL,Słupsk,04-497,ul. Kopernika 79,kontakt@zaczyk.pl,+48 22 504 99 25,klient,pani Monika Politowicz,2023-09-10,nieaktywny
466,Spółdzielnia Ficoń sp. z o.o.,5379502092,611669068,PL,Elbląg,42-234,ulica Chmielna 63,kontakt@spółdzielnia.pl,+48 12 788 32 62,oba,Natasza Polakiewicz,2026-01-15,aktywny
467,Grupa Kieca Sp.j. sp.k.,1180715697,484362791,PL,Kalisz,28-951,al. Partyzantów 527,kontakt@grupa.pl,+48 33 959 99 11,klient,Maurycy Kostek,2025-09-30,aktywny
468,Filak-Jonczyk Sp. z o.o. sp. z o.o.,7030453193,771342645,PL,Białogard,73-062,plac Prusa 762,kontakt@filak-jonczyk.pl,+48 39 339 73 56,klient,pani Marcelina Halik,2023-09-15,aktywny
469,Graboń-Kolka Sp.k. Sp. J.,9303614987,630440618,PL,Września,22-592,ul. Żeromskiego 873,kontakt@graboń-kolka.pl,+48 81 298 94 82,oba,pan Sebastian Lejman,2022-07-11,aktywny
470,FPUH Kasznia S.A. sp. z o.o.,1249384309,844087852,PL,Leszno,42-445,ul. Waryńskiego 90,kontakt@fpuh.pl,+48 98 673 68 10,dostawca,Aleksander Tatarek,2021-02-20,nieaktywny
471,FPUH Sporysz s.c. Spółka z o.o.,6641877585,914993363,PL,Lublin,55-544,al. Jesionowa 731,kontakt@fpuh.pl,+48 39 148 45 63,oba,Kalina Lisak,2025-08-04,aktywny
472,Andruszko-Golan S.A. S.A.,3519036135,311394879,PL,Kętrzyn,12-017,al. Chabrowa 79/90,kontakt@andruszko-golan.pl,+48 53 418 18 90,oba,pan Ernest Kuśka,2021-08-23,aktywny
473,Spółdzielnia Dolega i syn s.c. S.A.   ,0954317352,993908879,PL,Krosno,81-476,pl. Korfantego 16/58,kontakt@spółdzielnia.pl,+48 53 632 40 19,oba,Gustaw Strawa,2025-06-23,aktywny
474,FPUH Block Sp. J.,7911006519,940360006,PL,Czeladź,74-814,ulica Chełmońskiego 085,kontakt@fpuh.pl,+48 18 921 66 17,dostawca,Kamil Noculak,2025-05-26,aktywny
475,Fundacja Graban Sp. J.,080-466-19-64,350302083,PL,Białystok,47-376,ulica Wybickiego 32/53,kontakt@fundacja.pl,+48 69 493 69 64,oba,Malwina Wojniak,2021-09-10,aktywny
476,GABINETY KUŁACH-SZELA I SYN S.C. SP. J.,0785931108,739064402,PL,Piastów,98-231,plac Broniewskiego 64/01,kontakt@gabinety.pl,+48 86 908 34 83,klient,pani Nela Niemira,2026-04-07,aktywny
477,PPUH Grymuza-Fraś Sp.j. S.A.,,434649743,PL,Lubliniec,69-695,al. Jana III Sobieskiego 51/37,kontakt@ppuh.pl,+48 76 767 55 49,oba,Maksymilian Suszka,2022-03-11,aktywny
478,Majorczyk-Tomalak Sp. z o.o. Spółka z o.o.,9545089208,354892732,PL,Jastrzębie-Zdrój,36 115,pl. Batalionów Chłopskich 38,kontakt@majorczyk-tomalak.pl,+48 65 452 35 35,oba,Gustaw Skalik,2022-10-25,aktywny
479,Spółdzielnia Kubanek-Wysota Sp.j. Spółka z o.o.,3779599591,421726973,PL,Mińsk Mazowiecki,95-661,aleja Mostowa 03,kontakt@spółdzielnia.pl,+48 53 266 23 68,klient,pani Julita Pytko,2026-02-13,aktywny
480,Fundacja Wandas Sp. z o.o.,337-933-75-68,320456760,PL,Bielsk Podlaski,90-543,al. Powstańców Śląskich 924,kontakt@fundacja.pl,+48 34 945 10 56,klient,Robert Burzawa,2021-05-21,aktywny
481,Stowarzyszenie Nowotny i syn s.c. sp.k.,1247395007,313806556,PL,Częstochowa,19-362,plac Reja 28/42,kontakt@stowarzyszenie.pl,+48 47 278 38 43,oba,Marcin Jereczek,2022-07-06,aktywny
482,Forysiak-Saternus Sp. z o.o. Sp.k. sp.k.,3230241022,506865213,PL,Łuków,17-452,plac Kilińskiego 80,kontakt@forysiak-saternus.pl,+48 54 315 49 68,klient,pani Marianna Kempka,2024-09-14,aktywny
483,PPUH ŚWIGOŃ S.C. SP. J.,2896112231,305816222,POL,Biała Podlaska,16-943,aleja Ceglana 75,kontakt@ppuh.pl,+48 99 483 50 86,dostawca,Jan Klęk,2023-04-20,nieaktywny
484,PPUH Bogaczyk-Chachaj Sp.k. sp.k.,,235783814,PL,Pruszków,61-918,plac Jana Sobieskiego 75/17,kontakt@ppuh.pl,+48 37 844 20 70,oba,Sebastian Gajcy,2021-04-14,aktywny
485,Grupa Labudda-Langa Sp.j. S.A.,8578725583,845724084,PL,Pruszcz Gdański,29-457,plac Kazimierza Wielkiego 93,kontakt@grupa.pl,+48 74 585 44 84,dostawca,Konstanty Mysiak,2020-12-19,aktywny
486,Damps s.c. sp. z o.o.,7363466928,501694717,PL,Mikołów,87-688,aleja Poznańska 599,kontakt@damps.pl,+48 81 186 27 20,dostawca,Olgierd Kaliciak,2025-07-17,aktywny
487,Gral-Choina Sp.j. sp. z o.o.,9078956771,564399416,PL,Krosno,50-382,aleja Niecała 478,kontakt@gral-choina.pl,+48 58 923 73 50,dostawca,Przemysław Rode,2024-11-05,aktywny
488,FPUH Ciochoń i syn s.c. S.A.,3415148889,791118651,PL,Mińsk Mazowiecki,37 168,pl. Konarskiego 299,kontakt@fpuh.pl,+48 46 333 22 25,klient,Julian Czesak,2024-08-06,aktywny
489,Fundacja Heba sp. z o.o.,535-444-39-21,907865473,PL,Ostróda,43-068,al. Żeromskiego 64,kontakt@fundacja.pl,+48 12 888 48 46,dostawca,Tymoteusz Wiraszka,2025-02-01,nieaktywny
490,FPUH Sykała i syn s.c. sp.k.,0782633379,350958360,PL,Chorzów,26-191,al. Rajska 049,kontakt@fpuh.pl,+48 70 448 20 50,klient,Anastazja Ubysz,2025-05-14,aktywny
491,Spółdzielnia Hejduk i syn s.c. Sp. J.,6377805297,237810085,PL,Warszawa,20-269,plac Sikorskiego 46/27,kontakt@spółdzielnia.pl,+48 12 611 94 55,dostawca,Antoni Murach,2023-02-01,aktywny
492,Fundacja Świątkiewicz Sp. J.,6845909022,265024710,PL,Grodzisk Mazowiecki,96-371,al. Szarych Szeregów 471,kontakt.fundacja.pl,+48 83 744 87 87,oba,pani Agnieszka Parada,2024-12-10,nieaktywny
493,Grupa Tofil-Wochnik Sp.j. sp. z o.o.,6186371592,584832360,PL,Białogard,18-366,ulica Broniewskiego 650,kontakt@grupa.pl,+48 22 275 23 96,oba,Aleks Wawrzyn,2022-07-20,aktywny
494,Jagiełka S.A. Sp. J.,9702316435,350224182,PL,Płońsk,81-188,ulica Okulickiego 544,kontakt@jagiełka.pl,+48 95 636 18 68,klient,pani Anna Maria Ryznar,2024-09-09,aktywny
495,Gabinety Szymajda sp. z o.o.,5662128670,897943460,PL,Wrocław,18-531,plac Sawickiej 652,kontakt@gabinety.pl,+48 60 986 36 26,klient,Przemysław Pociask,2024-01-12,aktywny
496,Spółdzielnia Stwora-Kulisz i syn s.c. Sp. J.,7299493877,395752497,PL,Bielawa,79-707,ul. Korczaka 112,kontakt@spółdzielnia.pl,+48 11 246 67 18,dostawca,Malwina Żynda,2023-04-30,aktywny
497,FPUH Godzik sp.k.,7779014753,851959157,PL,Chorzów,57-912,al. Partyzantów 40/13,kontakt@fpuh.pl,+48 61 727 32 63,klient,Julian Sudak,2022-07-28,nieaktywny
498,Gospodarek-Stochmal S.A. Sp. J.,6762916031,269578434,PL,Włocławek,11-436,pl. Kopernika 76,kontakt@gospodarek-stochmal.pl,+48 91 650 47 95,klient,Konrad Dybaś,2022-12-29,nieaktywny
499,Ratka Sp.k. S.A.,8151185674,276994644,PL,Lębork,76-061,ul. Letnia 14,kontakt@ratka.pl,+48 37 618 15 69,klient,Patryk Derek,2021-05-18,aktywny
500,Stuglik S.A. Sp. J.,7656360044,223139628,PL,Bochnia,26-190,pl. Rynek 24,kontakt@stuglik.pl,+48 52 786 69 72,dostawca,pani Kornelia Niewola,2021-04-28,aktywny
501,  Gabinety Klus-Prawdzik S.A. Sp. J.,3727422099,207927292,PL,Cieszyn,73-070,ulica Łanowa 34,kontakt@gabinety.pl,+48 48 227 78 60,klient,Julita Bitner,2021-06-05,aktywny
502,Połom s.c. Sp. z o.o.,4275230834,574656314,PL,Lubliniec,61-376,pl. Kasprowicza 12/56,kontakt@połom.pl,+48 92 930 76 92,oba,Bruno Zbiciak,2021-09-17,aktywny
503,Wielgos-Staniaszek i syn s.c. Spółka z o.o.,1312206812,975769961,PL,Racibórz,16-478,ulica Pałacowa 480,kontakt@wielgos-staniaszek.pl,+48 52 675 90 34,oba,Arkadiusz Galek,2022-11-18,nieaktywny
504,Siwczak Sp. z o.o. Sp.k. S.A.,6133155207,531793991,PL,Sanok,77-754,plac Wyszyńskiego 64/63,kontakt@siwczak.pl,+48 12 498 37 68,klient,Lidia Stachewicz,2021-04-19,aktywny
505,Spółdzielnia Fikus Spółka z o.o.,9501364976,209321507,PL,Wałcz,63-689,aleja Ptasia 11/26,kontakt@spółdzielnia.pl,+48 43 197 86 51,oba,Tola Grab,2024-11-30,aktywny
506,Bobak-Pachuta S.A. Sp. J.,2525715099,728178604,PL,Wejherowo,26-610,ul. Morelowa 749,kontakt@bobak-pachuta.pl,+48 59 623 91 39,oba,Blanka Flieger,2020-09-15,aktywny
507,FPUH Minkina Sp.j. sp.k.,1436391022,502141680,PL,Wołomin,66-286,aleja Wolności 47,kontakt@fpuh.pl,+48 48 306 29 58,klient,pan Jędrzej Cieciura,2020-12-25,aktywny
508,Słabosz Sp.k. Sp. J.,9752450869,795834545,PL,Radom,09 511,pl. Partyzantów 952,kontakt@słabosz.pl,+48 14 334 52 53,klient,Patryk Trojanowicz,2022-11-13,aktywny
509,Węgrzyk i syn s.c. Sp. J.,,169381847,PL,Dzierżoniów,99-505,ul. Zbożowa 77/84,kontakt@węgrzyk.pl,+48 19 297 16 91,klient,pani Elżbieta Domżał,2022-11-06,aktywny
510,Grupa Duczek Sp.j. sp. z o.o.,9833816747,276264180,PL,Racibórz,49-454,ul. Sportowa 84,kontakt@grupa.pl,+48 42 534 32 87,klient,Marika Hartman,2023-12-16,aktywny
511,Kordus-Kajak Sp.j. S.A.,7689627067,558914339,PL,Wołomin,98-113,al. Tysiąclecia 89/77,kontakt@kordus-kajak.pl,+48 49 709 78 29,oba,Dorota Fik,2022-07-12,aktywny
512,Stowarzyszenie Kuza s.c. S.A.,4746897154,246733633,PL,Dębica,79-693,plac Kazimierza Wielkiego 09,kontakt@stowarzyszenie.pl,+48 36 258 34 10,klient,Hubert Grotek,2026-03-04,aktywny
513,Stowarzyszenie Jośko Spółka z o.o.,7666567491,176487306,PL,Koło,75-028,pl. Kraszewskiego 65,kontakt@stowarzyszenie.pl,+48 15 227 59 82,klient,pani Malwina Parzyszek,2022-09-26,aktywny
514,Powązka-Kiljan Sp.k. Spółka z o.o.,5875066332,612953915,PL,Piekary Śląskie,76-087,pl. Floriana 152,kontakt@powązka-kiljan.pl,+48 57 746 96 13,oba,Julita Grygorowicz,2022-03-20,aktywny
515,Kubasiewicz Sp.k. S.A.,2439920119,791916428,PL,Świdnik,73-528,al. Sosnowa 79/05,kontakt@kubasiewicz.pl,+48 61 823 85 20,oba,Anita Trochimiuk,2022-09-04,nieaktywny
516,PPUH Rodzeń sp. z o.o.,644-886-94-66,907950191,PL,Oleśnica,13-708,pl. Głowackiego 852,kontakt@ppuh.pl,+48 24 751 83 54,klient,Dariusz Dziarmaga,2023-07-29,aktywny
517,Pędzik-Kasiak i syn s.c. Sp. J.,6402701162,663673646,PL,Zabrze,69-220,plac Sienkiewicza 963,kontakt@pędzik-kasiak.pl,+48 94 395 65 31,klient,Elżbieta Grzelczyk,2024-10-04,aktywny
518,Stowarzyszenie Leszczuk-Rohde s.c. sp. z o.o.,3728179324,315758599,PL,Police,61-438,aleja Grottgera 48,kontakt@stowarzyszenie.pl,+48 34 928 34 43,dostawca,Kornelia Nastały,2025-07-02,aktywny
519,Stowarzyszenie Pagacz-Kazior Sp.j. sp.k.,121-416-14-16,467382830,PL,Przemyśl,80-528,ul. Kwiatowa 82/97,kontakt@stowarzyszenie.pl,+48 85 340 71 72,oba,Roksana Kryszkiewicz,2021-09-08,aktywny
520,GABINETY PASICH-RUMAN I SYN S.C. SPÓŁKA Z O.O.,0901380690,658425333,PL,Oświęcim,73-745,pl. Gałczyńskiego 57,kontakt@gabinety.pl,+48 73 584 53 87,dostawca,Tadeusz Krysik,2024-05-01,aktywny
521,Gabinety Mrotek Spółka z o.o.,5356690552,965726040,PL,Świnoujście,41-881,ulica Chmielna 424,kontakt@gabinety.pl,+48 11 567 99 61,oba,Olga Kurc,2022-02-11,aktywny
522,Wojaczek S.A. Sp. z o.o.,8435797866,808914863,PL,Bydgoszcz,32-817,plac Baczyńskiego 66/03,kontakt@wojaczek.pl,+48 11 753 51 12,oba,Jeremi Kopa,2024-08-06,nieaktywny
523,Jędrzejek i syn s.c. Sp. J.,5739769154,559471600,PL,Tczew,85-564,ulica Bolesława Krzywoustego 001,kontakt@jędrzejek.pl,+48 95 977 99 22,oba,pani Kalina Czylok,2024-11-15,aktywny
524,Stowarzyszenie Pachnik Sp.k. sp. z o.o.,8727178331,327247605,PL,Ruda Śląska,51-966,pl. Norwida 98,kontakt@stowarzyszenie.pl,+48 95 816 21 23,dostawca,Angelika Leszczak,2020-11-19,aktywny
525,Gabinety Deszcz-Wiszowata Sp.j. Spółka z o.o.,6434712878,197111094,PL,Ruda Śląska,31-615,aleja Pomorska 63/63,kontakt@gabinety.pl,+48 39 689 86 18,oba,Dominik Przewoźna,2024-05-28,aktywny
526,Parda-Kluj Sp.j. Sp. J.,6863341419,219596078,PL,Stalowa Wola,76-058,al. Reymonta 867,kontakt@parda-kluj.pl,+48 54 858 85 34,oba,Konstanty Dej,2021-11-10,aktywny
527,Sip-Buchalik Sp.k. sp. z o.o.,5690409837,516768084,PL,Krosno,40-022,pl. Makuszyńskiego 03/48,kontakt@sip-buchalik.pl,+48 51 889 56 96,klient,Fabian Luberda,2026-05-21,aktywny
528,Gabinety Woronko sp.k.,,998954542,PL,Wałbrzych,69-888,aleja Władysława Łokietka 64,kontakt@gabinety.pl,+48 74 796 68 28,oba,Tomasz Labocha,2023-09-26,aktywny
529,Macioł-Kuświk i syn s.c. Sp. J.,0954814978,777613840,PL,Jaworzno,57-647,plac Grottgera 41,kontakt@macioł-kuświk.pl,+48 74 398 58 17,dostawca,pan Leonard Ziółko,2022-04-09,aktywny
530,FPUH Gregorek sp. z o.o.,3027642084,521213424,PL,Tychy,21-716,plac Pułaskiego 985,kontakt@fpuh.pl,+48 65 794 70 54,dostawca,pan Fryderyk Solarek,2024-12-10,aktywny
531,Rosada-Panicz i syn s.c. Sp. J.,443-861-25-98,964439252,PL,Nowy Dwór Mazowiecki,18-004,ul. Zielna 911,kontakt@rosada-panicz.pl,+48 49 568 93 30,oba,Witold Kusik,2022-02-06,aktywny
532,Kopiczko-Ziajka Sp.k. S.A.,423-330-59-12,828338194,PL,Świnoujście,41-463,ul. Strzelecka 95,kontakt@kopiczko-ziajka.pl,+48 59 537 96 31,klient,Konrad Łyskawa,2021-08-20,aktywny
533,Stowarzyszenie Tutka Sp.j. S.A.,2018596265,363067825,PL,Dębica,74-230,ulica Ciasna 93/17,kontakt@stowarzyszenie.pl,+48 26 346 60 72,dostawca,Błażej Solich,2022-06-29,aktywny
534,Zieja-Linda s.c. S.A.,176-475-01-12,188730795,PL,Chojnice,77-267,ulica Kołłątaja 91,kontakt@zieja-linda.pl,+48 73 756 95 75,klient,Anna Maria Nazarewicz,2020-10-25,aktywny
535,Gabinety Piekacz Sp.j. sp.k.,7419267647,713560882,PL,Opole,29-731,ulica Korfantego 476,kontakt@gabinety.pl,+48 23 433 18 78,klient,Kornelia Demiańczuk,2025-02-07,aktywny
536,Kożuszek-Ochnik i syn s.c. Sp. z o.o.,6888718984,866382282,PL,Bełchatów,94-694,aleja Kilińskiego 204,kontakt@kożuszek-ochnik.pl,+48 37 774 25 33,oba,Marek Senger,2022-07-30,aktywny
537,Spółdzielnia Milcarz s.c. S.A.,5102932187,375694467,PL,Wągrowiec,83-470,ulica Skrajna 56,kontakt@spółdzielnia.pl,+48 21 227 74 48,dostawca,Ernest Ciastek,2022-06-25,aktywny
538,FPUH Fryś Sp. z o.o. Sp.k. Sp. J.,034-084-87-23,719625768,PL,Rzeszów,13-571,ulica Zaciszna 75,kontakt@fpuh.pl,+48 99 420 76 55,oba,Jan Suchta,2026-04-14,aktywny
539,PPUH Kasak-Ficner Sp.j. Sp. z o.o.,0303243291,692781326,Polska,Świecie,48-136,ul. Drzymały 42,kontakt@ppuh.pl,+48 86 467 45 26,oba,pan Jerzy Broś,2025-04-16,aktywny
540,Sularz Sp.k. Spółka z o.o.,2625660937,183241401,PL,Police,56146,plac Krasickiego 27,kontakt@sularz.pl,+48 26 644 24 97,oba,Olgierd Jas,2025-02-13,aktywny
541,Stowarzyszenie Prawdzik Sp. J.,1554234019,504968149,PL,Lubartów,34-530,plac Reja 728,kontakt@stowarzyszenie.pl,+48 59 207 25 32,oba,pan Patryk Dukat,2023-12-30,aktywny
542,Morcinek S.A. S.A.,185-948-49-14,151500184,PL,Katowice,61-267,aleja Świerczewskiego 70,kontakt@morcinek.pl,+48 51 869 59 33,dostawca,pan Maks Żugaj,2026-07-09,aktywny
543,Fundacja Pupek Sp. z o.o. S.A.,792-408-22-21,506734117,PL,Kościan,19-127,plac Staszica 228,kontakt@fundacja.pl,+48 17 842 91 57,oba,Sylwia Jeżyk,2023-05-09,aktywny
544,Spółdzielnia Han-Bosek s.c. S.A.,7275784468,658984263,PL,Płońsk,74-185,ul. Rolnicza 150,kontakt@spółdzielnia.pl,+48 50 750 21 49,dostawca,Marcel Nieszporek,2024-01-24,aktywny
545,PPUH Baszak Sp. J.,1131290140,695024527,PL,Ostrołęka,20-030,aleja Turkusowa 490,kontakt.ppuh.pl,+48 12 534 96 75,oba,pani Bianka Staśko,2022-02-01,aktywny
546,Stowarzyszenie Domińczak Sp.k. sp.k.,8160930687,904949834,PL,Mława,17-217,aleja Rubinowa 18,kontakt@stowarzyszenie.pl,+48 42 856 94 77,oba,Tomasz Bełz,2021-01-12,aktywny
547,Spółdzielnia Szłapa sp. z o.o.,8321528507,553894576,PL,Reda,52-092,ulica Poziomkowa 642,kontakt@spółdzielnia.pl,+48 59 274 57 24,dostawca,Radosław Dziadowicz,2023-05-12,aktywny
548,FPUH Hutyra Sp. z o.o. Sp.k. Sp. z o.o.,4474430961,333499326,Polska,Wągrowiec,78-135,plac Lelewela 837,kontakt@fpuh.pl,+48 93 627 14 69,oba,pan Marek Wałek,2026-01-12,aktywny
549,PPUH Twardy-Woszczyna i syn s.c. Sp. z o.o.,9754510528,531717324,PL,Świdnik,48-629,aleja Daszyńskiego 108,kontakt@ppuh.pl,+48 12 203 65 72,klient,pani Melania Wojtak,2021-07-05,aktywny
550,Judek-Bugiel Sp.k. sp. z o.o.,6170243762,501911728,PL,Kętrzyn,68-086,plac Świerczewskiego 74,kontakt@judek-bugiel.pl,+48 57 538 33 78,dostawca,Hubert Jasica,2021-10-11,nieaktywny
551,Gabinety Pyszka Sp. J.,7225605311,303546093,PL,Dzierżoniów,55-303,ul. Nałkowskiej 08,kontakt@gabinety.pl,+48 16 236 60 63,oba,Apolonia Ellwart,2024-04-09,nieaktywny
552,Grupa Cholewka Sp.k. sp. z o.o.,3741678725,448845506,PL,Kościan,73-833,plac Paderewskiego 18/01,kontakt@grupa.pl,+48 75 843 59 26,klient,pan Tomasz Jakóbiak,2021-10-07,aktywny
553,Grupa Igras Sp.j. sp. z o.o.,2580305696,891811110,PL,Kluczbork,39322,al. Malczewskiego 79/45,kontakt@grupa.pl,+48 66 591 47 46,dostawca,Bruno Pawlukiewicz,2021-06-26,aktywny
554,Prażuch s.c. sp. z o.o.,928-234-14-31,815466869,PL,Kędzierzyn-Koźle,87-109,ul. Słoneczna 102,kontakt@prażuch.pl,+48 36 585 23 99,oba,pan Mieszko Polasik,2026-03-11,aktywny
555,FPUH Łyczek-Świerkosz s.c. sp. z o.o.,9231260438,256990862,PL,Turek,47-708,pl. Jana Sobieskiego 122,kontakt@fpuh.pl,+48 13 731 35 21,klient,Rafał Pietrasz,2024-10-27,aktywny
556,Boduch S.A. Spółka z o.o.,3356708601,426728893,PL,Szczecin,27-493,pl. Staffa 68,kontakt@boduch.pl,+48 45 472 45 54,oba,Dawid Kij,2025-03-31,aktywny
557,Spółdzielnia Kubanek Sp.j. Sp. z o.o.,2000534748,751247855,PL,Gdańsk,15-171,aleja Baczyńskiego 079,kontakt@spółdzielnia.pl,+48 66 289 42 72,dostawca,Ksawery Fedak,2024-04-22,aktywny
558,Gabinety Goska-Kruzel Sp. z o.o. Sp. z o.o.,0825559892,498994177,PL,Zawiercie,02-106,pl. Korczaka 998,kontakt@gabinety.pl,+48 94 382 36 84,dostawca,Piotr Fudalej,2021-07-15,nieaktywny
559,Fundacja Korab s.c. sp. z o.o.,9109337113,686884756,PL,Wieluń,79-958,pl. Matejki 08/06,kontakt@fundacja.pl,+48 49 842 70 35,oba,pani Róża Siwka,2022-04-13,aktywny
560,Fundacja Forysiak Sp.j. sp. z o.o.,,172701447,PL,Brodnica,83-356,al. Sosnowa 43,kontakt@fundacja.pl,+48 64 636 74 12,klient,pan Borys Hanke,2023-08-19,aktywny
561,Spółdzielnia Koczara-Woszczak Sp. z o.o. Sp.k. sp. z o.o.,409-036-78-86,180515099,PL,Łowicz,92-673,ul. Zbożowa 66/57,kontakt@spółdzielnia.pl,+48 67 868 75 59,oba,Nikodem Sochaj,2024-12-07,aktywny
562,Małż Sp.j. Spółka z o.o.,3202939087,589026038,PL,Włocławek,23-205,aleja Wojska Polskiego 743,kontakt@małż.pl,+48 49 972 38 47,oba,Dagmara Kałek,2023-07-27,aktywny
563,Pałyga Sp. z o.o. Sp.k. sp. z o.o.,,390377213,PL,Tarnobrzeg,87-163,ulica Rejtana 56,kontakt@pałyga.pl,+48 93 354 36 78,klient,Olaf Pizoń,2020-07-28,aktywny
564,Spółdzielnia Młodzik-Ryczko Sp. z o.o. Sp.k. Sp. J.,9551842691,416641463,PL,Skierniewice,99-048,al. Armii Krajowej 89/10,kontakt@spółdzielnia.pl,+48 18 740 11 55,klient,pan Albert Bereda,2023-09-11,aktywny
565,Kilar s.c. Sp. z o.o.,891-649-83-73,336909366,PL,Września,14-844,ul. Dąbrowskiej 21,kontakt@kilar.pl,+48 45 308 84 90,dostawca,Olgierd Szczerbiak,2022-04-21,aktywny
566,FPUH Kiełbik Sp. J.,2693121638,588578468,PL,Zambrów,65-511,pl. Armii Krajowej 55/21,kontakt@fpuh.pl,+48 23 841 77 27,oba,Monika Ciochoń,2020-09-09,aktywny
567,  Bryzek i syn s.c. S.A.,601-002-31-41,253153814,PL,Chrzanów,44-294,ul. Jana Pawła II 565,kontakt@bryzek.pl,+48 12 910 23 79,oba,Krystian Sado,2024-05-09,nieaktywny
568,Fundacja Wac-Bobel S.A. Sp. z o.o.   ,3279724573,265907416,PL,Chojnice,53-941,al. Kolonia 50/72,kontakt@fundacja.pl,+48 18 656 98 44,oba,Eliza Osiadacz,2021-12-09,aktywny
569,Kurpisz Sp. z o.o. Sp.k. Sp. z o.o.,1841862031,125770743,PL,Piaseczno,99-169,ul. Wilcza 29,kontakt@kurpisz.pl,+48 65 494 28 55,oba,Angelika Golan,2023-10-10,aktywny
570,Fundacja Gaś Sp.k. Sp. J.,,181915702,PL,Bartoszyce,71-895,plac Władysława Jagiełły 48,kontakt@fundacja.pl,+48 26 469 20 15,oba,Olga Hubert,2022-04-02,aktywny
571,Wielgo-Witan s.c. sp.k.,5926249457,211586005,PL,Pruszcz Gdański,84-453,pl. Rejtana 63/41,kontakt@wielgo-witan.pl,+48 74 777 57 43,oba,Julita Pacholak,2021-05-31,aktywny
572,FPUH Botor Sp.k. sp. z o.o.,642-152-26-50,442862704,pl,Zielona Góra,67-554,plac Żeromskiego 84/85,kontakt@fpuh.pl,+48 65 592 98 62,oba,Michał Faryna,2024-04-18,aktywny
573,PPUH Bekus-Frączkiewicz i syn s.c. Sp. J.,3668788780,675753851,PL,Łaziska Górne,39-744,ul. Wiejska 485,kontakt@ppuh.pl,+48 60 185 84 63,oba,Franciszek Golisz,2023-01-07,aktywny
574,Śliż Sp. z o.o. Sp.k. sp. z o.o.,5030587219,163970728,PL,Ząbki,95-006,al. Myśliwska 99/89,kontakt@śliż.pl,+48 57 969 27 47,dostawca,Nataniel Durlak,2022-03-05,aktywny
575,FPUH Wrochna sp.k.,633-302-12-62,887140291,PL,Jawor,74-689,aleja Gałczyńskiego 31/58,kontakt@fpuh.pl,+48 65 480 16 99,klient,Olgierd Uziębło,2021-05-21,aktywny
576,Pachla Sp.k. sp.k.,2025213101,711155757,PL,Świdnik,53-084,ulica Głogowa 73,kontakt@pachla.pl,+48 30 883 33 70,oba,pan Daniel Tabak,2022-02-16,aktywny
577,Fundacja Szczypiór-Waloch s.c. Sp. J.,4765704127,164425366,PL,Środa Wielkopolska,51-893,plac Kossaka 776,kontakt@fundacja.pl,+48 88 869 32 74,klient,Julian Mortka,2020-09-05,aktywny
578,Jaszcz-Niedbał Sp.j. S.A.,7849843622,391872669,PL,Włocławek,91526,ul. Kosynierów 77,kontakt@jaszcz-niedbał.pl,+48 77 486 26 37,dostawca,Damian Waloch,2021-03-09,aktywny
579,Grupa Stuglik sp. z o.o.,8917756624,158703244,PL,Sieradz,15-124,plac Mickiewicza 21/54,kontakt.grupa.pl,+48 93 534 34 44,klient,pani Marcelina Sędek,2021-09-23,aktywny
580,Miąsko S.A. sp.k.,5034281138,741142796,PL,Koszalin,76-432,aleja Stroma 27,kontakt@miąsko.pl,+48 50 292 80 35,oba,Marcel Łasica,2020-12-02,aktywny
581,Grupa Budzich Sp. z o.o.,,879201690,PL,Gdynia,54-493,al. Szarych Szeregów 567,kontakt@grupa.pl,+48 27 819 96 22,dostawca,Sebastian Andrejczuk,2025-02-15,nieaktywny
582,Gabinety Mirończuk Sp.k. sp.k.,1820967903,411513318,PL,Mikołów,20-888,pl. Żeromskiego 96/63,kontakt@gabinety.pl,+48 30 798 69 20,oba,Natan Sommerfeld,2021-08-09,nieaktywny
583,Bernard Sp.j. sp. z o.o.,3228898576,943265140,PL,Świebodzice,36662,ulica Akacjowa 48/18,kontakt@bernard.pl,+48 54 397 56 89,dostawca,Eryk Jama,2021-01-02,nieaktywny
584,PPUH Ropiak-Moryc s.c. Sp. J.,6339912973,204588938,PL,Dzierżoniów,25-769,ul. Miła 82/04,kontakt@ppuh.pl,+48 29 884 49 80,klient,Andrzej Dąbkiewicz,2026-02-25,aktywny
585,Fundacja Goś-Zemanek s.c. Spółka z o.o.,2421495514,176379467,PL,Krotoszyn,42-412,ul. Baczyńskiego 56,kontakt@fundacja.pl,+48 69 364 70 42,dostawca,Urszula Słomian,2022-02-18,nieaktywny
586,Stowarzyszenie Nogieć-Fidler Sp. z o.o. sp.k.,7054669272,493775775,PL,Płock,13-555,aleja Kochanowskiego 41,kontakt@stowarzyszenie.pl,+48 58 185 97 62,oba,Norbert Ernst,2025-08-09,aktywny
587,Żok-Pasich Sp. z o.o. Sp.k. Sp. J.,0903802149,503535467,PL,Piotrków Trybunalski,04-731,aleja Jastrzębia 52,kontakt@żok-pasich.pl,+48 83 508 19 38,dostawca,Kazimierz Ryczko,2025-09-28,aktywny
588,Gabinety Kopik Sp. z o.o. Spółka z o.o.,7787112163,924866347,PL,Radom,26-246,ul. Batalionów Chłopskich 86/14,kontakt@gabinety.pl,+48 36 511 52 18,dostawca,Alex Cholewka,2024-05-25,nieaktywny
589,Fundacja Szelest-Poczta Sp. z o.o. S.A.,3714708273,256244254,PL,Sieradz,82-240,aleja Rajska 13/82,kontakt@fundacja.pl,+48 51 681 14 86,dostawca,Nicole Mizgała,2021-04-04,nieaktywny
590,Grupa Piekara Sp.k. Spółka z o.o.,6730306447,782564037,PL,Jasło,27-802,aleja Czarnieckiego 38,kontakt@grupa.pl,+48 21 245 18 45,dostawca,Dagmara Żelazek,2021-06-22,aktywny
591,Szlaga i syn s.c. Sp. J.,7683420164,467240263,PL,Malbork,80-297,pl. Stycznia 74,kontakt@szlaga.pl,+48 32 303 54 63,dostawca,Fryderyk Wojtaszczyk,2025-11-21,aktywny
592,Polakiewicz-Fogiel s.c. sp. z o.o.,6596089317,876018644,PL,Bełchatów,06-166,pl. Jadwigi 61,kontakt@polakiewicz-fogiel.pl,+48 52 780 50 11,klient,Dagmara Aleksander,2025-09-13,nieaktywny
593,Spółdzielnia Kuder s.c. S.A.,5164807277,786031253,PL,Legionowo,88-969,plac Malczewskiego 74/35,kontakt@spółdzielnia.pl,+48 15 323 34 63,oba,pani Dorota Pierzak,2022-06-03,aktywny
594,Grupa Bednarowicz sp. z o.o.,5339055043,429601610,Poland,Tarnów,83-945,aleja Słoneczna 26,kontakt@grupa.pl,+48 74 764 68 62,dostawca,pan Cezary Sacharczuk,2024-07-02,aktywny
595,  Głuszko Sp. z o.o. sp.k.,6851276522,693514629,PL,Świecie,57-689,aleja Tartaczna 56/20,kontakt@głuszko.pl,+48 80 546 58 46,oba,Marcelina Kościołek,2025-06-18,aktywny
596,Gleba-Sroga S.A. Sp. J.,9111109615,633010732,PL,Piastów,03-777,plac Moniuszki 94,kontakt@gleba-sroga.pl,+48 92 554 74 84,klient,Jerzy Galek,2023-10-23,nieaktywny
597,Grupa Stoch sp. z o.o.,3786137153,952283874,PL,Brzeg,91-724,ul. Stycznia 61,kontakt@grupa.pl,+48 63 940 92 60,klient,Nicole Męcik,2024-10-04,aktywny
598,Spółdzielnia Zaborek S.A. sp.k.,4444630603,116675283,PL,Biłgoraj,95-580,pl. Konopnickiej 21/24,kontakt@spółdzielnia.pl,+48 30 909 57 76,oba,Angelika Sarosiek,2024-02-13,aktywny
599,Spółdzielnia Dytrych sp.k.,,560745246,PL,Jarocin,03-994,pl. Długosza 70/60,kontakt@spółdzielnia.pl,+48 92 499 32 61,dostawca,pani Anastazja Buszka,2026-05-11,aktywny
600,Malcharek s.c. sp. z o.o.,1281964829,446179340,PL,Żary,64-371,ul. Bolesława Krzywoustego 04,kontakt@malcharek.pl,+48 22 195 13 65,klient,Ewelina Śliż,2022-04-10,aktywny
601,Grupa Kołaczyk Sp. J.,8196027526,357399415,PL,Mysłowice,43-084,ul. Konstytucji 3 Maja 61,kontakt@grupa.pl,+48 49 298 78 41,oba,Konrad Kamela,2024-10-18,aktywny
602,Stowarzyszenie Siedlaczek Sp. J.,0412091176,739836790,PL,Gorlice,81-100,aleja Mazurska 95,kontakt@stowarzyszenie.pl,+48 24 245 46 43,klient,Witold Dybaś,2021-08-07,aktywny
603,Spółdzielnia Ignatiuk i syn s.c. Spółka z o.o.,,325803577,PL,Radom,43-533,ulica Sawickiej 97/17,kontakt@spółdzielnia.pl,+48 59 421 91 67,klient,Karol Juśkiewicz,2022-07-29,aktywny
604,Wyderka Sp. z o.o. Sp.k. sp. z o.o.,9901557992,686781414,PL,Białogard,09-802,ulica Jana Sobieskiego 049,kontakt@wyderka.pl,+48 31 634 42 25,klient,Wiktor Dziedzina,2020-11-21,aktywny
605,Ubysz Sp. z o.o. sp.k.,8235130525,335966701,PL,Pruszków,49-412,aleja Morelowa 90/76,kontakt@ubysz.pl,+48 99 229 44 45,dostawca,pan Fabian Fogt,2022-10-17,nieaktywny
606,Boba Sp.k. Spółka z o.o.,8477686344,285713869,Poland,Wałcz,04-465,al. Waryńskiego 11,kontakt@boba.pl,+48 98 966 45 60,klient,Gaja Frukacz,2024-01-20,aktywny
607,Cacko i syn s.c. sp. z o.o.,7676945919,752078737,PL,Mysłowice,74-130,pl. Pułaskiego 797,kontakt@cacko.pl,+48 65 304 82 55,dostawca,Andrzej Matla,2021-04-12,aktywny
608,Nieroda S.A. Sp. z o.o.,8496498566,132147781,PL,Piekary Śląskie,75-447,al. Wyzwolenia 82/27,kontakt@nieroda.pl,+48 34 928 51 64,klient,Cyprian Jeske,2024-07-27,aktywny
609,Grupa Wereda sp. z o.o.,,746179886,PL,Bochnia,85-695,ulica Norwida 80/65,kontakt@grupa.pl,+48 78 322 23 81,dostawca,Ksawery Działa,2021-05-25,aktywny
610,Opalach-Mućka Sp. z o.o. Sp.k. Sp. J.,6655330773,150242357,PL,Inowrocław,86-488,pl. Hallera 59/95,kontakt@opalach-mućka.pl,+48 64 222 25 67,klient,Sandra Cymer,2024-03-22,aktywny
611,Wyrobek-Uziębło i syn s.c. sp. z o.o.,9040907426,532514798,PL,Białystok,64-225,ulica Kamienna 933,kontakt@wyrobek-uziębło.pl,+48 79 640 15 53,oba,pan Leonard Kulczak,2020-09-27,aktywny
612,Wojtunik-Wiencek i syn s.c. Sp. z o.o.,6445561851,630233687,PL,Kraków,47-011,aleja Kolejowa 12/47,kontakt@wojtunik-wiencek.pl,+48 61 405 99 68,dostawca,Janina Truchel,2021-12-02,aktywny
613,Grupa Madejczyk sp.k.,,343032073,PL,Piła,26-291,ulica Wyspiańskiego 25/83,kontakt@grupa.pl,+48 22 295 57 78,klient,Konrad Przerwa,2021-02-23,aktywny
614,Jakóbiak-Owczarczak Sp. z o.o. Sp. z o.o.,1041459641,850185649,PL,Gdańsk,87-141,ul. Jesienna 47,kontakt@jakóbiak-owczarczak.pl,+48 28 697 68 25,klient,Leonard Jośko,2024-02-20,nieaktywny
615,FPUH Siwa sp.k.,6718839772,401229255,PL,Ostróda,80-903,ul. Okrężna 23,kontakt@fpuh.pl,+48 72 331 21 43,dostawca,Ewelina Kulis,2021-06-27,aktywny
616,  Stowarzyszenie Pierzak sp. z o.o.,3117030372,978869972,PL,Chojnice,82-251,ulica Sybiraków 253,kontakt@stowarzyszenie.pl,+48 35 599 23 53,klient,Konstanty Jeżyna,2026-06-23,aktywny
617,Kielczyk-Dymarczyk s.c. Spółka z o.o.,4728123560,585795047,PL,Oleśnica,27-745,aleja Wrzosowa 86,kontakt@kielczyk-dymarczyk.pl,+48 62 292 18 45,dostawca,pani Angelika Franas,2022-05-26,aktywny
618,Przewoźniak-Kamieniak Sp. z o.o. Sp.k. sp.k.,1271130726,386427794,PL,Ostróda,89-495,pl. Fredry 969,kontakt@przewoźniak-kamieniak.pl,+48 71 777 77 67,dostawca,Nikodem Muskała,2023-07-15,aktywny
619,Terka-Ciuruś S.A. sp.k.,5074510668,308232501,PL,Otwock,28-314,al. Fabryczna 481,kontakt@terka-ciuruś.pl,+48 35 512 32 86,dostawca,Karol Erdmann,2026-07-01,aktywny
620,PPUH Szyguła S.A. sp.k.,6103131001,717649055,PL,Śrem,06477,al. Narutowicza 766,kontakt@ppuh.pl,+48 41 167 78 22,dostawca,pani Natasza Rogula,2023-02-05,nieaktywny
621,Grupa Wierzchoń Sp.j. Sp. J.,6661347324,943668641,PL,Pabianice,34-661,aleja Pogodna 888,kontakt@grupa.pl,+48 55 752 46 86,dostawca,Jacek Mądrzak,2020-08-04,aktywny
622,Szynkiewicz Sp. z o.o. sp.k.,9743251224,456649049,PL,Skarżysko-Kamienna,05-560,aleja Orzeszkowej 54/44,kontakt@szynkiewicz.pl,+48 29 113 95 70,dostawca,Sebastian Niewola,2024-04-21,aktywny
623,Stowarzyszenie Wicha-Borejko Sp. z o.o. Sp.k. Spółka z o.o.,1209579076,365762299,PL,Bełchatów,45-802,al. Lipowa 826,kontakt@stowarzyszenie.pl,+48 25 146 12 82,oba,Olaf Kuziora,2023-10-26,aktywny
624,Dudziec-Duszkiewicz s.c. sp.k.,8221145770,889001603,PL,Bochnia,71 776,al. Klasztorna 53,kontakt@dudziec-duszkiewicz.pl,+48 80 363 94 72,dostawca,Urszula Kansy,2024-08-23,aktywny
625,Fundacja Piotrkowicz s.c. Spółka z o.o.,458-971-48-07,258806824,PL,Bydgoszcz,48 143,ul. Wyzwolenia 07/55,kontakt@fundacja.pl,+48 39 775 28 55,dostawca,Sandra Wójt,2020-11-26,aktywny
626,Gabinety Komisarek Sp.k. Sp. J.,6531361484,582399282,PL,Iława,39-334,ul. Szarych Szeregów 22,kontakt@gabinety.pl,+48 44 795 54 52,dostawca,pani Ada Walencik,2025-03-28,nieaktywny
627,Grupa Gomoła Sp.j. Spółka z o.o.,4309859167,953982207,PL,Inowrocław,61-112,plac Kossaka 121,kontakt@grupa.pl ,+48 83 911 54 46,klient,Filip Rajczak,2020-08-26,aktywny
628,Fundacja Hejduk-Matela S.A. Sp. J.,2728498247,622724151,PL,Gliwice,50-291,ulica Traugutta 81/70,kontakt@fundacja.pl,+48 19 918 47 11,dostawca,pani Kornelia Słyk,2021-01-06,aktywny
629,Fundacja Szczerbiak Sp. z o.o. sp.k.,,369974625,PL,Włocławek,69-429,ul. Jastrzębia 23,kontakt@fundacja.pl,+48 55 999 46 74,oba,Kornelia Filusz,2022-04-19,nieaktywny
630,Spółdzielnia Halik s.c. Sp. J.,4236914304,608070753,PL,Piekary Śląskie,76-208,al. Tuwima 02,kontakt@spółdzielnia.pl,+48 42 931 96 91,dostawca,pan Ksawery Węgrzynek,2025-04-18,aktywny
631,Matacz-Ciak s.c. Sp. z o.o.,4494296595,249439479,PL,Oleśnica,59-474,ul. Konstytucji 3 Maja 47,kontakt@matacz-ciak.pl,+48 43 238 63 80,klient,pani Marika Prawdzik,2023-12-08,aktywny
632,Gordon-Lubera S.A. Spółka z o.o.,9782661280,574487943,PL,Pruszcz Gdański,94-443,al. Grabowa 91/60,kontakt@gordon-lubera.pl,+48 75 801 55 69,dostawca,Damian Gul,2025-05-09,aktywny
633,Stowarzyszenie Węgier-Świątkiewicz Sp.k. S.A.,7080612943,944639764,PL,Wieluń,93-924,aleja Poniatowskiego 15/11,kontakt@stowarzyszenie.pl,+48 85 624 57 26,oba,pani Nela Świtaj,2023-11-06,aktywny
634,Spółdzielnia Małocha S.A.,2607870104,390098025,PL,Gdynia,60-028,aleja Sokola 636,kontakt@spółdzielnia.pl,+48 53 708 22 47,oba,Mateusz Roczniak,2025-12-16,aktywny
635,Tabisz S.A. Sp. z o.o.,1980382872,246461343,PL,Świętochłowice,86-767,al. Narcyzowa 18,kontakt@tabisz.pl,+48 97 755 29 48,oba,Monika Chwedoruk,2024-01-17,aktywny
636,Gabinety Kosidło i syn s.c. Sp. z o.o.,7931102918,658155227,PL,Jaworzno,22-859,ulica Pocztowa 186,kontakt@gabinety.pl,+48 42 309 23 70,klient,Igor Pastuła,2026-03-25,aktywny
637,Nytko Sp. z o.o. Sp.k. Sp. z o.o.,1467238497,831562261,PL,Grudziądz,57-367,ulica Sucharskiego 83,kontakt@nytko.pl,+48 95 731 25 65,klient,pan Alex Mudlaff,2020-10-19,aktywny
638,FPUH Kinal-Ulfik Sp.k. Sp. J.,3288377444,816760816,PL,Dąbrowa Górnicza,50-707,plac Sienkiewicza 00/63,kontakt@fpuh.pl,+48 86 604 57 95,dostawca,Mariusz Kamieniarz,2024-12-11,aktywny
639,Walo-Oleszko Sp.j. Sp. z o.o.,7662047197,518146635,PL,Bydgoszcz,02-346,ulica Wyszyńskiego 22,kontakt@walo-oleszko.pl,+48 85 410 14 92,oba,Urszula Rut,2025-07-17,aktywny
640,Dorynek Sp. z o.o. Sp.k. Spółka z o.o.,3586812259,804303106,PL,Ostrołęka,72-642,ulica Czarnieckiego 613,kontakt@dorynek.pl,+48 69 832 27 45,oba,Dominik Dyszy,2023-12-15,nieaktywny
641,Spółdzielnia Kurzak Sp. z o.o.,7679298840,238965779,PL,Piaseczno,84-324,aleja Rolna 314,kontakt@spółdzielnia.pl,+48 86 694 54 84,oba,pani Kalina Kozieja,2025-01-31,aktywny
642,Podsiedlik-Posłuszny i syn s.c. Sp. z o.o.,2311775336,213206543,PL,Grodzisk Mazowiecki,64-105,pl. Paderewskiego 95,kontakt@podsiedlik-posłuszny.pl,+48 60 873 63 18,klient,Łukasz Kloska,2023-05-14,aktywny
643,Kasiak-Wawrzeńczyk Sp.k. Sp. J.,1759025176,505475993,PL,Legionowo,86-494,aleja Kwiatowa 97/68,kontakt@kasiak-wawrzeńczyk.pl,+48 92 687 81 35,klient,Nela Kulon,2023-05-23,aktywny
644,Wujek Sp. z o.o. Sp. J.,4332683190,126030781,PL,Turek,98-919,aleja Łączna 63/91,kontakt@wujek.pl,+48 37 134 27 10,dostawca,Sebastian Ludwiniak,2025-02-18,aktywny
645,Stowarzyszenie Bazydło S.A. Sp. z o.o.,559-821-76-64,176093527,PL,Dębica,27-658,ulica Żabia 52/45,kontakt@stowarzyszenie.pl,+48 27 901 76 48,klient,Angelika Kaletka,2021-11-18,aktywny
646,FPUH Jamrożek Sp. z o.o. Sp.k. Sp. z o.o.,9850344653,172963783,PL,Ostrów Mazowiecka,04-235,pl. Głowackiego 38,kontakt@fpuh.pl,+48 47 176 78 83,klient,Witold Hołysz,2026-05-13,nieaktywny
647,Nędzi-Kasznia Sp.j. sp.k.,4690819747,801402523,PL,Dzierżoniów,42 188,ul. Wrzosowa 130,kontakt@nędzi-kasznia.pl,+48 15 446 63 43,klient,Gabriel Kiszczak,2024-04-23,nieaktywny
648,  Romaniak s.c. Sp. z o.o.,2385037191,754984346,PL,Żywiec,27242,ul. Narutowicza 74/23,kontakt@romaniak.pl,+48 55 172 63 86,oba,Kaja Ambrozik,2021-06-18,nieaktywny
649,Spółdzielnia Krzywoń-Suchoń s.c. S.A.,2401078351,563336308,pl,Mikołów,82-207,plac Jana Pawła II 662,kontakt@spółdzielnia.pl,+48 49 900 39 12,klient,pan Bruno Soroko,2020-11-07,aktywny
650,FPUH Laskus-Parkitna S.A. sp. z o.o.,8960870661,846723590,PL,Sochaczew,03-781,al. Pogodna 982,kontakt@fpuh.pl,+48 66 818 64 80,klient,Juliusz Zapadka,2021-11-08,aktywny
651,Stowarzyszenie Fal Sp. z o.o. Sp.k. sp.k.,5535603311,732023202,PL,Dębica,72-621,ul. Zaciszna 73,kontakt@stowarzyszenie.pl,+48 40 522 78 82,klient,Rafał Bitner,2020-09-22,nieaktywny
652,Kuśmider s.c. sp. z o.o.,0102724055,475452581,PL,Kościerzyna,93-384,al. Jaskółcza 567,kontakt@kuśmider,+48 48 232 87 60,dostawca,Julianna Łyczak,2021-12-06,aktywny
653,Grupa Kołton Sp.j. Sp. z o.o.,4837537450,937742398,PL,Swarzędz,21-199,al. Wałowa 75/06,kontakt@grupa.pl,+48 94 350 77 44,dostawca,Witold Brózda,2026-03-16,aktywny
654,Grupa Dywan Sp. z o.o. Sp.k. Spółka z o.o.,6974132831,427425973,PL,Czerwionka-Leszczyny,91-693,ulica Strzelecka 72/43,kontakt@grupa.pl,+48 26 481 28 14,klient,Bartek Forysiak,2025-06-30,aktywny
655,Kukier Sp.k. S.A.,1070449646,988176527,Poland,Kutno,51-724,ul. Gałczyńskiego 62,kontakt@kukier.pl,+48 18 385 88 59,dostawca,Iwo Bednarowicz,2020-10-08,nieaktywny
656,PPUH Słupik S.A.,7033626808,809101742,PL,Biłgoraj,49-601,plac Malczewskiego 11/95,kontakt@ppuh.pl,+48 15 654 54 13,oba,Cezary Kalinka,2024-04-30,nieaktywny
657,Kozok-Hejna Sp.k. Spółka z o.o.,9305966012,694095087,PL,Zgierz,01-173,ul. Strażacka 68,kontakt@kozok-hejna.pl,+48 97 394 78 69,dostawca,Stefan Kostorz,2026-05-18,aktywny
658,Spółdzielnia Ambrozik Sp. z o.o. Sp.k. S.A.,7320441382,417639590,PL,Siedlce,91-138,aleja Kilińskiego 17/93,kontakt@spółdzielnia.pl,+48 84 504 14 88,dostawca,Ksawery Żok,2024-08-12,aktywny
659,Kowalówka-Dering S.A. Spółka z o.o.,7070705784,333906600,PL,Kędzierzyn-Koźle,53-452,pl. Floriana 21/41,kontakt@kowalówka-dering.pl,+48 18 693 20 45,oba,Marcel Kleina,2024-01-30,nieaktywny
660,Dziczek Sp. z o.o. S.A.,2444723226,763518015,PL,Śrem,31-490,ul. Szkolna 40,kontakt@dziczek.pl,+48 40 217 93 14,klient,Patryk Hajdukiewicz,2026-03-29,nieaktywny
661,Gabinety Pych-Łasak s.c. sp.k.,5083044059,680294485,PL,Dzierżoniów,98-273,al. Krańcowa 65/55,kontakt@gabinety.pl,+48 87 340 54 23,klient,pani Karina Bartman,2026-03-30,aktywny
662,Fundacja Korzeniak Sp. z o.o. sp.k.,1335956161,403959566,PL,Tarnobrzeg,43826,ulica Szczęśliwa 62/09,kontakt@fundacja.pl,+48 14 434 87 56,dostawca,Liwia Aleksander,2025-02-18,nieaktywny
663,Frost-Terka s.c. Spółka z o.o.,7490250422,734825626,PL,Wągrowiec,85-891,al. Mostowa 50,kontakt@frost-terka.pl,+48 24 723 37 50,oba,pani Tola Miętka,2026-04-04,aktywny
664,FPUH Kuska Sp. J.,5369026112,341142023,PL,Pabianice,78-497,ul. Wałowa 716,kontakt@fpuh.pl,+48 79 850 25 77,klient,Eryk Lisoń,2025-11-08,aktywny
665,Kominiak-Proć s.c. sp.k.,7543943532,957926104,PL,Jawor,65-033,aleja Grottgera 48,kontakt@kominiak-proć.pl,+48 40 566 50 24,oba,pan Artur Reich,2023-04-06,aktywny
666,FPUH Czerner S.A. S.A.,5158815793,347336252,PL,Tomaszów Mazowiecki,28-175,pl. Wolności 025,kontakt@fpuh.pl,+48 64 335 82 26,oba,Konstanty Zimniak,2023-04-22,aktywny
667,  FPUH Teodorowicz S.A.,9294455117,538626530,PL,Świecie,16-682,aleja Żeromskiego 53/99,kontakt@fpuh.pl,+48 75 251 83 73,oba,Cyprian Glegoła,2022-10-12,nieaktywny
668,FPUH Majtyka i syn s.c. S.A.,0216487127,136588469,Poland,Bielawa,56-828,ulica Wyspiańskiego 41,kontakt@fpuh.pl,+48 14 806 31 19,klient,Dawid Kiliszek,2026-05-02,nieaktywny
669,Spółdzielnia Tadych-Fulara s.c. S.A.,6526834158,985531613,PL,Krosno,17-874,plac Słowicza 04/09,kontakt@spółdzielnia.pl,+48 86 723 88 23,oba,Tobiasz Sojda,2021-01-24,aktywny
670,Gabinety Brejnak Spółka z o.o.,7676472295,980582182,PL,Jarocin,17-533,pl. Wolności 087,kontakt@gabinety.pl,+48 30 107 85 85,dostawca,pani Gaja Łuszczyk,2025-08-23,aktywny
671,Wietecha-Malcharek Sp.j. S.A.,2894134754,151848784,PL,Kalisz,77-291,ulica Hallera 481,kontakt@wietecha-malcharek.pl,+48 47 430 59 50,klient,Anita Siembab,2022-03-01,aktywny
672,Karaśkiewicz-Góraj Sp.k. Sp. J.,4214477322,409751772,PL,Dębica,08-830,plac Kruczkowskiego 33/02,kontakt@karaśkiewicz-góraj.pl,+48 88 871 23 39,oba,pan Krystian Hadaś,2023-09-07,aktywny
673,Przerwa-Koronkiewicz Sp.j. sp. z o.o.,8820908837,107156607,PL,Wejherowo,55-695,al. Storczykowa 184,kontakt@przerwa-koronkiewicz.pl,+48 14 478 36 46,oba,Eryk Sornat,2025-05-04,aktywny
674,Fundacja Kręcisz-Strzała Sp. z o.o. Sp.k. sp.k.,1241513150,268284543,PL,Ostrów Mazowiecka,75-887,aleja Lazurowa 29/27,kontakt@fundacja.pl,+48 46 564 90 75,oba,pan Wojciech Szela,2021-05-22,aktywny
675,  Bochnia-Kowala S.A. Spółka z o.o.,3296334722,620235608,PL,Świebodzice,84-010,plac Kusocińskiego 66,kontakt@bochnia-kowala.pl,+48 74 389 26 35,oba,Adam Prokopczyk,2021-07-21,nieaktywny
676,Fundacja Wierzchoń Sp. J.,3061789325,141674854,PL,Radom,16-528,pl. Waryńskiego 263,kontakt@fundacja.pl,+48 99 369 88 58,oba,Ignacy Karłowicz,2023-03-11,aktywny
677,Fundacja Ficner Sp.k. S.A.,8243477692,483463134,PL,Giżycko,23-669,pl. Sawickiej 17/64,kontakt@fundacja.pl,+48 48 198 38 24,dostawca,pan Jan Engler,2025-04-06,nieaktywny
678,Bohdanowicz Sp. z o.o. Spółka z o.o.,3612751561,856793425,PL,Oleśnica,83 685,ul. Listopada 99/74,kontakt@bohdanowicz.pl,+48 72 960 72 86,dostawca,Tola Troć,2023-03-11,aktywny
679,FUNDACJA JARKA SP.K. SPÓŁKA Z O.O.,6766404730,464902095,PL,Oświęcim,39-586,ulica Kazimierza Wielkiego 82,kontakt@fundacja.pl,+48 50 558 62 38,oba,Michał Ważna,2022-06-05,aktywny
680,Gabinety Heinrich-Kurbiel i syn s.c. Sp. J.,1995298008,961584268,PL,Police,63-066,ul. Malczewskiego 12,kontakt@gabinety.pl,+48 22 899 52 55,oba,Jan Porzucek,2021-04-08,aktywny
681,Gabinety Śliz Sp. z o.o. sp.k.,2556383008,121505301,PL,Białystok,17-589,ulica Żeromskiego 40/11,kontakt@gabinety.pl,+48 75 507 72 15,klient,Dariusz Witan,2023-09-25,aktywny
682,Twardy-Pieczarka Sp. z o.o. sp. z o.o.,1186008920,202603195,PL,Leszno,39-048,al. Tysiąclecia 72/97,kontakt@twardy-pieczarka.pl,+48 35 951 87 49,dostawca,pani Rozalia Lempart,2025-04-29,aktywny
683,Spółdzielnia Wesoła-Berg Sp.k. Sp. z o.o.,4473149765,412715124,PL,Gdynia,31-038,ulica Jadwigi 29,kontakt@spółdzielnia.pl,+48 22 327 62 81,dostawca,Tola Moj,2025-12-23,aktywny
684,Spółdzielnia Sadoch Sp. J.,8836076581,867273075,POL,Brodnica,55-077,al. Wyspiańskiego 267,kontakt@spółdzielnia.pl,+48 68 329 83 13,dostawca,Juliusz Berendt,2023-02-28,aktywny
685,FPUH Widuch s.c. S.A.,9145211829,322996651,PL,Ostrów Wielkopolski,10-645,pl. Kossaka 35/98,kontakt@fpuh.pl,+48 86 355 20 28,dostawca,Sandra Swacha,2025-11-13,aktywny
686,Klatka-Szlachcic Sp.j. sp.k.,3074645203,445146772,PL,Kołobrzeg,04-988,ul. Kopernika 181,kontakt@klatka-szlachcic.pl,+48 11 374 98 36,oba,Wiktor Achtelik,2026-01-14,aktywny
687,Sip Sp. z o.o. Sp.k. Spółka z o.o.,3577881166,850819946,PL,Środa Wielkopolska,35-150,aleja Maja 63,kontakt@sip.pl,+48 59 230 11 30,oba,Paweł Antoń,2021-12-02,aktywny
688,Chlebek s.c. S.A.   ,1067287285,548982293,PL,Kościerzyna,40-603,ul. Łanowa 948,kontakt@chlebek,+48 12 403 25 65,dostawca,Oskar Mikłaszewicz,2023-08-07,aktywny
689,Ciesiółka Sp. z o.o. Sp.k. sp.k.,8705622712,106015564,PL,Ostrów Mazowiecka,50-186,plac Andersa 24/08,kontakt@ciesiółka.pl,+48 35 304 98 22,oba,Hubert Boguta,2025-09-13,aktywny
690,PPUH Mycek Sp. z o.o. Sp.k. Sp. z o.o.,9792158358,775192217,PL,Radom,93-655,plac Kusocińskiego 67/27,kontakt@ppuh.pl,+48 35 381 46 64,oba,pani Eliza Jaszczyszyn,2023-12-27,aktywny
691,Fundacja Koniecko S.A.,4883192134,400632183,PL,Jawor,30-313,pl. Wyzwolenia 511,kontakt@fundacja.pl,+48 44 677 23 26,oba,Tadeusz Trzos,2024-11-07,aktywny
692,Dylik-Misztela Sp. z o.o. sp.k.,9497320339,198073715,PL,Piastów,37-568,ul. Głogowa 82/77,kontakt@dylik-misztela.pl,+48 29 268 70 10,dostawca,Olga Kusyk,2021-06-06,nieaktywny
693,Spółdzielnia Trepczyk-Karkocha Sp. z o.o. Sp. z o.o.,2876754819,358527922,PL,Skawina,55-720,al. Asnyka 89/09,kontakt@spółdzielnia.pl,+48 59 892 59 70,dostawca,pan Natan Omiotek,2024-01-20,aktywny
694,Spółdzielnia Smektała-Drabczyk Sp. z o.o. Sp.k. Spółka z o.o.,8193242684,574214661,PL,Tarnów,66-362,aleja Pałacowa 251,kontakt@spółdzielnia.pl,+48 99 907 42 97,klient,pani Anna Maria Langiewicz,2025-06-10,aktywny
695,Portka Sp. z o.o. Sp.k. sp. z o.o.,057-563-98-38,510660521,PL,Sochaczew,38-272,ulica Konstytucji 3 Maja 96/34,kontakt@portka.pl,+48 33 865 11 35,dostawca,Marcelina Andrukiewicz,2024-08-09,aktywny
696,Gabinety Kenig-Misztela Sp. z o.o. Sp.k. Sp. z o.o.,9451548093,393161400,PL,Kraków,79-472,plac Pułaskiego 05,kontakt@gabinety.pl,+48 93 381 92 71,dostawca,Blanka Szafarz,2021-01-18,nieaktywny
697,Kroll Sp.j. Sp. J.,4409079776,286585153,Poland,Oleśnica,26-087,ul. Poniatowskiego 70,kontakt@kroll.pl,+48 93 868 79 23,klient,Iwo Pakos,2024-09-13,aktywny
698,Fundacja Maszczyk Sp. z o.o. Sp.k. Sp. J.,222-161-07-04,437408933,PL,Radomsko,55-914,aleja Wolności 722,kontakt@fundacja.pl,+48 80 384 34 93,oba,pani Kamila Koterba,2020-09-29,aktywny
699,Kurnik-Darul Sp. z o.o. Sp.k. Sp. J.,5295806606,169744792,PL,Białystok,18 405,al. Sportowa 37,kontakt@kurnik-darul.pl,+48 75 251 44 20,klient,Ignacy Sąsiadek,2025-07-13,aktywny
700,PPUH Jędryczka i syn s.c. sp.k.,386-204-48-53,226395063,PL,Pszczyna,92-131,plac Dąbrowskiej 62/11,kontakt@ppuh.pl,+48 70 681 99 21,oba,Hubert Sulik,2025-10-01,aktywny
701,PPUH Mateusiak Sp. z o.o.,2125902030,784988889,PL,Płońsk,88-243,aleja Truskawkowa 06/74,kontakt@ppuh.pl,+48 69 183 41 49,oba,Ada Bohdanowicz,2022-09-13,aktywny
702,Spółdzielnia Szpyt S.A. Sp. J.,2406424295,438809548,PL,Kościerzyna,66-192,aleja Maczka 43,kontakt@spółdzielnia.pl,+48 39 955 34 44,klient,Konrad Kubanek,2022-07-18,nieaktywny
703,Sornat Sp.k. Spółka z o.o.,7417595583,582832859,PL,Jasło,79-186,ulica Matejki 26,kontakt@sornat.pl,+48 15 954 84 59,klient,Jacek Mędrala,2022-12-02,nieaktywny
704,Rejmer-Boś s.c. S.A.,343-740-18-29,610252663,PL,Lubin,12-886,aleja Perłowa 43/35,kontakt@rejmer-boś.pl,+48 70 700 51 57,oba,Malwina Makaruk,2024-10-17,aktywny
705,Fundacja Piersa-Gomuła Sp. z o.o. Sp.k. Sp. z o.o.,5150267553,795657256,PL,Elbląg,35-373,plac Sucharskiego 350,kontakt@fundacja.pl,+48 34 466 49 30,dostawca,Maciej Dzienis,2022-08-24,aktywny
706,Andryszczyk Sp.k. S.A.,9799667347,876715256,PL,Ostrołęka,28-293,al. Przemysłowa 247,kontakt@andryszczyk.pl,+48 87 445 71 96,dostawca,pani Roksana Duczmal,2023-12-04,aktywny
707,Łachut Sp. z o.o. sp. z o.o.,8166496908,276121538,PL,Pszczyna,71-789,aleja Stefana Batorego 59/89,kontakt@łachut.pl,+48 49 711 99 77,klient,pani Bianka Wajdzik,2022-02-14,aktywny
708,Stawczyk-Biernacik Sp. z o.o. Spółka z o.o.,0142576276,100905387,PL,Gorzów Wielkopolski,17-645,pl. Mickiewicza 33/71,kontakt@stawczyk-biernacik.pl,+48 36 276 48 49,klient,Inga Graban,2022-08-18,aktywny
709,Stowarzyszenie Ragus sp. z o.o.,6132850721,470131551,PL,Chrzanów,98-207,ul. Mickiewicza 36,kontakt@stowarzyszenie.pl,+48 71 663 97 60,oba,Melania Stawowczyk,2022-12-10,nieaktywny
710,Fundacja Zontek Sp. J.,6731625261,930282074,PL,Jawor,16-933,ul. Wysoka 880,kontakt@fundacja.pl,+48 47 939 96 64,oba,Jacek Pitala,2024-12-22,aktywny
711,Wojciech-Bulanda s.c. Spółka z o.o.,5809961320,636816895,PL,Toruń,89-195,pl. Batalionów Chłopskich 88/12,kontakt@wojciech-bulanda.pl,+48 16 316 48 65,klient,pan Konstanty Bidas,2024-05-13,aktywny
712,Fundacja Bejma Sp. z o.o. Sp.k. sp. z o.o.,6244670467,292755937,Poland,Ostrów Wielkopolski,24-004,ulica Waryńskiego 08/78,kontakt@fundacja.pl,+48 61 798 76 23,dostawca,Emil Sorbian,2021-06-26,aktywny
713,Szambelan-Ciastek Sp. z o.o. Sp.k. Sp. J.,1602529860,836907565,PL,Zgorzelec,16-176,ulica Szymanowskiego 40,kontakt@szambelan-ciastek.pl,+48 12 597 93 95,dostawca,Konstanty Szczepaniuk,2025-04-18,aktywny
714,Gabinety Bancerz Spółka z o.o.,6419785756,674477822,PL,Radom,83-255,ulica Stycznia 59/55,kontakt@gabinety.pl,+48 25 904 32 64,oba,Krystyna Czerwionka,2024-11-09,nieaktywny
715,Ziarnik-Prejs s.c. Sp. z o.o.,2059438971,566957486,PL,Pruszków,42-059,pl. Kruczkowskiego 342,kontakt@ziarnik-prejs.pl,+48 70 388 15 25,dostawca,Kacper Zaczyk,2025-09-20,aktywny
716,Grupa Piechna-Pasieczna Sp.k. sp.k.,5465408425,414863712,Polska,Kołobrzeg,84-264,pl. Wróblewskiego 354,kontakt@grupa.pl,+48 64 117 67 51,dostawca,Elżbieta Zontek,2020-12-15,aktywny
717,Spółdzielnia Hubert S.A. Spółka z o.o.,0863218124,880382037,PL,Kościerzyna,93-445,plac Andersa 72,kontakt@spółdzielnia.pl,+48 92 605 65 45,dostawca,pan Dawid Walus,2025-09-11,aktywny
718,Fundacja Osipowicz-Trzmiel Sp.k. sp. z o.o.,8970155026,754288322,PL,Bełchatów,03-318,ulica Wróblewskiego 931,kontakt@fundacja.pl,+48 59 624 20 53,oba,Wojciech Rejmer,2023-12-11,aktywny
719,Freitag-Dyjas Sp.j. Sp. z o.o.,241-613-94-49,760975575,PL,Tychy,93-540,ulica Plater 66,kontakt@freitag-dyjas.pl,+48 99 918 16 57,oba,Kamil Rajczak,2025-11-11,aktywny
720,Bryda i syn s.c. S.A.,4248096248,392787282,POL,Nowy Dwór Mazowiecki,06-136,ulica Broniewskiego 90,kontakt@bryda.pl,+48 63 312 12 63,oba,Dominik Sydor,2022-01-05,aktywny
721,Gabinety Leoniak S.A.,9513305318,756471019,PL,Olsztyn,26-143,al. Poziomkowa 572,kontakt.gabinety.pl,+48 88 946 68 85,dostawca,Adam Jaszczur,2024-03-30,aktywny
722,FPUH Jaszczur S.A.,8055557274,897329706,PL,Wałbrzych,03-845,ulica Okulickiego 186,kontakt@fpuh.pl,+48 37 645 99 31,oba,Jakub Wojtak,2024-12-06,aktywny
723,Burzawa Sp.j. Sp. z o.o.,2959660481,898919770,PL,Kutno,19-362,pl. Wyszyńskiego 61/72,kontakt@burzawa.pl,+48 41 484 78 26,dostawca,Artur Grab,2021-12-10,aktywny
724,Stowarzyszenie Jarczyk sp. z o.o.,3194226868,477983555,PL,Turek,43-122,plac Mickiewicza 22/68,kontakt@stowarzyszenie.pl,+48 64 713 45 50,dostawca,pani Melania Drewicz,2021-09-28,aktywny
725,Odrzywołek-Kononowicz Sp.k. Sp. J.,5888636777,407394485,PL,Biała Podlaska,80-838,plac Wolności 754,kontakt@odrzywołek-kononowicz.pl,+48 31 994 32 61,dostawca,Jakub Kuśmider,2020-08-05,aktywny
726,Gabryszak-Długozima S.A. Spółka z o.o.,7216966630,783347422,PL,Legionowo,19-400,al. Boczna 96,kontakt@gabryszak-długozima.pl ,+48 90 329 27 88,oba,Tymon Wiech,2026-03-15,nieaktywny
727,Spółdzielnia Ulewicz sp.k.,9605932974,834829245,PL,Płońsk,50-362,plac Narutowicza 695,kontakt@spółdzielnia.pl,+48 58 123 86 93,dostawca,Andrzej Kukieła,2026-04-17,nieaktywny
728,PPUH Klinger s.c. sp. z o.o.,7532735243,169592233,PL,Nowy Targ,64-546,ul. Władysława Łokietka 96,kontakt@ppuh.pl,+48 37 691 69 68,klient,Dawid Brodowicz,2025-07-14,nieaktywny
729,Grupa Łukowiak sp. z o.o.,7819523717,107390903,PL,Poznań,47-572,ul. Stawowa 55,kontakt@grupa.pl,+48 98 793 62 76,dostawca,Gustaw Nalewajek,2024-11-17,aktywny
730,Prokurat-Henke s.c. S.A.,4819807703,414566696,PL,Szczecinek,32-216,ulica Miłosza 12,kontakt@prokurat-henke.pl,+48 16 472 61 75,oba,Szymon Szeja,2025-06-29,aktywny
731,Stowarzyszenie Piórek Sp.k. Sp. z o.o.,1249125654,252417753,PL,Gorzów Wielkopolski,85-596,aleja Fabryczna 25,kontakt@stowarzyszenie,+48 72 315 43 22,dostawca,Maksymilian Dreszer,2021-05-22,aktywny
732,Kotala s.c. Sp. J.,9490228406,337320065,PL,Żyrardów,20-784,aleja Miłosza 84,kontakt@kotala.pl,+48 83 471 47 49,oba,pan Olgierd Staciwa,2022-05-02,aktywny
733,Gabinety Glazik Sp.k. Spółka z o.o.,7742229463,376279955,PL,Wrocław,37-114,ulica Skargi 92,kontakt@gabinety.pl,+48 14 971 37 84,dostawca,Mateusz Pioch,2022-03-22,aktywny
734,FPUH Brachman Sp.j. Spółka z o.o.,5886792527,730431863,PL,Zgorzelec,92-850,plac Powstańców 62,kontakt@fpuh.pl,+48 77 483 58 72,oba,Tomasz Mesjasz,2022-06-15,nieaktywny
735,Spółdzielnia Katana S.A. S.A.,2760153437,340851021,PL,Piaseczno,80-058,aleja Kilińskiego 89/17,kontakt@spółdzielnia.pl,+48 46 723 25 93,klient,pan Arkadiusz Monkiewicz,2024-07-22,aktywny
736,Gabinety Zapadka S.A. sp.k.,8148881079,708491814,PL,Radom,48-663,ul. Okrzei 11,kontakt@gabinety.pl,+48 42 362 33 98,oba,pani Ewa Dudała,2023-04-22,aktywny
737,Spółdzielnia Dusik Sp. J.,7209484137,887414873,PL,Gorzów Wielkopolski,09-217,ul. Malczewskiego 383,kontakt@spółdzielnia.pl,+48 27 635 48 17,klient,Tadeusz Maksym,2023-02-10,aktywny
738,Behrendt s.c. sp.k.,7718051375,224990409,PL,Gdynia,73-810,ul. Nowa 140,kontakt@behrendt.pl,+48 21 587 35 22,oba,pani Marika Sass,2022-12-20,aktywny
739,Sura-Gregorczuk Sp.j. Spółka z o.o.,9096173996,911258168,PL,Wieluń,46-998,ulica Mieszka I 818,kontakt@sura-gregorczuk.pl,+48 11 357 62 86,dostawca,Szymon Lampa,2026-01-30,aktywny
740,Fundacja Szwałek i syn s.c. Spółka z o.o.,8784448354,395588615,PL,Katowice,38-166,aleja Jana Pawła II 13/32,kontakt@fundacja.pl,+48 91 550 24 33,dostawca,Nela Palonek,2020-08-18,aktywny
741,FPUH Sapała-Sporysz Sp. z o.o. Sp.k. sp.k.,5823133482,427903381,PL,Mikołów,17-348,plac Chełmońskiego 063,kontakt@fpuh.pl,+48 78 583 23 97,dostawca,Igor Kolanek,2022-12-01,aktywny
742,FPUH Klęczar-Kręcisz i syn s.c. sp. z o.o.,5236229253,654551457,Polska,Wrocław,19-785,plac Batalionów Chłopskich 75,kontakt@fpuh.pl ,+48 94 709 63 44,klient,Gustaw Jarema,2023-07-04,aktywny
743,Beśka s.c. Spółka z o.o.,5245557465,704824173,PL,Radomsko,46-092,ulica Miarki 747,kontakt@beśka.pl,+48 64 105 61 17,dostawca,Marcel Nojman,2024-07-10,aktywny
744,Grupa Penkala i syn s.c. sp. z o.o.,7403344500,445579291,PL,Świdnica,52-419,ul. Kasprowicza 895,kontakt@grupa,+48 59 433 81 81,oba,pani Melania Trzyna,2022-10-17,aktywny
745,Fundacja Bobryk-Sabak Sp.k. sp.k.,8741132578,874451303,pl,Białystok,80-660,ulica Kielecka 21,kontakt@fundacja.pl,+48 16 899 94 59,oba,Albert Kwak,2026-01-07,aktywny
746,Fundacja Choina-Kupidura S.A. sp.k.,9601054850,570432459,PL,Nysa,60-686,aleja Majowa 871,kontakt@fundacja.pl,+48 25 583 27 19,dostawca,Grzegorz Wypiór,2025-03-13,aktywny
747,Marach i syn s.c. sp. z o.o.,9493817356,714967553,PL,Nowa Sól,26-412,plac Krasickiego 973,kontakt@marach.pl,+48 82 643 47 98,klient,pan Sebastian Grochola,2022-02-18,aktywny
748,Roter S.A. Sp. z o.o.,5573257377,488913367,PL,Kwidzyn,19 656,aleja Szarych Szeregów 96,kontakt@roter.pl,+48 36 793 43 42,oba,Olgierd Garbacik,2020-10-25,aktywny
749,Fundacja Kluczyk Sp. z o.o. Sp. J.,6667080856,117395980,PL,Gniezno,03-976,pl. Broniewskiego 212,kontakt@fundacja.pl,+48 15 616 51 78,dostawca,Jacek Polasik,2023-09-23,aktywny
750,Zacharczuk i syn s.c. Sp. J.,1191818283,194199647,PL,Skawina,58-893,ul. Harcerska 01,kontakt@zacharczuk.pl,+48 89 765 34 19,oba,Cyprian Sado,2025-05-23,aktywny
751,Spółdzielnia Augustynek S.A.,725-129-57-81,938713602,PL,Starogard Gdański,54-494,ul. Bociania 960,kontakt@spółdzielnia.pl,+48 13 511 83 47,klient,Igor Myga,2024-12-06,aktywny
752,PPUH Dzierżak-Kłoczko Sp.k. sp. z o.o.,5624395877,801811295,PL,Nowa Ruda,96-846,pl. Maja 72,kontakt@ppuh.pl,+48 84 463 83 29,klient,pan Adam Jenek,2022-03-22,aktywny
753,Stowarzyszenie Koniecko Sp.k. sp. z o.o.,1089028510,451608619,PL,Warszawa,58-966,aleja Kossaka 10/33,kontakt@stowarzyszenie.pl,+48 40 773 36 35,dostawca,Inga Dziwak,2022-05-22,aktywny
754,Czuj-Maleszka S.A. Spółka z o.o.,3350271600,576690322,PL,Starogard Gdański,27-976,ulica Kołłątaja 044,kontakt@czuj-maleszka.pl,+48 59 150 67 66,dostawca,Sonia Kosman,2022-10-14,aktywny
755,  Fundacja Siudek Sp. z o.o. Sp.k. S.A.,9112898123,912399890,PL,Skierniewice,70 437,al. Prusa 76,kontakt.fundacja.pl,+48 26 600 87 55,oba,pani Liwia Lichoń,2024-02-10,aktywny
756,Sporek-Dziarmaga Sp.j. sp. z o.o.,066-615-54-19,566163810,PL,Bełchatów,85-706,pl. Kossaka 911,kontakt@sporek-dziarmaga.pl,+48 40 818 20 93,oba,Dawid Gramza,2024-12-05,nieaktywny
757,Małas Sp.j. Sp. z o.o.,4502329028,656866156,PL,Dąbrowa Górnicza,64-768,ul. Kossaka 890,kontakt@małas.pl,+48 28 811 70 14,klient,Sandra Leszkiewicz,2022-11-29,nieaktywny
758,Kyc-Gawliczek s.c. Sp. J.,4596262281,262543572,PL,Kołobrzeg,15-201,ul. Strumykowa 660,kontakt@kyc-gawliczek.pl,+48 57 212 30 13,dostawca,pani Eliza Kozdra,2022-11-05,aktywny
759,FPUH Dykas Sp. J.,0260869829,269836515,PL,Zgierz,54-690,ulica Korczaka 00,kontakt@fpuh.pl,+48 12 457 38 21,dostawca,Mariusz Fogiel,2021-04-20,aktywny
760,Gabinety Szczepan-Kożuszek Sp. z o.o. Sp.k. S.A.,7687290474,604107803,PL,Zawiercie,22-983,al. Norwida 63/96,kontakt@gabinety.pl,+48 27 430 94 79,dostawca,Aurelia Połetek,2021-08-21,aktywny
761,Smorąg-Szwiec Sp.k. Sp. J.,9323822312,897989079,PL,Jelenia Góra,52-926,plac Świerczewskiego 12,kontakt@smorąg-szwiec.pl,+48 62 389 88 23,klient,Aurelia Doroba,2023-02-04,aktywny
762,Gabinety Roda Sp.k. Sp. J.,4579889422,452127200,PL,Kędzierzyn-Koźle,71-163,plac Żeromskiego 06,kontakt@gabinety.pl,+48 58 777 28 84,oba,Tola Furgała,2020-12-10,aktywny
763,Prygiel Sp.k. S.A.,0320203265,446316507,PL,Myszków,11-586,ul. Miodowa 523,kontakt@prygiel.pl,+48 84 592 71 54,klient,Radosław Mendak,2025-02-08,aktywny
764,Gabinety Bryzek-Łaskawiec i syn s.c. sp. z o.o.,7948714856,462124359,PL,Dębica,99-267,pl. Tuwima 20,kontakt@gabinety.pl,+48 43 449 72 80,dostawca,Kamil Dziuda,2021-08-22,aktywny
765,  Grupa Łuczkiewicz-Kosz Sp. z o.o. Sp.k. Spółka z o.o.,8415608218,343873669,PL,Łomża,24-096,aleja Diamentowa 61,kontakt@grupa.pl,+48 25 223 80 47,klient,pan Gabriel Gowin,2024-06-15,aktywny
766,  FPUH Jarczyk S.A. S.A.,8182683232,933128481,PL,Wągrowiec,54-385,plac Rejtana 24,kontakt@fpuh.pl,+48 36 851 55 77,oba,Kajetan Ekert,2022-04-05,aktywny
767,FPUH Fronczyk-Pyzel Sp. z o.o. sp.k.,8085838256,270456296,pl,Opole,44-356,ul. Tęczowa 41/39,kontakt@fpuh.pl,+48 98 269 91 91,oba,Julita Matulewicz,2023-02-04,aktywny
768,PPUH Majtczak-Kolanek S.A. Sp. J.,2896340647,518514926,PL,Radomsko,15-921,ulica Kazimierza Wielkiego 31,kontakt@ppuh.pl,+48 71 579 51 27,oba,Cezary Kapciak,2023-12-03,aktywny
769,Spółdzielnia Mainka Sp. z o.o. Sp.k. Spółka z o.o.,8439910621,254395018,PL,Lubliniec,71-668,plac Miłosza 686,kontakt@spółdzielnia.pl,+48 31 882 41 60,klient,Iwo Wilusz,2025-04-04,aktywny
770,Grabas-Preuss Sp.k. sp. z o.o.,2372450189,434106140,PL,Tczew,51-106,al. Reja 76,kontakt@grabas-preuss.pl,+48 91 712 70 39,oba,pan Radosław Politowicz,2025-06-22,aktywny
771,Gabinety Siejak Sp. z o.o.,8972154060,999771426,PL,Brodnica,14-622,al. Piękna 55/17,kontakt@gabinety.pl,+48 25 741 69 64,oba,Filip Knapek,2022-06-12,nieaktywny
772,PPUH Dąbrówka Sp. J.,7438119959,359085951,PL,Pruszków,78-847,pl. Żwirki i Wigury 12,kontakt@ppuh.pl,+48 66 531 17 91,klient,pani Julianna Lisik,2023-09-13,aktywny
773,Spółdzielnia Młyńczak Sp. J.,1739739642,211632051,PL,Stargard Szczeciński,85-381,plac Sawickiej 105,kontakt@spółdzielnia.pl,+48 82 721 82 58,oba,Kornel Drobnik,2026-05-18,nieaktywny
774,PPUH Faltyn Sp. z o.o. Sp.k. Sp. J.,6091919113,920371691,PL,Pabianice,72-068,al. Rolna 31/84,kontakt@ppuh.pl,+48 57 694 96 87,dostawca,Anita Troka,2024-12-21,aktywny
775,FPUH Gołota Sp.j. Sp. z o.o.,5779806602,331970687,PL,Legionowo,41-203,ulica Jana Sobieskiego 704,kontakt@fpuh.pl,+48 14 745 52 22,dostawca,Ignacy Lato,2025-03-07,aktywny
776,Spółdzielnia Wocial Sp. z o.o. Sp.k. Sp. J.,7455534709,448442536,PL,Luboń,50-243,ul. Bema 90,kontakt@spółdzielnia.pl,+48 92 369 30 36,oba,pan Wiktor Skocz,2024-03-02,aktywny
777,Grupa Szumna s.c. Spółka z o.o.,4116597261,317055967,PL,Police,06-346,pl. Konopnickiej 164,kontakt@grupa.pl,+48 73 459 53 66,dostawca,Alex Narożny,2022-05-06,nieaktywny
778,Fundacja Mazanek Spółka z o.o.,8269131199,812095032,PL,Oława,41-506,ul. Żwirki i Wigury 771,kontakt@fundacja.pl,+48 44 249 53 78,dostawca,pani Ewa Młynarz,2025-01-03,aktywny
779,Żuberek Sp. z o.o. S.A.,1499153700,364036974,PL,Chorzów,14-331,pl. Wyszyńskiego 13,kontakt@żuberek.pl,+48 96 380 13 73,klient,pani Sylwia Drej,2023-01-05,aktywny
780,Kuliberda i syn s.c. sp. z o.o.,7320430970,999721261,PL,Gdynia,15-050,plac Wyspiańskiego 964,kontakt@kuliberda.pl,+48 64 669 80 82,klient,Sebastian Kazubek,2025-03-07,aktywny
781,Grupa Byra Sp. z o.o. Sp.k. sp.k.,969-645-46-57,491394490,PL,Kalisz,97-599,al. Jasna 83/97,kontakt@grupa.pl,+48 51 653 55 19,oba,pan Miłosz Wygoda,2022-01-24,aktywny
782,Spółdzielnia Mainka Sp. z o.o. Sp.k. Sp. J.,3892187853,212536324,PL,Płońsk,38-729,aleja Ciasna 31,kontakt@spółdzielnia.pl,+48 55 834 99 92,oba,Anastazja Saj,2023-01-26,aktywny
783,Sus-Bernard S.A. sp.k.,0878057213,832299454,PL,Żary,50-193,ul. Klasztorna 98,kontakt@sus-bernard.pl,+48 19 836 45 82,dostawca,pani Nicole Karnas,2020-11-12,aktywny
784,Dytrych-Jonik Sp. z o.o. S.A.,398-628-95-02,754547044,PL,Włocławek,29-939,plac Jana III Sobieskiego 83/63,kontakt@dytrych-jonik.pl,+48 56 701 25 19,oba,Konstanty Twardy,2021-04-09,aktywny
785,Oczko-Ośko i syn s.c. Sp. J.,2339220718,456256926,PL,Łuków,83-105,aleja Wolności 13/07,kontakt@oczko-ośko.pl,+48 23 513 83 99,oba,Cezary Mirga,2024-11-25,aktywny
786,FPUH Osman Sp.j. S.A.,7252145262,370598115,PL,Skierniewice,34-122,ul. Pułaskiego 326,kontakt@fpuh.pl,+48 22 288 43 61,klient,Apolonia Araszkiewicz,2023-02-06,aktywny
787,Krzyszczak Sp. z o.o. Sp.k. Sp. J.,1571840900,698212050,PL,Krosno,13-051,pl. Konarskiego 343,kontakt@krzyszczak.pl,+48 98 482 22 31,klient,Kajetan Ziajka,2026-06-29,aktywny
788,PPUH Bartela Spółka z o.o.,6409951235,783417080,PL,Brzeg,67-444,ulica Tulipanowa 31,kontakt@ppuh.pl,+48 34 648 37 54,klient,Piotr Dylik,2022-04-17,aktywny
789,Spółdzielnia Stanisławek sp.k.,2728270900,677232702,PL,Nowy Targ,13-283,aleja Żwirki i Wigury 134,kontakt@spółdzielnia.pl,+48 50 398 23 54,oba,pan Karol Martyn,2022-07-31,aktywny
790,Milczarczyk-Pochroń Sp. z o.o. Sp.k. sp. z o.o.,173-929-57-83,993106372,PL,Kluczbork,77-295,pl. Wojska Polskiego 89,kontakt@milczarczyk-pochroń.pl,+48 68 219 95 80,klient,pan Mieszko Kamieniarz,2024-05-08,aktywny
791,Puto-Duży Sp. z o.o. sp. z o.o.,3736050792,206064610,PL,Jastrzębie-Zdrój,24-341,ul. Lipowa 76/50,kontakt@puto-duży.pl,+48 95 770 51 77,oba,Błażej Sztuczka,2026-07-10,aktywny
792,Ciesiółka Sp.k. sp.k.,6617071588,619803232,PL,Lubartów,02-609,plac Drzymały 73,kontakt@ciesiółka.pl,+48 50 609 46 97,oba,pan Michał Tatarczyk,2021-03-05,aktywny
793,Basak Sp.k. Sp. z o.o.,3149982503,673691810,PL,Ełk,30-538,ul. Malczewskiego 11,kontakt@basak.pl,+48 17 410 59 34,dostawca,Józef Pikor,2021-02-22,aktywny
794,FPUH Ciężka s.c. Sp. J.,6882850317,590951003,PL,Stalowa Wola,85-499,plac Powstańców Śląskich 54,kontakt@fpuh.pl,+48 39 829 50 19,oba,pani Sandra Kalisiak,2022-11-03,aktywny
795,FPUH Foit-Legutko S.A. sp.k.,9394694347,539378814,PL,Świnoujście,29-676,aleja Batalionów Chłopskich 39,kontakt@fpuh.pl,+48 64 943 62 58,dostawca,Olgierd Trzepizur,2022-09-07,aktywny
796,Mendak Sp.j. S.A.,4906072311,784614627,PL,Marki,14-989,plac Krasińskiego 45,kontakt@mendak.pl,+48 25 262 72 18,klient,pani Julita Krzysztofek,2024-03-24,aktywny
797,Stowarzyszenie Ciuła Sp. J.,464-844-94-14,917106027,PL,Białystok,75-533,pl. Lelewela 16/79,kontakt@stowarzyszenie.pl,+48 61 942 35 21,oba,pani Sandra Wicha,2026-02-21,aktywny
798,FPUH Kusztal Sp.j. sp.k.,0771130628,189773437,PL,Pszczyna,20-536,plac Jadwigi 414,kontakt@fpuh.pl,+48 41 546 88 57,dostawca,Agnieszka Drop,2022-02-27,aktywny
799,Maćków-Żuberek s.c. Sp. z o.o.,8335090251,369296768,PL,Wałbrzych,07-501,plac Świerczewskiego 004,kontakt@maćków-żuberek.pl,+48 55 573 35 92,klient,Nataniel Kubaczyk,2024-12-11,aktywny
800,Gabinety Palica Spółka z o.o.,8132357074,174499298,PL,Jasło,86-982,ul. Żeromskiego 42/36,kontakt@gabinety,+48 88 641 46 81,klient,Aleks Simon,2022-03-02,aktywny
801,Wojtczuk Sp. z o.o. Sp.k. Spółka z o.o.,0116880925,877474293,PL,Leszno,87-653,al. Handlowa 44,kontakt@wojtczuk.pl,+48 58 139 28 23,oba,Tymoteusz Letkiewicz,2023-03-07,aktywny
802,FPUH Brachman Sp. z o.o. Sp.k. Sp. z o.o.,9069130988,179375305,PL,Augustów,18 700,aleja Piłsudskiego 834,kontakt@fpuh.pl,+48 94 943 70 83,oba,Karol Pielka,2024-11-20,aktywny
803,FPUH Bazyluk-Cydzik S.A. sp.k.,6737945771,264430586,PL,Dębica,56-099,aleja Kosynierów 857,kontakt@fpuh.pl,+48 79 468 38 28,dostawca,pani Dorota Dębosz,2022-07-07,nieaktywny
804,Fundacja Jop s.c. S.A.,425-064-20-78,540632991,PL,Szczecin,99-432,ulica Środkowa 98,kontakt@fundacja.pl,+48 62 228 90 55,klient,pani Inga Kutek,2025-02-09,aktywny
805,Stowarzyszenie Kiełbowicz-Tatarczuk i syn s.c. S.A.,7776755561,242930795,PL,Ciechanów,17-413,pl. Powstańców Wielkopolskich 70/10,kontakt@stowarzyszenie.pl,+48 42 322 34 82,klient,Dominik Borkiewicz,2024-08-19,nieaktywny
806,Grupa Prokopczuk-Łuksza s.c. sp.k.,6543627189,800334617,PL,Sochaczew,89-340,ulica Lotnicza 03/82,kontakt@grupa.pl,+48 49 952 89 62,klient,pan Kamil Baś,2022-10-17,aktywny
807,Kij-Piksa Sp. z o.o. Sp.k. sp.k.,2686270366,709233495,PL,Kościan,01-825,ul. Zacisze 02,kontakt@kij-piksa.pl,+48 45 863 97 82,klient,Angelika Rzucidło,2025-01-24,aktywny
808,Walencik-Hanc Sp.j. sp. z o.o.,2657327595,919686587,PL,Szczecin,65-455,ul. Jasna 672,kontakt@walencik-hanc.pl,+48 97 199 18 20,klient,Inga Skowyra,2020-08-27,nieaktywny
809,FPUH Świerkot-Matula Sp.k. Sp. z o.o.,5155323410,489703924,PL,Turek,16-443,ulica Kilińskiego 32,kontakt@fpuh.pl,+48 85 948 67 70,dostawca,Lidia Szymaniuk,2022-07-10,aktywny
810,Stowarzyszenie Hawrylak Sp. z o.o.,8222618963,269952308,PL,Tychy,76-505,plac Żwirki i Wigury 176,kontakt@stowarzyszenie.pl,+48 46 806 41 24,oba,Tymon Faryna,2022-03-15,nieaktywny
811,Fundacja Tułacz Sp. z o.o.,0267672099,838864831,PL,Swarzędz,50-012,al. Kościuszki 97/05,kontakt@fundacja.pl,+48 67 698 83 33,dostawca,Roksana Morawiak,2020-10-12,nieaktywny
812,Stowarzyszenie Zysk S.A. Sp. J.,9551512290,422234793,PL,Tarnobrzeg,65-877,ul. Władysława Jagiełły 86/81,kontakt@stowarzyszenie.pl,+48 30 213 95 35,oba,Krystian Szalast,2024-02-26,aktywny
813,Stowarzyszenie Brzeźniak-Klorek i syn s.c. Sp. z o.o.,5970996250,371351496,PL,Chorzów,36-804,pl. Żwirki i Wigury 76,kontakt@stowarzyszenie.pl,+48 76 386 76 13,dostawca,pan Stefan Chadaj,2024-02-17,nieaktywny
814,Gabinety Latko-Okła Sp. z o.o. Sp.k. Sp. z o.o.,344-765-04-74,808036658,PL,Włocławek,90-332,al. Drzymały 61/00,kontakt@gabinety.pl,+48 53 664 14 26,oba,Jerzy Grzech,2020-09-04,aktywny
815,Chorążewicz Sp.k. Sp. z o.o.,5586652540,693116357,PL,Chrzanów,42-779,ulica Wolności 66,kontakt@chorążewicz.pl,+48 73 388 44 20,dostawca,Stanisław Chaberek,2021-07-05,aktywny
816,Grupa Grądziel Spółka z o.o.,8102131253,169749378,PL,Goleniów,10-453,plac Partyzantów 176,kontakt@grupa.pl,+48 84 920 40 21,klient,Anita Paleń,2020-08-31,aktywny
817,Mysiak-Szałaj Sp.j. Sp. J.,591-297-51-94,230973310,PL,Bolesławiec,87-293,ulica Konstytucji 3 Maja 68,kontakt@mysiak-szałaj.pl,+48 28 304 20 33,klient,Dawid Turczyk,2021-08-02,aktywny
818,Gromala Sp.k. Sp. J.,330-165-83-74,977838630,PL,Rybnik,27-035,ulica Stefana Batorego 981,kontakt@gromala.pl,+48 74 719 33 70,dostawca,pani Melania Korbut,2021-03-30,aktywny
819,Fundacja Kunysz-Ogrodowicz S.A. sp.k.,0123428936,851583869,PL,Ząbki,61-513,plac Chełmońskiego 21/76,kontakt@fundacja.pl,+48 20 292 33 51,klient,Wojciech Zięcik,2022-05-19,aktywny
820,Pacocha i syn s.c. sp.k.,4968436459,889676079,PL,Czechowice-Dziedzice,39-104,aleja Jałowcowa 98,kontakt@pacocha.pl,+48 78 107 93 97,dostawca,pani Adrianna Urynowicz,2023-09-18,aktywny
821,Gabinety Gubernat Sp. z o.o.,017-509-61-79,112883767,PL,Nysa,91-367,ulica Mazowiecka 89,kontakt@gabinety.pl,+48 51 702 56 99,oba,Eliza Domowicz,2021-04-18,aktywny
822,Stowarzyszenie Nóżka-Łakota Sp. z o.o. Sp. J.,5757574751,686173802,PL,Myszków,90-914,aleja Wrocławska 00/56,kontakt@stowarzyszenie,+48 40 701 31 15,oba,Ksawery Pacholak,2024-07-07,aktywny
823,Sławik S.A. S.A.,5677722660,126285005,PL,Żywiec,94-338,pl. Norwida 199,kontakt@sławik.pl,+48 51 490 90 29,dostawca,Mieszko Oleksiuk,2024-08-28,aktywny
824,PPUH Ceynowa s.c. Sp. J.,229-231-06-70,260953712,Poland,Bytom,71-491,aleja Bolesława Krzywoustego 10,kontakt@ppuh.pl,+48 54 302 12 73,dostawca,pan Arkadiusz Janisz,2022-05-02,aktywny
825,Fundacja Kojder i syn s.c. sp.k.,4337976620,623279634,PL,Głogów,03-954,ulica Makowa 96/08,kontakt@fundacja.pl,+48 56 208 18 51,oba,pan Eryk Szajner,2025-11-26,aktywny
826,FPUH Szymanik Sp.j. sp. z o.o.   ,5496919285,402684735,PL,Bartoszyce,55-563,ulica Kasprowicza 95,kontakt@fpuh.pl,+48 58 926 98 26,dostawca,pani Lidia Toborek,2025-11-13,aktywny
827,Lemke S.A. S.A.,5633535740,695922147,PL,Ruda Śląska,76-011,aleja Miłosza 90/03,kontakt@lemke.pl,+48 84 912 52 99,klient,Igor Oszust,2021-12-25,nieaktywny
828,Jaźwiec-Jagieło Sp. z o.o. Sp.k. Sp. J.,,120827680,PL,Gdynia,41-359,ul. Traugutta 96,kontakt@jaźwiec-jagieło.pl,+48 76 197 59 28,oba,pan Kornel Fiedorczuk,2024-03-01,aktywny
829,Supeł s.c. S.A.,,490608439,PL,Ostrów Wielkopolski,64-723,pl. Wojciecha 74,kontakt@supeł.pl,+48 71 352 38 91,klient,pani Bianka Bieleń,2024-03-24,aktywny
830,Stowarzyszenie Rećko-Waloszek s.c. sp.k.,782-457-59-87,314811006,PL,Jasło,14-056,plac Powstańców 74/13,kontakt@stowarzyszenie.pl,+48 87 719 25 47,oba,Angelika Podeszwa,2021-03-28,aktywny
831,FPUH Martin sp. z o.o.,8843660447,319301062,PL,Ostrowiec Świętokrzyski,16 382,pl. Kościuszki 77,kontakt@fpuh.pl,+48 48 125 13 93,oba,Michał Grosz,2025-04-14,aktywny
832,Szlufik Sp. z o.o. Sp.k. S.A.,4743974291,238014139,PL,Bochnia,50-308,ulica Młynarska 67/06,kontakt@szlufik.pl,+48 13 226 16 51,oba,Sara Strojna,2025-11-28,aktywny
833,Zarzeczna-Toś S.A. Spółka z o.o.,0459908020,633302455,Poland,Biłgoraj,56-546,aleja Sportowa 50/95,kontakt@zarzeczna-toś.pl,+48 19 243 29 23,oba,Tola Kieszek,2022-05-23,nieaktywny
834,Gogola Sp.k. sp. z o.o.,1555165177,530097895,PL,Brodnica,56-887,ul. Malinowa 64/87,kontakt@gogola.pl,+48 78 526 92 60,oba,Anita Wikło,2022-04-18,aktywny
835,Gabinety Madziar-Szykuła S.A. Sp. z o.o.,0037003325,247825381,PL,Kołobrzeg,60-764,ulica Maja 413,kontakt@gabinety.pl,+48 52 496 91 95,dostawca,Natan Szczerek,2020-10-09,aktywny
836,Grupa Wnuczek Sp. z o.o. Sp.k. Spółka z o.o.,7068103907,324236606,PL,Skarżysko-Kamienna,35-676,plac Sikorskiego 954,kontakt@grupa.pl,+48 85 603 10 54,oba,Sara Bociek,2021-06-18,aktywny
837,Żach Sp. z o.o. Spółka z o.o.,8263280946,385235995,PL,Żary,05-990,plac Kossaka 36/09,kontakt@żach.pl,+48 76 497 30 35,oba,Jacek Jędral,2023-06-07,aktywny
838,PPUH Bartel-Korbel Sp.j. Spółka z o.o.,4614707984,926799099,Polska,Piotrków Trybunalski,34-785,plac Floriana 232,kontakt@ppuh.pl,+48 37 289 24 15,dostawca,Franciszek Warchał,2021-10-03,aktywny
839,Żyto Sp. z o.o. sp. z o.o.,3943945709,795602258,PL,Siedlce,88-519,al. Spacerowa 30/44,kontakt@żyto.pl,+48 83 963 42 37,oba,Maks Dudkowiak,2020-10-28,aktywny
840,Kapałka S.A. sp. z o.o.,2537657692,909449553,PL,Starogard Gdański,14-080,al. Prusa 13/35,kontakt@kapałka.pl,+48 73 591 81 86,dostawca,pani Kalina Monkiewicz,2023-05-06,aktywny
841,Stowarzyszenie Widuch Sp. z o.o. Sp. z o.o.,009-004-04-79,509547590,PL,Świętochłowice,78-808,plac Poniatowskiego 57/49,kontakt@stowarzyszenie.pl,+48 23 154 57 37,oba,Miłosz Gęsiarz,2022-09-12,nieaktywny
842,Kulma S.A. Sp. J.,5146040144,252297482,Poland,Luboń,04-109,ul. Rejtana 889,kontakt@kulma.pl,+48 69 919 36 25,oba,pani Ada Bela,2020-11-24,nieaktywny
843,Grupa Langier-Łaskawiec S.A. S.A.,2011379843,389982059,PL,Kołobrzeg,98-665,ulica Bursztynowa 89/86,kontakt@grupa.pl,+48 83 591 18 98,klient,Liwia Mostek,2022-12-22,aktywny
844,Błażejak Sp.j. Sp. J.,6007676206,719292065,PL,Biłgoraj,68-533,al. Rybacka 94,kontakt@błażejak.pl,+48 95 164 45 46,oba,Kornel Macias,2025-12-06,aktywny
845,Spółdzielnia Strzoda Spółka z o.o.,,923896371,PL,Racibórz,96-996,ulica Żabia 65/15,kontakt@spółdzielnia.pl,+48 29 933 96 73,oba,Olgierd Wosiek,2025-02-17,aktywny
846,PPUH Ragan Sp.j. S.A.,,830507008,PL,Szczecinek,30-584,ulica Sawickiej 929,kontakt@ppuh.pl,+48 16 451 74 90,klient,Stefan Larysz,2024-05-22,aktywny
847,Grupa Jaroszuk Sp. J.,2923616184,684112050,PL,Sieradz,54-518,aleja Daszyńskiego 27,kontakt@grupa.pl,+48 77 206 83 10,dostawca,Leon Pizoń,2022-05-28,aktywny
848,Stowarzyszenie Truchel s.c. Sp. J.,5715586867,335226149,PL,Skawina,61-761,ulica Dębowa 021,kontakt@stowarzyszenie.pl,+48 63 804 23 38,oba,Ida Paszkowiak,2025-08-24,aktywny
849,Fundacja Maciejko-Świstek S.A. Sp. J.,3081721431,911534685,PL,Piaseczno,90-571,aleja Sikorskiego 599,kontakt@fundacja.pl,+48 49 945 36 79,oba,Aleksander Dybka,2021-08-22,nieaktywny
850,Fundacja Semik sp. z o.o.,000-413-21-12,372122580,PL,Czerwionka-Leszczyny,58-759,al. Żeglarska 22/98,kontakt@fundacja.pl,+48 26 532 55 94,dostawca,Krystian Wenzel,2020-09-04,aktywny
851,Siebert s.c. Spółka z o.o.,9907075509,374644018,PL,Krosno,87-665,al. Błękitna 289,kontakt@siebert.pl,+48 60 870 78 22,dostawca,Patryk Gosek,2024-06-29,nieaktywny
852,Fundacja Drobek Sp. J.,7060717484,198836690,PL,Częstochowa,73-531,al. Bema 652,kontakt@fundacja.pl,+48 42 841 90 22,dostawca,Maciej Obiała,2024-10-25,aktywny
853,Jambor-Kazana Sp. z o.o. Sp.k. sp. z o.o.,9705487396,540886010,PL,Łuków,79-322,aleja Stroma 14,kontakt.jambor-kazana.pl,+48 12 800 26 85,oba,Ada Groborz,2020-11-15,nieaktywny
854,Kozieja-Dziewit Sp. z o.o. Sp.k. S.A.,1827496802,371876053,PL,Kędzierzyn-Koźle,78 772,ulica Młynarska 13,kontakt@kozieja-dziewit.pl,+48 77 602 32 67,dostawca,Antoni Witkowicz,2022-05-20,aktywny
855,Kamyk s.c. sp.k.,5612137738,106112278,PL,Iława,25-007,ul. Lubelska 49,kontakt@kamyk.pl,+48 94 280 58 15,dostawca,Sara Horbacz,2022-08-10,aktywny
856,Zaguła-Chalimoniuk Sp. z o.o. Sp.k. Sp. J.,9737112222,894951620,PL,Elbląg,92-724,aleja Mazurska 412,kontakt@zaguła-chalimoniuk.pl,+48 67 608 56 99,dostawca,Oliwier Materek,2020-10-15,aktywny
857,Taranek i syn s.c. Sp. J.,5816704682,853818040,PL,Siemianowice Śląskie,94-077,plac Dąbrowskiej 478,kontakt@taranek.pl,+48 19 166 21 43,oba,Jędrzej Bacik,2024-07-26,aktywny
858,Laskus Sp. z o.o. sp.k.,3210219232,578998499,PL,Kluczbork,67-326,ulica Kossaka 03/29,kontakt@laskus.pl,+48 82 369 71 18,oba,Borys Plizga,2022-08-21,aktywny
859,Bobrowicz-Kapcia S.A. Sp. z o.o.,8033242601,499280091,PL,Wołomin,24-752,al. Krzywa 18,kontakt@bobrowicz-kapcia.pl,+48 76 907 11 24,oba,Jakub Ślimak,2023-07-17,aktywny
860,Eckert s.c. Sp. z o.o.,4253733775,614037098,PL,Września,27-728,ulica Korczaka 49/69,kontakt@eckert.pl,+48 23 276 59 80,oba,Nataniel Poczta,2021-05-09,aktywny
861,FPUH Cader-Nazarko Sp. z o.o. Sp.k. sp. z o.o.,8217819239,773172705,PL,Pabianice,38-685,al. Storczykowa 58/74,kontakt@fpuh.pl,+48 91 470 38 43,dostawca,Borys Tomaszkiewicz,2021-03-24,aktywny
862,Fundacja Pielach Sp. z o.o.,5603567936,903812257,PL,Świętochłowice,32-679,ul. Pocztowa 515,kontakt@fundacja.pl,+48 72 729 75 62,oba,Hubert Maciejuk,2022-04-28,aktywny
863,Gabinety Sieczko i syn s.c. sp.k.,1205464755,425877298,PL,Oleśnica,77-422,pl. Rynek 483,kontakt@gabinety.pl,+48 50 975 70 75,dostawca,Stanisław Gabrych,2024-11-20,aktywny
864,Stowarzyszenie Stępka Sp. J.,9899927517,842410947,PL,Legionowo,53-401,al. Handlowa 047,kontakt@stowarzyszenie.pl,+48 54 645 76 88,oba,Natan Smorąg,2021-04-06,aktywny
865,Indyk Sp.j. Spółka z o.o.,4498355396,305370925,PL,Sieradz,29-587,ulica Sawickiej 19/95,kontakt@indyk.pl,+48 50 296 52 76,oba,Rozalia Danilczuk,2025-03-04,aktywny
866,Dryka Sp.j. sp.k.,6392435887,444824123,PL,Ruda Śląska,91-342,plac Staffa 83,kontakt@dryka.pl,+48 70 695 76 32,klient,pani Kornelia Srokosz,2023-10-29,aktywny
867,Fundacja Magryta-Iciek S.A. sp. z o.o.,9527536743,710088706,Polska,Ełk,21-933,plac Poniatowskiego 83,kontakt@fundacja.pl,+48 79 449 28 42,oba,Piotr Ptok,2021-05-14,aktywny
868,Wiekiera s.c. S.A.   ,8601347787,726618123,PL,Dąbrowa Górnicza,65-408,ul. Fabryczna 403,kontakt@wiekiera.pl,+48 76 681 63 35,dostawca,Filip Adamaszek,2021-02-16,nieaktywny
869,Dywan i syn s.c. Sp. J.,7917665128,294459726,PL,Dębica,84-411,aleja Korfantego 11,kontakt@dywan.pl,+48 57 878 16 15,klient,Michał Kołaczek,2023-09-02,aktywny
870,PPUH Miodek-Armata Sp.k. sp.k.,4216309008,219649243,PL,Bochnia,51-199,al. Ściegiennego 680,kontakt.ppuh.pl,+48 90 836 45 46,dostawca,Jacek Hojda,2023-04-04,aktywny
871,Dziechciarz-Ledzion Sp.k. sp.k.,9948532085,727194083,PL,Łuków,61-386,plac Żeromskiego 68,kontakt@dziechciarz-ledzion.pl,+48 39 275 59 36,oba,Karina Fit,2020-10-02,nieaktywny
872,PPUH Szyca-Pietraś Sp. z o.o. Sp. z o.o.,9947113630,359871834,PL,Olkusz,94-404,plac Jana III Sobieskiego 90,kontakt@ppuh.pl,+48 89 269 32 38,dostawca,Jerzy Pielach,2021-10-05,aktywny
873,Fundacja Wojtoń Sp. J.,4699673311,188043753,PL,Gorzów Wielkopolski,83-319,plac Rejtana 11/82,kontakt@fundacja.pl,+48 67 553 29 59,oba,Marika Wandas,2024-10-27,aktywny
874,Tlałka-Walentynowicz Sp.j. Spółka z o.o.,376-855-07-82,761036088,PL,Turek,61-536,pl. Słowackiego 464,kontakt@tlałka-walentynowicz.pl,+48 67 721 36 57,klient,pani Blanka Glonek,2021-06-04,aktywny
875,PPUH Świadek-Sierżant Sp. z o.o. Sp. J.,6263355643,367110093,PL,Żory,89-215,al. Czarnieckiego 535,kontakt.ppuh.pl,+48 40 488 86 70,klient,pan Juliusz Porzucek,2023-04-18,aktywny
876,Trybus Sp.j. Sp. z o.o.,7069556077,568464805,PL,Bartoszyce,10-385,ulica Witosa 12/37,kontakt@trybus.pl,+48 65 191 65 42,dostawca,Piotr Kaziród,2023-02-14,aktywny
877,Fundacja Ciesiółka Sp.k. Spółka z o.o.,7223989833,138969636,PL,Ostróda,63-144,pl. Niepodległości 41,kontakt@fundacja.pl,+48 57 149 39 21,oba,Gustaw Słonka,2022-05-04,aktywny
878,PPUH Konstanty Sp. J.,8041847246,252078385,PL,Turek,48-578,pl. Kochanowskiego 839,kontakt@ppuh.pl,+48 46 991 33 39,dostawca,pani Apolonia Bociek,2024-01-20,aktywny
879,Skierka-Pyś Sp.k. Sp. z o.o.,3190924877,554476269,PL,Tarnów,22-537,pl. Maja 622,kontakt@skierka-pyś.pl,+48 41 117 35 87,oba,pan Jakub Otremba,2021-06-03,aktywny
880,Glanc-Tadla Sp. z o.o. Sp. z o.o.,428-178-52-29,673010207,Polska,Iława,59-339,ulica Orkana 21/58,kontakt@glanc-tadla.pl,+48 42 905 11 51,klient,Mieszko Klyta,2023-08-12,aktywny
881,Handzel Sp. z o.o. Sp.k. Sp. z o.o.,880-622-07-25,242046367,PL,Bełchatów,55-599,pl. Kołłątaja 64/88,kontakt@handzel.pl,+48 88 954 57 83,dostawca,Igor Dyja,2025-09-29,aktywny
882,Cebo-Józefczak S.A. sp. z o.o.,1329016200,408381330,PL,Tczew,23-270,ul. Chopina 96/59,kontakt@cebo-józefczak.pl,+48 78 918 72 96,dostawca,Lidia Oślizło,2025-02-01,nieaktywny
883,Pietrasiak-Ochwat S.A. S.A.,8599648623,640255935,PL,Stargard Szczeciński,12-952,ul. Kochanowskiego 70,kontakt@pietrasiak-ochwat.pl,+48 27 924 14 36,klient,pani Olga Rosłon,2024-09-05,aktywny
884,Gabinety Kluj-Barszczak Sp.k. Sp. z o.o.   ,9666450577,313355557,PL,Kwidzyn,42-310,ul. Norwida 66/67,kontakt@gabinety.pl,+48 38 545 91 28,dostawca,pani Angelika Zaucha,2022-02-15,aktywny
885,Grupa Hajder-Świerad i syn s.c. Spółka z o.o.,6320374768,600738478,PL,Gniezno,22-969,pl. Sucharskiego 68,kontakt@grupa.pl,+48 58 309 69 26,dostawca,pan Mieszko Kubek,2021-02-18,aktywny
886,FPUH Tułacz sp. z o.o.,,742351513,PL,Oława,56-668,plac Rynek 756,kontakt@fpuh.pl,+48 56 940 75 80,dostawca,Melania Westfal,2021-01-04,nieaktywny
887,Pietraś-Pleśniak S.A. S.A.,1553482011,256700837,PL,Goleniów,02-201,al. Kaliska 09,kontakt@pietraś-pleśniak.pl,+48 18 125 75 37,oba,Kornel Lesik,2026-05-27,aktywny
888,Stowarzyszenie Dudczak S.A.,6597595459,154671014,PL,Wrocław,78-280,aleja Turkusowa 044,kontakt@stowarzyszenie.pl,+48 67 876 72 65,oba,Anita Wizner,2020-12-18,aktywny
889,Ciuruś Sp.k. sp.k.,9812657427,252698152,PL,Kwidzyn,78-648,al. Cisowa 810,kontakt@ciuruś.pl ,+48 22 731 59 45,dostawca,pani Inga Głowienka,2023-01-11,aktywny
890,Buchholz-Lipok S.A. Spółka z o.o.,023-693-62-61,687396879,PL,Włocławek,11-430,ulica Żabia 05/18,kontakt@buchholz-lipok.pl,+48 37 100 18 30,klient,Eryk Kurpanik,2023-07-15,aktywny
891,FPUH Ruszczak-Gzyl i syn s.c. Sp. z o.o.,,881600177,PL,Wałcz,41-920,pl. Waryńskiego 58/06,kontakt@fpuh.pl,+48 71 364 83 81,oba,Stanisław Samson,2024-04-07,aktywny
892,Haremza-Koniec s.c. Spółka z o.o.,8298493309,565867976,PL,Kalisz,94-274,ulica Żabia 49,kontakt@haremza-koniec.pl,+48 45 436 75 48,dostawca,Dorota Melka,2025-02-04,aktywny
893,Kasiak-Prażuch i syn s.c. sp.k.,4412833378,264559794,PL,Warszawa,40-281,al. Sikorskiego 791,kontakt@kasiak-prażuch.pl,+48 80 617 56 62,oba,pan Adam Wiech,2025-01-15,aktywny
894,Lelonek-Palus S.A. Spółka z o.o.,4132971501,567747088,PL,Legionowo,76-642,ulica Ogrodowa 57,kontakt@lelonek-palus.pl,+48 66 257 63 70,klient,Witold Stryjek,2024-04-20,nieaktywny
895,Piestrzeniewicz-Nieścioruk Sp.k. Sp. z o.o.,4377693667,352448868,PL,Włocławek,40-055,al. Zachodnia 295,kontakt@piestrzeniewicz-nieścioruk.pl,+48 42 725 31 53,klient,Artur Prokurat,2024-03-23,aktywny
896,Wakuła-Burdach S.A. Sp. z o.o.,1110286713,952110109,PL,Konin,38-266,pl. Wyspiańskiego 75,kontakt@wakuła-burdach.pl,+48 17 102 70 32,klient,pani Janina Soczewka,2022-01-20,aktywny
897,Fundacja Grymuza-Goworek Sp.k. Spółka z o.o.,5910245103,725844921,PL,Nowy Sącz,05-973,al. Armii Krajowej 93/65,kontakt@fundacja.pl,+48 16 729 10 34,klient,Nikodem Dziczek,2024-12-09,aktywny
898,PPUH Ciechowicz-Katana i syn s.c. S.A.,1494981941,248837806,PL,Żory,12-526,aleja Bolesława Chrobrego 401,kontakt@ppuh.pl,+48 70 720 43 30,oba,Lidia Grabias,2026-05-01,aktywny
899,PPUH Jędrasiak Sp. z o.o. Sp.k. sp.k.,3406527759,646401315,PL,Swarzędz,49-675,ul. Kazimierza Wielkiego 15/02,kontakt@ppuh.pl,+48 48 769 61 63,klient,Lidia Pacholak,2024-01-10,aktywny
900,FPUH ŚLEZIAK SP. Z O.O.,3722010914,258570161,PL,Siedlce,46-314,aleja Czarnieckiego 07,kontakt@fpuh.pl,+48 68 229 29 19,dostawca,pan Dariusz Nóżka,2024-04-15,aktywny
901,Gabinety Pabis Sp. z o.o. Sp.k. sp.k.,3766189431,608124995,PL,Wieluń,48-616,plac Kusocińskiego 403,kontakt@gabinety.pl,+48 57 260 60 34,dostawca,Sandra Strawa,2021-04-19,aktywny
902,PPUH Masłoń Spółka z o.o.,6277657259,900239651,PL,Luboń,04-168,ul. Jadwigi 83/92,kontakt@ppuh.pl,+48 95 422 82 99,klient,Józef Mik,2020-08-22,nieaktywny
903,Wiech Sp. z o.o. Sp.k. sp. z o.o.   ,5595501784,316587933,PL,Płońsk,19 821,plac Żwirki i Wigury 70,kontakt@wiech.pl,+48 29 440 97 94,oba,Ksawery Krokosz,2026-03-22,aktywny
904,Bok-Gospodarek Sp. z o.o. S.A.,899-936-07-94,687469045,PL,Siedlce,31-879,aleja Żeromskiego 32/85,kontakt@bok-gospodarek.pl,+48 79 873 68 15,dostawca,Malwina Sykut,2024-04-15,aktywny
905,Grupa Gilewicz sp.k.,1767993594,339336560,PL,Żywiec,88-404,pl. Fredry 67/31,kontakt@grupa.pl,+48 44 407 93 14,klient,Hubert Groth,2023-05-29,aktywny
906,Fierek-Nijak Sp. z o.o. Sp.k. Sp. z o.o.,8303736069,151285942,PL,Bełchatów,87-748,al. Koralowa 57,kontakt@fierek-nijak.pl,+48 46 648 79 63,klient,Borys Kaziród,2026-03-09,nieaktywny
907,Spółdzielnia Wojtiuk-Brodowicz Sp. z o.o. Sp.k. Sp. J.,4907938847,937169446,PL,Skarżysko-Kamienna,44-514,aleja Modrzewiowa 32/73,kontakt@spółdzielnia.pl,+48 41 498 81 52,klient,Bruno Plich,2022-10-21,aktywny
908,Grupa Elsner Sp.j. S.A.,1537012428,805939260,PL,Wyszków,24-436,aleja Wyzwolenia 704,kontakt@grupa.pl,+48 96 363 63 30,dostawca,Kajetan Gierak,2022-11-05,aktywny
909,FPUH Wydmuch i syn s.c. Spółka z o.o.,1448811211,103573647,PL,Gorzów Wielkopolski,60-826,aleja Przemysłowa 60/25,kontakt@fpuh.pl,+48 19 897 44 32,klient,Aurelia Krystkowiak,2025-08-14,aktywny
910,FPUH Gawliczek Sp. z o.o. sp.k.,8781794156,947182332,PL,Wołomin,84-983,pl. Narutowicza 46,kontakt@fpuh.pl,+48 56 280 59 34,oba,Oliwier Halik,2023-05-14,aktywny
911,PPUH Kempka i syn s.c. sp.k.,1122528837,613989854,PL,Chrzanów,92-344,al. Prusa 68,kontakt@ppuh.pl,+48 14 448 59 65,klient,Maksymilian Popielarczyk,2026-04-21,aktywny
912,Stróż Sp.k. S.A.,3239791379,698565719,PL,Luboń,34-203,al. Świerczewskiego 74,kontakt@stróż.pl,+48 60 429 92 57,klient,Marcel Godzwon,2021-01-10,aktywny
913,Fundacja Banyś Sp. z o.o. sp. z o.o.,0950556054,597659232,PL,Grodzisk Mazowiecki,88-379,plac Głowackiego 40/84,kontakt@fundacja.pl,+48 28 963 22 86,oba,Gustaw Błażejczak,2021-11-12,aktywny
914,Grupa Fras Sp. z o.o. Sp.k. S.A.,7885190537,435069915,PL,Będzin,82-037,ul. Pułaskiego 08/63,kontakt@grupa.pl,+48 48 139 23 17,dostawca,Karol Szott,2022-02-03,aktywny
915,Chruszcz Sp.k. S.A.,2456185177,431126013,PL,Kalisz,82-506,al. Niecała 938,kontakt@chruszcz.pl,+48 63 123 13 46,dostawca,pan Piotr Stachelek,2022-08-18,aktywny
916,Grupa Lenarcik sp. z o.o.,5129391303,396905612,PL,Krotoszyn,93-654,aleja Sarnia 15/46,kontakt@grupa.pl,+48 81 872 79 20,oba,Michał Zacharek,2023-11-22,nieaktywny
917,FPUH Bisaga Sp. J.,,895743973,PL,Piastów,11-857,ul. Jaworowa 44/98,kontakt@fpuh.pl,+48 28 170 22 85,klient,Franciszek Pleśniak,2021-10-03,nieaktywny
918,Fundacja Wacławczyk-Pacholik Sp.j. Sp. z o.o.,7568142980,952666025,PL,Tarnowskie Góry,96-706,aleja Dąbrowskiej 09/62,kontakt@fundacja.pl,+48 21 442 31 33,oba,Jeremi Durlik,2021-09-21,aktywny
919,Spółdzielnia Wiatrak i syn s.c. Sp. z o.o.,963-845-26-99,541890948,PL,Żyrardów,85-133,plac Powstańców Wielkopolskich 51/33,kontakt@spółdzielnia.pl,+48 45 355 88 25,oba,Arkadiusz Michniak,2025-04-09,aktywny
920,Dębniak Sp. z o.o. Sp.k. sp.k.,7016934298,297952816,PL,Kościerzyna,92624,al. Pomorska 67/80,kontakt@dębniak.pl,+48 96 354 26 15,klient,pani Natasza Duszczyk,2023-05-12,aktywny
921,Spółdzielnia Szaruga i syn s.c. Sp. J.,1623419036,870126834,PL,Piastów,64-216,ul. Kusocińskiego 460,kontakt.spółdzielnia.pl,+48 12 523 23 53,klient,Ada Wyrwał,2025-07-28,aktywny
922,Grupa Drygała Sp. J.,,781881435,PL,Goleniów,68-379,plac Malczewskiego 770,kontakt@grupa.pl,+48 37 498 55 34,oba,Janina Płoskonka,2023-04-13,aktywny
923,Stowarzyszenie Sobiło-Janc Sp.j. Spółka z o.o.,7843614240,399926247,PL,Zambrów,03-770,plac Norwida 826,kontakt@stowarzyszenie.pl,+48 65 887 11 70,oba,Patryk Wołkowicz,2021-04-16,aktywny
924,Mzyk-Kurnik s.c. Spółka z o.o.,4373476424,615772199,PL,Ełk,23886,aleja Nałkowskiej 536,kontakt@mzyk-kurnik.pl,+48 67 236 12 40,oba,Alex Wyłupek,2026-01-03,aktywny
925,FPUH Pindor sp.k.,8214584149,806837607,PL,Bielsk Podlaski,88-984,pl. Dąbrowskiej 86/36,kontakt@fpuh.pl,+48 62 120 18 82,klient,pan Julian Sobolak,2023-04-07,nieaktywny
926,SPÓŁDZIELNIA FIUTAK S.A. SPÓŁKA Z O.O.,389-982-78-02,260090934,PL,Piaseczno,37-004,al. Jana 216,kontakt@spółdzielnia.pl,+48 52 886 98 80,dostawca,Sandra Siudek,2024-05-20,aktywny
927,Smorąg-Kozaczuk s.c. sp. z o.o.,2146449363,819231224,PL,Suwałki,18-625,ul. Hallera 60/59,kontakt@smorąg-kozaczuk.pl,+48 23 489 70 89,klient,Leon Zięcik,2023-04-22,aktywny
928,FPUH Miara Sp. z o.o. Sp.k. Spółka z o.o.,,601526417,PL,Gdańsk,96-616,pl. Nałkowskiej 32/75,kontakt@fpuh.pl,+48 79 856 19 23,oba,Tymoteusz Łuczyk,2025-07-04,aktywny
929,Kolber-Grys Sp. z o.o. Sp.k. sp. z o.o.,3351040966,229146938,PL,Kielce,04-212,al. Powstańców Śląskich 97,kontakt@kolber-grys.pl,+48 93 702 67 36,klient,Kajetan Bartoszak,2024-05-18,nieaktywny
930,FPUH Nalewajko-Haponiuk s.c. sp.k.,1149830749,680975011,PL,Starachowice,21-251,ul. Krótka 06/87,kontakt@fpuh.pl,+48 95 875 99 10,dostawca,Wojciech Pawlos,2022-12-26,aktywny
931,Stowarzyszenie Garczyk Sp.k. Spółka z o.o.,1189394065,847731349,PL,Iława,16-733,ul. Kasprowicza 046,kontakt@stowarzyszenie.pl,+48 56 871 67 81,oba,Dariusz Holewa,2022-05-26,aktywny
932,FPUH Gramza-Wawrzyńczyk Sp.j. Sp. z o.o.,3332470737,764266315,PL,Wałbrzych,14-150,plac Bolesława Krzywoustego 56,kontakt@fpuh.pl,+48 15 220 36 56,oba,pani Aniela Dyjach,2023-12-02,aktywny
933,Spółdzielnia Dykas Sp. z o.o. S.A.,2127602505,672336241,PL,Starachowice,83-711,aleja Szewska 45,kontakt@spółdzielnia.pl,+48 98 963 63 23,klient,Sara Pabiś,2022-04-29,aktywny
934,FPUH Ryczko s.c. sp. z o.o.,6163248882,735314694,PL,Tarnowskie Góry,77-037,ulica Gałczyńskiego 035,kontakt@fpuh.pl,+48 68 261 86 78,oba,pani Roksana Gral,2022-12-23,nieaktywny
935,Adamiuk-Wojtaszak Sp. z o.o. Sp.k. S.A.,3646871918,955344669,PL,Chrzanów,92-451,pl. Armii Krajowej 22/94,kontakt@adamiuk-wojtaszak.pl,+48 17 335 99 78,klient,Juliusz Pochroń,2025-12-07,aktywny
936,Faryna-Kruś S.A. Sp. J.,9208283231,154501175,PL,Śrem,39-152,ul. Wyspiańskiego 886,kontakt@faryna-kruś.pl,+48 41 651 80 20,dostawca,pan Tymoteusz Piersa,2026-06-12,aktywny
937,Miksza-Ruman s.c. Spółka z o.o.,8157245006,921927296,PL,Racibórz,67-384,al. Północna 72/76,kontakt@miksza-ruman.pl,+48 14 893 95 98,klient,Wiktor Czupryn,2020-11-24,aktywny
938,Strycharz-Trzepizur S.A. sp. z o.o.,9113717856,161469115,PL,Legnica,36-624,pl. Staffa 57,kontakt@strycharz-trzepizur.pl,+48 30 461 50 58,oba,pan Mariusz Prystupa,2021-11-06,aktywny
939,Spółdzielnia Szczepan-Albin Sp. z o.o. Sp.k. sp.k.,4442182997,679834925,PL,Bielsk Podlaski,05-409,pl. Mieszka I 14/88,kontakt@spółdzielnia.pl,+48 47 602 76 19,klient,Adam Fras,2022-07-12,aktywny
940,  PPUH Młot-Pronobis Sp. z o.o. Sp.k. Spółka z o.o.,8905670868,601773279,PL,Koło,24-707,pl. Matejki 72/09,kontakt@ppuh.pl,+48 16 713 16 10,oba,Bianka Lang,2023-06-28,nieaktywny
941,Katana S.A. S.A.,5515848268,505575023,Poland,Nowa Ruda,09-928,aleja Słowackiego 33,kontakt@katana.pl,+48 41 522 29 44,oba,pan Franciszek Grupa,2023-02-11,nieaktywny
942,Rećko i syn s.c. Spółka z o.o.,0542960802,771106793,PL,Kłodzko,10-202,ul. Rycerska 73,kontakt@rećko.pl ,+48 17 516 36 40,dostawca,Rozalia Żywica,2025-09-19,aktywny
943,CIARKA-FURA SP. Z O.O. SP.K. SP. Z O.O.,6481880443,791250747,PL,Mława,02-596,ul. Rycerska 39/97,kontakt@ciarka-fura.pl,+48 81 585 73 41,oba,Iwo Dynak,2022-09-25,aktywny
944,PPUH Pogorzelec Sp.j. sp. z o.o.,8164321263,764726382,PL,Czerwionka-Leszczyny,23-337,al. Skłodowskiej-Curie 448,kontakt@ppuh.pl,+48 32 634 83 92,oba,Cyprian Kurzydło,2024-01-03,aktywny
945,PPUH Franik-Karwan Sp.j. sp. z o.o.,036-258-63-19,432414395,PL,Elbląg,97-969,aleja Stycznia 877,kontakt@ppuh.pl,+48 21 573 15 59,dostawca,Kajetan Szelest,2024-12-05,aktywny
946,FPUH Wlaźlak Sp. z o.o. Spółka z o.o.,4026355822,415500894,PL,Mińsk Mazowiecki,44-654,pl. Moniuszki 33,kontakt@fpuh.pl,+48 13 784 20 70,dostawca,Nela Sobkiewicz,2024-01-04,aktywny
947,Gabinety Pyszczek Spółka z o.o.,4898803153,359247864,PL,Kwidzyn,14-702,plac Słowicza 25/23,kontakt@gabinety.pl,+48 46 439 27 69,oba,Alan Sorbian,2021-04-01,aktywny
948,Kuzior-Kinal S.A. Spółka z o.o.,0404333357,308659087,PL,Świętochłowice,67 486,pl. Sawickiej 43/47,kontakt@kuzior-kinal.pl,+48 86 422 25 60,oba,Leonard Walasik,2023-01-17,aktywny
949,Stowarzyszenie Hajdasz Sp. z o.o.,,751177700,PL,Skierniewice,96-323,al. Głogowa 66/06,kontakt@stowarzyszenie.pl,+48 41 707 21 90,oba,Kalina Materek,2022-10-11,aktywny
950,Krzykała-Łabaj Sp. z o.o. Sp.k. sp. z o.o.,6530601199,917497187,PL,Poznań,91-208,aleja Traugutta 056,kontakt@krzykała-łabaj.pl,+48 52 498 22 69,oba,Arkadiusz Jachna,2025-02-14,aktywny
951,FPUH Glanc-Sierpień S.A. Sp. J.,8002300911,459261644,PL,Pruszcz Gdański,65-451,plac Kopernika 25,kontakt@fpuh.pl,+48 25 662 26 86,oba,pan Michał Panasewicz,2020-09-14,aktywny
952,FPUH Stochaj Sp.j. S.A.,5774491603,766856058,PL,Leszno,36-622,al. Słowackiego 05,kontakt@fpuh.pl,+48 61 476 88 54,klient,Julita Nyk,2021-03-17,aktywny
953,Stowarzyszenie Bereda Sp.j. sp.k.,3687509261,309063902,PL,Tarnów,96-076,plac Kruczkowskiego 29,kontakt@stowarzyszenie.pl,+48 31 320 87 87,oba,Anita Pagacz,2022-03-20,aktywny
954,Grupa Korpal-Bryzek Sp. z o.o. Sp.k. S.A.,4556114048,239642759,PL,Ząbki,70 782,pl. Wybickiego 40/21,kontakt@grupa.pl,+48 16 949 56 90,klient,pani Janina Krzan,2024-05-05,aktywny
955,Wiencek-Pabisiak Sp.j. S.A.,6608112603,145267360,PL,Głogów,59-371,plac Kusocińskiego 44/90,kontakt@wiencek-pabisiak.pl,+48 18 632 36 56,dostawca,Ignacy Majtyka,2025-01-07,nieaktywny
956,Fundacja Pioch i syn s.c. Sp. z o.o.,0627153126,924198469,PL,Wołomin,07-852,ul. Skłodowskiej-Curie 096,kontakt@fundacja.pl,+48 43 448 55 16,dostawca,Dorota Humeniuk,2026-04-08,aktywny
957,Gabinety Głuszko S.A.,9177682934,663169142,PL,Oleśnica,37-589,plac Konstytucji 3 Maja 91,kontakt@gabinety,+48 48 867 15 24,klient,Ewelina Kwak,2023-12-20,nieaktywny
958,Gabinety Kielczyk-Malcher s.c. Sp. z o.o.,8735437882,246560683,PL,Żary,79-666,ulica Maczka 64/77,kontakt@gabinety.pl,+48 16 317 39 92,dostawca,Kornel Kijas,2021-12-13,aktywny
959,Słomiany-Dylik Sp. z o.o. Sp.k. Sp. J.,570-908-59-94,859723045,PL,Sanok,68-800,pl. Listopada 940,kontakt@słomiany-dylik.pl,+48 48 392 83 33,klient,Kacper Wicha,2025-08-21,nieaktywny
960,Konstanty-Klekot S.A. sp.k.,2699969967,938075564,PL,Kędzierzyn-Koźle,29-599,pl. Szymanowskiego 395,kontakt@konstanty-klekot.pl,+48 81 757 87 86,oba,Rafał Pindral,2025-09-03,aktywny
961,Wałęsa-Indyk S.A. sp.k.,4285969328,454714699,PL,Tychy,04-547,ul. Sawickiej 85,kontakt@wałęsa-indyk.pl,+48 48 121 74 49,oba,Arkadiusz Budzich,2022-09-27,nieaktywny
962,Spółdzielnia Pieczarka sp. z o.o.,1234266986,158811546,PL,Ostrowiec Świętokrzyski,26-311,aleja Broniewskiego 35,kontakt@spółdzielnia.pl,+48 90 816 12 81,dostawca,Sebastian Niedojadło,2022-04-18,aktywny
963,Grupa Fraszczyk Sp.j. Sp. z o.o.,7607234836,658339066,PL,Szczecin,57-889,pl. Kraszewskiego 77,kontakt@grupa.pl,+48 52 786 94 87,dostawca,Konrad Zarzeczna,2023-04-18,nieaktywny
964,PPUH Marko Sp. z o.o. sp.k.,2804056129,846404164,PL,Ruda Śląska,23-519,ul. Witosa 17,kontakt@ppuh.pl,+48 54 130 80 28,dostawca,pani Anastazja Rzeźniczak,2024-07-31,aktywny
965,Stefanik-Skiepko s.c. sp. z o.o.,6418696564,776836206,PL,Skarżysko-Kamienna,62-262,ul. Powstańców Śląskich 06,kontakt@stefanik-skiepko.pl,+48 38 115 81 71,dostawca,Blanka Złotek,2021-08-29,aktywny
966,Szafarz Sp. z o.o. Sp.k. Sp. J.,2385951433,934532128,PL,Piekary Śląskie,09-445,pl. Matejki 16/70,kontakt@szafarz.pl,+48 62 654 29 40,oba,Kazimierz Denkiewicz,2024-01-16,aktywny
967,Hirsch-Niedźwiadek S.A. Spółka z o.o.,0027300866,744666473,PL,Swarzędz,02-132,ul. Piłsudskiego 70/09,kontakt@hirsch-niedźwiadek.pl,+48 60 164 17 24,dostawca,Gustaw Dzieża,2026-03-17,aktywny
968,Fundacja Wizner-Budniak Sp.j. Sp. z o.o.,3950016804,757202600,PL,Jelenia Góra,23-959,ul. Konstytucji 3 Maja 25/12,kontakt@fundacja.pl,+48 21 400 90 87,klient,Sonia Węgrzynowicz,2024-02-29,aktywny
969,Fundacja Mętel S.A.,2839762055,336771632,POL,Rumia,34-637,plac Ściegiennego 50,kontakt@fundacja,+48 45 117 73 66,dostawca,pan Leonard Miąsik,2023-09-19,aktywny
970,Wielgos-Kobza s.c. Sp. z o.o.,7266292501,696425455,PL,Dębica,98-613,pl. Witosa 05,kontakt@wielgos-kobza.pl,+48 73 842 90 70,dostawca,Tomasz Getka,2021-02-03,nieaktywny
971,Tomaszkiewicz Sp.j. sp.k.,3337312552,867638331,PL,Malbork,54-877,al. Piłsudskiego 04/77,kontakt@tomaszkiewicz.pl,+48 36 453 61 23,dostawca,Hubert Jędrasiak,2021-06-12,aktywny
972,Stowarzyszenie Szpyrka-Dacko Sp.k. sp. z o.o.,211-920-61-36,905668951,PL,Rybnik,62-505,pl. Chopina 82,kontakt@stowarzyszenie.pl,+48 41 944 75 95,dostawca,Artur Galos,2022-01-16,aktywny
973,Bronka Sp. z o.o. sp.k.,4449029508,251237750,PL,Jawor,52-290,ul. Asnyka 42,kontakt@bronka.pl,+48 48 622 15 22,dostawca,Kornel Palej,2023-08-25,aktywny
974,FPUH Sołtysek s.c. Sp. z o.o.,3734167811,252227862,PL,Czechowice-Dziedzice,74-905,plac Kazimierza Wielkiego 529,kontakt@fpuh.pl,+48 74 783 75 31,klient,Ernest Siedlarz,2021-05-26,aktywny
975,Koloch S.A. sp. z o.o.,1798213485,550829541,POL,Piotrków Trybunalski,02-147,pl. Lelewela 26,kontakt@koloch.pl,+48 84 659 53 72,oba,pani Ewelina Mikiciuk,2025-06-20,aktywny
976,Gabinety Jonak S.A. S.A.,3831828565,131307046,PL,Gorlice,74-416,ul. Stolarska 48/71,kontakt@gabinety.pl,+48 40 686 67 12,dostawca,Ida Staciwa,2025-05-13,aktywny
977,Spółdzielnia Micał Sp. z o.o.,7706736825,950837330,PL,Puławy,63-791,al. Tysiąclecia 58,kontakt@spółdzielnia.pl,+48 57 882 10 58,oba,Wiktor Hein,2022-03-03,aktywny
978,Fundacja Majtyka sp. z o.o.   ,5871469211,661392444,PL,Szczecin,70-130,ulica Lazurowa 18,kontakt@fundacja.pl,+48 20 684 27 51,oba,Hubert Fiutak,2025-01-07,nieaktywny
979,Stowarzyszenie Pikor sp.k.,0898436994,681815214,PL,Oświęcim,71-963,ulica Szafirowa 32/30,kontakt@stowarzyszenie.pl,+48 80 988 12 30,klient,Maks Okła,2020-12-24,nieaktywny
980,Gabinety Miodek-Zbroszczyk i syn s.c. Sp. z o.o.,9386948425,420122455,PL,Police,68-049,al. Czarnieckiego 82,kontakt@gabinety.pl,+48 89 624 80 90,klient,pani Urszula Łukasz,2021-07-02,aktywny
981,Krzysztoszek-Wasyluk i syn s.c. S.A.,887-071-52-30,684082167,PL,Pruszcz Gdański,29-864,pl. Czarnieckiego 63/40,kontakt@krzysztoszek-wasyluk.pl,+48 68 499 71 35,oba,Gustaw Hanus,2022-08-26,aktywny
982,Fundacja Kozubal-Szkoła Sp.j. sp.k.,7461917792,671442511,PL,Ostrołęka,18-739,plac Kopernika 843,kontakt@fundacja.pl,+48 60 654 29 89,oba,Stanisław Tatarczuk,2025-06-14,aktywny
983,Spółdzielnia Szymajda Sp.j. Sp. J.,2258937085,441722477,PL,Jaworzno,98-996,aleja Ściegiennego 66,kontakt@spółdzielnia.pl,+48 62 758 33 97,oba,Witold Drożdżal,2023-03-22,aktywny
984,  Grupa Pakos Sp. J.,4056695792,141141272,PL,Tarnowskie Góry,18-915,ul. Orzechowa 72,kontakt@grupa.pl,+48 97 227 31 45,oba,Arkadiusz Działak,2022-07-13,aktywny
985,Koniecko Sp. z o.o. Sp.k. Spółka z o.o.,,310568556,PL,Ostróda,14-791,pl. Matejki 74/18,kontakt@koniecko.pl,+48 56 946 88 47,klient,pan Piotr Bobik,2023-04-29,aktywny
986,Stowarzyszenie Drop sp. z o.o.,8946338912,465272013,PL,Kołobrzeg,33-116,pl. Narutowicza 27/43,kontakt@stowarzyszenie.pl,+48 32 366 20 97,oba,Dawid Wypiór,2024-03-26,aktywny
987,PPUH Kaluga-Godzik S.A. Spółka z o.o.,7256292698,337997155,PL,Bielsk Podlaski,64-857,pl. Korczaka 14,kontakt@ppuh.pl,+48 54 642 87 97,dostawca,Iwo Fedyk,2021-09-14,aktywny
988,  Stowarzyszenie Giedrojć-Pokusa i syn s.c. sp.k.,1865507844,514764009,PL,Przemyśl,46 086,ulica Zakątek 97,kontakt@stowarzyszenie.pl,+48 13 724 51 72,oba,Tola Bajak,2023-10-12,aktywny
989,Grupa Reichel sp. z o.o.   ,0349189110,616703189,PL,Lubliniec,63-575,al. Plater 60/91,kontakt@grupa.pl,+48 32 148 35 76,oba,Aurelia Grzelczyk,2024-04-19,aktywny
990,Szoka S.A. Spółka z o.o.,0153641540,587131684,PL,Skarżysko-Kamienna,75-689,pl. Wróblewskiego 057,kontakt@szoka.pl,+48 52 947 51 35,klient,pan Ksawery Dywan,2022-12-27,aktywny
991,FPUH Siara S.A. Spółka z o.o.,9367813670,440720011,PL,Mława,24-025,pl. Wojska Polskiego 607,kontakt@fpuh.pl,+48 13 735 44 29,oba,Maurycy Budych,2021-10-12,aktywny
992,Stowarzyszenie Pyszka Sp. z o.o.,0527698197,662341139,PL,Tarnowskie Góry,58-803,aleja Lazurowa 42/38,kontakt@stowarzyszenie.pl,+48 82 161 87 26,dostawca,pani Elżbieta Swaczyna,2020-08-19,aktywny
993,Usarek-Wietecha i syn s.c. sp. z o.o.,3888562256,698510766,PL,Bielsko-Biała,43-361,ul. Krasickiego 116,kontakt@usarek-wietecha.pl,+48 64 159 51 84,oba,pani Krystyna Kałwa,2025-03-20,aktywny
994,Spółdzielnia Zygmuntowicz i syn s.c. S.A.,8744227581,462157365,PL,Lubliniec,63-360,plac Stefana Batorego 25,kontakt@spółdzielnia.pl,+48 80 747 53 85,dostawca,Kamil Warczak,2024-08-20,aktywny
995,Stowarzyszenie Majsterek-Gierat Sp.k. Spółka z o.o.,9428249118,972327059,PL,Bielawa,38-775,ul. Żwirki i Wigury 13/11,kontakt@stowarzyszenie.pl,+48 53 126 27 10,klient,Błażej Dworczak,2021-01-14,aktywny
996,PPUH Kurczak Spółka z o.o.,539-313-21-54,440780867,PL,Otwock,18-944,ul. Zbożowa 91/53,kontakt@ppuh.pl,+48 37 105 51 53,dostawca,pan Marcel Koronkiewicz,2020-12-08,aktywny
997,Hawrylak-Gul Sp. z o.o. Sp. J.,682-144-48-82,762400532,PL,Brzeg,29-854,pl. Asnyka 73,kontakt@hawrylak-gul.pl,+48 60 700 89 72,klient,Bartek Łuszczyk,2026-02-28,nieaktywny
998,Kobos-Złotek s.c. Sp. J.,3677462026,493305297,PL,Sochaczew,57-425,ul. Poniatowskiego 89,kontakt@kobos-złotek.pl,+48 58 394 36 18,oba,Aurelia Orpel,2023-01-03,aktywny
999,FPUH Piejko Sp.k. sp. z o.o.,8123123922,792722274,PL,Radomsko,34-442,plac Norwida 851,kontakt@fpuh.pl,+48 91 412 89 21,klient,Kazimierz Łuckiewicz,2024-10-14,aktywny
1000,Dyjach-Lempart s.c. Sp. z o.o.,8364723871,470448556,PL,Zielona Góra,13-940,al. Szymanowskiego 193,kontakt@dyjach-lempart.pl,+48 79 269 70 61,oba,pani Dorota Maksym,2021-07-14,aktywny
1001,Gabinety Lizoń-Nalewajek s.c. sp. z o.o.,2577545841,619512107,PL,Bolesławiec,64-606,ul. Grunwaldzka 87,kontakt@gabinety.pl,+48 59 258 83 14,dostawca,Mieszko Sutor,2022-02-26,aktywny
1002,Morys-Chojak Sp. z o.o. Sp.k. sp.k.,7683160823,871257032,PL,Kielce,93-283,al. Konarskiego 97,kontakt@morys-chojak.pl,+48 26 760 70 32,klient,Łukasz Pioch,2025-09-07,aktywny
1003,Muzyk-Terka Sp. z o.o. Sp.k. sp. z o.o.,7399205228,266635767,PL,Iława,90-691,plac Matejki 86/28,kontakt@muzyk-terka.pl,+48 63 275 22 64,dostawca,pani Inga Moryc,2021-05-27,aktywny
1004,PPUH Hinca sp. z o.o.,8823255399,679996203,pl,Łaziska Górne,10-629,aleja Chabrowa 33/92,kontakt@ppuh.pl,+48 51 669 49 44,dostawca,Antoni Januszewicz,2021-12-05,aktywny
1005,FPUH Kostro Sp. z o.o. Sp.k. Sp. J.,7732643095,457152483,PL,Bielsko-Biała,13-969,al. Perłowa 725,kontakt@fpuh.pl,+48 43 691 73 88,oba,Patryk Witoń,2021-11-12,aktywny
1006,  Spółdzielnia Misior S.A.,9970292717,274042355,Polska,Nowa Sól,33-512,ulica Strzelecka 335,kontakt@spółdzielnia,+48 53 352 95 86,dostawca,Natan Żelazek,2026-06-20,nieaktywny
1007,Osada Sp. z o.o. Sp.k. Sp. J.,1375298830,240304051,PL,Gdańsk,78-063,ul. Długosza 120,kontakt@osada.pl,+48 14 931 96 22,klient,Jan Słyk,2024-08-23,aktywny
1008,Stowarzyszenie Jop i syn s.c. Sp. J.,0832004876,751310272,PL,Mława,73-384,ulica Mostowa 97/28,kontakt@stowarzyszenie.pl,+48 77 615 74 82,dostawca,Mieszko Rawa,2024-06-22,aktywny
1009,Kryk-Pleśniak s.c. Sp. J.,5852386004,316890695,PL,Konin,57-724,ulica Wróblewskiego 090,kontakt@kryk-pleśniak.pl,+48 46 409 40 59,oba,Fabian Góraj,2021-06-23,aktywny
1010,Moskalik Sp.k. sp.k.,5171523919,124524881,PL,Piotrków Trybunalski,76-531,ulica Batalionów Chłopskich 92,kontakt@moskalik.pl,+48 93 691 31 85,oba,pani Dagmara Koronkiewicz,2024-06-18,aktywny
1011,Gabinety Frelek Sp. z o.o. Sp. z o.o.,4374830930,105274731,PL,Świecie,71-068,plac Stefana Batorego 37,kontakt@gabinety.pl,+48 71 184 36 97,oba,Olga Patyna,2026-03-01,aktywny
1012,Grupa Szymaniuk Sp. z o.o.,2602213212,837430793,PL,Biłgoraj,91-773,ul. Solidarności 15/89,kontakt@grupa.pl,+48 63 577 94 27,klient,Inga Bernatek,2021-11-06,aktywny
1013,Podpora-Filek S.A. Sp. J.,1116612208,229876362,PL,Mikołów,98-203,plac Niepodległości 617,kontakt@podpora-filek.pl,+48 68 239 53 94,oba,Marika Piłka,2026-06-29,aktywny
1014,PPUH ROGACZ SP. Z O.O.,3930493665,462187272,PL,Września,50-314,al. Wiśniowa 03/14,kontakt@ppuh.pl,+48 79 113 94 32,dostawca,Jędrzej Huczko,2023-12-09,aktywny
1015,Kopytko Sp. z o.o. Sp. z o.o.,2421140863,771462722,PL,Częstochowa,39-395,aleja Szymanowskiego 68,kontakt@kopytko.pl,+48 54 980 11 83,oba,Apolonia Korda,2024-03-21,nieaktywny
1016,Neska Sp. z o.o. sp. z o.o.,9462093555,874784405,PL,Knurów,24-914,aleja Kopernika 37/39,kontakt.neska.pl,+48 19 929 93 10,klient,Aleksander Baumgart,2024-06-06,aktywny
1017,Gładka-Błażejewicz Sp. z o.o. Sp. J.,9701371248,304823163,PL,Ełk,01-927,aleja Partyzantów 356,kontakt@gładka-błażejewicz.pl,+48 56 662 51 79,dostawca,Marcin Kosz,2024-11-25,aktywny
1018,Spółdzielnia Dyczko-Sprycha Sp. z o.o. Sp.k. sp. z o.o.,3041202707,553612745,PL,Świdnik,88-585,pl. Staszica 46/06,kontakt@spółdzielnia.pl,+48 57 728 30 71,klient,Albert Batóg,2026-02-08,aktywny
1019,Łaś-Citko Sp.j. sp. z o.o.,9907166904,542747932,PL,Przemyśl,77-011,pl. Mickiewicza 72/31,kontakt@łaś-citko.pl,+48 27 229 46 77,oba,Oliwier Szuta,2021-10-04,aktywny
1020,Grupa Frycz s.c. Spółka z o.o.,203-403-01-04,761572282,PL,Świętochłowice,22-967,pl. Długosza 64/84,kontakt@grupa.pl,+48 62 608 82 91,dostawca,Nicole Piejko,2024-09-09,aktywny
1021,Krenc Sp. z o.o. Spółka z o.o.,9157955464,285201676,PL,Otwock,26-974,aleja Piękna 80,kontakt@krenc.pl,+48 43 591 23 27,dostawca,pan Mikołaj Duczmal,2025-09-26,aktywny
1022,Pytlarz-Lazarek Sp.j. Sp. z o.o.,0801810300,965539784,PL,Siedlce,11-781,pl. Norwida 957,kontakt@pytlarz-lazarek.pl,+48 81 335 22 67,dostawca,Sara Habdas,2023-08-28,aktywny
1023,Waraksa s.c. Sp. z o.o.,5712901506,597631383,PL,Płońsk,25-787,aleja Mickiewicza 02/54,kontakt@waraksa.pl,+48 36 620 15 62,dostawca,Nataniel Szaruga,2021-09-12,aktywny
1024,Megger-Parzyszek Sp.j. S.A.,3510458478,422376563,PL,Kołobrzeg,20-970,plac Wyszyńskiego 35,kontakt@megger-parzyszek.pl,+48 62 279 24 35,klient,pan Borys Thiel,2020-10-02,aktywny
1025,Stuglik-Kliszcz Sp. z o.o. Sp.k. sp. z o.o.,5885766947,632762930,PL,Oława,21-147,al. Słowackiego 16,kontakt@stuglik-kliszcz.pl,+48 37 223 81 10,dostawca,Alan Gałach,2022-10-15,nieaktywny
1026,Stowarzyszenie Dziewa sp. z o.o.,9627466628,184754106,pl,Koszalin,14-701,ulica Kraszewskiego 90,kontakt@stowarzyszenie.pl,+48 85 165 77 40,klient,Nicole Hinca,2025-11-19,aktywny
1027,Roda-Piksa Sp. z o.o. Sp. z o.o.,4666145908,910778211,PL,Swarzędz,70-076,aleja Szmaragdowa 967,kontakt@roda-piksa.pl,+48 25 151 67 85,dostawca,Marika Wardziak,2025-10-19,aktywny
1028,Stowarzyszenie Satora Spółka z o.o.,0049388199,913130969,PL,Sanok,62-942,aleja Szymanowskiego 324,kontakt@stowarzyszenie.pl,+48 84 103 50 41,oba,Tobiasz Fidler,2021-04-18,aktywny
1029,Łabno-Janic Sp. z o.o. sp. z o.o.,0499809494,982306182,PL,Nowa Sól,39-148,aleja Wypoczynkowa 83/62,kontakt@łabno-janic.pl,+48 61 902 87 77,dostawca,pani Marika Sąsiadek,2023-01-25,aktywny
1030,Fundacja Kopyść Sp.j. sp. z o.o.,7971669844,209581171,PL,Mińsk Mazowiecki,50-475,plac Kazimierza Wielkiego 62/83,kontakt@fundacja.pl,+48 59 201 29 37,dostawca,Przemysław Kamieniak,2023-10-10,nieaktywny
1031,Pawełko-Kwarciak i syn s.c. S.A.,7943325624,326490179,PL,Kościerzyna,85-803,al. Powstańców Wielkopolskich 65/43,kontakt@pawełko-kwarciak.pl,+48 85 682 24 88,dostawca,Julian Gumienna,2020-09-21,aktywny
1032,Sporek Sp.k. Spółka z o.o.,2620370873,980268284,pl,Jarosław,39-927,al. Sienkiewicza 35,kontakt@sporek.pl,+48 24 191 62 17,klient,Ernest Wydmuch,2020-11-12,aktywny
1033,Spółdzielnia Ryfa Sp. z o.o. Sp. J.   ,4181359987,739385278,PL,Białogard,27-396,ul. Broniewskiego 92/69,kontakt@spółdzielnia.pl,+48 29 214 20 66,klient,Krystian Małys,2026-03-16,aktywny
1034,Fundacja Słobodzian Spółka z o.o.,8018644820,272567836,PL,Koło,17 781,al. Średnia 01/11,kontakt@fundacja.pl,+48 68 464 76 75,oba,Mateusz Klisz,2023-03-04,aktywny
1035,Basa i syn s.c. S.A.,857-082-00-46,679922568,PL,Ruda Śląska,41-954,plac Miłosza 34,kontakt@basa.pl,+48 64 585 50 70,oba,Olgierd Markiel,2021-08-10,aktywny
1036,PPUH Sugier sp. z o.o.,3691496116,269469724,Polska,Mikołów,61-347,pl. Traugutta 182,kontakt@ppuh.pl,+48 97 936 85 44,klient,Miłosz Gordon,2025-04-22,aktywny
1037,Dunal s.c. sp.k.,2769704092,480793141,PL,Sieradz,21-576,al. Wieniawskiego 312,kontakt@dunal.pl,+48 26 364 21 84,dostawca,pan Albert Kotlarek,2021-10-26,aktywny
1038,Bobik-Kasak Sp.j. Sp. z o.o.,7832748830,457885569,PL,Kołobrzeg,62-175,aleja Cedrowa 92/70,kontakt@bobik-kasak.pl,+48 56 209 68 84,oba,pan Alan Leśko,2025-01-08,aktywny
1039,Grupa Wojtalik Sp. J.,0964966833,873475216,PL,Tarnów,80-308,pl. Armii Krajowej 35,kontakt@grupa.pl,+48 89 539 13 44,dostawca,Karol Szafarz,2026-04-18,aktywny
1040,Gabinety Kuza-Oleszko s.c. Sp. z o.o.,7028516224,481791843,PL,Luboń,54-174,plac Moniuszki 48/07,kontakt@gabinety.pl,+48 91 516 45 79,oba,pani Olga Januszewicz,2021-12-17,aktywny
1041,Gawłowicz-Frydel Sp. z o.o. Sp.k. sp.k.,3486883900,568052911,PL,Mikołów,56-346,aleja Lazurowa 15/80,kontakt@gawłowicz-frydel.pl,+48 44 504 71 29,oba,Mateusz Starostka,2025-07-20,aktywny
1042,Grupa Ficner-Kłosowicz S.A. Sp. z o.o.,6091141317,729747367,PL,Kwidzyn,49-398,aleja Tartaczna 586,kontakt@grupa.pl,+48 56 777 86 91,klient,Cyprian Syroka,2022-11-07,aktywny
1043,FPUH Piejko Sp. z o.o.,4588165020,486886558,PL,Zgorzelec,25-501,plac Jana Pawła II 158,kontakt@fpuh.pl,+48 49 607 28 43,klient,Michał Teter,2021-08-25,aktywny
1044,Hutyra-Roda Sp. z o.o. Sp. J.,034-409-66-16,604708275,PL,Tomaszów Mazowiecki,10-182,plac Armii Krajowej 31/10,kontakt@hutyra-roda.pl,+48 19 890 76 26,oba,Cyprian Cąkała,2023-06-17,aktywny
1045,Grupa Herbut-Sypuła Sp.k. sp.k.,1417468137,450520909,PL,Knurów,81-895,plac Popiełuszki 02,kontakt@grupa.pl,+48 61 741 58 43,oba,Maksymilian Mich,2025-04-17,aktywny
1046,GASEK SP. Z O.O. SP.K.,6941559458,962836693,PL,Warszawa,56-811,pl. Staszica 16,kontakt@gasek.pl,+48 25 227 88 27,oba,pani Apolonia Karol,2022-08-01,aktywny
1047,Cięciwa-Judek s.c. Sp. J.,753-605-11-74,184402899,PL,Kluczbork,24-481,plac Kasprowicza 80,kontakt@cięciwa-judek.pl,+48 98 845 17 39,oba,Kajetan Kliber,2024-12-26,aktywny
1048,Spółdzielnia Majzner Spółka z o.o.,3621894550,743701616,PL,Czeladź,74-997,ulica Wieniawskiego 32,kontakt@spółdzielnia.pl,+48 59 597 10 16,klient,pani Kornelia Janasz,2023-12-08,aktywny
1049,Stowarzyszenie Wocial-Procek s.c. Spółka z o.o.,8942046644,943442595,PL,Marki,37-224,al. Niecała 38/04,kontakt@stowarzyszenie.pl,+48 66 609 62 16,dostawca,Miłosz Kijanka,2025-06-12,aktywny
1050,Siedlaczek Sp.j. Sp. z o.o.,,713332228,PL,Wodzisław Śląski,94-062,al. Jana Pawła II 70/15,kontakt@siedlaczek.pl,+48 50 886 50 38,klient,pani Ewelina Linke,2026-03-28,aktywny
1051,Fundacja Gabara Sp. z o.o.,6235466224,927237224,PL,Piastów,62-380,al. Rataja 833,kontakt@fundacja.pl,+48 54 817 47 16,klient,Maciej Jakóbik,2025-01-02,aktywny
1052,Fundacja Bobko sp.k.,2242767746,530823983,PL,Malbork,42-946,al. Browarna 226,kontakt@fundacja.pl,+48 51 727 18 59,klient,Szymon Fiutak,2021-09-20,aktywny
1053,Oczkowicz-Grubba Sp.j. Spółka z o.o.,1158488606,106570528,PL,Czerwionka-Leszczyny,20-410,plac Świerczewskiego 22/92,kontakt@oczkowicz-grubba.pl,+48 24 585 85 76,dostawca,Patryk Szybiak,2025-12-14,aktywny
1054,Fundacja Grzela Sp. z o.o. Sp.k. sp.k.,2312995704,961048611,PL,Wejherowo,26-023,al. Tęczowa 843,kontakt@fundacja.pl,+48 68 238 62 43,klient,Ada Czapiga,2025-04-28,aktywny
1055,Fundacja Nazarewicz i syn s.c. Sp. J.,1203843750,344787311,PL,Słupsk,63-993,pl. Pułaskiego 15,kontakt@fundacja.pl,+48 55 813 85 59,oba,pan Wojciech Brodowicz,2021-02-04,aktywny
1056,  Fundacja Haponiuk-Kieszek Sp.j. Spółka z o.o.,385-454-00-69,373229374,PL,Oleśnica,02-980,plac Głowackiego 49/69,kontakt@fundacja.pl,+48 94 476 46 93,dostawca,Adrian Wawrzyn,2024-05-09,aktywny
1057,Stowarzyszenie Bystrek sp. z o.o.,1123274899,921788291,PL,Rumia,89-885,aleja Szarych Szeregów 107,kontakt@stowarzyszenie.pl,+48 98 735 20 67,dostawca,pani Aniela Oślizło,2025-01-08,aktywny
1058,FPUH Molak sp. z o.o.,4272038869,835602271,PL,Racibórz,82-938,al. Pszenna 953,kontakt@fpuh.pl,+48 20 586 55 11,oba,Kazimierz Kilar,2021-03-28,aktywny
1059,Spółdzielnia Cięciwa-Cacko s.c. Sp. z o.o.,9630453067,753780761,PL,Chełm,32-501,al. Listopada 816,kontakt@spółdzielnia.pl,+48 52 836 79 74,klient,Kazimierz Jaroszuk,2023-07-20,aktywny
1060,Fundacja Bociek-Piwowarek Sp.k. sp. z o.o.,5340018160,573027930,PL,Żory,09-461,ul. Szeroka 25/07,kontakt@fundacja.pl,+48 75 393 75 18,dostawca,Artur Gmurczyk,2024-06-06,nieaktywny
1061,Job Sp. z o.o. Sp.k. Spółka z o.o.,4454460835,979876924,PL,Pruszcz Gdański,62-576,aleja Krasickiego 598,kontakt@job.pl,+48 99 167 70 87,oba,Rafał Doktór,2022-12-30,aktywny
1062,Grupa Kapera-Kopyść Sp. z o.o. sp.k.,1053912879,639382632,PL,Świebodzice,25-537,al. Asnyka 604,kontakt@grupa.pl,+48 79 852 59 89,oba,Gabriel Klama,2025-05-01,nieaktywny
1063,Grupa Kozaczuk sp.k.,,999269991,PL,Zakopane,83-781,ul. Przechodnia 276,kontakt@grupa.pl,+48 24 380 67 97,klient,Gaja Kuska,2023-05-28,aktywny
1064,Grupa Kapciak Sp. z o.o.,1986424235,992968317,PL,Sanok,36-203,pl. Bema 92,kontakt@grupa.pl,+48 86 560 30 76,klient,pani Sandra Kośka,2023-03-25,aktywny
1065,PPUH Hajdas Sp. z o.o.,,285115751,PL,Krosno,19-323,pl. Nałkowskiej 65,kontakt@ppuh.pl,+48 84 670 37 31,klient,Kajetan Stachelek,2021-12-01,aktywny
1066,Gabinety Pacholik-Klucznik Sp.k. Sp. z o.o.,0232001869,595326907,PL,Bełchatów,42-580,ul. Skłodowskiej-Curie 27,kontakt@gabinety.pl,+48 59 217 15 13,oba,Krzysztof Gągała,2025-12-13,aktywny
1067,Noszczyk-Zinkiewicz S.A. Sp. z o.o.,0814356145,166262563,PL,Skawina,31-095,plac Głowackiego 65,kontakt@noszczyk-zinkiewicz.pl,+48 81 396 50 93,klient,Anastazja Trzop,2021-07-06,aktywny
1068,Grupa Klyszcz-Sobstyl Sp.k. Sp. z o.o.,7468235469,732113521,PL,Otwock,89-159,ul. Wróblewskiego 72,kontakt@grupa.pl,+48 97 909 22 14,klient,Robert Sadza,2022-10-14,aktywny
1069,Parzyszek-Jarka Sp.k. Sp. z o.o.,762-054-59-67,569799493,PL,Oława,04-054,pl. Andersa 03,kontakt@parzyszek-jarka.pl,+48 53 120 98 15,dostawca,Marcin Budzich,2025-05-30,nieaktywny
1070,Gustaw-Cegła Sp. z o.o. Sp.k. Sp. J.,6641106540,192923494,PL,Nysa,97-650,pl. Listopada 47/06,kontakt@gustaw-cegła.pl,+48 39 388 10 67,oba,Maciej Pagacz,2024-03-10,aktywny
1071,Grupa Radke-Olchawa s.c. sp.k.,836-683-48-24,505789203,PL,Oleśnica,01-358,pl. Drzymały 826,kontakt@grupa.pl,+48 31 497 87 68,klient,Krystian Jałowiec,2026-06-24,aktywny
1072,Stein Sp.k. S.A.,8889178798,178005036,PL,Brodnica,37-273,al. Skłodowskiej-Curie 239,kontakt@stein.pl,+48 14 479 85 64,klient,Józef Mysiak,2024-08-17,aktywny
1073,Stowarzyszenie Jeszke Sp. z o.o.,9760932010,242486665,PL,Opole,84-293,ul. Toruńska 86/32,kontakt@stowarzyszenie.pl,+48 56 565 90 76,oba,Maciej Goss,2022-08-27,aktywny
1074,Kawulok i syn s.c. Spółka z o.o.,1809521754,460363222,PL,Ostrów Wielkopolski,26-778,al. Lelewela 39/45,kontakt@kawulok.pl,+48 26 571 72 68,dostawca,pan Kazimierz Franków,2021-07-27,aktywny
1075,Krüger-Kolman i syn s.c. sp. z o.o.,2419962646,290080389,PL,Przemyśl,28-524,aleja Lipowa 25,kontakt@krüger-kolman.pl,+48 29 717 71 52,oba,Sonia Słonka,2021-05-23,aktywny
1076,FPUH Job Sp.j. Sp. J.,4542185452,621952950,PL,Ciechanów,78-772,aleja Andersa 94/31,kontakt.fpuh.pl,+48 51 545 74 26,klient,Jakub Ruman,2022-02-22,aktywny
1077,Fogt Sp. z o.o. Spółka z o.o.,7090016355,540243542,PL,Łódź,36-953,aleja Żabia 921,kontakt@fogt.pl,+48 17 570 31 37,klient,Leonard Wacławczyk,2023-09-06,aktywny
1078,Szachniewicz-Pędrak Sp. z o.o. Sp.k. S.A.,2828954006,195519439,PL,Zabrze,36-428,pl. Jadwigi 14,kontakt@szachniewicz-pędrak.pl,+48 77 767 76 33,klient,Błażej Krzykała,2023-06-30,aktywny
1079,Tułacz-Satora Sp.k. sp. z o.o.,1261685078,170771493,PL,Pszczyna,04-902,ul. Brzozowa 13,kontakt@tułacz-satora.pl,+48 55 675 92 99,klient,pan Łukasz Drozda,2021-08-01,aktywny
1080,Fundacja Burchardt-Gęgotek Sp.k. Spółka z o.o.,0927115265,186834388,PL,Grudziądz,28-067,al. Kolejowa 76,kontakt@fundacja.pl,+48 57 332 66 16,oba,pan Dawid Kunc,2022-01-31,aktywny
1081,Grupa Styn-Pakosz i syn s.c. Sp. z o.o.,7169500745,852329085,Polska,Tczew,91-289,pl. Orzeszkowej 043,kontakt@grupa.pl,+48 75 687 49 81,oba,Adrianna Turoń,2024-03-24,aktywny
1082,Cierpka Sp. z o.o. sp. z o.o.,,998005043,PL,Swarzędz,56-573,pl. Grottgera 04,kontakt@cierpka.pl,+48 90 912 75 28,dostawca,pani Rozalia Balawender,2022-10-29,aktywny
1083,Gabinety Hus s.c. sp.k.,1310450258,931809747,pl,Jaworzno,48-675,plac Kazimierza Wielkiego 56/29,kontakt@gabinety.pl,+48 39 801 33 18,dostawca,Mariusz Mleczak,2023-11-20,aktywny
1084,Gabinety Flisiak Sp. J.,5748352689,164935057,PL,Kalisz,87-770,al. Słowianska 194,kontakt@gabinety.pl,+48 45 658 65 14,oba,Józef Pałyga,2025-05-16,aktywny
1085,Fundacja Narożny s.c. sp.k.,8344883844,289919958,PL,Pszczyna,22-912,aleja Kolorowa 29/58,kontakt@fundacja.pl,+48 40 491 90 48,dostawca,Anita Lalak,2022-02-07,aktywny
1086,Madajczyk-Kurz Sp.j. Spółka z o.o.,5077406575,765585315,PL,Bytom,54-902,ulica Promienna 90,kontakt@madajczyk-kurz.pl,+48 56 181 56 60,klient,Krystyna Kopała,2022-11-13,aktywny
1087,Trochim-Burzawa Sp.k. Sp. J.,0908551077,775323537,PL,Lubliniec,43-501,aleja Plażowa 68/63,kontakt.trochim-burzawa.pl,+48 14 782 86 23,klient,pani Sylwia Kajdas,2021-09-04,nieaktywny
1088,Walenciak Sp.k. Sp. z o.o.,786-190-25-41,856085608,PL,Nowy Dwór Mazowiecki,59-160,pl. Sucharskiego 81,kontakt@walenciak.pl,+48 98 498 16 97,oba,pan Piotr Kryza,2022-07-18,aktywny
1089,Spółdzielnia Nieścioruk Sp. z o.o.,6953541205,188790935,PL,Zduńska Wola,39-846,ulica Wróblewskiego 00,kontakt@spółdzielnia.pl,+48 34 548 50 82,dostawca,Gustaw Łapacz,2021-03-23,aktywny
1090,Mich-Żabka i syn s.c. S.A.,0151532597,378775239,PL,Pszczyna,10-069,plac Sikorskiego 560,kontakt@mich-żabka.pl,+48 92 732 53 14,dostawca,Cyprian Drewniok,2023-09-23,aktywny
1091,Spółdzielnia Godzisz S.A.,,860528097,PL,Chojnice,80-604,ul. Szewska 75,kontakt@spółdzielnia.pl,+48 93 128 39 95,klient,pani Agnieszka Gawłowicz,2021-02-05,aktywny
1092,Gabinety Rzeźniczek Sp.j. S.A.,4934039107,397892654,PL,Ostrów Mazowiecka,69-789,aleja Strumykowa 70/60,kontakt@gabinety.pl,+48 27 132 37 64,klient,pan Marek Świętoń,2026-03-28,aktywny
1093,Grupa Bartocha-Ambrożewicz Sp.k. Spółka z o.o.,1184913595,762068625,PL,Jawor,81-945,aleja Ludowa 53/97,kontakt@grupa.pl,+48 80 467 54 41,dostawca,Kazimierz Laszczyk,2024-05-17,aktywny
1094,Gabinety Dyda-Seweryniak Sp.j. Spółka z o.o.,0696801864,870011209,PL,Stargard Szczeciński,79-421,ulica Warszawska 08/71,kontakt@gabinety.pl,+48 72 369 15 99,klient,Marcelina Miszkiel,2025-12-05,aktywny
1095,Fundacja Hołysz-Młotek Sp.k. Sp. J.,2339449533,122023733,PL,Wieluń,07-260,ul. Wieniawskiego 72/74,kontakt@fundacja.pl,+48 61 602 68 58,klient,Maciej Pietrak,2024-04-21,aktywny
1096,Stowarzyszenie Prostak-Chwała Sp.k. sp. z o.o.,2501736546,239594898,PL,Grudziądz,10-204,al. Tulipanowa 62,kontakt@stowarzyszenie.pl,+48 34 392 23 68,oba,Aleksander Miętus,2023-06-01,aktywny
1097,Trąbka-Barłóg i syn s.c. Sp. z o.o.,2923345118,116356679,PL,Pszczyna,75-866,ul. Żabia 11/22,kontakt@trąbka-barłóg.pl,+48 84 140 92 63,oba,Sylwia Jurczuk,2021-01-29,aktywny
1098,Fundacja Rubaj i syn s.c. Sp. z o.o.,8868430212,194904011,PL,Sandomierz,56-022,pl. Kossaka 16/70,kontakt@fundacja.pl,+48 61 554 38 27,oba,Justyna Majdan,2020-08-18,aktywny
1099,Grupa Samson Sp. z o.o. Sp. J.,575-988-75-95,299789040,PL,Łomża,86-367,al. Kolorowa 21,kontakt@grupa.pl,+48 32 707 85 64,dostawca,Miłosz Palus,2022-06-09,aktywny
1100,Spółdzielnia Kopała-Polaszek Sp.j. sp. z o.o.,3620275589,300294311,PL,Biłgoraj,70-383,al. Andersa 29,kontakt@spółdzielnia.pl,+48 43 573 69 13,oba,Oliwier Małycha,2021-12-21,aktywny
1101,Gosek S.A. S.A.,1152380233,563264925,PL,Kalisz,39-137,pl. Maja 080,kontakt@gosek.pl,+48 23 762 87 94,klient,Anna Maria Szara,2021-04-25,aktywny
1102,PPUH Potaczek sp.k.,1897059165,214263314,PL,Łódź,39-902,aleja Asnyka 337,kontakt@ppuh.pl,+48 75 547 37 78,dostawca,pan Dominik Berg,2024-04-14,aktywny
1103,Drewniok-Lewek Sp.k. Sp. z o.o.,9597721687,654871154,PL,Gorlice,70-880,ulica Warszawska 21/78,kontakt@drewniok-lewek.pl,+48 17 868 53 40,dostawca,Sylwia Ciereszko,2022-12-24,aktywny
1104,Chojna-Sado Sp.j. S.A.,9289728452,433924832,PL,Gorlice,47-961,aleja Poniatowskiego 60,kontakt@chojna-sado.pl,+48 95 198 75 27,klient,pani Ewa Hennig,2025-11-26,aktywny
1105,Fundacja Mirończuk Sp. z o.o.,2839482321,811338235,PL,Krotoszyn,29-767,aleja Popiełuszki 62/39,kontakt@fundacja.pl,+48 18 358 21 45,dostawca,Sonia Pindral,2026-01-08,nieaktywny
1106,Poreda s.c. Sp. J.,3281165993,862936714,PL,Bydgoszcz,54-068,ul. Powstańców 05,kontakt@poreda.pl,+48 12 789 26 90,oba,Kamila Makles,2020-09-14,aktywny
1107,FPUH Białka Sp. z o.o. Sp.k. Sp. J.,3042322773,485661494,PL,Biała Podlaska,69620,plac Wojciecha 876,kontakt@fpuh.pl,+48 24 349 57 34,klient,Natasza Stróż,2022-01-09,aktywny
1108,Domurad Sp.j. S.A.,506-463-00-52,867990960,PL,Puławy,69-530,ul. Paderewskiego 44/49,kontakt@domurad.pl,+48 67 567 68 55,dostawca,Jędrzej Karsznia,2021-08-20,aktywny
1109,Matwiejczyk-Przeniosło Sp. z o.o. Sp.k. sp. z o.o.,2102916175,420552711,PL,Zgierz,25-846,plac Tuwima 963,kontakt@matwiejczyk-przeniosło.pl,+48 88 141 30 84,oba,Gustaw Kunysz,2026-07-06,aktywny
1110,FPUH Sporek Sp. z o.o.,4384196622,261958664,PL,Zgorzelec,42-210,ul. Okrężna 43/39,kontakt@fpuh.pl,+48 36 221 63 72,klient,pani Bianka Hamrol,2026-03-06,aktywny
1111,Stowarzyszenie Słobodzian Sp.j. S.A.,856-670-63-67,264252076,PL,Sochaczew,92-278,al. Szymanowskiego 249,kontakt@stowarzyszenie.pl,+48 84 624 60 56,dostawca,Iwo Kołton,2021-03-27,aktywny
1112,Gabinety Cieniuch Sp.j. Spółka z o.o.,4407663494,927006948,PL,Warszawa,09-194,plac Powstańców Śląskich 94/89,kontakt@gabinety.pl,+48 39 681 63 54,klient,Konrad Migała,2023-12-13,aktywny
1113,Ciepła Sp.k. S.A.,,194982824,Polska,Oleśnica,77-111,al. Lipca 122,kontakt@ciepła.pl,+48 29 361 37 62,oba,Olgierd Trojanowicz,2022-02-05,nieaktywny
1114,Saternus i syn s.c. Sp. J.,,673164392,PL,Gliwice,36-111,al. Chopina 63,kontakt@saternus.pl,+48 87 803 89 22,oba,Nicole Jędruch,2025-02-16,aktywny
1115,Duczmal Sp. z o.o. Sp.k. sp. z o.o.,4199643382,463821821,PL,Brodnica,93284,plac Norwida 39,kontakt@duczmal.pl,+48 28 837 46 68,klient,Bianka Materek,2024-08-28,aktywny
1116,Miodek-Matulewicz s.c. Spółka z o.o.,8333430317,184487999,PL,Śrem,41-781,ulica Rejtana 389,kontakt@miodek-matulewicz.pl,+48 96 641 73 61,klient,Miłosz Łodyga,2024-10-01,nieaktywny
1117,FPUH Starek-Kostek i syn s.c. Spółka z o.o.,9453536591,607008144,PL,Wołomin,16-098,aleja Wyszyńskiego 79,kontakt@fpuh.pl,+48 61 495 86 74,dostawca,Tymoteusz Zimniak,2021-04-09,aktywny
1118,Grupa Hojka Spółka z o.o.,2125450800,714917475,PL,Zamość,86-316,al. Toruńska 31,kontakt@grupa.pl,+48 90 413 75 21,dostawca,Kalina Kamieniak,2022-08-21,aktywny
1119,Fundacja Popielarczyk Sp.k. sp.k.,1307423599,227413900,PL,Kutno,79-769,ul. Odrzańska 376,kontakt@fundacja.pl,+48 34 494 25 46,klient,pani Ewa Czubaj,2023-07-12,aktywny
1120,PPUH Drewniok-Srokosz Sp.j. sp.k.,3326145435,871370025,PL,Krotoszyn,27-382,ulica Hallera 62/63,kontakt@ppuh.pl,+48 68 680 62 38,oba,Jędrzej Wojtasiewicz,2025-09-10,aktywny
1121,Stowarzyszenie Pyszka Sp.k. Sp. J.,0081785228,229114508,pl,Ełk,30-389,al. Rynek 93/17,kontakt@stowarzyszenie.pl,+48 58 847 80 67,klient,Tobiasz Sot,2023-09-16,aktywny
1122,Stowarzyszenie Kasak sp. z o.o.,5426874471,152193976,PL,Gdańsk,63-447,pl. Narutowicza 64,kontakt@stowarzyszenie.pl,+48 74 298 92 30,oba,pani Róża Rubaj,2020-11-03,aktywny
1123,Fundacja Tylka S.A.,6563370144,166513370,Poland,Nowy Sącz,29-875,ul. Solidarności 65,kontakt@fundacja.pl,+48 91 817 55 29,dostawca,Olaf Kasperczak,2021-04-06,aktywny
1124,Trybuś-Zapora Sp.k. Spółka z o.o.,5800027227,170558348,PL,Zgorzelec,07-257,aleja Sowia 42,kontakt@trybuś-zapora.pl,+48 34 427 69 94,klient,Konstanty Zgoła,2021-11-26,aktywny
1125,Guźniczak-Marat Sp. z o.o. Sp.k. sp.k.   ,4391368172,276607355,PL,Jastrzębie-Zdrój,67-069,ulica Chełmońskiego 92,kontakt@guźniczak-marat.pl,+48 36 224 35 58,oba,Krystyna Gumienna,2024-06-08,aktywny
1126,Spółdzielnia Księżak Sp. z o.o. sp. z o.o.,8620929734,469334329,PL,Piła,78-730,ulica Przemysłowa 281,kontakt@spółdzielnia.pl,+48 58 730 55 94,oba,pan Olgierd Soliwoda,2022-12-13,nieaktywny
1127,Oleksak-Lenda S.A. sp. z o.o.,2273938999,287160001,PL,Łódź,42-876,aleja Skłodowskiej-Curie 88,kontakt@oleksak-lenda.pl,+48 47 472 70 98,oba,Kamila Chochół,2023-01-18,aktywny
1128,Bugla-Gradek S.A. sp. z o.o.,2366185073,526378600,PL,Włocławek,31-883,al. Słowicza 737,kontakt@bugla-gradek.pl,+48 17 664 68 15,oba,Kamil Feliniak,2022-08-29,aktywny
1129,Fiedoruk-Fita s.c. S.A.,1823601076,233875517,PL,Polkowice,06-069,ul. Polna 787,kontakt@fiedoruk-fita.pl,+48 61 202 55 92,oba,Krystyna Macheta,2023-01-19,nieaktywny
1130,PPUH Gwara Sp.k. sp.k.,2589222569,161374984,PL,Dzierżoniów,46-806,al. Malczewskiego 862,kontakt@ppuh.pl,+48 34 940 89 53,klient,pan Kacper Szczubełek,2024-09-22,aktywny
1131,Kryk Sp. z o.o. Sp.k. S.A.,3731180461,834089588,PL,Będzin,15 619,al. Tartaczna 505,kontakt@kryk.pl,+48 46 207 40 10,dostawca,pan Albert Oleszko,2024-02-04,aktywny
1132,Mrotek-Berek Sp.k. sp.k.,4185201361,287383818,PL,Ostrów Mazowiecka,19-461,ul. Staffa 632,kontakt@mrotek-berek.pl,+48 95 158 75 46,oba,Olaf Świerkot,2025-01-13,aktywny
1133,Fundacja Nóżka Sp. J.,7561547053,441901346,PL,Żary,92-477,plac Powstańców Wielkopolskich 60,kontakt@fundacja.pl,+48 83 174 32 90,oba,Tymon Jędral,2021-04-24,aktywny
1134,Kapera Sp. z o.o. Sp.k. S.A.,4119556400,711576973,PL,Radom,45-477,al. Modrzewiowa 45/88,kontakt@kapera.pl,+48 84 838 58 85,klient,pan Tadeusz Miszkiewicz,2024-02-27,aktywny
1135,Stowarzyszenie Solarczyk S.A.,5207020421,566644744,PL,Piekary Śląskie,65-170,ulica Spółdzielcza 84/00,kontakt@stowarzyszenie.pl,+48 96 115 19 89,oba,Angelika Wiese,2026-02-14,aktywny
1136,Borysiak Sp.j. Sp. J.,1241393697,533290977,PL,Zawiercie,79-472,plac Bema 089,kontakt@borysiak.pl,+48 79 680 92 68,dostawca,Monika Krauza,2020-12-18,aktywny
1137,Fundacja Bryda s.c. sp.k.,7312677319,956727731,PL,Katowice,86-799,ul. Armii Krajowej 574,kontakt@fundacja.pl,+48 27 548 93 59,oba,Julian Roda,2020-11-15,aktywny
1138,Gruszczyk-Gałaj Sp.j. Spółka z o.o.,9889786535,784405675,PL,Tarnowskie Góry,51-226,ulica Willowa 23,kontakt@gruszczyk-gałaj.pl,+48 91 801 83 99,oba,Nicole Mendak,2024-01-08,aktywny
1139,Gabinety Windak S.A. sp.k.,1654308958,295087087,PL,Chojnice,71-582,plac Stycznia 20,kontakt@gabinety.pl,+48 26 248 15 30,klient,Karina Wołodźko,2021-05-02,aktywny
1140,Rup Sp.j. Sp. z o.o.,5764497477,107395571,PL,Jastrzębie-Zdrój,87-506,ulica Miarki 957,kontakt@rup.pl,+48 11 243 63 81,dostawca,Aurelia Dułak,2024-12-29,aktywny
1141,Gabinety Niedośpiał-Pabiś Sp.k. sp.k.,6764979745,195591888,PL,Bielsk Podlaski,42-540,aleja Rejtana 33/06,kontakt@gabinety.pl,+48 36 494 54 64,oba,pan Leon Peszko,2020-12-08,aktywny
1142,Fundacja Gadzina Spółka z o.o.,0063553737,140410332,PL,Zduńska Wola,07-975,al. Jana Sobieskiego 128,kontakt@fundacja.pl,+48 45 678 64 88,klient,Borys Wójs,2025-10-07,aktywny
1143,Franas-Faruga Sp. z o.o. Sp. z o.o.,9529635308,845951520,PL,Sandomierz,70-518,plac Miłosza 695,kontakt@franas-faruga.pl,+48 86 577 11 32,dostawca,Maksymilian Boruń,2024-06-24,aktywny
1144,Markiel-Grodek Sp.k. sp.k.   ,2763643159,759365013,PL,Kielce,41-949,aleja Widok 267,kontakt@markiel-grodek.pl,+48 78 735 81 82,dostawca,Józef Kościołek,2024-12-20,aktywny
1145,Labudda S.A. Spółka z o.o.,,861322340,PL,Wołomin,63-951,ul. Widok 343,kontakt@labudda.pl,+48 20 910 49 88,klient,Natan Sykut,2024-12-29,aktywny
1146,Stowarzyszenie Wandas-Klaus i syn s.c. sp.k.,9393449746,343111206,PL,Olsztyn,13-085,ulica Działkowa 67/12,kontakt@stowarzyszenie.pl,+48 63 370 12 77,oba,Jakub Wojtalewicz,2022-06-24,aktywny
1147,Witas-Leks Sp. z o.o. Sp.k. Sp. z o.o.,,818341713,PL,Radomsko,87-703,pl. Brzechwy 10/24,kontakt@witas-leks.pl,+48 23 355 30 23,klient,pani Blanka Sadowy,2025-07-21,aktywny
1148,Kotlarek s.c. Sp. J.,,306927649,PL,Warszawa,25-809,aleja Kruczkowskiego 149,kontakt@kotlarek.pl,+48 91 826 62 57,dostawca,Anna Maria Ośka,2025-11-09,aktywny
1149,Stowarzyszenie Kuśka-Samson Sp.j. sp. z o.o.,2030044960,426832697,PL,Krotoszyn,34-162,pl. Batalionów Chłopskich 34/06,kontakt@stowarzyszenie.pl,+48 19 251 88 38,oba,pani Sylwia Czak,2021-03-03,aktywny
1150,Stowarzyszenie Peszko Sp. z o.o. Sp.k. sp. z o.o.,5121375658,667757106,PL,Pruszków,84-723,al. Myśliwska 533,kontakt@stowarzyszenie.pl,+48 35 438 84 53,oba,pan Maks Czupryna,2025-11-04,nieaktywny
1151,Kawala Sp. z o.o. sp.k.,434-566-31-14,339253601,PL,Bochnia,16-152,aleja Zamkowa 14,kontakt@kawala.pl,+48 17 309 47 33,klient,pani Julita Jaremko,2025-02-15,aktywny
1152,Fundacja Dąbrówka Sp. z o.o. Sp. J.,2033474247,536559233,PL,Nowy Dwór Mazowiecki,86-966,pl. Powstańców 70,kontakt@fundacja.pl,+48 94 210 12 48,klient,pani Marika Chomik,2025-08-12,aktywny
1153,GRUPA JAROCH S.A.,8680085292,401270241,Poland,Lublin,33-399,aleja Powstańców Wielkopolskich 65/72,kontakt.grupa.pl,+48 85 151 29 93,klient,pani Dagmara Skrzecz,2026-01-08,aktywny
1154,Gabinety Jaremek-Zacharek Sp. z o.o. Spółka z o.o.,1743043504,266607966,PL,Jastrzębie-Zdrój,33-426,aleja Porzeczkowa 02,kontakt.gabinety.pl,+48 79 912 56 16,klient,Ida Dzika,2022-05-17,aktywny
1155,Stowarzyszenie Garncarek Sp.k. sp.k.,4665275230,315867040,PL,Piotrków Trybunalski,54-040,aleja Irysowa 55/01,kontakt@stowarzyszenie.pl,+48 77 256 89 39,klient,pan Dominik Radzewicz,2022-02-01,aktywny
1156,FPUH Machul Spółka z o.o.,6913303037,311815508,PL,Świebodzice,96-518,plac Krasińskiego 99/36,kontakt@fpuh.pl,+48 63 579 66 18,oba,Agnieszka Wikło,2021-12-08,aktywny
1157,PPUH Portka-Głuszko i syn s.c. S.A.,7507627996,472989414,PL,Sanok,06-292,plac Poniatowskiego 17/67,kontakt@ppuh.pl,+48 42 866 17 32,dostawca,Jędrzej Chołody,2024-09-16,aktywny
1158,Spółdzielnia Raźny-Zygmuntowicz Sp. z o.o. Sp.k. Sp. z o.o.,2398472309,332770928,PL,Zakopane,05837,aleja Żwirki i Wigury 083,kontakt@spółdzielnia.pl,+48 27 147 26 79,dostawca,Borys Urynowicz,2025-09-12,aktywny
1159,Spółdzielnia Malon Sp. z o.o. sp.k.,0172224056,162802828,PL,Nowa Sól,07-982,aleja Sybiraków 60/84,kontakt@spółdzielnia.pl,+48 63 951 43 94,oba,Sonia Patoka,2025-09-29,aktywny
1160,Kręgiel-Stąpor s.c. Sp. z o.o.,7754619922,383156089,PL,Świdnica,15-876,aleja Wybickiego 52/83,kontakt@kręgiel-stąpor.pl,+48 60 468 91 79,klient,Marianna Mazanek,2025-07-02,aktywny
1161,FPUH Ambrożewicz Sp. J.,7258122598,143060532,PL,Sopot,03-102,aleja Reja 44/62,kontakt@fpuh.pl,+48 60 503 78 46,oba,Gabriel Sadoch,2023-06-01,nieaktywny
1162,Paprotny-Karyś i syn s.c. Sp. J.,2373379128,207083934,PL,Świdnica,40-556,pl. Kopernika 10,kontakt@paprotny-karyś.pl,+48 21 188 16 25,oba,Wiktor Komisarek,2025-09-10,nieaktywny
1163,Spółdzielnia Kuryłowicz Sp. z o.o.   ,3586901709,985170391,PL,Zambrów,58-346,aleja Lotnicza 79,kontakt@spółdzielnia.pl,+48 48 810 14 90,klient,Karol Filiks,2022-04-02,aktywny
1164,Wojtasiewicz S.A. sp.k.,9945295176,209547073,PL,Nysa,25-559,plac Chełmońskiego 12,kontakt@wojtasiewicz.pl,+48 33 245 73 59,oba,Cyprian Abramczuk,2023-05-31,aktywny
1165,Gabinety Tuzimek-Droździel S.A. sp.k.,7220542215,503383841,PL,Sopot,97-647,plac Głowackiego 618,kontakt@gabinety.pl,+48 59 795 51 97,dostawca,Bruno Falba,2024-11-05,aktywny
1166,Namysł-Czajor Sp.j. sp. z o.o.,3083344470,994978706,PL,Łaziska Górne,76-766,pl. Miłosza 78,kontakt@namysł-czajor,+48 50 614 76 73,oba,pan Miłosz Hynek,2024-04-07,aktywny
1167,Spółdzielnia Karczmarek S.A.,0205968515,757213142,PL,Białystok,05-464,ulica Słowicza 055,kontakt@spółdzielnia.pl,+48 35 906 97 67,dostawca,Jan Puto,2023-06-12,aktywny
1168,Grupa Dąbrowicz i syn s.c. sp. z o.o.,6632956345,298627773,PL,Rybnik,77-534,ul. Waryńskiego 77,kontakt@grupa.pl,+48 74 585 50 31,klient,pani Inga Surdel,2024-07-31,aktywny
1169,Ceran i syn s.c. Sp. z o.o.   ,6165812921,129825287,PL,Marki,41-252,plac Traugutta 10,kontakt@ceran.pl,+48 84 842 30 29,oba,Sebastian Boduch,2023-10-06,aktywny
1170,Gabinety Kubasiak Spółka z o.o.,6302955963,349743101,PL,Grudziądz,36-349,ul. Średnia 174,kontakt@gabinety.pl,+48 42 574 95 29,oba,Kalina Nowek,2025-02-20,aktywny
1171,Szyda Sp. z o.o. Sp.k. sp.k.,4206615494,652302795,pl,Siedlce,92-096,ulica Stefana Batorego 14,kontakt@szyda.pl,+48 93 784 80 53,klient,pani Sandra Molka,2022-09-27,aktywny
1172,Spółdzielnia Turczyk-Nitkiewicz Sp. z o.o. Sp. z o.o.,3800498322,168968950,PL,Pabianice,07-284,plac Rejtana 89/84,kontakt@spółdzielnia.pl,+48 33 970 29 22,klient,Oskar Andreasik,2021-05-31,aktywny
1173,Gabinety Masny Sp. z o.o. Sp.k. Spółka z o.o.,8158268682,636337835,PL,Szczecinek,12-674,plac Konstytucji 3 Maja 21,kontakt@gabinety.pl,+48 49 108 23 84,klient,Julianna Bosek,2026-07-06,aktywny
1174,Gasz Sp.j. sp.k.,8064420066,290762432,PL,Białystok,61-829,plac Czarnieckiego 42,kontakt@gasz.pl,+48 67 753 77 71,klient,Maksymilian Rezler,2024-01-28,aktywny
1175,Pawlukiewicz-Mularz s.c. Sp. J.,6646419629,333765973,PL,Bartoszyce,14 646,aleja Podleśna 22/83,kontakt@pawlukiewicz-mularz.pl,+48 95 284 24 88,klient,Jan Duży,2025-06-13,aktywny
1176,Stowarzyszenie Wiertelak-Kolka Sp.k. sp. z o.o.,1320410421,756844639,PL,Łaziska Górne,25-505,ul. Słowackiego 396,kontakt@stowarzyszenie.pl,+48 79 322 24 46,oba,Liwia Cherek,2026-01-02,nieaktywny
1177,Spółdzielnia Sady sp.k.,1179726991,737868639,Polska,Luboń,53-933,al. Broniewskiego 91,kontakt@spółdzielnia.pl,+48 84 807 77 22,oba,Juliusz Pęksa,2022-05-12,aktywny
1178,Fundacja Krzysiek-Koral Sp.j. sp. z o.o.,1800366602,891885100,PL,Luboń,25-765,plac Słowicza 91,kontakt@fundacja.pl,+48 11 163 10 54,klient,Adrian Niedbał,2022-05-14,aktywny
1179,Mitek S.A. sp. z o.o.,8631050520,390074356,PL,Piastów,06-749,aleja Dolna 41,kontakt@mitek.pl,+48 78 340 80 10,dostawca,Nikodem Ochał,2022-05-16,nieaktywny
1180,Ciechowicz Sp.k. sp.k.,2990076864,276108792,PL,Wrocław,53-110,plac Jana III Sobieskiego 21,kontakt@ciechowicz.pl,+48 66 349 39 32,oba,pani Anastazja Błaziak,2022-11-17,nieaktywny
1181,FPUH Latek-Panicz Sp.k. sp.k.,9633761852,781825780,PL,Lubin,82-150,aleja Pułaskiego 37,kontakt@fpuh.pl,+48 91 655 61 32,dostawca,pan Przemysław Jaroch,2025-08-29,aktywny
1182,Grupa Matyjas S.A.,8410132828,315956412,PL,Malbork,21-063,aleja Wiatraczna 361,kontakt@grupa.pl,+48 88 256 22 96,oba,Julian Latacz,2026-04-04,aktywny
1183,Spółdzielnia Sereda sp. z o.o.,5279187509,536004269,PL,Płońsk,02-485,ul. Waryńskiego 543,kontakt@spółdzielnia.pl,+48 74 494 22 93,klient,pan Mieszko Sobuś,2025-04-18,aktywny
1184,Gabinety Kapuścik Sp. J.,5920881438,927129671,PL,Nysa,35 165,ul. Ptasia 03,kontakt@gabinety.pl,+48 90 230 69 87,dostawca,pan Kamil Zyzik,2025-02-25,aktywny
1185,FPUH Dzierżak-Chwała Sp. z o.o. Sp.k. sp.k.,1596983843,475748989,PL,Kościan,48-535,plac Broniewskiego 84/60,kontakt@fpuh.pl,+48 33 852 96 12,oba,Nicole Mielke,2022-04-01,aktywny
1186,  Frączkiewicz Sp. z o.o. Sp.k. S.A.,5686295913,248569163,PL,Przemyśl,32-776,pl. Daszyńskiego 802,kontakt@frączkiewicz.pl,+48 68 309 49 88,oba,Arkadiusz Szymków,2022-05-19,aktywny
1187,Fundacja Sykała-Drobek Sp. z o.o. sp. z o.o.,946-074-29-95,124132145,PL,Sochaczew,25-192,aleja Głogowa 493,kontakt@fundacja.pl,+48 45 742 70 28,oba,Sylwia Lampart,2025-03-06,aktywny
1188,Grupa Cukier Spółka z o.o.,1799670807,694043150,PL,Kwidzyn,80-201,aleja Mickiewicza 573,kontakt@grupa.pl,+48 50 802 97 73,dostawca,pani Adrianna Hartman,2024-07-03,aktywny
1189,Grupa Petrus-Jarczyk Sp. z o.o. sp.k.,1673478532,528066498,POL,Swarzędz,18-237,ul. Mała 681,kontakt@grupa.pl,+48 59 399 84 78,klient,Krystyna Krzyszczak,2023-07-14,aktywny
1190,Opas-Meissner S.A. Sp. z o.o.,9286052103,276122005,PL,Stargard Szczeciński,48-100,aleja Ogrodowa 61/49,kontakt@opas-meissner.pl,+48 28 569 15 60,dostawca,pan Aleksander Ignatiuk,2023-10-23,aktywny
1191,Cieciora-Piesik Sp. z o.o. Sp. z o.o.,0824845816,926966364,PL,Przemyśl,77-550,pl. Mickiewicza 482,kontakt@cieciora-piesik.pl,+48 11 669 79 83,oba,Marika Leoniuk,2022-09-09,nieaktywny
1192,Czulak-Giersz Sp. z o.o. Sp.k. Sp. z o.o.,574-883-99-77,381225320,PL,Tychy,12-516,ul. Słowicza 065,kontakt@czulak-giersz.pl,+48 81 455 63 40,klient,pani Liwia Boduch,2022-03-26,nieaktywny
1193,Łuszczak-Jamroz Sp. z o.o. S.A.,1995305642,204251102,PL,Gorlice,74-022,pl. Moniuszki 23,kontakt@łuszczak-jamroz.pl,+48 83 296 66 79,oba,Kajetan Kraszkiewicz,2023-11-10,aktywny
1194,Kliber-Grys Sp. z o.o. Sp.k. sp.k.,0870187264,790135801,PL,Knurów,08-678,ul. Dolna 13,kontakt@kliber-grys.pl,+48 14 215 90 36,dostawca,pani Melania Doroz,2024-09-25,nieaktywny
1195,Wesoła-Burchardt i syn s.c. Sp. z o.o.,0344442998,146456360,PL,Słupsk,61-388,ulica Plażowa 82,kontakt@wesoła-burchardt.pl,+48 72 380 95 53,dostawca,Dominik Więckiewicz,2025-01-19,aktywny
1196,Leszkiewicz-Kijas S.A. Spółka z o.o.,2406221557,756358865,PL,Żyrardów,14-446,ulica Broniewskiego 88/89,kontakt@leszkiewicz-kijas.pl,+48 72 240 50 64,klient,pani Kornelia Pawlonka,2022-08-16,nieaktywny
1197,PPUH Andryszczyk-Basak S.A. sp. z o.o.,190-533-47-01,377690895,PL,Mikołów,55-177,al. Tuwima 493,kontakt@ppuh.pl,+48 50 591 59 48,oba,Konrad Kacperek,2023-10-17,aktywny
1198,Fundacja Wygoda Spółka z o.o.,5939652132,673783531,PL,Iława,60-950,ulica Zamkowa 38,kontakt@fundacja.pl,+48 51 106 72 20,klient,Melania Majos,2023-10-13,aktywny
1199,FPUH Kudełka Sp.k. Spółka z o.o.,2117327723,556983106,PL,Świebodzice,18-055,ul. Szymanowskiego 23,kontakt@fpuh.pl,+48 79 757 79 41,oba,Apolonia Szarzec,2024-06-11,aktywny
1200,PPUH Stanclik-Bródka S.A. Sp. J.,585-229-42-59,250262765,PL,Iława,71-086,plac Wyspiańskiego 582,kontakt@ppuh.pl,+48 23 515 24 74,dostawca,Aleksander Ciepła,2026-01-16,aktywny
1201,Gabinety Wosiak S.A. Sp. z o.o.,7105080544,743478813,PL,Chorzów,29-716,pl. Gałczyńskiego 97,kontakt@gabinety.pl,+48 44 558 68 49,dostawca,Kaja Jakubiuk,2025-11-05,aktywny
1202,Grupa Piechura-Trojanowicz Sp. z o.o. Sp.k. Spółka z o.o.,3524784176,227863848,PL,Knurów,22-698,plac Rynek 00,kontakt@grupa.pl,+48 85 407 99 83,dostawca,Antoni Damps,2022-10-17,aktywny
1203,Spółdzielnia Siciarz sp.k.,3053788038,309632760,PL,Piastów,82-600,ulica Wschodnia 178,kontakt@spółdzielnia.pl,+48 78 322 63 20,klient,pani Julianna Kornak,2022-10-24,aktywny
1204,Grupa Wikło-Grzela Sp. z o.o. Sp.k. Sp. J.,,287993480,PL,Racibórz,49-689,aleja Robotnicza 218,kontakt@grupa.pl,+48 56 913 32 71,oba,Aurelia Kieloch,2025-11-20,aktywny
1205,Stowarzyszenie Waszczyk s.c. Spółka z o.o.,8625152173,842502678,PL,Płońsk,10-155,aleja Dąbrowskiej 05/67,kontakt@stowarzyszenie.pl,+48 63 434 94 37,dostawca,Dorota Sadownik,2023-02-05,aktywny
1206,Grupa Sych s.c. sp.k.,0189156738,414109605,PL,Częstochowa,01-678,plac Kraszewskiego 515,kontakt@grupa.pl,+48 59 608 21 71,dostawca,Liwia Wojaczek,2024-10-21,nieaktywny
1207,Fundacja Wojtoń Sp. z o.o. sp.k.   ,6914336292,749185608,PL,Chełm,53-153,plac Kazimierza Wielkiego 054,kontakt@fundacja.pl,+48 59 744 65 43,dostawca,Aurelia Mokwa,2021-02-23,aktywny
1208,Pleban Sp.k. sp.k.,900-108-98-57,615063822,PL,Białystok,81-482,aleja Radosna 69,kontakt@pleban.pl,+48 84 117 78 39,oba,pan Mateusz Buksa,2024-05-17,aktywny
1209,Gabinety Smorąg-Kalista s.c. Sp. J.,1896844241,518611609,PL,Siedlce,17-067,aleja Nowa 64,kontakt@gabinety.pl,+48 76 895 76 48,oba,Dagmara Bytner,2025-09-10,aktywny
1210,Piejko Sp.k. S.A.,2857595828,656534054,PL,Nowa Ruda,34-986,pl. Nałkowskiej 738,kontakt@piejko.pl,+48 86 152 32 28,klient,Albert Gasek,2025-07-03,aktywny
1211,Kliszcz-Słomiany Sp. z o.o. S.A.   ,8912488396,585173688,POL,Piaseczno,35-249,ulica Kochanowskiego 69/42,kontakt@kliszcz-słomiany.pl,+48 70 114 52 84,oba,Kalina Macioł,2023-11-30,nieaktywny
1212,Legutko-Pelka Sp.j. Spółka z o.o.,5143672866,661964329,PL,Polkowice,92-134,plac Bolesława Chrobrego 44,kontakt@legutko-pelka.pl,+48 21 286 37 91,klient,Marcelina Fiutak,2022-11-29,aktywny
1213,Michnowicz Sp.j. Spółka z o.o.,6811939783,185669964,PL,Ełk,81-400,aleja Malczewskiego 402,kontakt@michnowicz.pl,+48 54 690 11 12,oba,Olaf Hanzel,2022-06-06,aktywny
1214,Stowarzyszenie Jaszczur S.A.,7905528667,728354912,PL,Pszczyna,24-301,ulica Brzechwy 76,kontakt@stowarzyszenie.pl,+48 39 942 57 21,oba,Klara Jenek,2024-01-26,aktywny
1215,Gabinety Łuksza sp.k.,0705326010,230846757,PL,Lębork,74-984,ul. Maczka 15,kontakt@gabinety.pl ,+48 85 181 11 41,oba,Dagmara Brachaczek,2021-12-19,nieaktywny
1216,PPUH Domian-Borzych Sp. z o.o. Sp.k. S.A.,4255136091,163426793,PL,Starachowice,93-996,aleja Popiełuszki 05/04,kontakt@ppuh.pl,+48 79 916 22 74,oba,Aleks Jaskóła,2021-12-08,aktywny
1217,Kuncewicz-Radke i syn s.c. Spółka z o.o.,0243736155,848569845,PL,Skierniewice,25-849,al. Waryńskiego 163,kontakt@kuncewicz-radke.pl,+48 37 488 61 27,dostawca,Paweł Kasperczak,2021-06-11,aktywny
1218,Mytnik s.c. Spółka z o.o.,8969335395,164804229,PL,Sanok,68-478,pl. Czarnieckiego 93,kontakt@mytnik,+48 91 441 79 51,dostawca,Tola Walo,2021-07-28,aktywny
1219,Tabiś-Betlej S.A. Spółka z o.o.,7315663973,709992542,PL,Zduńska Wola,83-331,ulica Poniatowskiego 11,kontakt@tabiś-betlej.pl,+48 56 455 24 22,dostawca,pan Eryk Ciesielczyk,2023-10-24,aktywny
1220,PPUH Szarzec Sp.j. Sp. J.,9028377278,130250567,PL,Środa Wielkopolska,71-738,ul. Maja 30,kontakt@ppuh.pl,+48 80 708 63 93,dostawca,Julianna Szczypek,2025-02-25,aktywny
1221,Gabinety Sołek sp. z o.o.,4281644167,182187850,PL,Elbląg,71-131,ul. Asnyka 65/77,kontakt@gabinety.pl,+48 24 738 99 69,dostawca,Ryszard Zawalich,2022-11-08,aktywny
1222,Grupa Bystrek-Dubis Sp. z o.o. Sp. J.,8027304271,550647757,PL,Pruszcz Gdański,88-219,al. Nadbrzeżna 01,kontakt@grupa.pl,+48 65 237 75 23,dostawca,Wojciech Pietrewicz,2023-06-19,aktywny
1223,Bąbol s.c. S.A.,1893953099,542125483,PL,Marki,99-589,plac Czarnieckiego 336,kontakt@bąbol.pl,+48 64 607 61 43,oba,pan Bartek Smagała,2020-08-06,aktywny
1224,Golisz-Ernst S.A. sp. z o.o.,8849874557,220136491,PL,Nowy Sącz,93-162,ulica Kopernika 74,kontakt@golisz-ernst.pl,+48 53 650 68 27,dostawca,pani Anastazja Fiedorczuk,2021-12-09,aktywny
1225,Micał Sp. z o.o. sp. z o.o.,0688116409,318071673,PL,Sandomierz,96-878,pl. Chopina 86/05,kontakt@micał.pl,+48 37 704 74 76,klient,Natan John,2026-03-31,aktywny
1226,Fundacja Sadłocha Sp.j. sp.k.   ,7758333648,917097058,POL,Piastów,06-532,pl. Prusa 26/00,kontakt@fundacja.pl,+48 68 114 42 22,klient,Adam Proć,2020-08-26,aktywny
1227,Sadlik-Szwiec Sp.j. sp.k.,1538602824,525092245,PL,Krotoszyn,12-838,aleja Rzemieślnicza 71/53,kontakt@sadlik-szwiec.pl,+48 55 370 31 15,dostawca,Tymoteusz Zdobylak,2021-04-26,aktywny
1228,Piguła-Wons Sp. z o.o. Sp.k. sp. z o.o.,3190577200,388332910,PL,Tarnobrzeg,07-838,ul. Bociania 17/76,kontakt@piguła-wons.pl,+48 19 120 17 98,dostawca,Nikodem Kłosiewicz,2023-08-11,aktywny
1229,Stowarzyszenie Bodych sp. z o.o.,2453810976,867281936,PL,Białystok,15-248,plac Grottgera 73/54,kontakt@stowarzyszenie.pl ,+48 23 749 28 28,dostawca,Malwina Deneka,2025-10-12,aktywny
1230,FPUH Kozubal-Hadała S.A. Sp. J.,2517422402,384557399,PL,Sieradz,06-218,aleja Popiełuszki 10/15,kontakt@fpuh.pl,+48 33 529 22 23,oba,pan Emil Michnowicz,2021-02-19,aktywny
1231,Kierat Sp. z o.o. Sp.k. Spółka z o.o.,686-163-07-05,260319624,PL,Swarzędz,75-725,aleja Starowiejska 20/74,kontakt@kierat.pl,+48 68 811 93 31,klient,Olga Gołota,2022-04-04,aktywny
1232,FPUH Burchard-Krzyżostaniak Sp.k. Sp. z o.o.,9536621951,311091070,PL,Szczecinek,99-640,al. Floriana 48/99,kontakt@fpuh.pl,+48 80 697 13 11,dostawca,pan Robert Kapera,2025-10-09,aktywny
1233,Szkup-Kurbiel Sp. z o.o. Sp.k. Spółka z o.o.,0017325907,127913919,PL,Augustów,50-653,ul. Kochanowskiego 914,kontakt@szkup-kurbiel.pl,+48 38 730 69 21,klient,Nela Więcławek,2020-12-11,aktywny
1234,PPUH Jama sp. z o.o.,2113869083,607465413,PL,Mysłowice,23-912,ulica Kilińskiego 42,kontakt@ppuh.pl,+48 94 499 73 28,klient,Olga Letkiewicz,2021-11-26,aktywny
1235,Grupa Martynowicz-Czerniec Sp.k. Spółka z o.o.,5461719281,967307520,PL,Gdańsk,72-485,aleja Kossaka 76,kontakt@grupa.pl,+48 71 954 10 68,dostawca,Sara Oleszczak,2023-12-29,aktywny
1236,Ostapczuk-Mordal Sp.k. Sp. z o.o.,2344225210,795726498,Polska,Głogów,67-622,aleja Brzechwy 95/38,kontakt@ostapczuk-mordal.pl,+48 12 247 53 33,klient,Melania Taczała,2023-08-02,aktywny
1237,Pasztaleniec i syn s.c. sp. z o.o.,0944772698,124270806,PL,Bełchatów,01-919,plac Tysiąclecia 29,kontakt@pasztaleniec.pl,+48 97 287 63 92,oba,Cyprian Glapiak,2024-07-08,aktywny
1238,Gabinety Szmagaj-Gierasimiuk S.A. sp. z o.o.,2761794807,827059836,PL,Zduńska Wola,76-782,plac Świerczewskiego 41/86,kontakt@gabinety.pl,+48 45 453 98 55,oba,Mieszko Mizgała,2024-06-28,aktywny
1239,Kut S.A. Sp. z o.o.,2119158911,283319438,PL,Wrocław,72-494,ul. Spółdzielcza 85,kontakt@kut.pl,+48 80 514 99 46,oba,pani Agnieszka Flisek,2025-03-13,aktywny
1240,Klemczak-Łyjak Sp.j. sp.k.,6862376002,637085539,PL,Czeladź,20-247,al. Solidarności 40/02,kontakt@klemczak-łyjak.pl,+48 50 567 43 13,oba,pan Jakub Anders,2023-02-23,aktywny
1241,Fundacja Kapałka-Suszka Sp.j. Sp. J.,8191907493,709084111,PL,Kielce,08-120,ul. Wspólna 39,kontakt@fundacja.pl,+48 21 547 48 15,klient,pani Olga Ciepłuch,2025-01-31,aktywny
1242,PPUH Wołczyk s.c. Sp. J.,8369235343,680177541,PL,Kętrzyn,36-083,plac Wojciecha 50/76,kontakt@ppuh.pl,+48 76 547 44 67,klient,Angelika Kraszkiewicz,2026-03-19,aktywny
1243,Fundacja Monkiewicz-Małys Sp.k. sp. z o.o.,9865462206,280573895,PL,Koszalin,07 748,plac Kossaka 407,kontakt@fundacja.pl,+48 32 304 72 97,oba,pan Radosław Bujko,2022-03-22,nieaktywny
1244,Spółdzielnia Łaciak Sp.k. Spółka z o.o.,5033000083,657268947,PL,Mikołów,18-744,al. Miodowa 25/08,kontakt@spółdzielnia.pl,+48 42 912 47 61,dostawca,Marika Bazela,2023-03-30,aktywny
1245,Fundacja Witaszek S.A. sp.k.,008-899-11-49,227894411,PL,Swarzędz,90-955,ul. Maczka 068,kontakt@fundacja.pl,+48 11 123 84 21,dostawca,Krzysztof Borysiewicz,2022-04-07,aktywny
1246,Szeszko-Karnas S.A. sp. z o.o.,7379897909,516831500,PL,Bielsko-Biała,17-978,plac Sucharskiego 35,kontakt@szeszko-karnas.pl,+48 80 914 53 48,oba,Dominik Pancerz,2021-06-24,nieaktywny
1247,Grupa Franas-Pesta S.A. sp.k.,674-630-00-97,976104224,PL,Jastrzębie-Zdrój,87-105,ulica Polna 136,kontakt@grupa.pl,+48 98 324 41 65,klient,Ida Brygoła,2021-08-23,aktywny
1248,Spółdzielnia Celuch sp. z o.o.,3401535346,543318944,PL,Brzeg,70-588,plac Sikorskiego 37,kontakt@spółdzielnia.pl,+48 14 557 51 58,oba,Inga Łuszczyk,2023-05-14,aktywny
1249,Stowarzyszenie Dyja Sp. J.,4667201081,248120733,PL,Częstochowa,93-985,aleja Sienkiewicza 64,kontakt@stowarzyszenie,+48 93 838 12 27,oba,Patryk Raźniak,2021-08-02,aktywny
1250,Stowarzyszenie Moryc sp. z o.o.,2387940267,251116724,PL,Chełm,58-210,pl. Lelewela 67,kontakt@stowarzyszenie.pl,+48 78 454 74 18,dostawca,Julian Szramka,2023-07-01,aktywny
1251,FPUH Korab S.A. sp. z o.o.,7353642358,587944577,PL,Siedlce,10-015,ulica Baczyńskiego 82/13,kontakt@fpuh.pl,+48 12 401 21 30,oba,Eliza Getka,2021-08-14,nieaktywny
1252,Dorobek-Szatko Sp. z o.o. Sp.k. sp.k.,2851816122,944285110,PL,Świebodzice,63-804,pl. Matejki 383,kontakt@dorobek-szatko.pl,+48 55 678 12 46,oba,Ida Wojtalik,2025-01-06,aktywny
1253,FPUH Sobisz-Ziarnik Sp. z o.o. Sp. z o.o.,0792304660,125266900,PL,Wejherowo,30-587,ul. Podwale 98/66,kontakt@fpuh.pl,+48 21 230 81 41,oba,Agnieszka Siembab,2022-03-02,aktywny
1254,Kościk i syn s.c. Sp. z o.o.,1232961512,234318070,PL,Olkusz,31-922,ul. Brzozowa 068,kontakt@kościk.pl,+48 94 370 78 57,klient,Karol Latko,2026-02-20,aktywny
1255,Jagieło-Młynarz Sp.k. S.A.,5344604222,572238097,PL,Starogard Gdański,42-691,ulica Żwirki i Wigury 50/58,kontakt@jagieło-młynarz.pl,+48 39 972 91 48,dostawca,pan Cyprian Listwan,2020-11-03,aktywny
1256,PPUH Popielarczyk Sp.k. Sp. z o.o.,4358617688,281544973,PL,Rzeszów,67-667,ulica Słowicza 59,kontakt@ppuh.pl,+48 51 875 22 96,klient,Agnieszka Wiekiera,2025-09-14,aktywny
1257,Grupa Kozdrój-Sołtysek s.c. sp. z o.o.,670-866-65-60,263898908,PL,Reda,88-275,aleja Chełmońskiego 84/80,kontakt@grupa.pl,+48 46 178 89 66,dostawca,Hubert Bacik,2025-07-07,aktywny
1258,Kruś Sp. z o.o. Sp.k. Spółka z o.o.,9477129035,488271081,PL,Lublin,78-709,pl. Tysiąclecia 69/48,kontakt@kruś.pl,+48 15 522 23 75,dostawca,Adrian Zacharczuk,2026-03-04,aktywny
1259,Stowarzyszenie Preuss-Mycek s.c. Spółka z o.o.,2235434044,879599058,PL,Lębork,71-645,ulica Stroma 788,kontakt@stowarzyszenie.pl,+48 59 660 29 24,klient,pan Mieszko Rompa,2021-07-13,aktywny
1260,Grupa Maksimowicz S.A. Sp. J.,,118459667,PL,Chełm,70-412,al. Żeglarska 82,kontakt@grupa.pl,+48 95 807 45 46,oba,Aniela Miszkiel,2021-07-18,aktywny
1261,Gabinety Rajchel s.c. Sp. z o.o.,9738818272,367445075,Poland,Kielce,93-643,pl. Batalionów Chłopskich 87/68,kontakt@gabinety.pl,+48 96 539 39 49,klient,Aurelia Walusiak,2024-05-04,aktywny
1262,Fundacja Budzeń-Ptok S.A. Spółka z o.o.,8821884961,676427933,PL,Włocławek,41-529,ul. Batalionów Chłopskich 08/58,kontakt@fundacja.pl,+48 62 514 43 12,dostawca,Blanka Apostel,2021-08-29,aktywny
1263,Zyga-Miozga i syn s.c. Sp. z o.o.,2125434126,365358704,Poland,Chełm,48-054,pl. Rynek 56/69,kontakt@zyga-miozga.pl,+48 26 825 61 16,dostawca,pani Ewelina Kuzia,2026-06-24,aktywny
1264,Beck Sp. z o.o. sp. z o.o.,7218600324,167089505,PL,Jastrzębie-Zdrój,36-922,ul. Sawickiej 55/44,kontakt@beck.pl,+48 24 708 67 80,oba,Anna Maria Gendek,2021-02-10,aktywny
1265,PPUH Nieszporek S.A. Spółka z o.o.,0034713173,902663395,PL,Chorzów,46-847,al. Kilińskiego 32/89,kontakt@ppuh.pl,+48 86 942 69 93,oba,Kamila Brodawka,2025-03-18,aktywny
1266,Szyma-Wrześniak s.c. Sp. J.,1625908414,724739947,POL,Ząbki,14-349,ul. Strzelecka 52,kontakt@szyma-wrześniak.pl,+48 92 577 77 52,dostawca,pani Justyna Majnusz,2020-08-30,aktywny
1267,Spółdzielnia Cal S.A. Sp. z o.o.,3753582103,607394811,PL,Zduńska Wola,76-227,pl. Głowackiego 95/13,kontakt@spółdzielnia.pl,+48 82 641 96 66,oba,Melania Palej,2020-08-06,aktywny
1268,Stowarzyszenie Zaraś Sp. z o.o. S.A.,9037161604,693268999,PL,Kętrzyn,63-532,plac Solidarności 50/95,kontakt@stowarzyszenie.pl,+48 89 581 29 26,klient,pan Adrian Wojtak,2024-11-12,aktywny
1269,Kiryluk Sp. z o.o. Sp.k. S.A.,1837530765,700928410,PL,Gorlice,80-123,pl. Lelewela 79,kontakt@kiryluk.pl,+48 11 286 46 80,klient,pan Szymon Sajewicz,2024-08-31,aktywny
1270,Gabinety Osojca-Araszkiewicz s.c. S.A.,8002443237,524408656,PL,Chełm,35-813,ulica Częstochowska 64,kontakt@gabinety.pl,+48 31 944 25 60,oba,Arkadiusz Raszkiewicz,2020-12-25,aktywny
1271,Grupa Słyk i syn s.c. S.A.,9685746706,517614209,Poland,Świętochłowice,26-110,ulica Stefana Batorego 36/78,kontakt@grupa.pl,+48 98 799 55 18,dostawca,Marek Janduła,2021-11-19,aktywny
1272,Fundacja Kielczyk Sp. z o.o. Sp.k. Spółka z o.o.,1070335083,923392214,PL,Gdynia,03-983,al. Solidarności 14,kontakt@fundacja.pl,+48 31 388 37 99,oba,Piotr Pyc,2021-10-26,aktywny
1273,Spółdzielnia Rajtar sp. z o.o.,0416910530,150305579,PL,Kutno,79-542,aleja Kielecka 92,kontakt@spółdzielnia.pl,+48 23 477 19 58,dostawca,pan Łukasz Zegar,2024-08-24,aktywny
1274,Dubel-Usarek s.c. Sp. J.,8646339534,432707698,PL,Ostróda,72-878,plac Witosa 58,kontakt@dubel-usarek.pl,+48 22 103 51 12,klient,Urszula Franczuk,2023-08-28,nieaktywny
1275,Gabinety Tomzik S.A.,4278961573,364980053,PL,Śrem,65426,al. Olchowa 227,kontakt@gabinety.pl,+48 52 862 24 27,oba,pani Aurelia Odrzywołek,2021-05-31,nieaktywny
1276,PPUH Rorat S.A.,5123959783,205723175,PL,Wejherowo,94-603,al. Letniskowa 94/28,kontakt@ppuh.pl,+48 57 365 29 58,oba,Emil Pasich,2021-01-25,aktywny
1277,Bartocha i syn s.c. sp.k.,7236024463,914302591,PL,Białogard,55-341,ulica Krótka 02,kontakt@bartocha.pl,+48 46 532 69 69,klient,Mariusz Kęsek,2020-12-20,aktywny
1278,Szwałek-Chachaj S.A. S.A.,1073087154,512611145,PL,Rzeszów,31-135,pl. Jana Sobieskiego 513,kontakt@szwałek-chachaj.pl,+48 94 592 78 92,klient,Kazimierz Barłóg,2025-12-14,aktywny
1279,Grupa Margas S.A. Sp. z o.o.,3175438027,574916541,PL,Kłodzko,82-436,ul. Długosza 44,kontakt@grupa.pl,+48 20 960 48 74,dostawca,Angelika Klyszcz,2025-09-15,aktywny
1280,Fundacja Durys-Smagała s.c. S.A.,0292546868,258377529,PL,Jawor,63-148,ul. Zaułek 746,kontakt@fundacja.pl,+48 34 668 76 48,klient,Jan Fijoł,2025-08-03,aktywny
1281,Gabinety Parkitny Spółka z o.o.,2076327139,463201016,PL,Koło,91-172,plac Staszica 83,kontakt@gabinety.pl,+48 81 510 70 63,oba,Inga Smolec,2022-02-09,aktywny
1282,Cuch S.A. sp. z o.o.,3868790600,956127755,Poland,Inowrocław,09-130,ulica Makuszyńskiego 04/91,kontakt@cuch.pl,+48 77 635 60 85,oba,Albert Klęk,2023-03-07,aktywny
1283,Kozieja Sp. z o.o. Sp. J.,5534050896,928931753,PL,Dzierżoniów,32-426,plac Witosa 87,kontakt@kozieja.pl,+48 71 304 83 63,oba,pani Anna Maria Pastuszko,2021-07-01,nieaktywny
1284,Fundacja Nojek Sp.k. Spółka z o.o.,976-405-35-64,583432760,PL,Bielsko-Biała,86-467,ulica Władysława Jagiełły 754,kontakt@fundacja.pl,+48 71 612 86 69,dostawca,pani Apolonia Rduch,2024-05-11,aktywny
1285,Spółdzielnia Gotfryd s.c. sp. z o.o.,6190384224,612021174,pl,Lublin,42-146,ul. Skłodowskiej-Curie 76/83,kontakt@spółdzielnia.pl,+48 62 867 26 68,oba,Kamila Lizoń,2022-11-14,aktywny
1286,Gabinety Ulewicz-Czenczek Sp.j. Sp. J.,2227111757,799273096,PL,Opole,83481,ulica Powstańców Śląskich 33/73,kontakt@gabinety.pl,+48 65 721 25 72,klient,Antoni Kopyto,2025-04-20,aktywny
1287,Felisiak-Czupryna s.c. Spółka z o.o.,9830521690,108443504,PL,Mława,79 220,pl. Reja 65,kontakt@felisiak-czupryna.pl,+48 85 977 32 33,klient,Emil Księżak,2022-07-31,aktywny
1288,PPUH Stanaszek-Gumieniak S.A. sp.k.,8014264718,165015091,PL,Świętochłowice,84-373,pl. Grottgera 83/58,kontakt@ppuh.pl,+48 80 125 19 67,dostawca,Cezary Feluś,2020-10-10,nieaktywny
1289,Sajda Sp.k. Sp. z o.o.,6370500494,312906374,PL,Kętrzyn,60-755,pl. Wyszyńskiego 64,kontakt@sajda.pl,+48 34 523 68 33,dostawca,Michał Zasępa,2023-09-11,aktywny
1290,Stowarzyszenie Jaracz sp. z o.o.,1729476388,105722375,PL,Przemyśl,74-831,ul. Dąbrowskiego 997,kontakt@stowarzyszenie.pl,+48 83 133 60 51,dostawca,Daniel Zasępa,2021-03-29,aktywny
1291,Wawrzyńczyk-Miśko S.A. Spółka z o.o.,9985193938,236602037,PL,Sosnowiec,43-253,pl. Jana 71/37,kontakt@wawrzyńczyk-miśko.pl,+48 31 876 73 33,oba,pani Julita Duniec,2021-07-14,aktywny
1292,Spółdzielnia Świerszcz-Litwiniuk Sp. z o.o. sp.k.,2667652724,693741395,PL,Wałcz,97-996,ulica Częstochowska 083,kontakt@spółdzielnia.pl,+48 56 310 85 72,dostawca,Piotr Garczyk,2024-09-30,aktywny
1293,Bobrowicz i syn s.c. Sp. J.,0886406757,909104572,PL,Zgorzelec,63-622,pl. Gałczyńskiego 89/75,kontakt@bobrowicz.pl,+48 13 273 15 79,klient,Mariusz Kononowicz,2021-09-19,aktywny
1294,Stowarzyszenie Kurach-Ufnal Sp.k. sp. z o.o.,9022154399,134976530,POL,Nowy Targ,51-947,ulica Czereśniowa 44,kontakt@stowarzyszenie.pl,+48 44 655 83 14,oba,Tobiasz Buś,2023-01-31,aktywny
1295,Marko s.c. sp. z o.o.,5333202359,172193741,PL,Ząbki,42-113,ul. Nadbrzeżna 39,kontakt@marko.pl,+48 30 929 57 93,dostawca,Michał Ficoń,2024-06-01,nieaktywny
1296,Czuryło-Roś S.A. Sp. z o.o.,1935450369,723731541,PL,Środa Wielkopolska,94-965,al. Tysiąclecia 14,kontakt@czuryło-roś.pl,+48 99 902 36 89,klient,Malwina Perczak,2023-04-24,aktywny
1297,Spółdzielnia Oszust-Bogusiewicz i syn s.c. sp. z o.o.,4362962084,128617680,PL,Piła,01-591,al. Pogodna 97,kontakt@spółdzielnia.pl,+48 83 864 78 92,klient,Oliwier Skwira,2021-12-06,aktywny
1298,Grupa Gmurczyk S.A. Spółka z o.o.,4129075961,436142310,PL,Nowa Ruda,20-119,ulica Sikorskiego 76/72,kontakt@grupa.pl,+48 18 220 28 41,dostawca,Oliwier Sajnóg,2025-01-22,aktywny
1299,Lindner Sp. z o.o. S.A.,7495421064,295691963,PL,Kołobrzeg,52-108,ulica Mickiewicza 90,kontakt@lindner.pl,+48 93 195 82 36,dostawca,pan Olgierd Pytko,2024-05-23,aktywny
1300,Gabinety Myszor-Pyszka S.A. Sp. z o.o.,9226713170,499836803,PL,Brodnica,96-748,ulica Traugutta 36/65,kontakt@gabinety.pl,+48 62 231 64 45,dostawca,Julita Kunc,2024-02-17,aktywny
1301,Wacław-Polnik Sp.k. sp.k.,6461209617,581647157,PL,Biała Podlaska,67-107,aleja Partyzantów 14,kontakt@wacław-polnik.pl,+48 14 104 83 85,klient,Dagmara Olszyna,2026-07-15,nieaktywny
1302,FPUH Klyszcz S.A. Spółka z o.o.,2403211535,456337216,PL,Wejherowo,02-591,pl. Piłsudskiego 94,kontakt@fpuh,+48 12 425 22 44,klient,Hubert Stosik,2022-02-14,aktywny
1303,Spółdzielnia Gawłowicz-Kurzaj Sp. z o.o. Sp.k. Sp. J.,1430877976,784737243,PL,Starogard Gdański,93-390,ulica Piastowska 99/52,kontakt@spółdzielnia.pl,+48 44 577 87 26,dostawca,pan Tobiasz Kręcisz,2023-05-18,nieaktywny
1304,Chalimoniuk-Szynkiewicz S.A. sp. z o.o.,,293630743,PL,Tarnowskie Góry,25-435,plac Czarnieckiego 642,kontakt@chalimoniuk-szynkiewicz.pl,+48 49 890 79 71,dostawca,Szymon Radzio,2021-01-08,aktywny
1305,Staręga Sp.k. Sp. J.,6933329985,561707241,PL,Środa Wielkopolska,20-027,aleja Sienkiewicza 159,kontakt@staręga.pl,+48 23 466 89 17,klient,Malwina Mitek,2024-05-16,aktywny
1306,Fundacja Cywka-Nieroda S.A. sp.k.,8382567269,946684202,PL,Grodzisk Mazowiecki,80-063,ul. Kaszubska 906,kontakt@fundacja.pl,+48 13 857 75 44,dostawca,Adrian Friedrich,2025-12-19,aktywny
1307,PPUH Fijałek sp.k.,2543551969,281218634,PL,Gorzów Wielkopolski,44-328,plac Kruczkowskiego 03/40,kontakt@ppuh.pl,+48 33 287 54 11,klient,Stanisław Uryga,2026-07-16,aktywny
1308,Pompa Sp. z o.o. Sp.k. Sp. J.,6247286396,916558156,PL,Zduńska Wola,64-578,pl. Kołłątaja 491,kontakt@pompa.pl,+48 34 761 11 21,klient,pani Julita Przewłoka,2022-05-19,aktywny
1309,Stowarzyszenie Szyda Spółka z o.o.,1499290093,853944624,PL,Świdnik,23-969,aleja Andersa 24,kontakt@stowarzyszenie.pl ,+48 61 274 98 66,klient,pan Jakub Suszko,2022-01-24,aktywny
1310,Hawro Sp. z o.o. Sp. z o.o.,4509563218,612404672,PL,Płońsk,16-817,ul. Kościuszki 06,kontakt@hawro.pl,+48 93 140 12 39,oba,Oskar Raźny,2021-05-25,aktywny
1311,Stowarzyszenie Bryda Sp. z o.o. Sp. z o.o.,9335389223,272144551,PL,Oleśnica,21 434,ul. Czarnieckiego 81,kontakt@stowarzyszenie.pl,+48 70 195 21 85,klient,pani Urszula Kramer,2024-11-04,nieaktywny
1312,Grupa Adamów-Słonka Sp. z o.o. Sp. J.,0608277058,529469086,PL,Puławy,91-063,ul. Makowa 06/71,kontakt@grupa.pl,+48 62 213 97 63,klient,Mikołaj Szaruga,2025-11-15,nieaktywny
1313,Kloska-Mazanek Sp. z o.o. sp. z o.o.,3723461760,807633214,PL,Świdnica,47-994,al. Baczyńskiego 362,kontakt@kloska-mazanek.pl,+48 39 789 24 36,klient,Konrad Langa,2025-02-27,aktywny
1314,Sapa Sp.j. Sp. J.,9441642318,517781575,PL,Piotrków Trybunalski,45-545,al. Jana III Sobieskiego 694,kontakt@sapa.pl,+48 46 936 46 24,oba,pan Paweł Przewoźny,2022-10-06,aktywny
1315,Grupa Miotke-Straszak Sp.k. S.A.,7685760630,948298033,PL,Łaziska Górne,26-622,ul. Cedrowa 666,kontakt@grupa.pl,+48 88 399 33 89,klient,Maksymilian Wojtasiewicz,2023-09-02,nieaktywny
1316,Grupa Kłosiewicz-Kopyt i syn s.c. Sp. z o.o.,7551887014,997533747,PL,Chorzów,90-875,ul. Sportowa 46,kontakt@grupa.pl,+48 90 730 82 34,klient,Kaja Śleziak,2023-12-02,aktywny
1317,Stowarzyszenie Chojna Sp. z o.o.,2483744416,925259104,PL,Bochnia,04-774,ulica Piaskowa 977,kontakt@stowarzyszenie.pl,+48 32 324 44 54,dostawca,Iwo Janiga,2024-04-26,aktywny
1318,Galuba Sp.k. sp.k.,6947902549,929691979,PL,Łomża,75-242,ul. Kruczkowskiego 94/90,kontakt@galuba.pl,+48 39 487 27 63,oba,pani Dagmara Karwala,2021-01-08,aktywny
1319,Grubba i syn s.c. S.A.,2386410099,463894918,PL,Jelenia Góra,06-262,ul. Rejtana 49/76,kontakt@grubba.pl,+48 75 995 53 90,dostawca,pan Kazimierz Samson,2025-12-17,aktywny
1320,SZRAMKA-SZCZAP SP.J. SPÓŁKA Z O.O.,2164359908,996820381,PL,Wągrowiec,16-834,al. Pszenna 41/66,kontakt@szramka-szczap.pl,+48 85 899 38 71,oba,Krystian Kuncewicz,2021-06-06,aktywny
1321,  Stowarzyszenie Janiszek Sp.j. S.A.,0476143784,661084098,PL,Sopot,74-273,ulica Lelewela 56,kontakt@stowarzyszenie.pl,+48 46 317 68 16,dostawca,Nikodem Cuch,2024-10-06,aktywny
1322,FPUH Mosur-Kastelik Sp. z o.o. Sp.k. S.A.,8154185893,713378645,PL,Śrem,73-934,aleja Brzozowa 42,kontakt@fpuh.pl,+48 18 252 67 70,oba,Sebastian Kwasek,2022-06-06,aktywny
1323,Pancerz-Machoń s.c. Sp. z o.o.,0845078606,411445185,PL,Knurów,70-865,ulica Żeromskiego 020,kontakt@pancerz-machoń.pl,+48 57 521 64 14,dostawca,Patryk Reimann,2020-12-19,aktywny
1324,Gabinety Damps-Brodowicz Sp. z o.o. Sp.k. sp. z o.o.,7469833066,618667746,PL,Wągrowiec,90-769,al. Kochanowskiego 17,kontakt@gabinety.pl,+48 96 316 12 61,dostawca,Julita Pich,2021-11-27,aktywny
1325,Stowarzyszenie Pinda-Dymarczyk Sp. z o.o. sp. z o.o.,2266794192,117335231,PL,Rzeszów,70951,al. Willowa 22/17,kontakt@stowarzyszenie.pl,+48 76 762 74 65,dostawca,pani Ewelina Szumiło,2023-01-02,aktywny
1326,Stowarzyszenie Myszor-Jakubaszek s.c. Spółka z o.o.,9067396340,829862378,PL,Jelenia Góra,08-832,aleja Morcinka 67,kontakt@stowarzyszenie.pl,+48 76 810 89 74,dostawca,pani Dagmara Trzos,2025-01-15,aktywny
1327,Penar-Walus Sp.j. Spółka z o.o.,5049221705,381708778,PL,Swarzędz,11-307,al. Żeromskiego 12/87,kontakt@penar-walus,+48 20 658 61 97,oba,Leon Kożuszek,2025-07-10,aktywny
1328,  PPUH Andrejczuk S.A. S.A.,,305791053,PL,Malbork,93-771,al. Piaskowa 095,kontakt@ppuh.pl,+48 76 959 88 20,oba,Ignacy Bekus,2022-05-08,aktywny
1329,Broncel s.c. sp.k.,2653371702,673263738,PL,Świdnik,15-364,ul. Pałacowa 32/74,kontakt@broncel.pl,+48 50 725 43 31,dostawca,Józef Myga,2023-10-31,aktywny
1330,Stowarzyszenie Łuczkiewicz i syn s.c. sp. z o.o.,9831354900,221284215,PL,Knurów,75-818,pl. Kilińskiego 096,kontakt@stowarzyszenie.pl,+48 56 893 82 88,dostawca,Albert Duczek,2025-08-07,aktywny
1331,Spółdzielnia Majczyna-Zygmuntowicz s.c. S.A.,9219587302,494991422,PL,Chojnice,04-273,al. Orzechowa 70,kontakt@spółdzielnia.pl,+48 88 643 30 44,klient,Melania Reszke,2026-04-22,aktywny
1332,Durys S.A. Spółka z o.o.,3021781671,639016181,PL,Słupsk,46-594,aleja Tuwima 82/08,kontakt@durys.pl,+48 60 749 58 92,dostawca,Cezary Gomoła,2023-01-17,aktywny
1333,PPUH Pitala s.c. Spółka z o.o.,8901649280,200022937,PL,Głogów,79-043,ul. Harcerska 728,kontakt@ppuh.pl,+48 11 304 67 15,klient,pan Bruno Galik,2025-11-23,aktywny
1334,  Gabinety Burchardt-Strzyż Sp. z o.o. Sp.k. sp.k.,2640703088,775495142,PL,Rzeszów,28-850,ulica Cyprysowa 92/36,kontakt@gabinety.pl,+48 77 755 18 68,klient,Jerzy Matus,2025-01-25,aktywny
1335,FPUH Wielgos Sp. z o.o. sp. z o.o.,9682448500,809220826,PL,Puławy,24-255,aleja Błękitna 81/65,kontakt@fpuh.pl,+48 69 250 76 74,oba,Leon Kuchciak,2024-05-11,nieaktywny
1336,Gabinety Pacyga sp. z o.o.,7411680690,835967305,PL,Brzeg,19-269,ulica Truskawkowa 034,kontakt@gabinety.pl,+48 87 494 24 31,dostawca,Antoni Szlachcic,2025-02-10,aktywny
1337,Fundacja Rezmer-Szylar Sp. z o.o. Sp. z o.o.,808-203-91-70,161008495,PL,Kwidzyn,97759,ul. Kolonia 49,kontakt@fundacja.pl,+48 64 299 96 43,dostawca,Inga Migoń,2023-07-31,aktywny
1338,Szyma Sp.j. sp.k.,6245870122,111759643,PL,Malbork,71-149,aleja Poprzeczna 468,kontakt@szyma.pl,+48 95 773 28 48,klient,Artur Mirgos,2024-10-01,aktywny
1339,PPUH Kurach sp.k.,0912375304,296107791,PL,Ciechanów,81-386,plac Popiełuszki 89/39,kontakt@ppuh.pl,+48 83 562 61 17,klient,Krystyna Szumiło,2024-10-13,aktywny
1340,PPUH Czubaszek S.A.,0243652406,477882582,PL,Mława,40-706,aleja Klasztorna 45/01,kontakt@ppuh.pl,+48 39 815 64 42,oba,Łukasz Serzysko,2021-06-12,aktywny
1341,FPUH Jagieło-Franczuk i syn s.c. S.A.,5403648825,227621129,pl,Wągrowiec,62-370,aleja Kosynierów 51,kontakt@fpuh.pl,+48 83 562 73 41,oba,Lidia Gąbka,2024-09-13,aktywny
1342,FPUH Preś Sp. z o.o. Sp. J.,,532967229,PL,Głogów,77-551,al. Staszica 536,kontakt@fpuh.pl,+48 88 894 89 77,dostawca,Oskar Tłuczek,2023-09-28,aktywny
1343,Stowarzyszenie Dworniczak-Pazdan s.c. sp. z o.o.,5949722041,299710882,PL,Sosnowiec,49-498,ulica Akacjowa 94/24,kontakt@stowarzyszenie.pl,+48 34 269 62 82,oba,Kajetan Kałek,2022-01-01,aktywny
1344,Fundacja Strug S.A.,6179962352,504752715,PL,Pszczyna,36-805,pl. Świerczewskiego 605,kontakt.fundacja.pl,+48 86 854 87 80,klient,Błażej Flasza,2022-12-22,aktywny
1345,Kornet i syn s.c. sp.k.,560-413-48-20,152458441,PL,Piekary Śląskie,41-434,plac Malczewskiego 580,kontakt@kornet.pl,+48 88 932 41 22,dostawca,pan Ernest Rećko,2022-10-20,aktywny
1346,Mędrala-Kucewicz s.c. Sp. J.,3912260005,171402243,PL,Krotoszyn,04-436,ulica Wojciecha 466,kontakt@mędrala-kucewicz.pl,+48 49 150 93 94,oba,Daniel Wyłupek,2025-10-15,nieaktywny
1347,Stowarzyszenie Gawłowicz Sp. z o.o. Sp.k. sp. z o.o.,9143049135,422679822,Polska,Radom,14-407,pl. Plater 53/00,kontakt@stowarzyszenie.pl,+48 13 309 76 83,dostawca,Miłosz Liss,2024-02-29,aktywny
1348,Szynkiewicz-Smektała S.A. Sp. J.,8720998657,994237152,PL,Pruszków,24-987,al. Żeglarska 74/62,kontakt@szynkiewicz-smektała.pl,+48 49 263 95 99,klient,pani Ada Jop,2023-11-20,nieaktywny
1349,Drozdowicz S.A. Spółka z o.o.,9208235309,712277329,PL,Tczew,91-103,aleja Zakole 886,kontakt@drozdowicz.pl,+48 65 538 87 23,oba,Jan Parkitna,2023-06-27,aktywny
1350,Grupa Ostasz-Dudziec s.c. sp.k.,6298056826,104631955,PL,Czechowice-Dziedzice,51-493,pl. Wybickiego 31,kontakt@grupa.pl,+48 71 774 56 41,oba,Aurelia Drewa,2020-08-03,aktywny
1351,Fundacja Mućko S.A.,6186957240,107223665,PL,Wrocław,35-457,aleja Grottgera 261,kontakt@fundacja.pl,+48 42 914 49 72,dostawca,Kamil Ciereszko,2021-11-28,aktywny
1352,Węgrzynowicz s.c. Spółka z o.o.,3137956109,155651824,PL,Przemyśl,30-754,al. Widokowa 596,kontakt@węgrzynowicz.pl,+48 73 607 35 92,klient,Marcelina Wszoła,2021-05-19,aktywny
1353,GABINETY WYRWICH SPÓŁKA Z O.O.,0361920259,994776964,PL,Nowy Sącz,48-272,ul. Wyzwolenia 18,kontakt@gabinety.pl,+48 86 303 76 71,klient,Nela Golenia,2022-11-30,aktywny
1354,Stowarzyszenie Solis sp. z o.o.,0476078621,931577467,PL,Ostrów Mazowiecka,35-049,aleja Liliowa 547,kontakt@stowarzyszenie.pl,+48 51 167 10 98,dostawca,pani Monika Ptok,2025-03-12,aktywny
1355,Duczmal S.A. sp.k.,1708517320,677901703,PL,Mysłowice,20-958,pl. Bema 97/91,kontakt@duczmal.pl,+48 21 374 55 59,klient,pan Tobiasz Hejna,2023-06-05,aktywny
1356,Pelka-Krauz Sp. z o.o. Sp.k. Sp. z o.o.,8580558118,444629187,PL,Kętrzyn,83-695,pl. Baczyńskiego 03,kontakt@pelka-krauz.pl,+48 44 377 89 60,oba,Alan Niesporek,2024-08-29,aktywny
1357,Władyka Sp.j. Sp. J.,1607700407,731180025,PL,Skierniewice,92-013,pl. Jana Sobieskiego 96,kontakt@władyka.pl,+48 12 834 49 50,dostawca,Maciej Geisler,2021-11-15,aktywny
1358,FPUH Kasiak Sp. z o.o.,3982218037,731968306,PL,Mysłowice,05-396,ul. Kazimierza Wielkiego 88/24,kontakt.fpuh.pl,+48 61 887 30 15,klient,Kornel Dytrych,2026-04-27,aktywny
1359,Tyma-Raczkiewicz Sp. z o.o. sp.k.,864-078-80-24,520629921,PL,Katowice,90-807,pl. Skłodowskiej-Curie 67,kontakt@tyma-raczkiewicz.pl,+48 31 722 99 53,klient,pan Juliusz Samul,2024-11-04,aktywny
1360,Stowarzyszenie Jarczak Sp. z o.o. Sp.k. S.A.,9333562309,303875083,PL,Stalowa Wola,33-939,pl. Wyspiańskiego 608,kontakt@stowarzyszenie.pl,+48 49 369 12 74,oba,Ewelina Kielich,2021-02-26,aktywny
1361,FPUH PERKA S.A.,7089870925,144051620,PL,Chrzanów,78-635,aleja Powstańców 10/53,kontakt@fpuh.pl,+48 87 816 88 21,oba,Tymon Haraburda,2023-09-21,nieaktywny
1362,PPUH Rut Sp.k. Sp. z o.o.,1326611586,396005983,PL,Stalowa Wola,69-753,al. Łanowa 29/04,kontakt@ppuh.pl,+48 82 148 53 30,dostawca,pani Julita Kuffel,2023-04-06,aktywny
1363,Żal-Majos Sp. z o.o. Sp. z o.o.,196-047-22-01,436660421,PL,Tarnowskie Góry,58-698,aleja Kraszewskiego 01,kontakt@żal-majos.pl,+48 87 581 96 10,dostawca,Iwo Smektała,2025-11-29,nieaktywny
1364,Spółdzielnia Jakoniuk Spółka z o.o.,,906074127,PL,Oława,84-232,al. Witosa 33/91,kontakt@spółdzielnia.pl,+48 48 499 19 89,oba,Kamil Zięciak,2024-05-11,aktywny
1365,Fundacja Dziadkowiec-Kołaczyk i syn s.c. sp.k.,4676626236,450809554,PL,Słupsk,73-216,ulica Sucharskiego 83/22,kontakt@fundacja.pl,+48 11 472 39 11,klient,Aleksander Rozumek,2024-11-13,aktywny
1366,Kurzak S.A. sp.k.,4025787033,516892730,PL,Głogów,23-911,ulica Długa 86/76,kontakt@kurzak.pl,+48 17 438 16 60,klient,Oliwier Denkiewicz,2021-01-09,aktywny
1367,Handke i syn s.c. sp. z o.o.,6050281642,999172542,PL,Czerwionka-Leszczyny,77-688,al. Sucharskiego 108,kontakt@handke.pl,+48 90 658 85 25,klient,Gustaw Kral,2022-12-26,aktywny
1368,Fundacja Stranc sp.k.,1203025201,753167936,PL,Ruda Śląska,37-064,pl. Nałkowskiej 531,kontakt@fundacja.pl,+48 54 261 98 35,dostawca,Karina Mazik,2024-09-19,aktywny
1369,Gabinety Mojsa i syn s.c. Sp. J.,9531926002,769242857,PL,Żywiec,83-142,aleja Wyzwolenia 951,kontakt@gabinety.pl,+48 16 236 69 54,dostawca,Jakub Augustynek,2023-11-14,aktywny
1370,Holc i syn s.c. Spółka z o.o.,4920548945,844624702,PL,Ostrów Mazowiecka,52-938,ulica Kołłątaja 596,kontakt@holc.pl,+48 53 330 75 21,klient,pan Leon Krzempek,2020-09-27,aktywny
1371,Dziarmaga Sp.j. Sp. z o.o.   ,,918286899,PL,Świecie,50-433,plac Kopernika 65,kontakt@dziarmaga.pl,+48 61 515 30 31,oba,Dawid Białach,2024-09-19,aktywny
1372,Dyda i syn s.c. S.A.,9705660363,210111071,PL,Suwałki,37-002,al. Przemysłowa 994,kontakt@dyda.pl,+48 28 417 79 64,klient,pan Robert Grzelec,2025-07-30,aktywny
1373,Balawender i syn s.c. S.A.,2660235153,641131391,PL,Bielawa,98-200,al. Łabędzia 48,kontakt@balawender.pl ,+48 14 172 57 35,oba,Albert Kopytko,2020-08-09,aktywny
1374,PPUH Dankiewicz-Polasik S.A. sp. z o.o.,1671560583,572486892,Polska,Nysa,78-471,ulica Morcinka 888,kontakt@ppuh.pl,+48 58 232 32 42,dostawca,Natasza Bytner,2021-05-26,aktywny
1375,Gabinety Pasich Sp. z o.o. sp.k.,5479406459,329559732,PL,Radomsko,04-380,al. Kilińskiego 719,kontakt@gabinety.pl,+48 98 931 50 98,dostawca,pan Mateusz Kurz,2021-03-02,aktywny
1376,Spółdzielnia Friedrich-Dulewicz Sp. z o.o. S.A.,1918986647,871488705,POL,Włocławek,56-903,pl. Powstańców Śląskich 89/82,kontakt@spółdzielnia.pl,+48 85 319 64 52,dostawca,Bartek Ficner,2021-12-09,aktywny
1377,Jędrys i syn s.c. sp. z o.o.,5974876809,501853587,PL,Kraków,98-967,al. Piłsudskiego 75,kontakt@jędrys.pl,+48 17 890 33 41,oba,pani Sandra Kudłacik,2025-12-02,aktywny
1378,Fundacja Kulma Sp.k. Sp. J.,1843019221,127416312,PL,Ruda Śląska,86-766,aleja Traugutta 921,kontakt@fundacja.pl,+48 66 600 40 37,klient,Rozalia Beck,2022-03-03,aktywny
1379,Spółdzielnia Bak-Mainka s.c. sp.k.,732-396-44-07,299762465,PL,Skawina,76-413,aleja Broniewskiego 22,kontakt@spółdzielnia.pl,+48 52 345 30 60,dostawca,pan Juliusz Kulon,2024-10-10,aktywny
1380,Raźny Sp. z o.o. sp.k.,2427739236,874092750,PL,Lubliniec,34-739,pl. Broniewskiego 18,kontakt@raźny.pl,+48 94 244 15 27,klient,pani Karina Niemira,2022-08-08,aktywny
1381,Rećko Sp.j. Sp. z o.o.,4016933280,399466918,PL,Środa Wielkopolska,65-130,ulica Zamkowa 709,kontakt@rećko.pl,+48 28 317 48 73,oba,Franciszek Burchardt,2021-05-08,aktywny
1382,Spółdzielnia Zander Sp. z o.o. Sp.k. sp.k.,2907551544,840928626,PL,Sieradz,36-974,aleja Grunwaldzka 24,kontakt@spółdzielnia.pl,+48 27 498 17 66,dostawca,pan Iwo Parada,2025-06-14,aktywny
1383,PPUH Skubis-Więcławek Sp.k. sp.k.,9138310068,946755407,PL,Tczew,01-060,aleja Promienna 82/24,kontakt@ppuh.pl,+48 42 318 96 29,klient,pan Aleksander Kopa,2025-05-29,nieaktywny
1384,  Grupa Rubacha s.c. Sp. J.,2277773319,544708930,PL,Reda,48-007,ul. Wiejska 801,kontakt@grupa.pl,+48 61 511 48 71,klient,Aurelia Dzieża,2025-07-11,aktywny
1385,Kuder S.A. sp.k.,5036059527,769912818,PL,Malbork,14-836,pl. Krasickiego 61,kontakt@kuder.pl,+48 28 745 46 20,oba,Olgierd Sadza,2020-12-23,aktywny
1386,Grupa Dub s.c. Sp. J.,4027406756,643677956,PL,Tarnów,26-045,aleja Wierzbowa 950,kontakt@grupa.pl,+48 65 564 63 27,dostawca,Karina Wiaderek,2020-08-01,aktywny
1387,Sabak s.c. S.A.,2003638566,954122458,PL,Ząbki,40-576,pl. Wieniawskiego 329,kontakt@sabak.pl,+48 63 846 19 46,oba,pan Gustaw Dziób,2025-07-31,aktywny
1388,Spółdzielnia Kaluga-Złotek Sp.j. sp.k.,793-183-99-78,903761910,PL,Wodzisław Śląski,17-610,plac Fredry 61,kontakt@spółdzielnia.pl,+48 87 908 19 42,oba,Lidia Garncarek,2026-03-26,aktywny
1389,Gabinety Lamch sp.k.,9550493260,932233178,PL,Olsztyn,28-924,pl. Kościuszki 502,kontakt@gabinety.pl,+48 48 321 26 26,oba,pani Adrianna Buszta,2023-01-20,nieaktywny
1390,Misiaszek-Fidura Sp. z o.o. Sp.k. Spółka z o.o.,6121289819,809241789,PL,Gniezno,94-369,al. Wiatraczna 52,kontakt@misiaszek-fidura.pl,+48 53 730 46 81,dostawca,Liwia Nieroda,2023-02-11,aktywny
1391,Gabinety Rogula s.c. Sp. z o.o.,127-622-39-87,855054186,PL,Oświęcim,05-764,al. Poznańska 83/44,kontakt@gabinety.pl,+48 74 407 32 91,klient,Krystyna Kiepura,2024-05-19,aktywny
1392,Jędruszczak-Olewniczak S.A. S.A.,8718882237,583453574,PL,Kołobrzeg,81-993,plac Piłsudskiego 05/50,kontakt@jędruszczak-olewniczak.pl,+48 18 437 94 79,dostawca,pan Sebastian Osojca,2021-04-25,aktywny
1393,Dubik Sp. z o.o. Sp.k. Sp. z o.o.,6134956470,902722296,PL,Mikołów,80 344,plac Stefana Batorego 239,kontakt@dubik.pl,+48 61 125 96 51,oba,Mateusz Ziajka,2025-05-12,aktywny
1394,Sommerfeld Sp. z o.o. Sp.k. sp.k.,4963830973,265533725,PL,Płońsk,42-110,aleja Opolska 09/13,kontakt@sommerfeld.pl,+48 61 923 25 16,oba,Karol Śleziak,2021-03-23,aktywny
1395,Gabinety Kierat Sp.j. sp. z o.o.,6166201652,482604954,PL,Rybnik,77-704,ulica Pomorska 760,kontakt@gabinety.pl,+48 68 800 74 62,dostawca,Alan Wojtaszak,2024-04-06,aktywny
1396,Gołofit Sp.k. sp.k.,6555751245,604938143,PL,Pruszcz Gdański,48-942,aleja Wróblewskiego 120,kontakt@gołofit.pl,+48 46 105 10 16,dostawca,Łukasz Pałac,2026-06-07,aktywny
1397,Stowarzyszenie Protasiuk i syn s.c. sp.k.,6824051663,478923729,PL,Swarzędz,46-893,ulica Fabryczna 015,kontakt@stowarzyszenie.pl,+48 52 209 29 32,dostawca,Natan Neska,2023-12-14,aktywny
1398,Ludwin-Dela i syn s.c. sp.k.,9974023380,536514589,PL,Wyszków,88-703,al. Kasprowicza 95/07,kontakt@ludwin-dela.pl,+48 13 624 39 50,dostawca,Aleksander Chołody,2021-01-10,aktywny
1399,Grupa Duc Sp.j. S.A.,0363094423,327805883,PL,Kluczbork,25-865,aleja Hallera 05/95,kontakt@grupa.pl,+48 18 277 15 98,dostawca,Jerzy Wielgat,2021-02-06,aktywny
1400,Jacak Sp. z o.o. Sp. J.,8309413491,113009441,PL,Ciechanów,37-981,pl. Jadwigi 03/91,kontakt@jacak.pl,+48 92 167 87 70,oba,Konstanty Żynda,2025-12-29,nieaktywny
1401,Mirocha-Majzner S.A. sp.k.,5694804507,598257752,PL,Chojnice,06-519,al. Konopnickiej 84,kontakt@mirocha-majzner.pl,+48 56 871 58 98,dostawca,Borys Kala,2023-11-30,nieaktywny
1402,PPUH Janka Sp. z o.o.,,989473796,PL,Jelenia Góra,70 368,plac Kołłątaja 95/20,kontakt@ppuh.pl,+48 28 773 65 10,klient,pani Kalina Kuciel,2023-05-16,aktywny
1403,Wielgos Sp.j. Sp. J.,0315892581,401041423,PL,Mława,74-014,pl. Żwirki i Wigury 68/01,kontakt@wielgos.pl,+48 70 295 49 29,klient,Monika Fołta,2023-02-09,aktywny
1404,Grupa Cisoń Sp. J.,7774867592,492237509,PL,Sandomierz,31-491,al. Kosynierów 23/39,kontakt@grupa.pl,+48 95 416 18 75,dostawca,Norbert Krzyśko,2023-07-22,nieaktywny
1405,GABINETY TACIAK SP. J.,8230882953,944721129,PL,Gdańsk,01-403,al. Jabłoniowa 55,kontakt@gabinety,+48 76 925 45 23,oba,Przemysław Patrzałek,2025-04-09,aktywny
1406,Gabinety Godyń Sp. J.,3260586949,277968787,PL,Rzeszów,64-218,al. Liliowa 62,kontakt@gabinety.pl,+48 64 958 71 47,oba,Dominik Klupś,2022-11-29,aktywny
1407,Stowarzyszenie Drzał-Turczyk Sp. z o.o. S.A.,3066293155,199077073,PL,Gorlice,24-678,ul. Wyszyńskiego 45,kontakt@stowarzyszenie.pl,+48 70 653 74 29,dostawca,Krzysztof Bondyra,2022-03-15,nieaktywny
1408,Szałata Sp. z o.o. Spółka z o.o.,5946989068,264027540,PL,Nowy Dwór Mazowiecki,54-860,pl. Pułaskiego 08,kontakt@szałata.pl,+48 28 571 28 38,oba,Apolonia Żołądź,2025-11-14,aktywny
1409,Romańczyk-Warych Sp. z o.o. sp.k.,8902237906,138559748,PL,Bielsko-Biała,50-403,ul. Podgórna 04/57,kontakt@romańczyk-warych.pl,+48 51 943 44 79,oba,pani Natasza Bełza,2025-08-01,aktywny
1410,Gabinety Kałwa-Malcher S.A. sp.k.,4779541764,633004989,PL,Luboń,95-608,al. Kalinowa 033,kontakt@gabinety.pl,+48 51 307 85 77,klient,Kajetan Skomra,2021-01-01,aktywny
1411,Piekart Sp.k. Sp. J.,3781591574,746959695,PL,Koszalin,59-379,plac Kopernika 770,kontakt@piekart.pl,+48 82 694 48 57,oba,Jakub Barczuk,2024-12-08,aktywny
1412,Miara i syn s.c. sp.k.,384-887-63-85,124539444,PL,Wodzisław Śląski,21-232,pl. Kilińskiego 62,kontakt@miara.pl,+48 13 801 71 61,klient,Alan Prucnal,2022-04-02,aktywny
1413,PPUH Martyn S.A.   ,1219051885,207125379,PL,Wałbrzych,67-587,ul. Dojazdowa 16/11,kontakt@ppuh.pl,+48 83 762 79 76,oba,Bruno Posmyk,2024-11-24,aktywny
1414,Stowarzyszenie Głownia Sp. z o.o.,820-706-69-04,227154328,PL,Żywiec,11-748,al. Szarych Szeregów 77/21,kontakt@stowarzyszenie.pl,+48 69 700 26 38,dostawca,Dagmara Kocurek,2022-03-16,aktywny
1415,Białach Sp. z o.o. sp. z o.o.,9703506758,594180727,PL,Ostrów Mazowiecka,99-348,aleja Szymanowskiego 93/18,kontakt@białach.pl,+48 77 901 38 34,dostawca,Marcin Doruch,2024-07-13,aktywny
1416,Fundacja Ludwik-Felisiak i syn s.c. Sp. z o.o.,7731231551,465355266,PL,Kraśnik,36-340,plac Tysiąclecia 82,kontakt@fundacja.pl,+48 98 964 50 66,oba,Malwina Świgoń,2020-12-04,aktywny
1417,Piórek S.A. Sp. J.,1879938443,382831675,Polska,Zgorzelec,28-630,plac Daszyńskiego 22,kontakt@piórek.pl,+48 50 476 75 78,klient,Iwo Watras,2021-09-24,nieaktywny
1418,Stowarzyszenie Fura Spółka z o.o.,3687156897,180152447,PL,Tczew,84-217,pl. Miłosza 11/65,kontakt@stowarzyszenie.pl,+48 85 754 66 67,oba,Mateusz Tekiela,2025-07-25,aktywny
1419,MIĘTKA-STRAMA SP.K. SP. Z O.O.,344-568-44-63,607910712,PL,Wrocław,17-037,pl. Sienkiewicza 232,kontakt@miętka-strama.pl,+48 14 879 39 64,oba,Monika Rejek,2025-05-08,nieaktywny
1420,Gabinety Pacocha Sp. z o.o.,1632957371,643347637,PL,Sandomierz,14-250,plac Mickiewicza 81,kontakt@gabinety.pl,+48 26 463 84 73,dostawca,Józef Chatys,2025-08-21,aktywny
1421,Kubrak Sp. z o.o. Sp.k. sp. z o.o.,9273186830,863076502,PL,Otwock,26-003,pl. Władysława Jagiełły 93/77,kontakt@kubrak.pl,+48 28 678 21 52,oba,pan Konrad Prokopiak,2024-09-08,nieaktywny
1422,Domowicz s.c. Sp. J.,423-324-16-55,174058729,PL,Suwałki,17-787,ulica Chabrowa 16/17,kontakt@domowicz.pl,+48 91 856 42 78,klient,Albert Kaluga,2025-05-30,aktywny
1423,Grupa Siewert-Miśkowiec s.c. Sp. z o.o.,7344674620,880777200,PL,Goleniów,68-224,ulica Wrocławska 84,kontakt@grupa.pl,+48 55 860 90 83,dostawca,Tobiasz Kołaczyk,2023-09-26,aktywny
1424,Dawidczyk-Ankiewicz Sp. z o.o. Sp. J.,0221816987,177100343,PL,Lubin,16-430,ul. Wiklinowa 56,kontakt@dawidczyk-ankiewicz.pl,+48 23 333 48 45,oba,pani Marika Kudłacik,2025-12-08,aktywny
1425,Kukieła S.A. Sp. z o.o.,928-643-30-29,556074388,PL,Bartoszyce,51-953,ulica Słowicza 65/50,kontakt@kukieła,+48 14 688 92 84,dostawca,Elżbieta Weremczuk,2022-08-28,aktywny
1426,Stowarzyszenie Bacia sp. z o.o.,6677196661,567622490,PL,Katowice,57-989,al. Makowa 49/33,kontakt@stowarzyszenie.pl,+48 11 242 50 60,klient,Mieszko Wicha,2023-09-04,aktywny
1427,FPUH Adrian Sp. z o.o.,2223499807,177707263,PL,Dębica,22-465,ulica Solidarności 62,kontakt@fpuh.pl,+48 67 533 80 38,dostawca,Ignacy Janasik,2026-01-12,aktywny
1428,Spółdzielnia Kurzyna Sp. J.,4614409235,363403074,PL,Stargard Szczeciński,53-682,aleja Staffa 54/21,kontakt@spółdzielnia.pl,+48 19 568 48 60,dostawca,Ewelina Siemieńczuk,2025-06-05,nieaktywny
1429,PPUH Grabas s.c. sp. z o.o.,6018637262,334274669,PL,Tychy,95-638,ul. Szpitalna 41/99,kontakt@ppuh.pl,+48 83 698 55 92,dostawca,Błażej Warmuz,2024-04-24,aktywny
1430,Małycha-Stempniak i syn s.c. sp. z o.o.,2776414900,128267121,PL,Zamość,18-738,plac Kilińskiego 058,kontakt@małycha-stempniak.pl,+48 81 431 10 32,oba,Artur Ambrożewicz,2024-04-23,aktywny
1431,Spółdzielnia Dulik Sp. J.,3444867227,672782300,PL,Lublin,89-247,ulica Dojazdowa 87/60,kontakt@spółdzielnia.pl,+48 84 100 48 70,klient,pani Karina Tałaj,2023-03-06,aktywny
1432,Gabinety Wilma Sp.j. Spółka z o.o.,4615749329,483968051,PL,Szczytno,73-692,plac Mieszka I 694,kontakt@gabinety.pl,+48 25 366 99 85,dostawca,pani Karina Chlipała,2026-06-16,aktywny
1433,Stowarzyszenie Superson Sp.j. sp.k.,,406461916,PL,Mielec,51-396,pl. Rejtana 63,kontakt@stowarzyszenie.pl,+48 67 607 93 65,dostawca,Hubert Drozdowicz,2021-08-15,aktywny
1434,Misiarz-Sobel Sp. z o.o. Sp.k. Sp. z o.o.,8580018735,192099240,PL,Gdańsk,69 715,aleja Zielna 15/26,kontakt@misiarz-sobel.pl,+48 37 696 20 51,klient,Kazimierz Bryczek,2021-04-14,aktywny
1435,PPUH Czubaszek S.A.,7862107811,689261630,PL,Otwock,39865,ul. Reymonta 07,kontakt@ppuh.pl,+48 23 146 88 95,dostawca,Łukasz Dudała,2026-06-10,aktywny
1436,Gabinety Leżoń Spółka z o.o.,2570680263,982581569,PL,Bochnia,16-273,aleja Sikorskiego 048,kontakt@gabinety.pl,+48 42 928 19 57,dostawca,Witold Droś,2022-07-27,aktywny
1437,Dubis-Łudzik Sp. z o.o. sp. z o.o.,0600230286,563574299,PL,Biała Podlaska,41-908,plac Sucharskiego 79,kontakt@dubis-łudzik.pl,+48 93 807 52 99,klient,Borys Suchenek,2024-03-21,nieaktywny
1438,Spółdzielnia Piłka Sp.k. sp. z o.o.,2411420667,615825164,PL,Poznań,04-547,pl. Batalionów Chłopskich 52/21,kontakt@spółdzielnia.pl,+48 24 422 19 42,dostawca,Leonard Korbut,2022-02-23,aktywny
1439,Fundacja Trybuś-Makar Sp. z o.o. Sp.k. S.A.,6338222249,140113126,PL,Legionowo,21-215,plac Konstytucji 3 Maja 68,kontakt@fundacja.pl,+48 51 337 85 26,klient,pan Łukasz Broniek,2022-07-14,aktywny
1440,Grupa Tomaszkiewicz Sp.j. S.A.,2019011344,673576866,PL,Mysłowice,83-989,ulica Kosynierów 65/23,kontakt@grupa.pl,+48 37 328 83 22,klient,pan Artur Broś,2023-02-11,aktywny
1441,Fundacja Wojtunik-Chojak Sp. z o.o. Sp.k. Spółka z o.o.,2861323941,460278024,Polska,Sieradz,25-200,ul. Reymonta 005,kontakt@fundacja.pl,+48 97 390 52 26,klient,Monika Grupa,2023-12-21,aktywny
1442,Rybus Sp. z o.o. Sp.k. S.A.,449-760-24-95,649754558,PL,Świętochłowice,84 532,pl. Kościuszki 27,kontakt@rybus.pl,+48 65 297 44 32,oba,Hubert Stanisławek,2021-03-03,aktywny
1443,Spółdzielnia Wochnik sp.k.,5367734980,783948029,PL,Malbork,85-868,ulica Narutowicza 94,kontakt@spółdzielnia.pl,+48 33 736 70 39,dostawca,Anita Rakus,2025-02-04,aktywny
1444,Mandrysz S.A. Sp. z o.o.,7625380962,547201781,PL,Zambrów,51-542,pl. Batalionów Chłopskich 03,kontakt@mandrysz.pl,+48 24 372 70 57,klient,Konrad Lew,2023-05-09,aktywny
1445,Stowarzyszenie Żyrek-Tabisz S.A. sp.k.,524-746-65-31,462993315,PL,Czechowice-Dziedzice,51-181,pl. Hallera 29/73,kontakt@stowarzyszenie.pl,+48 82 694 99 98,oba,pani Anita Ścibior,2025-02-17,aktywny
1446,Stowarzyszenie Fularczyk-Odrzywołek i syn s.c. Sp. J.,9853243674,736074159,PL,Biłgoraj,88-219,ulica Reja 73,kontakt@stowarzyszenie.pl,+48 49 205 53 70,klient,Angelika Klos,2022-04-25,aktywny
1447,Spółdzielnia Krzysiek-Steinke Sp. z o.o. Sp.k. Sp. J.,6383543465,688978276,PL,Chrzanów,89-711,aleja Wyszyńskiego 36,kontakt@spółdzielnia.pl,+48 75 867 64 41,oba,Dawid Krasa,2020-11-07,aktywny
1448,Grupa Mulawa Sp. z o.o.,6824979394,753284406,PL,Otwock,12-930,aleja Kasztanowa 26/97,kontakt@grupa.pl,+48 64 198 55 38,oba,Dorota Zemanek,2026-03-02,aktywny
1449,Dąbkiewicz-Czosnyka S.A. S.A.,8371030732,608936232,PL,Kołobrzeg,05-102,aleja Wodna 61,kontakt@dąbkiewicz-czosnyka.pl,+48 59 160 70 98,klient,pani Liwia Gebauer,2020-08-08,nieaktywny
1450,FPUH Janiuk-Wiewiórka Sp. z o.o. Spółka z o.o.,8967808263,885888277,PL,Brzeg,86-813,pl. Powstańców 846,kontakt@fpuh.pl,+48 84 312 25 26,klient,pan Miłosz Bartuś,2023-10-05,aktywny
1451,Spółdzielnia Skwira sp. z o.o.,9476254293,992652729,PL,Ostrowiec Świętokrzyski,28-708,ulica Witosa 80/19,kontakt@spółdzielnia.pl,+48 60 962 99 47,dostawca,Iwo Herok,2025-02-07,aktywny
1452,PPUH Mydlak sp. z o.o.,9172994037,524569982,PL,Koło,73158,pl. Partyzantów 56/06,kontakt@ppuh.pl,+48 75 966 95 20,oba,Natan Hajdukiewicz,2021-10-15,aktywny
1453,FPUH Janiszek S.A.,6497196702,542052973,PL,Nysa,32-854,pl. Korfantego 11,kontakt@fpuh.pl,+48 38 436 38 86,klient,Jeremi Marach,2020-12-04,aktywny
1454,Stowarzyszenie Błaszyk i syn s.c. S.A.,1259016398,745997398,Polska,Chełm,01-498,pl. Matejki 41/85,kontakt@stowarzyszenie.pl,+48 85 134 20 34,klient,Bartek Orpel,2023-02-26,aktywny
1455,Kucharzyk i syn s.c. Spółka z o.o.,0984101674,744777058,Poland,Kutno,23 411,pl. Skłodowskiej-Curie 639,kontakt@kucharzyk.pl,+48 15 175 42 79,klient,pan Eryk Burchardt,2021-09-20,aktywny
1456,FPUH Kleina Spółka z o.o.,9910042023,668693231,PL,Chrzanów,06-371,plac Szarych Szeregów 21,kontakt@fpuh.pl,+48 64 221 61 79,klient,pani Sonia Majczyna,2021-05-15,nieaktywny
1457,Grupa Choroś sp.k.,0342134851,424660244,PL,Swarzędz,99-941,pl. Mieszka I 409,kontakt@grupa.pl,+48 30 161 36 50,klient,Aurelia Jakubiuk,2021-05-24,aktywny
1458,PPUH Kostera s.c. Sp. J.,7917913862,163093805,PL,Ostrołęka,58-561,al. Źródlana 70,kontakt@ppuh.pl,+48 52 906 71 22,oba,Kacper Suchta,2021-07-11,aktywny
1459,Sadownik-Kwak Sp.k. Sp. z o.o.,3219402475,818340692,PL,Wrocław,10-638,pl. Wojska Polskiego 12,kontakt@sadownik-kwak.pl,+48 31 633 81 93,klient,Wojciech Danisz,2023-10-21,aktywny
1460,Spółdzielnia Gregorczuk-Ulfik Sp.j. sp. z o.o.,8745271934,568301555,PL,Pruszcz Gdański,52-474,al. Niepodległości 98,kontakt@spółdzielnia.pl,+48 76 477 72 58,dostawca,pan Piotr Świtaj,2025-05-13,aktywny
1461,Fundacja Odrzywołek Sp.j. Sp. z o.o.,381-074-91-68,231119155,PL,Pabianice,11-818,ul. Chopina 607,kontakt@fundacja.pl,+48 32 355 92 29,klient,pani Bianka Rząca,2024-06-18,aktywny
1462,Stowarzyszenie Słoń i syn s.c. Sp. z o.o.,1315350691,812384153,PL,Marki,27-964,pl. Orzeszkowej 91,kontakt@stowarzyszenie.pl,+48 95 289 59 18,dostawca,Kornel Franik,2023-05-26,aktywny
1463,Malewicz-Rut Sp.k. Spółka z o.o.,2527410257,403864320,PL,Wieluń,75-653,plac Matejki 20,kontakt@malewicz-rut.pl,+48 19 824 69 84,oba,Ignacy Kabza,2023-08-27,aktywny
1464,Szalast i syn s.c. Spółka z o.o.,669-489-93-07,132883895,PL,Szczecin,45-498,al. Rumiankowa 74/70,kontakt@szalast.pl,+48 24 705 90 99,oba,Jakub Chwedoruk,2024-05-18,aktywny
1465,PPUH Franas Sp.j. Spółka z o.o.,6355842279,785209984,PL,Zgierz,40-558,pl. Batalionów Chłopskich 497,kontakt@ppuh.pl,+48 69 259 59 61,klient,pan Aleksander Getka,2024-08-12,aktywny
1466,Karkut-Kieca Sp. z o.o. Sp.k. Sp. z o.o.,4607001444,219434017,PL,Chojnice,89-035,plac Kościuszki 63,kontakt@karkut-kieca.pl,+48 11 938 58 75,oba,pani Sylwia Warmuz,2025-04-12,nieaktywny
1467,Spółdzielnia Wdowczyk s.c. Spółka z o.o.,0871006684,743713656,PL,Koło,50-999,plac Popiełuszki 77,kontakt@spółdzielnia.pl,+48 97 378 22 72,klient,Kamil Kwapisiewicz,2022-02-19,aktywny
1468,FPUH Gabara-Pusz s.c. S.A.,2381152238,253357434,pl,Sandomierz,49-229,plac Sienkiewicza 59/70,kontakt@fpuh.pl,+48 34 279 81 29,dostawca,Leonard Łepek,2020-09-14,aktywny
1469,Jarema s.c. S.A.,5283599945,134305816,PL,Jaworzno,60-424,pl. Narutowicza 315,kontakt@jarema.pl,+48 45 194 14 80,dostawca,Anna Maria Schubert,2025-08-18,aktywny
1470,Gabinety Nieradko-Bryda Sp. z o.o. Sp.k. Sp. z o.o.,3511350530,442184789,PL,Września,51-358,plac Tysiąclecia 345,kontakt@gabinety.pl,+48 29 268 92 77,oba,Aleks Skup,2022-01-11,nieaktywny
1471,Gospodarek-Tabisz Sp. z o.o. Sp.k. Sp. z o.o.,6415780979,662845642,PL,Rzeszów,40-627,aleja Fiołkowa 34/49,kontakt@gospodarek-tabisz.pl,+48 14 230 79 12,klient,pan Kamil Kuboń,2020-10-28,nieaktywny
1472,Fundacja Gorgol Sp. z o.o.,9453419520,944651846,PL,Poznań,68-778,pl. Kochanowskiego 09,kontakt@fundacja.pl,+48 94 368 46 70,oba,pani Kaja Świerad,2025-02-26,aktywny
1473,FPUH Kowaluk s.c. Spółka z o.o.,2802188938,124237378,PL,Świecie,69-658,al. Wojska Polskiego 21,kontakt@fpuh.pl,+48 39 874 54 73,oba,Anita Olma,2020-11-02,aktywny
1474,Paliga-Duszczak S.A. sp. z o.o.,7891213970,369059310,PL,Płock,62-780,aleja Urocza 853,kontakt@paliga-duszczak.pl,+48 62 710 83 11,dostawca,Klara Kościołek,2024-04-12,aktywny
1475,Fundacja Nitkiewicz Spółka z o.o.,7599408427,718381406,PL,Śrem,17-880,ulica Asnyka 04,kontakt@fundacja.pl,+48 64 717 65 82,oba,Nicole Poreda,2021-02-08,aktywny
1476,Fundacja Korbel Spółka z o.o.,2898606109,517156536,PL,Kalisz,93-626,ulica Kruczkowskiego 25,kontakt@fundacja.pl,+48 64 570 40 39,dostawca,Łukasz Komisarek,2023-08-16,aktywny
1477,Węgrzynowicz Sp.k. Sp. z o.o.,1652761369,812838024,PL,Malbork,43 880,al. Łanowa 96/35,kontakt@węgrzynowicz.pl,+48 49 701 80 17,klient,pani Kamila Dziób,2024-07-27,aktywny
1478,GABINETY DROZDOWICZ S.C. SP. Z O.O.,8437699293,527101934,PL,Września,28-968,aleja Słowianska 43/45,kontakt@gabinety.pl,+48 45 408 68 73,klient,Tobiasz Cieloch,2024-03-07,aktywny
1479,Szmajda S.A. Sp. z o.o.,8423242341,650060512,PL,Czeladź,71-380,ulica Mokra 36,kontakt@szmajda.pl,+48 15 380 20 68,oba,Łukasz Kielan,2021-12-21,aktywny
1480,Gasik-Lament Sp.j. Sp. J.,5536915857,438577947,PL,Ełk,24-272,ul. Malinowa 43,kontakt@gasik-lament,+48 47 966 84 13,dostawca,pan Iwo Szczepan,2022-07-06,aktywny
1481,Gabinety Swacha s.c. sp.k.,6024257038,919145719,PL,Bydgoszcz,05-566,pl. Powstańców 29/46,kontakt@gabinety.pl,+48 39 772 28 89,dostawca,Marcin Garbaciak,2023-10-28,aktywny
1482,Koperek Sp.k. sp. z o.o.,1582863046,121749497,PL,Wołomin,57911,plac Powstańców Wielkopolskich 304,kontakt@koperek.pl,+48 88 545 60 33,oba,Alex Franczuk,2021-07-29,aktywny
1483,Szajna-Heinrich i syn s.c. Sp. z o.o.   ,7429220417,537303805,PL,Radomsko,07-168,aleja Narutowicza 527,kontakt@szajna-heinrich.pl,+48 80 887 32 25,dostawca,pani Monika Skoneczna,2023-04-05,aktywny
1484,Mazek-Faruga s.c. S.A.,6937063254,906943035,PL,Pabianice,02-140,ulica Jeżynowa 913,kontakt@mazek-faruga.pl,+48 38 224 39 85,klient,Mateusz Olchawa,2026-03-02,aktywny
1485,NEUBAUER S.A. SP.K.,9719000027,860996453,PL,Przemyśl,53-480,ul. Jasna 67/50,kontakt@neubauer.pl,+48 66 201 58 28,klient,pan Wojciech Smykała,2024-05-17,aktywny
1486,PPUH Ligas Sp. z o.o. Sp.k. Sp. J.,7992304533,246798146,PL,Ostrów Mazowiecka,41-256,pl. Partyzantów 530,kontakt@ppuh.pl,+48 21 494 93 90,dostawca,Tymoteusz Mitek,2025-10-11,nieaktywny
1487,PPUH Duras-Jędrzejek i syn s.c. sp.k.,1456474372,113796010,PL,Wołomin,22-241,ulica Okrzei 20/28,kontakt@ppuh.pl,+48 89 402 55 35,oba,Róża Kuropatwa,2021-09-23,nieaktywny
1488,Gabinety Szczepan-Skomra i syn s.c. Sp. J.,7766650524,807417013,PL,Poznań,12-466,pl. Witosa 24/05,kontakt@gabinety.pl,+48 93 877 63 18,klient,Monika Nocek,2020-11-08,aktywny
1489,Gabinety Bek Sp.k. sp. z o.o.,8157806195,164289329,PL,Myszków,60-748,aleja Pałacowa 461,kontakt@gabinety.pl,+48 27 351 18 96,klient,Błażej Krochmal,2024-12-09,aktywny
1490,Stowarzyszenie Foit s.c. sp.k.,7067635329,262316070,PL,Głogów,69-894,ul. Skrajna 25/81,kontakt@stowarzyszenie.pl,+48 98 597 25 79,dostawca,Marcin Grubba,2022-04-20,aktywny
1491,Grupa Sysło-Pospiech i syn s.c. sp. z o.o.,,189256310,PL,Szczytno,44-395,al. Liliowa 23/73,kontakt@grupa.pl,+48 30 720 49 34,klient,Aniela Witka,2021-01-03,aktywny
1492,Koloch S.A. Sp. J.,3753989230,854882391,PL,Tychy,17-087,ulica Miła 78/03,kontakt@koloch.pl,+48 37 246 43 65,dostawca,pani Tola Kawulok,2026-03-11,nieaktywny
1493,Grupa Brygoła-Kamyk Sp. z o.o. S.A.,9327841789,316579566,PL,Sanok,07-884,al. Cicha 39/25,kontakt@grupa.pl,+48 63 450 82 19,dostawca,Julianna Cebulak,2022-12-01,nieaktywny
1494,Stowarzyszenie Milka-Litwa S.A. sp. z o.o.,0114065262,521893929,PL,Grodzisk Mazowiecki,41-753,aleja Osiedlowa 22,kontakt@stowarzyszenie.pl ,+48 34 541 66 38,dostawca,pan Mariusz Kik,2021-04-09,aktywny
1495,Zimniak-Kozdrój Sp.j. S.A.,2455337567,437171431,PL,Piotrków Trybunalski,21-022,plac Armii Krajowej 16,kontakt@zimniak-kozdrój.pl,+48 89 580 62 43,oba,Albert Stachewicz,2025-07-04,aktywny
1496,FPUH Surdel sp.k.,4625069292,549690211,PL,Kędzierzyn-Koźle,76-901,pl. Solidarności 30,kontakt@fpuh.pl,+48 60 646 52 24,klient,Ksawery Stelmasiak,2021-03-02,nieaktywny
1497,Stowarzyszenie Samulak sp. z o.o.,7934421297,218376857,PL,Poznań,40-515,al. Skłodowskiej-Curie 95/04,kontakt@stowarzyszenie,+48 66 989 94 57,klient,pan Karol Rozmiarek,2022-08-24,aktywny
1498,PPUH Olszowa sp. z o.o.,4778045796,597830785,PL,Dębica,99-520,pl. Kopernika 53/77,kontakt@ppuh.pl,+48 58 219 76 47,oba,Grzegorz Lepa,2021-02-20,aktywny
1499,FPUH Suchenek S.A. sp. z o.o.,3982147828,931260068,PL,Słupsk,77-759,plac Matejki 277,kontakt@fpuh.pl,+48 35 555 92 29,oba,pan Karol Chmielak,2021-03-09,nieaktywny
1500,PPUH Kusek Sp. J.,4516767064,311667113,PL,Poznań,54-083,al. Odrzańska 29,kontakt@ppuh.pl,+48 91 324 95 27,oba,Antoni Giża,2025-05-04,aktywny
1501,PPUH Wabik Sp. z o.o.,1220084844,235828540,PL,Słupsk,20-607,plac Kopernika 630,kontakt@ppuh.pl,+48 43 891 79 36,klient,Tola Pianka,2022-12-10,aktywny
1502,Gabinety Byzdra S.A.,9608289674,877154633,PL,Bartoszyce,75-412,aleja Asnyka 262,kontakt@gabinety.pl,+48 37 490 11 52,oba,Grzegorz Kalota,2023-05-26,aktywny
1503,Fundacja Karpiel Sp. z o.o. Sp.k. Spółka z o.o.,6920856493,867931864,PL,Żagań,34-639,ul. Skargi 85/13,kontakt@fundacja.pl,+48 25 987 34 28,dostawca,Dominik Kustosz,2024-09-13,aktywny
1504,Gabinety Kielczyk-Szyc Sp. z o.o. Sp. z o.o.,9350011546,520374694,PL,Mielec,74-548,ulica Konopnickiej 12/21,kontakt@gabinety.pl,+48 71 453 77 98,oba,Igor Cetera,2021-03-25,aktywny
1505,PPUH Dobosiewicz Sp. z o.o.,3889044109,402629335,PL,Elbląg,92-382,ul. Floriana 868,kontakt@ppuh.pl,+48 45 347 18 54,dostawca,pan Krystian Kozubal,2024-11-15,nieaktywny
1506,Uliasz i syn s.c. Spółka z o.o.,1353814833,612509663,PL,Śrem,15-544,plac Wybickiego 06/44,kontakt@uliasz,+48 69 427 55 74,klient,Jakub Kolbusz,2022-10-08,aktywny
1507,Spółdzielnia Nieradko s.c. Sp. J.,016-856-47-16,622974827,PL,Olkusz,57-654,al. Asnyka 856,kontakt@spółdzielnia.pl,+48 81 368 14 21,oba,Ryszard Cąkała,2020-12-22,aktywny
1508,FPUH Biegała i syn s.c. S.A.,1698837163,200296964,PL,Piastów,16-611,ul. Podleśna 219,kontakt@fpuh.pl,+48 57 628 59 64,oba,Justyna Lepka,2025-04-18,aktywny
1509,Komsta-Drabczyk S.A. sp.k.,9767598330,271617618,Polska,Piotrków Trybunalski,03-313,pl. Mickiewicza 294,kontakt@komsta-drabczyk.pl,+48 19 587 15 51,klient,Kamil Hornik,2024-04-16,nieaktywny
1510,PPUH Boguś s.c. sp.k.,3534581954,553099742,PL,Reda,90-887,ulica Bankowa 72/69,kontakt@ppuh.pl,+48 67 822 29 79,dostawca,Aurelia Maciejewicz,2023-04-30,aktywny
1511,Grupa Ładniak-Patrzałek s.c. sp. z o.o.,2177580153,679204098,PL,Sandomierz,26-114,pl. Słowackiego 66,kontakt@grupa.pl,+48 65 538 80 72,oba,Michał Wojniak,2022-11-22,aktywny
1512,WIEWIÓRKA-BORCZYK SP. Z O.O. SP. Z O.O.,0285327272,909547419,PL,Kraków,45-959,ulica Czarnieckiego 386,kontakt@wiewiórka-borczyk.pl,+48 66 706 81 92,klient,Patryk Smoter,2023-06-02,aktywny
1513,FPUH Kobza Sp. J.,5025285467,214348500,PL,Świętochłowice,23-277,ulica Nałkowskiej 05/82,kontakt.fpuh.pl,+48 11 923 79 69,klient,Alan Czerkies,2020-08-23,aktywny
1514,Gabinety Dębniak-Witos Sp. z o.o. sp.k.,,844418816,PL,Jarosław,51 547,pl. Witosa 633,kontakt@gabinety.pl,+48 94 616 59 35,klient,Dagmara Soczówka,2021-03-31,aktywny
1515,Omiotek-Mądrzyk s.c. Sp. z o.o.,2102423449,624909238,PL,Września,50-690,ulica Wróblewskiego 618,kontakt@omiotek-mądrzyk.pl,+48 97 153 54 94,dostawca,pani Krystyna Sydor,2025-07-28,nieaktywny
1516,Spółdzielnia Kaliciak Sp.j. Sp. z o.o.,9619971659,862116909,PL,Dąbrowa Górnicza,32-445,al. Sawickiej 01,kontakt@spółdzielnia.pl,+48 55 890 61 61,dostawca,Marcin Ligenza,2025-02-12,aktywny
1517,Gabinety Ciuk-Skoneczna S.A. sp.k.,9683344004,760343984,PL,Jawor,78-157,ulica Wałowa 79,kontakt@gabinety.pl,+48 30 265 46 27,oba,Liwia Kapuścik,2024-10-25,aktywny
1518,FPUH Melcer Spółka z o.o.,3793221914,916300465,PL,Świebodzice,90-021,al. Podwale 106,kontakt@fpuh.pl,+48 42 738 11 68,klient,pani Kamila Krzysztoszek,2024-08-13,aktywny
1519,PPUH Pietrek-Demiańczuk Sp.k. S.A.,360-157-91-18,452995849,PL,Żory,32-789,ulica Orkana 76/17,kontakt@ppuh.pl,+48 23 144 18 60,oba,Maks Wandas,2022-04-04,aktywny
1520,PPUH Oziębło s.c. Sp. z o.o.,8026589343,603291093,PL,Nowy Dwór Mazowiecki,32-555,pl. Władysława Jagiełły 72/02,kontakt@ppuh.pl,+48 87 566 81 36,klient,Albert Frost,2024-02-18,aktywny
1521,PPUH Wydrych i syn s.c. sp.k.,3571921491,532631689,PL,Nowy Sącz,79-891,plac Piłsudskiego 734,kontakt@ppuh.pl,+48 83 193 42 59,klient,Cyprian Grygorowicz,2026-03-23,nieaktywny
1522,Plona-Wakuła Sp.k. Sp. J.,,977555023,PL,Oświęcim,81-652,aleja Towarowa 99,kontakt@plona-wakuła.pl,+48 65 473 28 76,klient,Sara Wyrostek,2024-01-15,aktywny
1523,Spółdzielnia Dulemba s.c. Spółka z o.o.,4927240009,840029411,PL,Świnoujście,55-605,plac Jana 996,kontakt@spółdzielnia.pl,+48 13 659 60 95,klient,pan Konstanty Smoter,2021-07-11,aktywny
1524,Gabinety Gwizdek-Gronostaj Sp. z o.o. Sp.k. Sp. J.,6051908540,323844554,pl,Wągrowiec,88-510,plac Długosza 94/64,kontakt@gabinety.pl,+48 74 998 24 61,oba,Apolonia Solarczyk,2022-11-01,aktywny
1525,Gabinety Krępa-Kopiczko Sp. z o.o. Sp.k. Sp. J.,3356369300,196002353,PL,Elbląg,53-474,aleja Makuszyńskiego 853,kontakt@gabinety.pl,+48 18 839 14 85,klient,Elżbieta Heinrich,2026-06-17,aktywny
1526,Grupa Kłosowicz-Bryndza i syn s.c. sp.k.,3187810483,148162560,PL,Śrem,69-029,plac Krasickiego 92,kontakt@grupa.pl,+48 78 759 39 52,oba,Mateusz Słyk,2023-09-07,aktywny
1527,Wita-Płodzień Sp. z o.o. sp.k.,929-093-04-32,780062139,PL,Jaworzno,52-143,ul. Szafirowa 489,kontakt@wita-płodzień.pl,+48 64 534 21 41,dostawca,Kacper Merda,2024-12-22,aktywny
1528,SPÓŁDZIELNIA POGORZELEC-GOMOŁA I SYN S.C. SP. J.,0812268158,917152142,PL,Przemyśl,46-533,ulica Polna 89/83,kontakt@spółdzielnia.pl,+48 69 814 42 68,klient,Kornel Mroczko,2024-06-15,nieaktywny
1529,FPUH Ładziak sp. z o.o.,1105833093,564554816,PL,Czeladź,71-243,al. Wyspiańskiego 18/56,kontakt@fpuh.pl,+48 36 719 67 89,oba,Bartek Litwiniuk,2023-10-24,nieaktywny
1530,Gabinety Kościołek Sp. z o.o. Sp. z o.o.,8914269378,538292693,PL,Częstochowa,01218,aleja Jastrzębia 61/99,kontakt.gabinety.pl,+48 93 129 23 61,dostawca,pani Ewa Jewuła,2025-05-07,aktywny
1531,Stowarzyszenie Rawa s.c. Sp. z o.o.,8776288367,353604416,PL,Kędzierzyn-Koźle,99-579,aleja Czarnieckiego 46/79,kontakt@stowarzyszenie.pl,+48 80 638 95 95,dostawca,Nela Krenc,2020-10-31,aktywny
1532,FPUH Kwoka Sp.k. Sp. J.,,564130702,PL,Opole,68-484,aleja Skargi 01,kontakt@fpuh.pl,+48 67 627 98 75,klient,Marianna Pazdan,2022-09-28,aktywny
1533,Aleksiejuk S.A. S.A.,1652289895,100725588,PL,Mielec,38-311,plac Hallera 06/74,kontakt@aleksiejuk.pl,+48 48 694 84 40,dostawca,pani Liwia Masłoń,2021-09-30,aktywny
1534,Spółdzielnia Kij Spółka z o.o.,9777265972,508217232,PL,Katowice,49-146,ulica Kazimierza Wielkiego 996,kontakt@spółdzielnia.pl,+48 14 662 34 81,dostawca,pan Damian Barszczak,2026-07-11,aktywny
1535,Wiencek-Niewola S.A. Sp. z o.o.,9391295658,960531478,PL,Wałbrzych,78-009,plac Bolesława Chrobrego 47/04,kontakt@wiencek-niewola.pl,+48 79 645 66 20,oba,pan Tadeusz Wawrzynkiewicz,2021-11-02,aktywny
1536,Stowarzyszenie Migoń Sp. z o.o. Sp.k. Spółka z o.o.,8600500927,381202525,PL,Wągrowiec,42-382,ul. Hallera 521,kontakt@stowarzyszenie.pl,+48 87 820 91 33,oba,Ewelina Koziatek,2025-07-28,aktywny
1537,Grupa Sajda S.A.,1125018605,629792387,PL,Bytom,18-295,plac Bolesława Chrobrego 29,kontakt@grupa.pl,+48 32 685 12 61,oba,Jakub Bawoł,2024-06-03,aktywny
1538,Kandora-Radko Sp.k. sp. z o.o.,2336931809,512791218,PL,Siedlce,12-953,aleja Łączna 27/72,kontakt@kandora-radko.pl,+48 16 113 73 91,klient,Jeremi Klejna,2020-10-12,nieaktywny
1539,FPUH Szklarek-Szpyt Sp. z o.o. Sp.k. Spółka z o.o.,2662497532,604200736,PL,Oława,42-730,pl. Nałkowskiej 229,kontakt@fpuh.pl,+48 14 814 51 73,oba,Alan Dzikiewicz,2021-08-03,aktywny
1540,Spółdzielnia Jachimczyk Spółka z o.o.,4695674064,682773536,PL,Racibórz,13-416,aleja Rataja 917,kontakt@spółdzielnia.pl,+48 37 470 92 48,dostawca,Adam Fechner,2024-09-26,aktywny
1541,Bytner i syn s.c. Spółka z o.o.,3483483583,560591776,PL,Marki,07-372,plac Wyspiańskiego 744,kontakt@bytner.pl,+48 64 952 73 37,dostawca,pan Fryderyk Zaranek,2024-12-13,aktywny
1542,Dyszy-Buksa S.A. sp.k.,,334551455,PL,Będzin,57-895,al. Prusa 159,kontakt@dyszy-buksa.pl,+48 49 349 65 86,oba,Anita Klupś,2024-05-04,nieaktywny
1543,Kolanko-Bartoś i syn s.c. Sp. z o.o.,5045050922,671243180,PL,Łowicz,27-038,plac Baczyńskiego 80/33,kontakt@kolanko-bartoś.pl,+48 62 574 31 11,klient,Liwia Łosiewicz,2025-09-10,aktywny
1544,Grupa Bork i syn s.c. sp. z o.o.,9545038010,552807806,PL,Gliwice,89-206,ulica Narutowicza 87,kontakt@grupa.pl,+48 53 672 54 24,dostawca,Dagmara Gajdzik,2020-12-27,aktywny
1545,Gabinety Juras Sp. J.,0450281430,468741931,PL,Sopot,70-487,ulica Bema 62/51,kontakt@gabinety.pl,+48 19 242 69 86,dostawca,pani Sandra Ślebioda,2023-03-02,aktywny
1546,Fundacja Słyk S.A.,9531112357,718587449,PL,Żagań,28-949,plac Andersa 01/89,kontakt@fundacja.pl,+48 46 989 31 61,dostawca,Maurycy Ellwart,2022-08-18,nieaktywny
1547,Spółdzielnia Cherek Sp. z o.o. Sp.k. Spółka z o.o.,2866251086,490280860,PL,Kołobrzeg,64-090,pl. Kasprowicza 62/96,kontakt@spółdzielnia.pl,+48 39 641 34 80,oba,Fabian Dzierwa,2024-06-25,aktywny
1548,Dąbroś-Pituła S.A. Spółka z o.o.,1174555378,850049068,PL,Bochnia,78-590,plac Daszyńskiego 450,kontakt@dąbroś-pituła.pl,+48 64 238 70 33,oba,Piotr Cecot,2021-10-06,aktywny
1549,Dunal s.c. sp. z o.o.,,502171933,PL,Zgorzelec,44-492,ulica Szymanowskiego 52,kontakt@dunal.pl,+48 32 879 64 42,klient,Karol Dudkowiak,2022-07-04,aktywny
1550,Fundacja Nastały-Koźlak Sp. z o.o. Sp.k. Sp. z o.o.,8481876200,732600842,PL,Świdnica,22-667,plac Tuwima 88/49,kontakt@fundacja.pl,+48 65 684 39 20,oba,pan Borys Ciesiółka,2025-05-25,aktywny
1551,Stowarzyszenie Smolorz-Berek Sp.j. sp. z o.o.,0599822672,344345007,PL,Starachowice,82-728,al. Malczewskiego 28/19,kontakt@stowarzyszenie.pl,+48 33 878 37 45,klient,Kajetan Wawrzynek,2026-07-07,nieaktywny
1552,Rutowicz Sp.k. sp.k.,0485142028,496529993,PL,Śrem,60-749,ul. Wróblewskiego 48,kontakt@rutowicz.pl,+48 62 404 56 15,oba,Aniela Ostręga,2022-03-07,aktywny
1553,Szaruga Sp. z o.o. Sp. J.   ,3134275573,506515140,PL,Starachowice,97-595,al. Wyspiańskiego 143,kontakt@szaruga.pl,+48 34 720 88 18,klient,Sonia Pacholik,2024-04-09,aktywny
1554,Sznura-Ziemann s.c. Sp. z o.o.,4431834367,760391005,PL,Dąbrowa Górnicza,11-187,pl. Kossaka 38,kontakt@sznura-ziemann.pl,+48 39 914 20 14,oba,pani Anna Maria Początek,2022-04-26,aktywny
1555,Mijas S.A. sp.k.,7711506298,223149911,PL,Września,63-855,ul. Tuwima 900,kontakt@mijas.pl,+48 88 229 59 53,klient,Paweł Ślebioda,2025-08-17,aktywny
1556,PPUH Kałek Sp. z o.o. Sp.k. sp. z o.o.,8162910877,345444509,PL,Racibórz,19-574,al. Radosna 51,kontakt@ppuh.pl,+48 31 200 85 80,klient,pani Elżbieta Zagrajek,2025-01-04,aktywny
1557,FPUH Bałazy i syn s.c. Sp. z o.o.,2987707450,738722684,PL,Świecie,41-200,aleja Listopada 11/93,kontakt@fpuh.pl,+48 58 984 35 17,dostawca,Mateusz Pyszka,2023-08-19,aktywny
1558,Spółdzielnia Piotrkowicz-Sasak Sp.j. Sp. z o.o.,2026838783,758115488,PL,Zgierz,18-662,plac Sikorskiego 60,kontakt@spółdzielnia.pl,+48 38 862 49 91,dostawca,Liwia Skubis,2021-03-06,aktywny
1559,Gabinety Wołk-Liss s.c. Spółka z o.o.,9346754181,863412586,PL,Jawor,16-044,plac Słowackiego 43,kontakt@gabinety.pl,+48 41 907 64 79,oba,pan Ksawery Osiadacz,2021-08-21,aktywny
1560,FPUH Jezior sp. z o.o.,8272105131,362602020,PL,Police,64-211,al. Jarzębinowa 135,kontakt@fpuh.pl,+48 59 161 22 79,dostawca,Nicole Bryzek,2022-05-08,aktywny
1561,Wojtasiewicz-Drobny i syn s.c. Sp. z o.o.,3882532082,894818130,PL,Pruszcz Gdański,08-722,aleja Okulickiego 615,kontakt@wojtasiewicz-drobny.pl,+48 98 848 19 96,dostawca,Aniela Wałaszek,2026-06-04,aktywny
1562,Poniedziałek-Drwięga Sp. z o.o. Sp.k. Sp. J.,6360389173,363639060,PL,Kutno,49-246,al. Szarych Szeregów 55,kontakt@poniedziałek-drwięga.pl,+48 87 112 69 75,oba,Oskar Dorobisz,2023-12-29,aktywny
1563,Spółdzielnia Gros S.A.,7200052146,850276424,PL,Jarocin,79-044,pl. Makuszyńskiego 37/72,kontakt@spółdzielnia.pl,+48 17 585 11 68,klient,pan Maksymilian Rząca,2025-06-03,aktywny
1564,Fundacja Szajner-Cierpka Sp.j. sp.k.,5089512372,106893167,PL,Sieradz,01-352,aleja Partyzantów 16/44,kontakt@fundacja.pl,+48 21 883 24 84,klient,Klara Flaga,2023-07-12,aktywny
1565,Odrzywołek Sp. z o.o. Spółka z o.o.,5456972965,469492974,PL,Brodnica,90473,plac Mieszka I 46/40,kontakt@odrzywołek.pl,+48 60 942 24 86,klient,pani Blanka Walus,2025-08-23,aktywny
1566,PPUH Krzysiek-Samiec Sp.j. Sp. z o.o.,3771886262,358253884,PL,Gniezno,02-271,aleja Korczaka 62,kontakt@ppuh.pl,+48 62 209 27 61,dostawca,Błażej Zybura,2025-07-01,aktywny
1567,FPUH Pogorzelec Sp. z o.o.,,613063229,PL,Sanok,15-542,ul. Waryńskiego 309,kontakt@fpuh.pl,+48 16 269 27 37,oba,Aurelia Skomra,2023-10-18,aktywny
1568,Szram Sp.j. Sp. z o.o.,4466276333,100911043,PL,Piaseczno,34-712,pl. Szarych Szeregów 28,kontakt@szram.pl,+48 98 213 19 68,dostawca,Apolonia Uziębło,2021-08-23,aktywny
1569,Gabinety Kuryś sp. z o.o.,,671084899,PL,Polkowice,45-115,pl. Lelewela 872,kontakt@gabinety.pl,+48 37 525 43 71,klient,pan Olaf Merchel,2023-05-14,aktywny
1570,Szkoda-Soczewka Sp.j. S.A.,,691853451,PL,Zgorzelec,72-123,aleja Okrzei 03/43,kontakt@szkoda-soczewka.pl,+48 11 128 45 79,klient,Dorota Kołtuniak,2026-01-05,aktywny
1571,Elert-Moniuszko Sp.j. Sp. J.,3631592299,221992963,Poland,Zakopane,96-368,ul. Konarskiego 36,kontakt@elert-moniuszko.pl,+48 72 159 59 52,oba,Lidia Olearczyk,2023-01-22,aktywny
1572,Grymuza Sp. z o.o. Sp.k. Sp. z o.o.,406-291-18-75,282899975,PL,Rybnik,30-735,ulica Reymonta 386,kontakt@grymuza.pl,+48 76 260 45 71,klient,Daniel Roter,2026-05-17,aktywny
1573,Tylman-Marcińczyk Sp. z o.o. Sp.k. Sp. z o.o.,8984974998,581890704,PL,Łomża,22-994,aleja Boczna 23/19,kontakt@tylman-marcińczyk.pl,+48 51 265 27 23,dostawca,Maurycy Żybura,2021-12-13,aktywny
1574,Spółdzielnia Pych Sp. z o.o. Sp.k. sp.k.,6565818985,811793751,PL,Lubartów,36-068,ulica Pałacowa 94/19,kontakt@spółdzielnia.pl,+48 12 543 19 73,klient,Damian Pogorzelec,2024-01-27,aktywny
1575,Gabinety Szłapa sp. z o.o.,1631297553,581714224,PL,Zgorzelec,83-078,aleja Opolska 22,kontakt@gabinety.pl,+48 64 205 63 86,dostawca,Inga Nieborak,2025-02-28,aktywny
1576,Lampa Sp.k. sp.k.,8119389996,157500991,PL,Świebodzice,72-487,aleja Paderewskiego 63/22,kontakt@lampa.pl,+48 78 270 99 16,klient,pani Ida Potoczek,2022-11-18,aktywny
1577,Gabinety Klama Sp. z o.o.,7167532161,338159583,PL,Siedlce,38-015,plac Partyzantów 118,kontakt@gabinety.pl,+48 64 223 40 19,dostawca,Piotr Hennig,2026-06-20,aktywny
1578,Fundacja Matacz sp.k.,0049037293,483601936,PL,Nowa Sól,13-705,ul. Piaskowa 028,kontakt@fundacja.pl,+48 58 628 52 74,klient,Adrianna Milka,2024-05-22,aktywny
1579,Wołczyk-Warych i syn s.c. sp. z o.o.,9981274396,778731073,PL,Lublin,05-609,plac Żwirki i Wigury 219,kontakt@wołczyk-warych.pl,+48 29 429 53 23,dostawca,pani Anastazja Jarmuż,2023-08-12,aktywny
1580,Grupa Patora-Matraszek Sp.j. sp.k.,2581476218,979287700,PL,Chrzanów,78321,ulica Strażacka 325,kontakt@grupa.pl,+48 35 515 14 25,oba,Szymon Machowiak,2024-12-27,aktywny
1581,Spółdzielnia Zapora Sp.j. sp.k.,4541384534,200734184,PL,Bielsko-Biała,25-771,aleja Grunwaldzka 11,kontakt@spółdzielnia.pl,+48 60 322 16 87,klient,Rozalia Dywan,2020-08-27,nieaktywny
1582,PPUH Saternus Sp.k. S.A.,9685909640,489083732,PL,Kraśnik,61 906,aleja Pałacowa 21,kontakt@ppuh.pl,+48 28 744 45 14,oba,Iwo Klatka,2022-07-13,aktywny
1583,FPUH Wielgos S.A.,,321401007,PL,Elbląg,64-114,ul. Nałkowskiej 70,kontakt@fpuh.pl ,+48 90 581 34 64,dostawca,pan Marcin Dreszer,2020-11-17,aktywny
1584,Grupa Dzierżak i syn s.c. sp. z o.o.,1734024223,794001564,PL,Suwałki,98-309,plac Kilińskiego 216,kontakt@grupa.pl,+48 45 196 98 88,oba,Julian Czupryn,2023-02-18,aktywny
1585,Kozłowicz-Koczara Sp. z o.o. Sp.k. Sp. z o.o.,6323654014,684414201,PL,Polkowice,11-146,pl. Drzymały 477,kontakt@kozłowicz-koczara.pl,+48 94 909 49 47,dostawca,Albert Dybał,2022-06-11,aktywny
1586,Majorek Sp.k. sp.k.,4202435097,430337034,PL,Piotrków Trybunalski,54-657,pl. Krasickiego 32,kontakt@majorek.pl,+48 63 459 99 21,klient,pan Maciej Narożna,2026-05-01,aktywny
1587,PPUH Czermak Sp. z o.o. Sp.k. Sp. z o.o.,5640994147,631494466,PL,Kościan,72025,pl. Broniewskiego 598,kontakt@ppuh.pl,+48 35 735 79 89,oba,pani Ada Janowiak,2021-04-15,nieaktywny
1588,Łuc-Majak s.c. S.A.,0542451905,646073815,PL,Bielsk Podlaski,15-328,ul. Reja 864,kontakt@łuc-majak.pl,+48 60 980 19 95,klient,Juliusz Wojewódka,2020-11-11,aktywny
1589,FUNDACJA MIĄSKO-KUBACZYK S.C. SPÓŁKA Z O.O.,6594299200,780938413,PL,Wałcz,54-130,aleja Kraszewskiego 08,kontakt@fundacja.pl,+48 41 591 58 58,dostawca,Fabian Sterna,2025-04-22,aktywny
1590,Grupa Łusiak sp. z o.o.,1183909344,236168242,PL,Goleniów,30-449,pl. Szarych Szeregów 90,kontakt@grupa.pl,+48 94 746 29 47,klient,pan Fabian Piekara,2024-10-20,aktywny
1591,Spółdzielnia Szczudło-Pawliczak Sp. z o.o. Sp.k. sp. z o.o.,8346334886,749085442,PL,Gdynia,07-414,ul. Żwirki i Wigury 23/53,kontakt@spółdzielnia.pl,+48 41 363 36 70,dostawca,Rozalia Paściak,2021-09-15,nieaktywny
1592,Fundacja Szlufik-Szkopek Sp. z o.o. Sp. J.,8669408658,971808980,PL,Cieszyn,21-121,aleja Krasickiego 622,kontakt@fundacja.pl,+48 33 391 41 81,klient,Alan Perka,2024-11-10,nieaktywny
1593,Glanc-Bender Sp.k. sp. z o.o.,8550743503,720212314,PL,Oleśnica,88-962,pl. Korfantego 55,kontakt@glanc-bender.pl,+48 31 877 81 91,oba,Nikodem Koniec,2024-09-28,aktywny
1594,Borczyk-Surdyk Sp. z o.o. S.A.,0396964533,446513598,PL,Poznań,71-532,ul. Robotnicza 67/39,kontakt@borczyk-surdyk.pl,+48 71 514 52 15,dostawca,Jan Goral,2025-09-10,aktywny
1595,PPUH Sot-Ulrych i syn s.c. sp.k.,8300995422,691072065,pl,Mława,12-125,plac Niepodległości 09,kontakt@ppuh.pl,+48 38 381 46 88,oba,Ernest Adamiuk,2025-01-24,aktywny
1596,Kajstura-Dubel S.A. sp.k.,6679899473,117610561,PL,Wągrowiec,64207,al. Swierkowa 085,kontakt@kajstura-dubel.pl,+48 24 568 99 92,klient,Inga Kwapis,2025-06-01,aktywny
1597,Seweryniak i syn s.c. Sp. z o.o.,4971103845,954824896,POL,Żywiec,55-492,plac Asnyka 00,kontakt@seweryniak.pl,+48 24 444 60 71,dostawca,Borys Lubera,2025-04-03,aktywny
1598,Grupa Kolman Sp. z o.o. Spółka z o.o.,0518860161,627631129,PL,Wieluń,32-976,ul. Strażacka 15/19,kontakt@grupa.pl,+48 44 676 97 33,klient,pani Lidia Dawiec,2023-09-29,aktywny
1599,Dering-Witka i syn s.c. Spółka z o.o.,9698504508,793329066,PL,Piekary Śląskie,20-997,ulica Strzelecka 01/53,kontakt@dering-witka.pl,+48 63 518 83 39,dostawca,pani Róża Ziółko,2024-05-28,aktywny
1600,GRUPA GRZEBYK SP. Z O.O. SP.K. SP. Z O.O.,5714025032,678658039,PL,Dębica,74-622,al. Bema 46/67,kontakt@grupa.pl,+48 73 538 32 58,dostawca,Mikołaj Armata,2026-04-29,nieaktywny
1601,Galica S.A. Sp. z o.o.,6384936801,820666725,PL,Żory,83-739,ulica Morcinka 82,kontakt@galica.pl,+48 36 430 75 54,klient,Borys Korab,2020-10-08,aktywny
1602,PPUH Łabaj Sp. z o.o. Sp.k. Sp. z o.o.,012-789-69-53,190257839,PL,Warszawa,20-985,ul. Dębowa 58/17,kontakt@ppuh.pl,+48 11 877 47 92,oba,Arkadiusz Nabiałek,2024-09-10,aktywny
1603,Spółdzielnia Garbacik Sp. z o.o. Sp.k. Sp. J.,7758670363,451701882,PL,Marki,25-422,plac Wyszyńskiego 700,kontakt@spółdzielnia,+48 29 152 34 64,klient,Dawid Jarosik,2023-05-28,aktywny
1604,  Grupa Maciuk-Kmak S.A. Spółka z o.o.,3946896331,212690923,PL,Zgorzelec,90-340,ulica Piwna 25,kontakt@grupa.pl,+48 97 254 35 38,dostawca,pani Marcelina Wałaszek,2025-06-28,aktywny
1605,Grupa Garczyk Sp. z o.o. Sp. z o.o.,7073174459,594977891,PL,Toruń,60-617,ulica Słowackiego 660,kontakt@grupa.pl,+48 65 277 96 62,klient,Karol Radko,2024-11-28,aktywny
1606,Spółdzielnia Dzidek-Wawrzynek Sp.j. S.A.,7850898971,973722326,PL,Bielsko-Biała,04-092,pl. Orzeszkowej 96,kontakt@spółdzielnia.pl,+48 44 902 73 57,oba,Nataniel Siemieniec,2023-08-13,aktywny
1607,Rzońca-Rompa Sp. z o.o. Sp.k. Sp. J.,3485295377,905203911,PL,Nowy Targ,92-384,aleja Truskawkowa 534,kontakt@rzońca-rompa.pl,+48 43 999 13 40,dostawca,Fryderyk Ragus,2024-12-03,aktywny
1608,Krysta Sp. z o.o. Sp.k. sp.k.,7404207679,480847085,PL,Wyszków,23-916,aleja Korczaka 46,kontakt@krysta.pl,+48 50 711 66 54,klient,Dominik Dankiewicz,2023-11-25,aktywny
1609,Gołoś S.A. Spółka z o.o.,7330990009,713080143,PL,Kraków,47-512,pl. Konarskiego 724,kontakt@gołoś.pl,+48 15 915 62 57,dostawca,Nataniel Duniec,2024-07-24,aktywny
1610,Grupa Waszczyk Sp.j. sp. z o.o.,3445385654,364142429,PL,Nowy Targ,22-168,plac Miłosza 27/26,kontakt@grupa.pl,+48 34 305 96 26,dostawca,pan Juliusz Kołaczyk,2025-05-18,nieaktywny
1611,FPUH Kowalówka Sp.j. Sp. J.,0047091101,889857674,PL,Starogard Gdański,90802,ul. Miodowa 197,kontakt@fpuh.pl,+48 50 698 95 56,dostawca,Inga Buszkiewicz,2021-06-06,aktywny
1612,Gabinety Wiercigroch-Kostek i syn s.c. Sp. J.,9899651185,209309403,PL,Brodnica,38-485,ul. Tęczowa 03/50,kontakt@gabinety.pl,+48 75 320 67 45,dostawca,Klara Pilipczuk,2025-05-04,aktywny
1613,Stowarzyszenie Gustaw-Pera Sp.j. Sp. J.,4776186877,818257671,PL,Biała Podlaska,19-129,aleja Korfantego 340,kontakt@stowarzyszenie.pl,+48 46 837 69 84,dostawca,Sandra Kubaczyk,2025-01-15,aktywny
1614,PPUH Kolanek Sp. z o.o. S.A.,8290525659,744673400,PL,Legnica,12-345,pl. Makuszyńskiego 952,kontakt@ppuh.pl,+48 13 639 92 89,klient,pani Ewelina Martyn,2023-08-28,aktywny
1615,Stosik-Fierek Sp.k. Sp. J.,3302927646,118628435,PL,Szczytno,36-821,plac Maczka 19,kontakt@stosik-fierek.pl,+48 46 958 71 97,klient,pan Jeremi Galica,2025-04-17,aktywny
1616,Materka S.A. sp. z o.o.,1405131863,503830476,PL,Malbork,32-003,pl. Matejki 359,kontakt@materka.pl,+48 50 596 49 67,klient,Nela Tomalik,2022-12-13,aktywny
1617,Gabinety Soliwoda-Gałach Sp. z o.o. Sp. z o.o.,4785247443,988643566,PL,Police,67-284,al. Szymanowskiego 66,kontakt@gabinety.pl,+48 11 292 51 87,dostawca,Kacper Stawowczyk,2023-09-21,aktywny
1618,Łudzik Sp. z o.o. Sp. J.,2387351861,544120877,PL,Gdynia,24-094,aleja Wyzwolenia 41,kontakt@łudzik.pl,+48 74 590 48 22,klient,Witold Ciuruś,2021-07-27,nieaktywny
1619,Szynkiewicz Sp.k. Spółka z o.o.,1830258538,387264315,PL,Piaseczno,07-319,al. Stycznia 72,kontakt@szynkiewicz.pl,+48 51 647 20 54,klient,Dorota Majewicz,2026-06-21,aktywny
1620,Franczuk S.A. Spółka z o.o.,2178955997,162154450,PL,Jaworzno,08-716,ulica Hallera 899,kontakt@franczuk.pl,+48 97 912 19 31,oba,Maksymilian Siemieniec,2024-10-06,aktywny
1621,Grupa Kunc sp.k.,1675923835,204261278,PL,Ostrowiec Świętokrzyski,39-942,ul. Wczasowa 71,kontakt@grupa.pl,+48 50 645 83 21,oba,pan Michał Staniewicz,2021-01-07,aktywny
1622,Piekart Sp.k. sp. z o.o.,8146342929,434746255,PL,Polkowice,50-906,aleja Długosza 90/84,kontakt@piekart.pl,+48 24 805 87 57,oba,Elżbieta Skolik,2025-10-02,aktywny
1623,Gabinety Śledzik sp. z o.o.,091-218-52-71,307438285,PL,Żary,68-337,plac Daszyńskiego 13,kontakt@gabinety.pl,+48 22 189 47 61,klient,pan Kamil Rogal,2022-10-06,aktywny
1624,Spółdzielnia Wiewiórka-Murach Sp. z o.o. Spółka z o.o.,5530153033,163228418,PL,Kwidzyn,22-572,al. Gałczyńskiego 07/27,kontakt@spółdzielnia.pl,+48 48 110 67 66,oba,Olaf Zapiór,2021-07-18,aktywny
1625,  Dubis Sp. z o.o. Sp. z o.o.,7663454183,896697612,PL,Chojnice,04-566,pl. Sawickiej 72/23,kontakt@dubis.pl,+48 87 705 22 28,dostawca,Iwo Grodek,2023-07-21,aktywny
1626,Gabinety Pizoń s.c. Sp. z o.o.,6419106168,787964107,PL,Piła,63-347,ulica Jana III Sobieskiego 810,kontakt@gabinety.pl,+48 99 730 21 12,klient,Stefan Nieścior,2026-06-18,aktywny
1627,Piekacz Sp.k. sp. z o.o.,4216826821,263149661,PL,Jawor,71-376,plac Korfantego 00/24,kontakt@piekacz.pl,+48 92 930 73 55,oba,Eryk Machowiak,2025-01-25,aktywny
1628,Matus-Westfal Sp.j. S.A.,9962083472,715184498,PL,Siedlce,21-994,aleja Spokojna 968,kontakt@matus-westfal.pl,+48 11 111 54 82,klient,pani Agnieszka Gryta,2022-02-12,aktywny
1629,Grupa Kiwior i syn s.c. Sp. J.,5722870322,256516400,PL,Mińsk Mazowiecki,88-700,plac Świerczewskiego 13/95,kontakt@grupa.pl,+48 16 760 94 69,dostawca,Dawid Przewoźniak,2024-05-14,aktywny
1630,Miętka Sp. z o.o. Sp. J.,2438712956,194889047,PL,Sieradz,39-844,aleja Kopernika 70,kontakt@miętka.pl,+48 53 290 15 52,oba,Konrad Nagel,2026-04-19,nieaktywny
1631,Drewnik Sp.k. Sp. J.,0286060486,130794826,PL,Dzierżoniów,99-265,aleja Solidarności 19,kontakt@drewnik.pl,+48 34 368 11 63,dostawca,Aurelia Czerepak,2023-12-05,nieaktywny
1632,PPUH Nesterowicz Spółka z o.o.,7695090413,781358254,PL,Ełk,65-068,ulica Maja 169,kontakt@ppuh.pl,+48 66 501 98 43,klient,Bartek Klatka,2020-12-14,aktywny
1633,Karwot-Chaber Sp. z o.o. S.A.,5562388785,646168564,PL,Krosno,10-387,al. Bałtycka 463,kontakt@karwot-chaber.pl ,+48 59 455 64 99,oba,Kornel Warchał,2023-03-23,aktywny
1634,PPUH Stefanik S.A.   ,0622901138,697013957,PL,Ruda Śląska,01-334,ulica Szeroka 642,kontakt@ppuh.pl,+48 12 386 71 85,dostawca,pan Stanisław Kuryś,2025-07-28,nieaktywny
1635,Spółdzielnia Zaborek Sp. z o.o. Sp.k. Sp. z o.o.,9903803515,915966459,PL,Ostrołęka,96-784,ulica Zapolskiej 77,kontakt@spółdzielnia.pl ,+48 77 700 51 41,oba,pani Kaja Piwek,2022-06-13,nieaktywny
1636,Stowarzyszenie Duc-Zbroszczyk Sp.j. sp.k.,4419147901,488358749,PL,Cieszyn,13-350,plac Armii Krajowej 097,kontakt@stowarzyszenie.pl,+48 50 551 26 81,klient,Olaf Blank,2024-07-30,nieaktywny
1637,Grupa Poleszak Sp. z o.o. Sp.k. Sp. J.,708-488-68-67,996266423,PL,Ełk,56-777,pl. Maczka 677,kontakt@grupa.pl,+48 59 805 94 29,oba,Piotr Gabara,2022-06-06,aktywny
1638,Kiełbik Sp. z o.o. Sp. J.,8228280181,334434121,PL,Szczecin,59-209,aleja Jasna 647,kontakt@kiełbik.pl,+48 42 482 36 15,dostawca,Karina Kopała,2026-04-11,aktywny
1639,Kieszek Sp. z o.o. S.A.,8467678099,528663149,PL,Wołomin,41-315,ulica Sawickiej 74,kontakt@kieszek.pl,+48 52 920 80 38,dostawca,Emil Rubin,2023-07-29,aktywny
1640,FPUH DZIUDA SP.K.,5975213531,187145898,pl,Świecie,24-393,ulica Cisowa 468,kontakt@fpuh.pl,+48 52 452 97 52,oba,Tymon Nurkiewicz,2022-05-03,nieaktywny
1641,Spółdzielnia Hawro s.c. Sp. J.,9748741140,665393090,PL,Będzin,06-460,al. Dworska 07,kontakt@spółdzielnia.pl,+48 98 260 64 66,dostawca,Gabriel Stanaszek,2021-11-27,aktywny
1642,Grupa Magryta i syn s.c. Sp. J.,1997645342,758341765,PL,Kluczbork,27-966,plac Konarskiego 67/62,kontakt@grupa.pl,+48 56 906 50 19,dostawca,pani Sara Odrzywołek,2025-06-12,aktywny
1643,Fundacja Stefankiewicz-Krępa i syn s.c. Sp. z o.o.,9678963006,707442086,POL,Chrzanów,78-054,ul. Wrocławska 86/93,kontakt@fundacja.pl,+48 55 854 74 33,klient,Adam Tadla,2021-10-17,aktywny
1644,Gabinety Kościołek sp. z o.o.,0159722423,235562803,PL,Środa Wielkopolska,31-266,aleja Parkowa 89/27,kontakt@gabinety.pl,+48 80 910 37 49,oba,Aurelia Downar,2022-06-08,aktywny
1645,Job s.c. S.A.,8098460185,136062760,PL,Jarosław,55-975,plac Krasickiego 56,kontakt@job.pl,+48 12 912 36 35,dostawca,pan Leonard Kuk,2020-08-12,aktywny
1646,PPUH Sowała-Szramka Sp.j. Spółka z o.o.,3735866712,471429372,PL,Lubliniec,44-353,plac Świerczewskiego 90,kontakt@ppuh.pl,+48 44 379 63 12,dostawca,Anna Maria Kuliberda,2023-04-22,aktywny
1647,Szylar-Troć Sp.j. S.A.,0967462725,151623165,PL,Ostrowiec Świętokrzyski,52-768,aleja Konarskiego 20,kontakt@szylar-troć.pl,+48 37 504 99 48,oba,Tymoteusz Apostel,2021-04-06,aktywny
1648,Saczuk-Małota Sp. z o.o. Sp. J.,,283301143,Poland,Lubartów,10-856,al. Rataja 917,kontakt@saczuk-małota.pl,+48 56 428 93 94,klient,Kaja Kamela,2023-04-26,nieaktywny
1649,Bidas Sp. z o.o. Sp.k. Sp. J.,7755821264,295842993,PL,Słupsk,79905,al. Prusa 486,kontakt@bidas.pl,+48 44 322 87 57,dostawca,Filip Zadora,2025-11-30,aktywny
1650,Hanc-Policht Sp.j. Spółka z o.o.,4607890757,188246628,PL,Augustów,02-213,ul. Kilińskiego 26,kontakt@hanc-policht.pl,+48 88 616 18 68,dostawca,Patryk Kieca,2024-10-04,aktywny
1651,Spółdzielnia Chwedczuk sp. z o.o.,944-149-25-34,821752427,PL,Otwock,35-508,ulica Zaułek 01/77,kontakt@spółdzielnia.pl,+48 65 382 89 79,klient,Przemysław Hutyra,2026-05-22,aktywny
1652,Żuchowicz S.A. sp. z o.o.,6590705548,878767968,PL,Mikołów,06-910,plac Kościuszki 933,kontakt@żuchowicz.pl,+48 94 912 36 91,dostawca,Klara Wawrzyk,2023-01-20,nieaktywny
1653,Spółdzielnia Pokrzywa Sp. z o.o. Sp.k. S.A.,8771569222,879454950,PL,Dębica,74-230,aleja Tęczowa 47/63,kontakt@spółdzielnia.pl,+48 85 372 88 16,dostawca,Rozalia Olko,2025-02-05,nieaktywny
1654,Grupa Szczepan-Kaliciak i syn s.c. Sp. J.,341-535-97-70,234206305,PL,Świętochłowice,34-063,aleja Popiełuszki 98/51,kontakt@grupa.pl,+48 95 148 24 25,dostawca,Artur Jonczyk,2023-05-22,aktywny
1655,FPUH Tylka i syn s.c. sp. z o.o.,4943148729,285702339,PL,Brzeg,24-554,ulica Okrężna 350,kontakt@fpuh.pl,+48 57 579 74 53,dostawca,Sylwia Leoniuk,2023-05-31,aktywny
1656,Grupa Stochmal i syn s.c. Spółka z o.o.,4741685571,329777179,PL,Nowa Sól,92-430,al. Jeżynowa 72,kontakt@grupa.pl,+48 30 343 28 78,dostawca,Maurycy Fronczek,2024-09-27,aktywny
1657,Fundacja Zygmuntowicz-Ksel Sp.k. Sp. z o.o.,9579475812,801820321,PL,Gorlice,76-383,aleja Polna 86/40,kontakt@fundacja.pl,+48 62 145 29 77,dostawca,Anastazja Penkala,2021-11-16,aktywny
1658,Gabinety Zgoła Sp. z o.o. S.A.,233-470-40-73,209266104,PL,Nowy Sącz,06-559,ulica Grunwaldzka 02/21,kontakt@gabinety.pl,+48 62 926 85 66,oba,pani Gaja Lemke,2021-08-20,aktywny
1659,Grupa Aleksander-Wolan s.c. S.A.,9734185597,465121230,PL,Ząbki,05-599,ulica Witosa 333,kontakt@grupa.pl,+48 77 829 37 73,dostawca,Jan Szczechowicz,2024-09-27,aktywny
1660,Jewuła-Rohde Sp. z o.o. S.A.,0170396103,183572632,PL,Grudziądz,48-928,pl. Władysława Jagiełły 19,kontakt@jewuła-rohde.pl ,+48 55 730 96 13,oba,Natan Kozdra,2020-12-31,aktywny
1661,Gabinety Iciek S.A.,0679490781,564367736,PL,Pszczyna,05-232,al. Radosna 33/32,kontakt@gabinety.pl,+48 78 420 50 97,klient,Witold Nieszporek,2025-01-07,nieaktywny
1662,Giel-Prostak S.A. sp. z o.o.   ,3536735580,738174536,PL,Kraków,69-028,plac Sikorskiego 44,kontakt@giel-prostak.pl,+48 16 600 17 68,klient,Miłosz Chuchla,2022-01-18,aktywny
1663,Grupa Kuska-Wyciszkiewicz Sp. z o.o. Sp.k. sp. z o.o.,4133513901,179897839,PL,Ostrów Mazowiecka,77-403,plac Słowackiego 23,kontakt@grupa.pl,+48 35 148 87 69,dostawca,pan Oskar Buczko,2022-05-29,aktywny
1664,Fundacja Fiołka s.c. Spółka z o.o.,9366357968,574195992,PL,Rumia,36-164,ulica Azaliowa 94,kontakt@fundacja.pl,+48 99 374 76 12,klient,Sylwia Łukowiak,2020-09-06,aktywny
1665,Stowarzyszenie Czerniec i syn s.c. S.A.,3565826084,286945194,PL,Tychy,76-136,aleja Jana III Sobieskiego 31,kontakt@stowarzyszenie.pl,+48 34 785 63 40,oba,pan Oliwier Piechna,2025-11-02,aktywny
1666,Spółdzielnia Sypek i syn s.c. Spółka z o.o.,1288669111,969997027,PL,Tarnowskie Góry,61-327,aleja Paderewskiego 120,kontakt@spółdzielnia.pl,+48 97 231 35 31,klient,Ignacy Zagozda,2023-07-08,aktywny
1667,Januszko-Kondej s.c. sp. z o.o.,5261197895,965466781,PL,Luboń,21-676,pl. Krasickiego 40,kontakt@januszko-kondej.pl,+48 53 929 89 49,dostawca,Leon Kuciak,2024-02-17,aktywny
1668,Siedlaczek Sp. z o.o. Sp.k. Spółka z o.o.,4653255440,182045603,PL,Szczytno,30-881,plac Maja 143,kontakt@siedlaczek.pl,+48 77 199 98 78,oba,Oskar Uroda,2024-05-26,aktywny
1669,Długajczyk S.A. S.A.,7380520381,986405524,PL,Bielsk Podlaski,07-530,al. Narcyzowa 24/79,kontakt@długajczyk.pl,+48 99 707 37 66,oba,Mariusz Przybyś,2025-05-14,aktywny
1670,Gabinety Opioła Sp. z o.o.,847-146-22-01,179994634,PL,Grudziądz,12-514,ul. Powstańców 581,kontakt@gabinety.pl,+48 95 634 41 35,klient,Jan Ficner,2024-03-09,aktywny
1671,Fundacja Tabiś-Podsiadła Sp.j. Sp. z o.o.,1127283607,310018609,PL,Brzeg,82-392,ul. Staszica 29,kontakt@fundacja.pl,+48 76 593 60 47,dostawca,Maks Ciesielczyk,2025-12-21,aktywny
1672,Gabinety Szpyt sp.k.,,255028146,PL,Sosnowiec,22-349,al. Mazurska 085,kontakt.gabinety.pl,+48 11 594 63 93,dostawca,pani Aurelia Macheta,2021-04-18,aktywny
1673,Borkowicz-Salawa Sp.k. sp. z o.o.,1720488869,702276993,PL,Oświęcim,91-813,ul. Widok 08,kontakt@borkowicz-salawa.pl,+48 95 406 23 74,dostawca,Ewa Pastuszek,2023-01-19,aktywny
1674,Machul-Prokopiak i syn s.c. Sp. J.,2645649672,420523334,PL,Nowy Sącz,47-313,aleja Konstytucji 3 Maja 196,kontakt@machul-prokopiak.pl,+48 86 727 20 61,klient,Dagmara Miśkowiec,2024-03-06,aktywny
1675,Frycz-Łabuś Sp. z o.o. Sp.k. Sp. J.,3906490976,792749155,PL,Łódź,97-109,ul. Pułaskiego 62/47,kontakt@frycz-łabuś.pl ,+48 40 405 26 53,oba,Bianka Małys,2021-11-03,aktywny
1676,Kuczak-Parkitna Sp. z o.o. Sp.k. sp.k.,7018158912,301679006,PL,Piotrków Trybunalski,83-014,ulica Poziomkowa 41,kontakt@kuczak-parkitna.pl,+48 80 245 84 60,dostawca,Nicole Witka,2020-09-05,aktywny
1677,Ziajka-Chmara i syn s.c. sp. z o.o.,1531936255,284546479,PL,Wrocław,78-720,pl. Żwirki i Wigury 70,kontakt@ziajka-chmara.pl,+48 11 243 32 24,dostawca,Kalina Frelich,2020-11-02,aktywny
1678,Linke i syn s.c. sp.k.,7548029336,929683109,PL,Puławy,07986,al. Świerczewskiego 21,kontakt@linke.pl,+48 80 336 74 48,klient,pan Kazimierz Kotlarek,2021-06-26,aktywny
1679,Ochał S.A. Spółka z o.o.,7351745462,716231329,PL,Turek,10052,pl. Słowicza 35,kontakt@ochał.pl,+48 99 822 54 25,klient,Julita Fogt,2022-05-21,aktywny
1680,Hulbój-Abramczuk Sp. z o.o. Sp.k. Spółka z o.o.,0128331957,494754030,PL,Malbork,12-089,ul. Kraszewskiego 06,kontakt@hulbój-abramczuk.pl,+48 83 692 11 38,dostawca,Liwia Szymajda,2025-08-24,aktywny
1681,Fundacja Krzyśków Sp. z o.o. S.A.,1703056877,161186030,PL,Ostrołęka,52-288,ul. Piwna 76,kontakt@fundacja.pl,+48 20 232 42 99,dostawca,Kamila Hornik,2020-08-11,aktywny
1682,Chadaj-Matacz Sp.k. S.A.,6841876774,816434001,PL,Skierniewice,02-016,al. Matejki 234,kontakt@chadaj-matacz.pl,+48 18 109 59 45,klient,Tomasz Folga,2024-01-14,aktywny
1683,FPUH Pachla i syn s.c. Sp. J.,973-173-03-38,290102849,POL,Suwałki,87-114,ulica Ściegiennego 109,kontakt@fpuh.pl,+48 85 910 63 67,dostawca,Ryszard Kamieniak,2026-03-01,nieaktywny
1684,Nazarewicz Sp. z o.o. Sp.k. Spółka z o.o.,4731815606,466044145,PL,Chorzów,26-733,aleja Wałowa 413,kontakt@nazarewicz.pl,+48 31 595 16 68,oba,pan Jerzy Moniuszko,2024-08-05,aktywny
1685,PPUH Mikita Sp.j. Sp. J.,4761110796,607511022,PL,Szczecinek,97-033,ul. Dworska 42/90,kontakt@ppuh.pl,+48 50 560 56 47,oba,Marianna Krzeszowiec,2024-06-30,aktywny
1686,Wojtczuk Sp. z o.o. Sp.k. S.A.,2897226936,417874061,PL,Puławy,13-524,al. Listopada 79,kontakt@wojtczuk.pl,+48 45 796 13 36,oba,Tymoteusz Wijata,2020-09-03,aktywny
1687,Saternus-Oleśkiewicz S.A. Spółka z o.o.,6856066998,295417054,Polska,Świdnica,72-225,al. Turystyczna 172,kontakt@saternus-oleśkiewicz.pl,+48 19 323 76 26,dostawca,Cezary Łapaj,2025-11-25,aktywny
1688,Gabinety Giezek i syn s.c. S.A.,7779570394,706665007,PL,Piła,65-844,al. Podmiejska 02/54,kontakt@gabinety.pl,+48 29 485 38 73,dostawca,pani Ada Penar,2022-08-14,nieaktywny
1689,Downar-Stożek s.c. S.A.,1107351286,741103254,PL,Białystok,36-705,ul. Jeziorna 64/10,kontakt@downar-stożek.pl,+48 33 291 94 14,dostawca,Gaja Matraszek,2022-06-10,aktywny
1690,Furga-Tomalik Sp. z o.o. Sp.k. sp. z o.o.,333-023-99-35,370831157,PL,Gorlice,41-494,pl. Partyzantów 64,kontakt@furga-tomalik.pl,+48 59 123 61 13,dostawca,Kazimierz Wyciszkiewicz,2023-06-17,aktywny
1691,PPUH Oleszko-Prokurat i syn s.c. Sp. J.,0695235782,520678942,PL,Lublin,75-800,aleja Szymanowskiego 46,kontakt@ppuh.pl,+48 28 713 49 21,klient,Norbert Wołoszyk,2026-03-25,aktywny
1692,FPUH Sinkiewicz Sp. z o.o. Sp.k. S.A.,0064488545,670917179,PL,Siemianowice Śląskie,59-518,al. Tuwima 70,kontakt@fpuh.pl,+48 54 351 23 24,oba,Albert Kawula,2026-05-24,aktywny
1693,Gabinety Gosz-Gietka Sp.k. Spółka z o.o.,255-428-05-34,576812652,PL,Starogard Gdański,54-263,al. Krzywa 63/68,kontakt@gabinety.pl,+48 49 235 56 52,klient,Leonard Krzyśków,2025-12-08,aktywny
1694,FPUH Rej S.A.,8878602034,875356177,PL,Czechowice-Dziedzice,48-837,ul. Słowackiego 77,kontakt@fpuh.pl,+48 32 225 41 19,dostawca,Aurelia Gietka,2020-12-10,nieaktywny
1695,Godyń i syn s.c. Sp. z o.o.,9586639925,679762155,PL,Czechowice-Dziedzice,40-343,aleja Kielecka 043,kontakt@godyń.pl,+48 83 637 71 30,oba,pani Elżbieta Oleśkiewicz,2026-02-17,aktywny
1696,Grupa Ruchała Sp. z o.o. Sp. J.,142-495-62-92,977713238,PL,Głogów,91-254,al. Głogowa 83/30,kontakt@grupa.pl,+48 71 782 83 60,dostawca,Karina Jarka,2023-12-05,aktywny
1697,FPUH Hajdukiewicz Sp. z o.o. Sp. z o.o.,3328880707,120815706,PL,Zduńska Wola,61718,ulica Grabowa 26/67,kontakt@fpuh.pl,+48 21 818 15 32,oba,Maksymilian Pasich,2026-01-10,aktywny
1698,Młyńczyk s.c. Sp. J.,1202201759,419499873,PL,Jarosław,66-663,al. Mieszka I 85,kontakt@młyńczyk.pl,+48 45 168 60 45,oba,Tobiasz Gilewicz,2026-02-22,aktywny
1699,Dorobek-Fidos S.A. Sp. J.,1046627505,937431590,PL,Biała Podlaska,88-833,aleja Niepodległości 55,kontakt@dorobek-fidos.pl,+48 56 275 61 97,oba,Emil Zasępa,2025-07-29,aktywny
1700,Gajzler-Pikula Sp. z o.o. sp. z o.o.,0360785486,964372245,PL,Białogard,59-061,plac Jana 18/67,kontakt@gajzler-pikula.pl,+48 36 113 83 57,oba,Kalina Suszka,2026-02-03,aktywny
1701,Lenda-Pałęga Sp. z o.o. sp. z o.o.,8368060143,460318746,PL,Zambrów,09-412,ulica Fredry 99,kontakt@lenda-pałęga.pl,+48 87 257 39 27,dostawca,Apolonia Orawiec,2026-01-01,aktywny
1702,Grupa Beck-Mały i syn s.c. Sp. J.,8581970157,147550454,PL,Iława,21-503,ulica Piwna 53/37,kontakt@grupa.pl,+48 83 542 73 87,dostawca,Róża Wojniak,2022-01-15,aktywny
1703,Maraszek Sp.j. sp. z o.o.,5192018285,877198580,PL,Zgierz,79-269,aleja Waryńskiego 203,kontakt@maraszek.pl,+48 27 343 39 29,oba,Dawid Gabryelczyk,2025-08-09,aktywny
1704,Słyk-Miętus Sp.k. Spółka z o.o.,9379582911,469013930,Poland,Marki,77-709,ulica Rumiankowa 996,kontakt@słyk-miętus.pl,+48 52 930 25 19,dostawca,pan Rafał Wardzała,2022-12-04,aktywny
1705,Nurek-Gałaj Sp. z o.o. Sp.k. Sp. J.,7149207574,425025868,PL,Iława,57-195,aleja Harcerska 82/43,kontakt@nurek-gałaj.pl,+48 50 287 48 81,dostawca,Andrzej Manista,2023-03-25,aktywny
1706,Brachaczek S.A. sp. z o.o.,6259188311,290929805,Poland,Białogard,87-842,pl. Powstańców Wielkopolskich 81/67,kontakt@brachaczek.pl,+48 94 688 70 67,klient,Ernest Wojtaszak,2025-06-05,aktywny
1707,FPUH Kafel Sp.k. S.A.,9787296572,218452671,Poland,Siemianowice Śląskie,87-117,plac Wolności 492,kontakt@fpuh.pl,+48 62 870 49 38,oba,Kornel Iwańczyk,2021-01-15,aktywny
1708,Śliż-Borkowicz Sp. z o.o. sp.k.,903-480-42-42,605625357,PL,Płock,61-056,ul. Poniatowskiego 40/70,kontakt@śliż-borkowicz.pl ,+48 17 741 13 16,oba,Antoni Kręcichwost,2023-10-11,aktywny
1709,Grupa Wereda-Działa i syn s.c. Sp. z o.o.,657-376-24-20,535421160,PL,Kielce,59-164,ul. Łanowa 96,kontakt@grupa.pl,+48 99 897 98 27,klient,Gustaw Mazepa,2024-08-30,aktywny
1710,Gabinety Daraż sp. z o.o.,0369309149,991403502,PL,Świętochłowice,97 970,ulica Lazurowa 88,kontakt@gabinety.pl,+48 23 795 52 28,dostawca,pani Bianka Kazberuk,2023-04-09,aktywny
1711,FPUH Kucharz Sp. z o.o. Sp. J.,172-264-14-76,452465217,PL,Zabrze,54-553,aleja Reymonta 96/12,kontakt@fpuh.pl,+48 84 906 11 11,oba,pan Konrad Syroka,2021-04-18,aktywny
1712,Kozdrój Sp. z o.o. sp. z o.o.,9335984747,275646884,PL,Police,18-861,ulica Miła 026,kontakt@kozdrój.pl,+48 84 651 91 41,oba,Błażej Stoch,2024-03-07,aktywny
1713,Spółdzielnia Grygorowicz Sp. J.,2624736503,145855285,PL,Giżycko,49-646,pl. Skargi 587,kontakt@spółdzielnia.pl,+48 29 719 82 12,oba,Maksymilian Ciemięga,2020-12-25,aktywny
1714,Miętka Sp.k. Sp. J.   ,0647614429,584912652,PL,Pruszków,85-953,pl. Jadwigi 53,kontakt@miętka.pl,+48 42 962 51 50,dostawca,Gaja Wiatrak,2021-02-23,aktywny
1715,Grupa Herbut-Kutnik Sp.j. Spółka z o.o.,2316979204,888886023,PL,Radomsko,32-010,aleja Szarych Szeregów 603,kontakt@grupa.pl,+48 67 472 44 83,klient,Adrianna Borysewicz,2022-10-05,aktywny
1716,Jakimiak-Raszkiewicz S.A. sp. z o.o.,9690453929,949527899,PL,Dębica,41-137,pl. Mickiewicza 536,kontakt@jakimiak-raszkiewicz.pl,+48 33 625 70 81,oba,Nela Narożny,2023-01-20,aktywny
1717,Jaremek s.c. sp. z o.o.,3813307347,465487674,PL,Bolesławiec,48-798,plac Asnyka 488,kontakt@jaremek.pl,+48 91 958 96 36,klient,Ignacy Rząd,2022-08-02,nieaktywny
1718,Fundacja Kobak-Pyszka s.c. S.A.,4122474095,678460869,Polska,Krosno,36-962,pl. Poniatowskiego 32,kontakt@fundacja.pl,+48 35 831 68 30,klient,Marianna Dziewa,2023-04-09,aktywny
1719,Fundacja Białka Sp.j. Sp. z o.o.,0715558704,963258164,PL,Łowicz,80-994,al. Bema 12/59,kontakt@fundacja.pl,+48 92 815 16 44,klient,Nicole Łudzik,2022-04-07,nieaktywny
1720,Gabinety Wielgo Sp.k. Sp. J.,551-253-80-76,927527207,PL,Jelenia Góra,18-767,aleja Gajowa 86/22,kontakt@gabinety.pl,+48 86 193 41 54,klient,Sylwia Bojdo,2024-06-22,aktywny
1721,Godyń-Cylwik Sp.j. sp. z o.o.,4941971577,912232510,PL,Otwock,10-990,al. Pocztowa 56,kontakt@godyń-cylwik.pl,+48 56 608 25 60,dostawca,Julianna Wojtarowicz,2023-02-22,aktywny
1722,Gabinety Daniec-Hołota S.A. sp.k.,2463061625,179922336,PL,Stargard Szczeciński,42-770,al. Korfantego 887,kontakt@gabinety.pl,+48 66 343 50 26,klient,pan Norbert Wojnicz,2020-07-26,aktywny
1723,Gabinety Bajak Sp. z o.o.,5042059868,637917632,PL,Wrocław,39-125,aleja Krasińskiego 08,kontakt@gabinety.pl,+48 96 767 63 86,dostawca,Witold Armata,2025-09-21,nieaktywny
1724,Spółdzielnia Minkina Spółka z o.o.,3360809018,147385648,PL,Police,96-195,ul. Armii Krajowej 60,kontakt@spółdzielnia.pl,+48 47 883 63 22,klient,Jan Kubieniec,2022-12-26,aktywny
1725,Wojciech Sp. z o.o. Sp.k. S.A.,888-818-93-06,401772547,PL,Częstochowa,84-675,pl. Niepodległości 91,kontakt@wojciech.pl,+48 95 217 59 41,oba,Olaf Piotrkowicz,2026-06-04,aktywny
1726,Bąbol Sp. z o.o. Sp.k. sp.k.,7851856905,476365139,PL,Nowa Ruda,73-073,aleja Sikorskiego 38,kontakt@bąbol.pl,+48 95 705 58 52,dostawca,pan Igor Wyrwich,2022-05-10,aktywny
1727,  Fundacja Syroka-Muc s.c. sp. z o.o.,8007272088,220538092,PL,Września,70-446,pl. Lelewela 64/22,kontakt@fundacja.pl,+48 68 258 90 34,dostawca,Mateusz Achtelik,2022-12-03,aktywny
1728,FPUH Kolonko-Balik Sp. z o.o. Spółka z o.o.,,516105256,PL,Czechowice-Dziedzice,24-240,plac Rynek 76/69,kontakt@fpuh.pl,+48 44 677 14 65,dostawca,Robert Wojtanowicz,2026-06-19,aktywny
1729,Fundacja Szymanik-Pawełko i syn s.c. S.A.   ,4560595634,426063402,PL,Łaziska Górne,70-944,aleja Krokusowa 20/17,kontakt@fundacja.pl,+48 22 615 16 90,oba,pani Krystyna Minkiewicz,2025-06-24,aktywny
1730,PPUH Stasica Sp.j. sp. z o.o.,0025856536,357941156,PL,Tychy,68-441,al. Andersa 40,kontakt.ppuh.pl,+48 72 593 40 12,oba,Witold Faltyn,2022-10-20,aktywny
1731,FUNDACJA CIBOR S.A.,8719261544,687880005,PL,Opole,91-168,plac Kopernika 37/95,kontakt@fundacja.pl,+48 97 257 11 23,klient,Patryk Fikus,2023-07-03,aktywny
1732,Chowaniak Sp.j. sp. z o.o.,5455005499,133662562,PL,Brzeg,26-658,ulica Batalionów Chłopskich 036,kontakt@chowaniak.pl,+48 96 677 85 80,klient,Aurelia Stupak,2026-02-13,aktywny
1733,Hermanowicz-Pachla Sp.k. S.A.,3887246168,330376802,PL,Zawiercie,80-763,ul. Waryńskiego 87,kontakt@hermanowicz-pachla.pl,+48 36 917 46 41,oba,Nikodem Brzeźniak,2023-01-09,aktywny
1734,Warczak Sp. z o.o. Sp.k. Sp. z o.o.,0091435292,429867878,PL,Nowa Ruda,24-830,plac Tuwima 489,kontakt@warczak.pl,+48 13 603 98 45,klient,Jeremi Neugebauer,2025-06-19,nieaktywny
1735,Grupa Lada Sp.k. sp.k.,6546628976,844303913,PL,Nowy Targ,54-887,ulica Krasickiego 07,kontakt@grupa.pl,+48 56 202 76 87,dostawca,Kazimierz Jarczyk,2022-04-26,aktywny
1736,Grupa Bryczek-Wojtalewicz Sp.k. sp. z o.o.,7560022302,239199119,Polska,Lublin,89-571,plac Andersa 32/89,kontakt@grupa.pl,+48 47 139 57 58,oba,pani Róża Szyguła,2025-10-22,aktywny
1737,Spółdzielnia Kurzyna Sp. z o.o. Sp. z o.o.,2515890412,654676496,PL,Łowicz,10-572,plac Władysława Jagiełły 811,kontakt@spółdzielnia.pl,+48 75 112 53 18,dostawca,pani Agnieszka Gmur,2025-01-26,aktywny
1738,Fundacja Łachut-Zaraś S.A. Sp. J.,,415586556,PL,Łowicz,86-120,ul. Szewska 004,kontakt@fundacja.pl,+48 73 750 88 14,oba,Julianna Słobodzian,2024-11-02,aktywny
1739,Skrobot Sp. z o.o. Sp.k. S.A.,1527695845,425071171,PL,Legionowo,40-121,al. Listopada 98,kontakt@skrobot.pl,+48 30 115 28 30,dostawca,Kajetan Jaroszuk,2022-03-26,aktywny
1740,Grupa Furmankiewicz-Piątkiewicz s.c. sp.k.,6313737141,494053885,PL,Kołobrzeg,51-788,ulica Norwida 58/86,kontakt@grupa.pl,+48 39 175 24 78,klient,Michał Czerkies,2022-04-08,aktywny
1741,PPUH Dudkowiak Sp. z o.o. S.A.,9141939600,511495212,PL,Legnica,51-330,aleja Żeromskiego 469,kontakt@ppuh.pl,+48 14 370 68 21,oba,Gabriel Serzysko,2021-12-13,aktywny
1742,Żołna-Jakubiuk Sp.j. sp.k.,9256924768,701508999,PL,Włocławek,26-057,aleja Jadwigi 088,kontakt@żołna-jakubiuk.pl,+48 48 164 15 38,dostawca,Kornelia Fudalej,2021-06-09,aktywny
1743,Składanek Sp.k. sp. z o.o.,1811814057,192260036,PL,Łowicz,72-495,ulica Spacerowa 19/91,kontakt@składanek.pl,+48 31 422 91 24,dostawca,Borys Drozdowicz,2020-08-01,aktywny
1744,Bzymek Sp.k. S.A.,0856094069,586657745,PL,Kalisz,50-388,ulica Porzeczkowa 48/58,kontakt@bzymek.pl,+48 48 776 74 68,oba,Cyprian Parada,2022-12-11,aktywny
1745,Spółdzielnia Dadej Sp.k. sp. z o.o.,1456457221,591478089,PL,Opole,15-609,pl. Kościuszki 722,kontakt@spółdzielnia.pl,+48 95 583 86 44,klient,Jędrzej Twardosz,2025-08-29,aktywny
1746,Fundacja Gajcy-Słupek Sp.j. Sp. z o.o.,3374499987,582945002,POL,Sopot,35-373,pl. Traugutta 082,kontakt@fundacja.pl,+48 88 335 41 87,klient,Maksymilian Leśny,2023-02-14,aktywny
1747,Capała Sp.j. sp.k.,4126410608,340676403,PL,Piastów,10-843,al. Konarskiego 94,kontakt@capała.pl,+48 65 877 67 54,klient,Ada Grębowiec,2021-04-16,aktywny
1748,Fundacja Tyka i syn s.c. sp.k.,0576310106,673179940,PL,Sieradz,24-255,plac Stycznia 302,kontakt@fundacja.pl,+48 93 440 47 62,klient,Wojciech Kremer,2022-06-01,aktywny
1749,Stowarzyszenie Szybiak-Fijoł Sp. z o.o. Sp.k. S.A.,0640047482,529502856,PL,Wołomin,72-929,ul. Grzybowa 860,kontakt@stowarzyszenie.pl,+48 87 407 81 58,oba,pani Marika Gumieniak,2026-05-18,aktywny
1750,Pituła Sp.j. sp.k.,4817036101,157506641,Polska,Zamość,56-850,aleja Swierkowa 81,kontakt@pituła.pl,+48 70 104 19 66,dostawca,Cezary Żal,2023-01-17,aktywny
1751,  Elwart s.c. Spółka z o.o.,949-330-78-10,218807456,PL,Bochnia,16-012,ulica Waryńskiego 20,kontakt@elwart.pl,+48 67 209 83 64,klient,Antoni Widuch,2020-12-19,aktywny
1752,Spółdzielnia Karpeta Sp. z o.o.,2144415590,554057568,PL,Krotoszyn,34-348,ulica Maczka 597,kontakt@spółdzielnia.pl,+48 46 332 39 39,oba,pani Sandra Lizurej,2026-05-18,aktywny
1753,Jodko-Patyna Sp. z o.o. sp.k.,6552391706,978904410,PL,Brodnica,92-547,ul. Dolna 574,kontakt@jodko-patyna,+48 40 468 41 10,klient,pani Tola Leszczuk,2024-01-18,aktywny
1754,Spółdzielnia Szymonik-Rećko Sp. z o.o. Sp.k. sp.k.,9266536192,612843280,PL,Goleniów,72 986,al. Kosynierów 538,kontakt@spółdzielnia.pl,+48 41 206 68 37,oba,Marcel Kozdrój,2023-12-17,aktywny
1755,Kornak s.c. Sp. J.,2487238584,503851259,PL,Opole,92-562,al. Władysława Jagiełły 58/34,kontakt@kornak.pl,+48 95 349 89 29,dostawca,Kornel Hejna,2024-11-28,aktywny
1756,Spółdzielnia Maślach S.A. Sp. J.,1413493173,753863724,PL,Giżycko,88-380,ulica Batalionów Chłopskich 70/56,kontakt@spółdzielnia.pl,+48 67 134 65 10,dostawca,Bartek Kiljan,2024-08-21,aktywny
1757,Grupa Surdel Sp.j. Sp. z o.o.,7357921167,246294625,PL,Chorzów,40-555,ul. Podmiejska 47,kontakt@grupa.pl,+48 14 502 99 85,oba,Sandra Gołofit,2022-08-31,nieaktywny
1758,Strzała S.A. Spółka z o.o.,4646398977,116724094,PL,Skierniewice,09-375,al. Rynek 53,kontakt@strzała.pl,+48 48 778 90 92,dostawca,Krzysztof Krzyszczak,2024-08-08,aktywny
1759,Sosnówka-Mizia Sp.k. sp. z o.o.,9342718662,902475071,PL,Ruda Śląska,55-509,aleja Zaułek 58,kontakt@sosnówka-mizia.pl,+48 57 429 26 87,oba,pan Daniel Banachowicz,2021-03-04,aktywny
1760,Kurzyna-Pacyga Sp. z o.o. sp.k.,2600011013,978295327,PL,Ostrowiec Świętokrzyski,32-605,plac Kasprowicza 40/64,kontakt@kurzyna-pacyga.pl,+48 65 175 63 19,oba,pani Urszula Malcharek,2025-09-17,aktywny
1761,FPUH Celuch Spółka z o.o.,4981213009,822183660,PL,Śrem,07-327,pl. Sikorskiego 18/98,kontakt@fpuh.pl,+48 94 882 34 77,dostawca,Justyna Bender,2024-10-07,aktywny
1762,Gabinety Czenczek sp.k.,0867233104,383141489,PL,Zduńska Wola,75-220,al. Lipca 83,kontakt@gabinety.pl,+48 78 227 73 96,dostawca,Kazimierz Feliniak,2023-04-22,aktywny
1763,Fundacja Gorgol-Strama Sp.k. S.A.,556-192-21-88,687283460,PL,Bielawa,59-406,ul. Kołłątaja 70/23,kontakt@fundacja.pl,+48 28 121 62 37,klient,pan Dariusz Watras,2026-06-17,aktywny
1764,Stowarzyszenie Bieleń-Liss Sp. z o.o. S.A.,4176130236,543949290,PL,Nowy Dwór Mazowiecki,13-578,ulica Rynek 56/73,kontakt@stowarzyszenie.pl,+48 25 806 90 65,oba,Rafał Nieradzik,2023-03-27,aktywny
1765,Pacholczak-Stochaj s.c. sp. z o.o.,5991676409,998293645,PL,Sandomierz,62-218,pl. Staszica 64/40,kontakt@pacholczak-stochaj.pl,+48 29 330 83 95,klient,Melania Leks,2023-02-12,aktywny
1766,Spółdzielnia Fuławka Spółka z o.o.,2826712693,358127262,PL,Jaworzno,51-958,al. Gajowa 277,kontakt@spółdzielnia.pl,+48 85 366 87 89,oba,Damian Szyja,2024-02-27,aktywny
1767,Gabinety Kurpisz-Ładniak S.A. sp. z o.o.,2529644485,398952395,PL,Gdynia,18 245,pl. Listopada 14/01,kontakt@gabinety.pl,+48 91 539 79 65,oba,Rafał Mak,2021-10-28,nieaktywny
1768,Palonek-Kość Sp. z o.o. Sp.k. Sp. z o.o.,1433064096,859707162,PL,Chorzów,28-985,plac Tysiąclecia 99,kontakt@palonek-kość.pl,+48 52 675 73 71,klient,Mateusz Skiepko,2024-04-20,aktywny
1769,Stowarzyszenie Kultys Sp. z o.o. Sp.k. Spółka z o.o.,9062787900,284394146,PL,Olsztyn,43-863,plac Chopina 075,kontakt@stowarzyszenie.pl,+48 84 200 98 29,klient,Nicole Petrus,2023-07-19,nieaktywny
1770,PPUH Thiel-Danisz s.c. sp. z o.o.,7216266039,256502391,PL,Siemianowice Śląskie,16-031,aleja Stroma 32,kontakt@ppuh.pl,+48 52 620 48 19,oba,Kornelia Mętel,2020-08-19,aktywny
1771,Kuran-Sobków Sp.j. Spółka z o.o.,5999773796,309986710,PL,Żary,60-224,ulica Korczaka 80/66,kontakt@kuran-sobków.pl,+48 73 973 84 50,dostawca,Malwina Zimoń,2021-04-25,aktywny
1772,Grupa Działo s.c. Sp. J.,6703862569,801084706,PL,Skarżysko-Kamienna,07-244,ul. Porzeczkowa 52/98,kontakt@grupa.pl,+48 66 206 23 30,dostawca,Łukasz Rosada,2023-10-30,aktywny
1773,Grupa Rode sp. z o.o.,3300805637,134438525,PL,Katowice,82-485,pl. Konarskiego 27,kontakt.grupa.pl,+48 84 270 90 42,oba,Kacper Owsiany,2022-02-13,aktywny
1774,Fundacja Kilar i syn s.c. sp. z o.o.,2107883121,783626405,PL,Radomsko,65-172,al. Śląska 59,kontakt@fundacja.pl,+48 40 833 64 55,dostawca,Kornelia Borzych,2024-06-21,aktywny
1775,Kusyk-Kwapis Sp. z o.o. Sp. z o.o.,7201970849,247882962,PL,Tomaszów Mazowiecki,91-415,aleja Kossaka 461,kontakt@kusyk-kwapis.pl,+48 43 949 96 18,dostawca,Anita Frelek,2022-05-10,aktywny
1776,Stowarzyszenie Kastelik Sp. J.,6365129554,456500451,PL,Wołomin,83-601,ulica Gałczyńskiego 99,kontakt@stowarzyszenie.pl,+48 98 826 12 12,dostawca,pan Radosław Garbacik,2021-06-18,aktywny
1777,Cibor s.c. Sp. z o.o.,9484226236,840969588,PL,Kluczbork,65-438,aleja Księżycowa 49,kontakt@cibor.pl,+48 12 314 63 11,dostawca,Julian Startek,2022-01-25,aktywny
1778,Gabinety Kretowicz Sp.j. Spółka z o.o.,0283034241,312054757,pl,Pruszków,28-131,ulica Waryńskiego 612,kontakt@gabinety.pl,+48 53 926 36 83,klient,Damian Budzeń,2025-06-07,aktywny
1779,PPUH Dyda-Zadworny s.c. sp. z o.o.,8091663169,942414476,PL,Zakopane,10-677,aleja Mazowiecka 53/40,kontakt@ppuh.pl,+48 89 494 81 70,oba,Wojciech Mydlarz,2023-12-26,aktywny
1780,Fundacja Szczepan Sp.k. sp. z o.o.,0454410611,568037732,PL,Jaworzno,18-932,aleja Batalionów Chłopskich 225,kontakt@fundacja.pl,+48 44 694 69 10,klient,Marcelina Gąszczak,2023-10-13,aktywny
1781,FPUH Steckiewicz-Kokosza i syn s.c. Sp. J.,5801517643,253224330,PL,Lębork,65-539,ulica Staszica 887,kontakt@fpuh.pl,+48 99 274 76 10,oba,Kornel Szrama,2022-01-04,aktywny
1782,Gabinety Portka-Prucnal Sp.j. Sp. z o.o.,5050969964,205994946,PL,Dzierżoniów,07-394,pl. Konarskiego 49,kontakt@gabinety.pl,+48 26 437 30 52,dostawca,pani Roksana Celuch,2022-05-08,aktywny
1783,PPUH Heinrich-Kominiak Sp. z o.o. Sp.k. Sp. J.,2280588371,795700566,PL,Ciechanów,04772,pl. Skłodowskiej-Curie 794,kontakt@ppuh.pl,+48 92 411 40 54,dostawca,Eryk Burdach,2021-03-14,nieaktywny
1784,Spółdzielnia Smoter-Demiańczuk s.c. Sp. J.,4762539509,928486625,PL,Mińsk Mazowiecki,20-207,ul. Piaskowa 09/26,kontakt@spółdzielnia.pl,+48 22 218 52 30,dostawca,Ernest Masłoń,2024-02-21,aktywny
1785,Piszcz-Berg Sp.j. S.A.,2778882605,337349637,PL,Ostrołęka,46-923,plac Długosza 64/57,kontakt@piszcz-berg.pl,+48 67 382 78 85,klient,Kazimierz Dworniczak,2023-03-24,aktywny
1786,Fundacja Rząd Spółka z o.o.,8809718615,958212496,PL,Tychy,23-261,al. Jagiellońska 00,kontakt@fundacja.pl,+48 27 282 87 38,dostawca,Anna Maria Grzebyk,2024-03-29,nieaktywny
1787,PPUH Wołodźko Spółka z o.o.,5920559671,444859212,PL,Żyrardów,68-877,aleja Długosza 51,kontakt@ppuh.pl,+48 74 713 87 21,klient,Fryderyk Bulak,2022-09-02,aktywny
1788,Stowarzyszenie Łój sp.k.,8304576277,368557996,PL,Grudziądz,23-914,plac Wyspiańskiego 89,kontakt@stowarzyszenie.pl,+48 98 206 21 59,klient,pan Jakub Szymajda,2024-07-22,nieaktywny
1789,Dziopa-Bytner Sp.j. sp.k.,7015221337,506857607,PL,Nowy Targ,55-018,ul. Makuszyńskiego 701,kontakt@dziopa-bytner.pl,+48 18 107 75 35,dostawca,pan Marcel Ziarnik,2025-09-13,aktywny
1790,Bulanda-Omiotek s.c. Sp. J.,1289899304,837509353,PL,Będzin,35158,aleja Słowackiego 05,kontakt@bulanda-omiotek.pl,+48 46 499 23 24,oba,Rozalia Dębniak,2023-04-28,aktywny
1791,Spółdzielnia Ochnio-Heleniak i syn s.c. sp.k.,9799271566,152225319,PL,Tczew,96-071,aleja Brzechwy 09/61,kontakt@spółdzielnia.pl,+48 38 633 96 72,oba,pan Stefan Niedojadło,2026-05-19,aktywny
1792,Spółdzielnia Fogiel Sp. z o.o. Sp.k. sp. z o.o.,858-986-81-80,929968179,PL,Wejherowo,20-569,plac Staszica 694,kontakt@spółdzielnia.pl,+48 41 689 69 60,oba,Radosław Pianka,2023-04-13,aktywny
1793,Musiolik S.A. sp.k.,0073794997,756828796,PL,Skierniewice,97-789,al. Dobra 09/57,kontakt@musiolik.pl,+48 46 420 69 97,oba,Anita Helak,2023-05-23,nieaktywny
1794,Sakwa Sp. z o.o. Sp.k. Spółka z o.o.,4107692623,514036320,PL,Śrem,81-780,ul. Piłsudskiego 60/29,kontakt@sakwa.pl,+48 47 769 39 48,dostawca,Jeremi Kusztal,2024-07-14,nieaktywny
1795,Hołysz S.A. Sp. z o.o.,6043598390,653755174,PL,Ruda Śląska,46-934,ul. Mieszka I 49/07,kontakt@hołysz.pl,+48 91 752 82 16,dostawca,Fabian Kusek,2025-05-15,aktywny
1796,Sadza Sp. z o.o. Spółka z o.o.,7837568162,612122606,PL,Swarzędz,96-451,pl. Fredry 867,kontakt@sadza.pl,+48 38 413 96 14,dostawca,pani Sandra Wincenciak,2022-12-02,aktywny
1797,Grupa Józwik S.A.,3854033697,731219102,PL,Świdnik,95-274,pl. Orzeszkowej 88,kontakt@grupa.pl,+48 27 667 52 97,klient,Alex Ziarno,2022-08-29,aktywny
1798,Gabinety Pioch-Pryk s.c. sp. z o.o.,6532735515,405740983,PL,Tarnowskie Góry,14-585,ul. Fiołkowa 32/60,kontakt@gabinety.pl,+48 30 368 86 98,klient,pani Nicole Rochowiak,2022-09-02,aktywny
1799,Spółdzielnia Klupś sp. z o.o.,3477146958,135841318,PL,Szczecinek,62-300,ul. Wojska Polskiego 306,kontakt@spółdzielnia.pl,+48 56 421 57 54,oba,Grzegorz Flisek,2025-08-15,nieaktywny
1800,Spółdzielnia Langier-Majtyka Sp.k. Sp. z o.o.,2006174133,548927868,PL,Bielsko-Biała,48-095,ul. Powstańców Wielkopolskich 82/42,kontakt@spółdzielnia.pl,+48 44 911 56 82,dostawca,Olgierd Swacha,2025-10-30,aktywny
1801,PPUH Kordus Sp. z o.o.,2189391274,826924077,Polska,Żyrardów,80-562,ul. Korczaka 32,kontakt@ppuh,+48 64 432 13 66,oba,pan Kamil Supernak,2025-02-06,aktywny
1802,Grupa Żybura s.c. sp. z o.o.,6853045553,971103666,PL,Jasło,75-028,ulica Matejki 900,kontakt@grupa.pl,+48 85 440 16 26,dostawca,Jędrzej Smolorz,2022-12-09,aktywny
1803,Gabinety Tyczka S.A.,0777894338,793815464,PL,Skawina,70-643,pl. Słowackiego 84/77,kontakt@gabinety.pl,+48 73 519 34 83,oba,pani Kalina Surmiak,2021-04-01,aktywny
1804,Fundacja Wąsek Sp. z o.o. Sp.k. S.A.,,555361948,PL,Racibórz,26-608,ul. Wróblewskiego 89/07,kontakt@fundacja.pl,+48 34 802 33 29,klient,Marcelina Zbiciak,2025-07-16,aktywny
1805,Danieluk s.c. Spółka z o.o.,0617906707,874492255,PL,Kielce,42-506,ul. Wybickiego 45/89,kontakt@danieluk.pl,+48 54 794 23 32,klient,Leon Postawa,2021-03-08,aktywny
1806,Spółdzielnia Składanek-Marciniszyn s.c. sp. z o.o.,4490769720,222949034,PL,Lębork,57-421,ulica Korfantego 07,kontakt@spółdzielnia.pl,+48 34 845 19 80,oba,Maksymilian Barteczko,2022-09-24,aktywny
1807,Siebert-Bakalarczyk Sp.k. Sp. J.,,220769011,PL,Gorzów Wielkopolski,24-118,pl. Daszyńskiego 188,kontakt@siebert-bakalarczyk.pl,+48 54 329 13 71,klient,Marcin Dyszkiewicz,2022-05-07,aktywny
1808,PPUH Zawiasa-Mikus i syn s.c. S.A.,0082283776,903800629,PL,Wyszków,98-101,ul. Wróblewskiego 70,kontakt@ppuh.pl,+48 34 564 16 50,dostawca,Tobiasz Klorek,2024-03-11,aktywny
1809,Grupa Humeniuk-Szynkiewicz Sp. z o.o. sp.k.,872-820-63-25,270488105,PL,Sanok,76-136,aleja Sawickiej 98,kontakt@grupa.pl,+48 21 271 63 83,oba,Tobiasz Jędrys,2021-02-25,nieaktywny
1810,Spółdzielnia Młynarz-Miszkiel Sp.k. Spółka z o.o.,6658952475,538464491,PL,Kraśnik,85-953,al. Stolarska 35,kontakt@spółdzielnia.pl,+48 83 526 98 12,oba,Sandra Dziadowicz,2025-05-05,nieaktywny
1811,Fundacja Łusiak Spółka z o.o.,7245257379,690678586,PL,Turek,53-883,ul. Moniuszki 570,kontakt@fundacja.pl,+48 99 356 70 73,oba,pan Ignacy Trochim,2023-06-26,aktywny
1812,Petryk S.A. Sp. z o.o.,1298897285,428903133,PL,Biłgoraj,28-103,plac Głowackiego 05/70,kontakt@petryk.pl,+48 62 634 17 86,klient,pani Bianka Trzos,2026-04-22,aktywny
1813,Fundacja Senger-Klos Sp.k. sp. z o.o.,6164170053,310319325,PL,Koło,29-529,plac Wyspiańskiego 45,kontakt@fundacja.pl,+48 20 760 76 64,klient,Paweł Jarczyk,2024-04-23,aktywny
1814,Grupa Indyk Sp. J.,6880316648,606752501,PL,Sochaczew,07-668,pl. Malczewskiego 35,kontakt@grupa.pl,+48 92 165 28 69,oba,Konrad Trzop,2026-06-07,aktywny
1815,Fundacja Brzykcy-Golenia Sp.k. Sp. z o.o.,242-853-54-12,528325882,PL,Ostrów Mazowiecka,51-839,ul. Miłosza 97,kontakt@fundacja.pl,+48 21 690 87 20,oba,pan Cezary Lesisz,2023-06-29,aktywny
1816,Hanke-Naumiuk Sp. z o.o. Sp.k. sp.k.,7017086719,494083725,PL,Środa Wielkopolska,81-274,plac Skłodowskiej-Curie 467,kontakt@hanke-naumiuk.pl,+48 16 591 69 93,klient,Szymon Koniec,2021-03-04,aktywny
1817,Pachowicz-Burzec Sp.j. Spółka z o.o.,0433689571,741134027,PL,Wieluń,55-977,plac Konopnickiej 329,kontakt@pachowicz-burzec.pl,+48 68 816 29 92,dostawca,pani Sara Krauza,2025-03-07,aktywny
1818,PPUH Maligłówka S.A. Sp. z o.o.,5110900701,975359484,PL,Opole,46-597,al. Sowia 29/27,kontakt@ppuh.pl,+48 74 668 56 13,oba,Paweł Osik,2022-07-16,aktywny
1819,PPUH Kudłacz Sp.k. Sp. z o.o.,2549723928,135188788,PL,Ostrowiec Świętokrzyski,91-039,ulica Mieszka I 54/23,kontakt@ppuh.pl,+48 12 790 32 89,dostawca,Tymoteusz Morka,2024-08-23,nieaktywny
1820,Kulczak i syn s.c. sp.k.,7475396593,903664722,PL,Świebodzice,48-071,al. Daszyńskiego 48/39,kontakt@kulczak.pl,+48 50 360 31 54,klient,Tobiasz Słomian,2024-11-10,aktywny
1821,Spółdzielnia Szyndler Sp. z o.o. Sp.k. Sp. J.,9420416410,474974183,PL,Kutno,61-727,plac Partyzantów 15/95,kontakt@spółdzielnia.pl,+48 67 398 15 97,dostawca,Karol Surmiak,2021-08-07,nieaktywny
1822,Stowarzyszenie Bejger s.c. sp. z o.o.,,580272553,PL,Płock,55-066,ul. Krańcowa 22,kontakt@stowarzyszenie.pl,+48 79 217 96 58,klient,Ida Krauz,2026-07-03,aktywny
1823,Sady s.c. S.A.,1749058493,876945993,PL,Zgorzelec,10-662,plac Matejki 476,kontakt@sady.pl,+48 77 621 20 45,dostawca,Tola Micał,2020-12-12,aktywny
1824,Spółdzielnia Tadla-Kleban i syn s.c. sp. z o.o.,5862405743,385114214,PL,Jarosław,37-027,pl. Waryńskiego 28/64,kontakt@spółdzielnia.pl,+48 14 678 89 83,oba,Ksawery Ufniarz,2025-06-15,aktywny
1825,Kolek S.A. Spółka z o.o.,5352791115,197204959,PL,Świdnik,82-357,pl. Słowicza 96/21,kontakt@kolek.pl,+48 77 480 98 19,oba,Urszula Glegoła,2023-05-14,aktywny
1826,Fundacja Baranowicz s.c. S.A.,8985932135,483289161,PL,Goleniów,49-426,al. Modrzewiowa 25,kontakt@fundacja.pl,+48 26 612 95 36,klient,Tadeusz Cywka,2025-08-25,aktywny
1827,Mudlaff-Płaneta S.A. sp. z o.o.,4800226423,471692249,PL,Zielona Góra,18-697,pl. Broniewskiego 98/01,kontakt@mudlaff-płaneta.pl,+48 95 237 11 52,dostawca,Monika Sypek,2023-11-19,aktywny
1828,Spółdzielnia Jeżyk-Sąsiadek Sp.j. sp. z o.o.,9878192140,605174444,PL,Tarnobrzeg,80-759,ulica Bydgoska 915,kontakt@spółdzielnia.pl,+48 88 846 79 45,dostawca,Emil Wajdzik,2023-12-24,aktywny
1829,Grupa Sklorz Sp. z o.o. Sp.k. Spółka z o.o.,2937178475,952982314,PL,Szczecin,79-169,ulica Sawickiej 174,kontakt@grupa.pl,+48 21 368 65 20,dostawca,Olgierd Ślimak,2022-08-12,aktywny
1830,Spółdzielnia Adamów sp.k.,7544584749,174379394,PL,Dębica,07-113,al. Asnyka 263,kontakt@spółdzielnia.pl,+48 46 104 24 88,klient,Nicole Prokopiak,2022-12-12,aktywny
1831,FPUH Czuryło Sp. z o.o.,5962751930,369689457,PL,Kołobrzeg,79-649,plac Drzymały 27,kontakt@fpuh.pl,+48 42 628 87 13,klient,pan Adrian Kolek,2022-04-11,aktywny
1832,Owsianka s.c. sp.k.,4479365613,175060440,PL,Gdynia,04-222,al. Stycznia 55,kontakt@owsianka.pl,+48 63 667 61 27,oba,Nikodem Stwora,2022-01-15,aktywny
1833,Gabinety Majorczyk sp. z o.o.,0706594801,439380589,PL,Pszczyna,33-897,al. Andersa 28,kontakt@gabinety.pl,+48 24 487 14 26,oba,Anita Borysewicz,2022-01-08,aktywny
1834,Fundacja Wiekiera Spółka z o.o.,3303727180,544374888,PL,Zamość,30-068,plac Tuwima 157,kontakt@fundacja.pl,+48 47 405 68 55,dostawca,Elżbieta Grymuza,2022-09-01,nieaktywny
1835,Naglik-Jewuła Sp. z o.o. Sp. z o.o.,2138078283,624275953,PL,Płock,34-714,al. Krasińskiego 79/53,kontakt@naglik-jewuła.pl,+48 61 526 19 50,oba,Łukasz Sołtan,2023-11-28,aktywny
1836,Bartoś Sp. z o.o. sp.k.,1802882526,181632823,PL,Śrem,42-293,aleja Batalionów Chłopskich 66/18,kontakt@bartoś.pl,+48 95 635 79 58,dostawca,Mikołaj Nawój,2021-01-08,nieaktywny
1837,Gabinety Pyziak-Szmaj Sp. z o.o. Spółka z o.o.,9469984286,638483167,PL,Toruń,13-741,pl. Asnyka 43,kontakt@gabinety.pl,+48 99 960 78 46,dostawca,Arkadiusz Baka,2020-12-17,aktywny
1838,Supeł S.A. Sp. z o.o.,3132988719,951122269,PL,Nowa Sól,62-548,ul. Wiosenna 78,kontakt@supeł.pl,+48 37 863 30 12,klient,Krystyna Sterna,2025-05-29,nieaktywny
1839,Denkiewicz s.c. sp.k.,6427786261,681515528,PL,Świecie,52-647,al. Narutowicza 257,kontakt@denkiewicz.pl,+48 34 582 28 77,dostawca,Kalina Majtyka,2024-10-21,nieaktywny
1840,FPUH Zimmer-Szymula S.A. Sp. J.,3208778343,569903266,PL,Chojnice,75-673,ulica Rejtana 15/42,kontakt@fpuh.pl,+48 11 516 33 95,oba,Bartek Wujec,2023-02-10,aktywny
1841,Moryc S.A. Spółka z o.o.,5573562324,963524623,PL,Mysłowice,07 190,al. Floriana 505,kontakt@moryc.pl,+48 74 759 14 17,dostawca,Alan Nowotny,2024-04-07,aktywny
1842,Wawrzyczek Sp. z o.o. Sp.k. sp.k.,5973027327,282767261,pl,Grudziądz,04-414,al. Cicha 51,kontakt@wawrzyczek.pl,+48 68 123 49 30,dostawca,Alex Jargieło,2021-01-10,aktywny
1843,PPUH Kosz-Patalas Sp. z o.o. sp. z o.o.,7704116780,677068615,PL,Piaseczno,55 915,ulica Solidarności 82/22,kontakt@ppuh.pl,+48 57 907 84 63,oba,Konstanty Grądziel,2023-10-05,aktywny
1844,Cegła S.A. Sp. J.,7386569046,399077338,Polska,Bochnia,17-189,pl. Sienkiewicza 620,kontakt@cegła.pl,+48 96 541 73 39,klient,Aleksander Nieradzik,2022-08-29,aktywny
1845,Brzykcy i syn s.c. sp.k.,1248955879,840314695,PL,Ostrowiec Świętokrzyski,33-548,plac Wyszyńskiego 13/32,kontakt@brzykcy.pl,+48 14 110 94 64,klient,pani Angelika Błaziak,2023-03-29,aktywny
1846,Woda S.A. Spółka z o.o.,5994264073,543004859,PL,Słupsk,32-751,al. Mieszka I 452,kontakt@woda.pl,+48 92 668 86 51,klient,Emil Mich,2021-03-22,aktywny
1847,Fundacja Pilarek-Wygoda i syn s.c. Sp. J.,0339801383,635581394,PL,Będzin,79-454,ul. Cisowa 986,kontakt@fundacja.pl ,+48 59 247 79 38,klient,Eryk Parafiniuk,2024-07-19,aktywny
1848,Skubała-Bruzda Sp.k. sp.k.,058-108-01-52,978975242,PL,Śrem,46-254,al. Bydgoska 34/98,kontakt@skubała-bruzda.pl,+48 37 568 45 35,dostawca,pani Inga Opyrchał,2025-01-31,aktywny
1849,Filiks-Przekwas i syn s.c. sp. z o.o.,7728715658,752999241,PL,Łaziska Górne,12-343,pl. Władysława Łokietka 559,kontakt@filiks-przekwas.pl,+48 95 735 57 69,oba,Cezary Zagożdżon,2023-11-16,aktywny
1850,Spółdzielnia Milcarz i syn s.c. S.A.,5959955054,448117984,PL,Leszno,82-524,aleja Nowowiejska 147,kontakt@spółdzielnia.pl,+48 99 744 59 27,oba,pani Aniela Sady,2021-06-27,aktywny
1851,FPUH Berus-Sykut Sp. z o.o. Sp.k. Spółka z o.o.,8541839528,840536977,POL,Mińsk Mazowiecki,35-946,al. Letniskowa 35/38,kontakt@fpuh.pl,+48 27 856 94 56,klient,Hubert Stupak,2021-04-01,nieaktywny
1852,PPUH Sakwa-Matraszek Sp.k. Sp. J.,8821651197,775547178,PL,Leszno,20-297,aleja Batalionów Chłopskich 24/15,kontakt@ppuh.pl,+48 22 406 57 72,dostawca,pan Maksymilian Zdancewicz,2023-11-16,aktywny
1853,Gabinety Glazik Sp.k. Sp. z o.o.,3027694737,127617326,PL,Szczecinek,26-763,pl. Kazimierza Wielkiego 346,kontakt@gabinety.pl,+48 49 158 34 56,oba,pani Aniela Pryszcz,2023-04-10,aktywny
1854,Grupa Ziółko-Wrochna Sp. z o.o. Sp. z o.o.,2440293639,410914307,PL,Ciechanów,94-552,aleja Szarych Szeregów 939,kontakt@grupa.pl,+48 84 356 21 32,oba,Urszula Prokopczyk,2021-07-20,aktywny
1855,  Gabinety Dzierwa Sp. z o.o.,5257959904,859567175,PL,Wałcz,65-086,aleja Wiązowa 37/10,kontakt@gabinety.pl,+48 47 936 71 87,dostawca,Michał Klinger,2021-07-20,aktywny
1856,Kubanek-Świerszcz Sp.j. Sp. J.,3254601897,193373011,PL,Toruń,61708,ulica Wojska Polskiego 896,kontakt@kubanek-świerszcz.pl,+48 37 919 48 39,dostawca,pan Konstanty Rosłoń,2026-03-11,aktywny
1857,Bartkowicz-Wypiór Sp. z o.o. Sp.k. S.A.,1339962767,687191522,PL,Ząbki,27-121,ulica Bema 394,kontakt@bartkowicz-wypiór.pl,+48 22 290 73 40,dostawca,pan Tomasz Szaj,2021-12-31,aktywny
1858,Gabinety Klama Sp. z o.o.,2029138135,142341383,PL,Goleniów,75-852,pl. Władysława Łokietka 45/63,kontakt@gabinety.pl,+48 48 706 49 81,klient,Dominik Tryka,2022-05-20,aktywny
1859,Kozok-Polakiewicz i syn s.c. sp.k.,0888196643,969268634,PL,Bochnia,81-921,plac Bolesława Chrobrego 948,kontakt@kozok-polakiewicz.pl,+48 31 292 24 83,klient,Kamil Bączkiewicz,2020-12-17,aktywny
1860,FPUH Kukieła Sp.k. Sp. z o.o.,3356831721,350723630,PL,Ełk,73-472,aleja Sowia 06/83,kontakt@fpuh.pl,+48 91 508 72 16,dostawca,Kornel Warmuz,2021-05-02,nieaktywny
1861,Grupa Figat-Wyrobek Sp.j. Sp. z o.o.,4050133202,919740089,PL,Gorzów Wielkopolski,22-359,ul. Prusa 399,kontakt@grupa.pl,+48 45 918 43 85,dostawca,Janina Hałat,2025-05-18,aktywny
1862,Kwarciak S.A. S.A.,1487650775,472322592,PL,Pabianice,35-996,plac Fredry 67/34,kontakt@kwarciak.pl ,+48 56 824 93 68,klient,Ryszard Bulanda,2023-02-04,aktywny
1863,PPUH Skomra-Duszczak Sp. z o.o. Sp.k. S.A.,,800426534,PL,Bielsko-Biała,94-064,aleja Podwale 30/14,kontakt@ppuh.pl,+48 51 889 98 66,klient,Paweł Trzop,2022-08-31,aktywny
1864,Małyszek s.c. sp.k.,9630667006,470838197,PL,Wyszków,91-605,pl. Maczka 04,kontakt@małyszek.pl,+48 62 711 60 60,oba,Piotr Krysik,2023-04-24,nieaktywny
1865,PPUH Bela-Sowała Sp.j. sp. z o.o.,3370071583,979171439,PL,Żyrardów,16-414,ul. Miłosza 99,kontakt@ppuh.pl,+48 14 693 73 18,dostawca,Witold Siemion,2021-02-06,aktywny
1866,Smutek-Ptok i syn s.c. sp. z o.o.,3234306586,935710643,PL,Lubin,34-514,pl. Jadwigi 42/03,kontakt@smutek-ptok.pl,+48 48 392 99 79,oba,pani Kalina Barszczak,2026-06-17,aktywny
1867,Juraszczyk Sp.j. sp.k.,2375909725,252622349,PL,Swarzędz,86 099,ul. Krakowska 60/15,kontakt@juraszczyk.pl,+48 80 958 98 28,oba,pan Nataniel Burdach,2024-10-01,aktywny
1868,Bancerz Sp.j. Spółka z o.o.,4551391961,939368680,PL,Płock,27-898,ulica Drzymały 40/24,kontakt@bancerz.pl,+48 38 418 76 31,klient,pan Maksymilian Horbacz,2025-05-12,aktywny
1869,Gabinety Kurpanik-Kaczan Sp. z o.o. Sp.k. sp.k.,3873693236,671111556,pl,Ruda Śląska,16-136,al. Solidarności 45/27,kontakt@gabinety.pl,+48 15 364 98 40,dostawca,Bruno Zaniewicz,2023-06-03,aktywny
1870,Gabinety Brzęk Sp. z o.o. Sp.k. sp.k.,4664867419,521867614,PL,Oleśnica,49-302,ul. Wierzbowa 81,kontakt@gabinety.pl,+48 73 885 21 26,klient,Sonia Posłuszny,2025-01-17,aktywny
1871,Grupa Szok-Bartłomiejczyk Sp. z o.o. S.A.,5529776018,379331896,PL,Łuków,37-174,ulica Sikorskiego 401,kontakt@grupa.pl,+48 76 409 10 75,klient,Karol Gajowiak,2021-10-20,aktywny
1872,Basa-Irzyk Sp.j. Spółka z o.o.,4157281431,854891556,PL,Giżycko,85-444,pl. Władysława Łokietka 68,kontakt@basa-irzyk.pl,+48 19 174 63 78,dostawca,Mieszko Stróż,2021-11-19,aktywny
1873,Wężyk-Nikel i syn s.c. S.A.,0361189266,903712640,PL,Wyszków,64-758,plac Stycznia 54,kontakt@wężyk-nikel.pl,+48 53 449 53 90,dostawca,pan Maks Kowara,2024-10-22,nieaktywny
1874,  PPUH Fryś-Osojca s.c. Spółka z o.o.,7140344542,462884487,PL,Tarnowskie Góry,67-539,plac Władysława Łokietka 48/99,kontakt@ppuh.pl,+48 97 520 64 13,klient,Adam Sieja,2023-02-23,nieaktywny
1875,Grupa Mosur Sp. z o.o.,1962272386,504164214,PL,Gorlice,90-749,plac Jana III Sobieskiego 635,kontakt@grupa.pl,+48 45 803 26 98,klient,pani Marianna Jargiło,2025-07-19,aktywny
1876,Borysiak-Wojsław Sp.k. sp. z o.o.,0934099165,833331493,PL,Bielsko-Biała,59-160,al. Dolna 56/50,kontakt@borysiak-wojsław.pl,+48 15 656 24 18,klient,Fryderyk Bork,2025-03-05,aktywny
1877,Szkoła Sp. z o.o. Spółka z o.o.,0348484373,972900572,PL,Żagań,06-085,plac Prusa 06,kontakt@szkoła.pl,+48 15 115 98 63,klient,Grzegorz Porwoł,2026-01-07,nieaktywny
1878,Szpala Sp.k. Spółka z o.o.,9514295444,758264623,PL,Lębork,57-797,ulica Leśna 66/89,kontakt@szpala.pl,+48 65 689 52 47,klient,Jeremi Bochnia,2021-07-04,nieaktywny
1879,Sędek S.A. Sp. J.,7562752803,112864321,PL,Iława,19-008,al. Północna 81,kontakt@sędek.pl,+48 64 860 18 92,dostawca,Nataniel Cąkała,2022-11-08,aktywny
1880,Gągała-Radziewicz S.A. S.A.,9459235169,864073397,PL,Zgorzelec,19-186,ulica Bema 84,kontakt@gągała-radziewicz.pl,+48 81 333 30 64,dostawca,pan Igor Hankiewicz,2026-04-29,aktywny
1881,Gabara-Kudlak s.c. Sp. J.,100-170-78-19,234700850,Poland,Giżycko,39-033,aleja Glówna 84,kontakt@gabara-kudlak.pl,+48 92 771 53 67,dostawca,pan Oliwier Kempka,2021-05-25,aktywny
1882,Stochel Sp. z o.o. sp. z o.o.,0494841429,771639815,PL,Leszno,45-684,aleja Poznańska 722,kontakt@stochel.pl,+48 51 830 54 29,oba,Jan Konat,2022-10-28,aktywny
1883,Stowarzyszenie Pyć Sp.k. S.A.,2875679814,808180788,PL,Bartoszyce,86-369,ul. Browarna 30/28,kontakt@stowarzyszenie.pl,+48 17 241 63 51,dostawca,Wojciech Buśko,2023-08-18,aktywny
1884,Grupa Dankiewicz Sp. J.,711-588-21-85,603309832,PL,Świdnica,92-966,plac Jadwigi 95,kontakt@grupa.pl,+48 97 634 86 45,klient,Apolonia Majtczak,2020-07-31,aktywny
1885,Długozima Sp. z o.o. Sp.k. sp.k.,116-114-64-42,509981129,Poland,Świdnica,61-570,al. Mazowiecka 28/02,kontakt@długozima.pl,+48 24 696 74 40,klient,Apolonia Maziarczyk,2025-09-08,aktywny
1886,PPUH Kochman-Drozda Sp.j. Spółka z o.o.,2473885233,633694436,PL,Siemianowice Śląskie,97353,ul. Widokowa 891,kontakt@ppuh.pl,+48 48 672 96 73,dostawca,Patryk Świech,2020-08-11,aktywny
1887,FPUH Budzeń-Folga Sp. z o.o. Sp.k. sp.k.,8125325127,192928243,PL,Zamość,93-413,ul. Krasickiego 855,kontakt@fpuh.pl,+48 81 267 31 61,dostawca,pan Gustaw Kukawka,2021-03-27,aktywny
1888,FPUH Ulrych Sp. J.,6602865388,330862831,PL,Gdańsk,70-778,plac Słowicza 06/96,kontakt@fpuh.pl,+48 69 164 62 49,dostawca,Radosław Koterba,2026-07-01,aktywny
1889,Roskosz-Tadeusiak i syn s.c. Sp. z o.o.,0037090703,970528253,PL,Myszków,55-016,ul. Nowa 567,kontakt@roskosz-tadeusiak.pl,+48 73 632 17 77,oba,Jerzy Sośniak,2026-04-20,aktywny
1890,Stowarzyszenie Lada S.A.,6932070982,351876614,PL,Gdynia,11-409,plac Kasprowicza 136,kontakt@stowarzyszenie.pl,+48 75 377 86 29,oba,Radosław Koczara,2025-06-09,aktywny
1891,Grupa Gągała-Hallmann S.A. Spółka z o.o.,8762965071,957322024,PL,Kłodzko,03-525,plac Andersa 69/92,kontakt@grupa.pl,+48 97 984 44 53,dostawca,Gustaw Kusio,2024-02-10,aktywny
1892,Fundacja Maciejuk S.A.,765-419-82-89,210555536,PL,Olkusz,24-331,aleja Źródlana 24,kontakt@fundacja.pl,+48 86 377 73 71,oba,Bruno Bok,2024-06-25,aktywny
1893,Grupa Maszkiewicz-Tworzydło Sp. z o.o. Sp.k. Sp. z o.o.,3452202620,526492306,PL,Bytom,59-727,aleja Prusa 55/36,kontakt@grupa.pl,+48 18 321 26 59,oba,Arkadiusz Gomoła,2023-06-05,aktywny
1894,Stowarzyszenie Lepak Spółka z o.o.,6351685222,391803243,PL,Bełchatów,75-951,aleja Nadrzeczna 960,kontakt@stowarzyszenie.pl,+48 62 862 71 57,klient,Konstanty Kamela,2021-12-17,aktywny
1895,Fundacja Makaruk sp.k.,6933276332,376887926,PL,Zamość,98-219,ulica Chełmońskiego 945,kontakt@fundacja.pl,+48 30 645 55 99,dostawca,Borys Bystroń,2022-05-06,aktywny
1896,Macek Sp.k. sp.k.,3723722597,323228405,PL,Iława,18-538,ul. Kasztanowa 029,kontakt@macek.pl,+48 15 338 39 70,oba,Kamila Drzał,2021-02-25,aktywny
1897,PPUH Stefanik-Bartuś S.A. Sp. J.,9423403709,386794101,PL,Tychy,63-303,ulica Lelewela 04,kontakt@ppuh.pl,+48 35 338 35 97,klient,Kalina Musiolik,2026-04-30,aktywny
1898,Gabinety Aleksandrzak-Murach Sp. z o.o. Sp.k. Spółka z o.o.,561-257-80-46,599010785,PL,Wągrowiec,31-605,aleja Kraszewskiego 37/06,kontakt@gabinety.pl,+48 67 203 85 77,oba,Hubert Pachowicz,2024-09-22,aktywny
1899,Gabinety Muc Sp. J.,1769680646,496778833,PL,Stargard Szczeciński,16-860,ulica Dąbrowskiej 48,kontakt@gabinety.pl,+48 50 409 98 28,klient,pani Justyna Balik,2024-09-05,aktywny
1900,Downar Sp. z o.o. Sp. J.,8379264056,321468507,PL,Świecie,75-050,ulica Żurawia 59,kontakt@downar.pl ,+48 91 943 67 35,oba,Marika Dargacz,2025-05-13,aktywny
1901,Grupa Halik Sp. z o.o. Spółka z o.o.,9342883906,337241559,PL,Warszawa,08-662,ulica Klasztorna 162,kontakt@grupa.pl,+48 89 721 69 96,oba,Cyprian Miękina,2026-05-14,nieaktywny
1902,FPUH Zamora Sp. J.,3150321983,501720022,PL,Kielce,66-758,plac Hallera 079,kontakt@fpuh.pl,+48 55 917 56 20,oba,Olaf Pajda,2020-11-22,aktywny
1903,Gabinety Bas Sp. z o.o.,6668606734,419614644,pl,Wodzisław Śląski,94824,ulica Miłosza 16,kontakt@gabinety.pl,+48 64 582 21 48,oba,pan Cezary Szymków,2026-07-10,aktywny
1904,Wendt Sp. z o.o. Sp.k. sp. z o.o.,8959103855,298855373,PL,Dębica,38-452,pl. Makuszyńskiego 70,kontakt@wendt.pl,+48 29 977 70 58,klient,Gustaw Taczała,2022-04-09,aktywny
1905,Spółdzielnia Kuban Spółka z o.o.,9637439633,740563044,PL,Turek,90-935,ulica Sowia 666,kontakt@spółdzielnia.pl,+48 89 444 86 46,klient,pani Malwina Aleksandrzak,2022-10-24,aktywny
1906,FPUH Ogłaza i syn s.c. Spółka z o.o.,5465653171,162500157,PL,Szczecinek,09-129,ulica Rajska 57,kontakt@fpuh.pl,+48 38 132 16 29,oba,Kalina Łukasiuk,2021-07-30,aktywny
1907,Skomra Sp.k. sp. z o.o.,7366325677,319996555,PL,Brodnica,08-160,ulica Konopnickiej 16/78,kontakt@skomra.pl,+48 32 847 36 46,oba,pan Eryk Gill,2025-08-17,aktywny
1908,FPUH Ciepła S.A. sp. z o.o.,9166019103,747689820,PL,Zawiercie,32-139,ulica Długosza 185,kontakt@fpuh.pl,+48 49 661 76 65,dostawca,Wojciech Ścieszka,2020-10-24,aktywny
1909,Bodzak-Żółkiewicz Sp.k. sp. z o.o.,2644789371,652008564,PL,Czechowice-Dziedzice,93-292,pl. Korczaka 71,kontakt@bodzak-żółkiewicz.pl,+48 89 471 90 45,klient,Stefan Prystupa,2025-12-27,nieaktywny
1910,Golczyk-Padło S.A. Sp. z o.o.,9093716456,785584809,PL,Gdańsk,06-030,pl. Powstańców Śląskich 398,kontakt@golczyk-padło.pl,+48 12 392 54 72,klient,Andrzej Kuffel,2023-08-10,aktywny
1911,  Magier S.A. sp.k.,4473387803,899078978,PL,Kędzierzyn-Koźle,56-353,al. Kraszewskiego 32/78,kontakt@magier.pl,+48 27 613 83 13,oba,Paweł Dziadowicz,2024-04-11,aktywny
1912,Spółdzielnia Hołysz-Olszyna Sp.j. Spółka z o.o.,1837847717,737174525,PL,Świnoujście,44-584,aleja Leszczynowa 20/11,kontakt@spółdzielnia.pl,+48 67 380 41 43,dostawca,Antoni Marko,2021-01-16,aktywny
1913,Gabinety Wojtasiewicz S.A. S.A.,8593806251,162017009,PL,Bartoszyce,55-403,plac Świerczewskiego 351,kontakt@gabinety,+48 41 146 75 83,oba,Ada Janiuk,2024-12-06,aktywny
1914,Stowarzyszenie Łapaj sp.k.,243-435-48-62,738731034,PL,Siemianowice Śląskie,32-501,plac Krasickiego 976,kontakt@stowarzyszenie.pl,+48 33 214 33 23,oba,Liwia Krzyszczak,2024-07-18,aktywny
1915,Stowarzyszenie Myk-Strawa S.A. sp. z o.o.,8710880351,433226501,PL,Jastrzębie-Zdrój,36-834,al. Powstańców 104,kontakt@stowarzyszenie.pl,+48 90 397 58 64,klient,Sebastian Skrzecz,2023-12-02,aktywny
1916,Trzyna s.c. Sp. z o.o.,1161221505,910201295,PL,Włocławek,73-429,plac Szymanowskiego 120,kontakt@trzyna.pl,+48 84 935 97 61,oba,Hubert Podgórna,2024-01-26,nieaktywny
1917,Fundacja Niedbał Sp.j. sp.k.,6819004158,659563145,PL,Konin,77-968,aleja Wieniawskiego 97,kontakt@fundacja.pl,+48 38 321 57 26,oba,Juliusz Woszczak,2025-03-22,aktywny
1918,Gabinety Kuśka Sp. J.,6013855008,279690991,PL,Rzeszów,17-590,aleja Bociania 50/22,kontakt@gabinety.pl,+48 72 297 76 11,klient,Aleks Siwka,2020-11-27,aktywny
1919,Fundacja Głownia i syn s.c. Spółka z o.o.,5718158066,902808418,PL,Szczytno,90-685,pl. Bema 797,kontakt@fundacja.pl,+48 87 402 87 82,oba,Mariusz Przybycień,2021-11-09,aktywny
1920,Stowarzyszenie Nawrotek-Kołpak Sp. z o.o. S.A.,5055191937,994764302,PL,Knurów,04-209,ulica Żeromskiego 782,kontakt@stowarzyszenie.pl,+48 79 548 20 74,dostawca,Eryk Folga,2026-01-30,aktywny
1921,Kuczaj-Wołczyk s.c. Sp. z o.o.,5071961293,336226687,PL,Sandomierz,91-277,plac Sucharskiego 767,kontakt@kuczaj-wołczyk.pl,+48 28 176 34 45,oba,Ewa Kościukiewicz,2024-07-07,aktywny
1922,FPUH Muskała Sp.k. sp. z o.o.,7588562745,680788351,PL,Chorzów,67-437,ulica Prusa 22,kontakt@fpuh.pl,+48 60 509 23 18,oba,Franciszek Glica,2022-08-04,nieaktywny
1923,Stowarzyszenie Rubin-Wałek S.A. Sp. J.,2030695166,441450856,PL,Nysa,33-792,ul. Staszica 67,kontakt@stowarzyszenie.pl,+48 97 195 31 24,klient,Michał Dolega,2025-05-25,aktywny
1924,Spółdzielnia Duszczak-Dziduch s.c. Sp. J.,,310095909,PL,Zduńska Wola,64-742,pl. Wieniawskiego 60,kontakt@spółdzielnia.pl,+48 34 432 55 84,oba,pani Rozalia Koleśnik,2026-04-03,aktywny
1925,PPUH Marcińczyk Sp. z o.o. sp.k.,2062314598,562218803,PL,Bielawa,48-940,al. Rózana 32,kontakt@ppuh.pl,+48 13 696 59 91,klient,Leonard Bryda,2025-02-04,nieaktywny
1926,Letkiewicz S.A. Sp. z o.o.,4505211209,333165562,PL,Rumia,07-845,pl. Kopernika 54,kontakt@letkiewicz.pl,+48 11 631 25 61,dostawca,Kamil Buchalik,2021-09-18,nieaktywny
1927,Gabinety Kopik sp.k.,044-608-19-72,209743779,PL,Police,92-708,pl. Czarnieckiego 38,kontakt@gabinety.pl,+48 15 923 80 40,dostawca,Stefan Micał,2025-04-28,aktywny
1928,Paliga Sp. z o.o. Sp.k. Spółka z o.o.,4950609580,137292677,PL,Toruń,35-248,aleja Widok 851,kontakt@paliga.pl,+48 27 808 68 43,dostawca,Kornel Rzeźniczak,2025-01-09,aktywny
1929,FPUH Bielat-Tokarek Sp. z o.o. Sp.k. sp.k.,3985907429,753252286,PL,Lębork,83-223,al. Lazurowa 580,kontakt@fpuh.pl,+48 21 412 28 95,oba,Maciej Zębik,2020-09-26,aktywny
1930,Tokarek Sp.j. Spółka z o.o.,6691953012,519560443,PL,Czechowice-Dziedzice,41-391,plac Prusa 784,kontakt@tokarek.pl,+48 74 242 77 90,dostawca,Tomasz Kurcz,2021-12-10,aktywny
1931,Pociask Sp.j. Spółka z o.o.,6859026290,966121044,PL,Biłgoraj,14-415,ul. Andersa 16/11,kontakt@pociask.pl,+48 60 186 25 59,dostawca,pani Sonia Fitrzyk,2022-02-04,aktywny
1932,Fundacja Staniaszek-Leśko s.c. sp.k.,6603498242,967490713,PL,Ząbki,61-847,al. Cegielniana 83/32,kontakt@fundacja.pl,+48 81 708 90 96,dostawca,Wiktor Szkoła,2025-12-22,aktywny
1933,Tymczyszyn Sp. z o.o. Sp.k. Sp. z o.o.,,167544253,PL,Bydgoszcz,43-993,ul. Kołłątaja 45,kontakt@tymczyszyn.pl,+48 74 235 36 21,oba,Julianna Malisz,2022-03-19,aktywny
1934,Stowarzyszenie Żach Sp.k. Spółka z o.o.,2352560087,444702357,pl,Legnica,70-379,aleja Norwida 99,kontakt@stowarzyszenie.pl,+48 87 499 18 67,klient,Ryszard Sykut,2021-10-08,aktywny
1935,Fundacja Ekert S.A. Sp. z o.o.,5205353130,872011818,PL,Rybnik,60-928,pl. Mieszka I 01/58,kontakt@fundacja.pl,+48 76 378 57 62,klient,Kaja Barankiewicz,2024-04-02,aktywny
1936,Fundacja Węgrzynek-Ścieszka S.A. sp.k.,3423221098,191480006,PL,Kraków,26-007,aleja Staszica 72,kontakt@fundacja.pl,+48 85 377 43 38,oba,pan Przemysław Gałęza,2021-10-12,aktywny
1937,Gabinety Chachaj-Powierża Sp. z o.o. Sp.k. Spółka z o.o.,1408783431,831125753,PL,Legionowo,09-654,plac Reja 285,kontakt@gabinety.pl,+48 72 705 79 29,oba,Marianna Łój,2023-12-19,aktywny
1938,Kondej-Grębowiec s.c. sp. z o.o.,1168231375,768628497,PL,Żary,25-964,aleja Zamkowa 07/38,kontakt@kondej-grębowiec.pl,+48 75 211 93 11,klient,Karina Raba,2024-11-07,aktywny
1939,Fundacja Strzoda Sp.k. Spółka z o.o.,2657896353,488288546,PL,Polkowice,15-124,al. Piłsudskiego 278,kontakt@fundacja.pl,+48 68 389 54 26,dostawca,Konrad Szlaga,2022-12-13,aktywny
1940,Grupa Pawliczek-Bartuś Sp. z o.o. Spółka z o.o.,8882372540,417213020,PL,Kalisz,10-050,aleja Kochanowskiego 44,kontakt@grupa.pl,+48 27 754 51 35,dostawca,pan Natan Wesoły,2021-11-13,aktywny
1941,FPUH Machul S.A.,8828050348,461216890,PL,Sochaczew,89-679,al. Młyńska 61/99,kontakt@fpuh.pl,+48 40 667 77 33,oba,pan Rafał Fojt,2025-11-06,aktywny
1942,Fundacja Knieć-Hrabia Sp.j. Spółka z o.o.,7676660826,680180973,PL,Zduńska Wola,99-467,al. Klonowa 96/83,kontakt@fundacja.pl,+48 49 428 99 74,dostawca,Stefan Ficoń,2021-06-11,aktywny
1943,Grupa Gruchot sp. z o.o.,0753136856,748730383,PL,Turek,92-376,ulica Kruczkowskiego 265,kontakt@grupa.pl,+48 24 480 27 60,klient,Róża Delekta,2021-08-17,aktywny
1944,Milka-Pałac S.A. Sp. z o.o.,7414430108,964651432,PL,Bielsko-Biała,75-078,plac Chełmońskiego 07/05,kontakt@milka-pałac.pl,+48 21 384 46 55,klient,Malwina Pachnik,2024-11-03,nieaktywny
1945,Picheta-Filas i syn s.c. Spółka z o.o.,7443319974,203814391,PL,Płock,43-505,pl. Jana Pawła II 010,kontakt@picheta-filas.pl,+48 98 971 56 39,klient,Ewa Białach,2023-04-14,nieaktywny
1946,Kudela-Kus Sp. z o.o. sp.k.,7296970101,905312037,PL,Cieszyn,05-138,al. Hutnicza 34/75,kontakt@kudela-kus.pl,+48 37 910 91 48,klient,pan Kamil Siejak,2023-11-11,aktywny
1947,PPUH Męcik sp.k.,7585861884,643945087,PL,Skawina,27-367,ul. Gajowa 49,kontakt@ppuh.pl,+48 71 624 61 16,oba,Natasza Behrendt,2022-01-09,aktywny
1948,Czermak Sp. z o.o. Sp.k. sp.k.,9279437635,652943832,PL,Kutno,32-994,pl. Kossaka 432,kontakt@czermak.pl,+48 73 395 84 15,klient,Nikodem Oleksiewicz,2022-12-18,aktywny
1949,FPUH Karczmarz i syn s.c. sp. z o.o.,473-148-36-82,597490015,PL,Biłgoraj,53-434,plac Sawickiej 24/68,kontakt@fpuh.pl,+48 69 582 73 42,klient,pani Julita Szóstak,2025-09-15,aktywny
1950,FPUH Koman Sp. z o.o. Sp.k. S.A.,,274004414,PL,Warszawa,06-831,ulica Sosnowa 60/14,kontakt@fpuh.pl,+48 26 986 33 97,oba,Kacper Wochnik,2021-12-25,aktywny
1951,Kołata Sp. z o.o. sp. z o.o.,,558124489,PL,Bielawa,99-347,plac Kruczkowskiego 71,kontakt@kołata.pl,+48 38 713 36 35,klient,Ksawery Lelonek,2023-12-01,aktywny
1952,Kielich Sp.k. Spółka z o.o.,4853123447,320744105,PL,Sandomierz,93-203,aleja Korczaka 36/93,kontakt@kielich.pl,+48 77 930 45 84,oba,Dawid Łaciak,2021-08-02,aktywny
1953,Serzysko Sp. z o.o. sp.k.,4651242108,517469349,PL,Bochnia,07-539,ul. Konopnickiej 78/10,kontakt@serzysko.pl,+48 70 670 97 21,dostawca,Ewelina Orman,2020-10-08,aktywny
1954,Czura-Zawiasa S.A. Sp. J.,3648116592,475393879,PL,Zawiercie,90-975,plac Mieszka I 92/90,kontakt@czura-zawiasa.pl,+48 81 925 90 57,oba,Franciszek Kutera,2023-06-14,aktywny
1955,Dylak-Panicz Sp.j. sp.k.,379-313-63-67,461264615,PL,Świdnik,12-249,al. Grunwaldzka 08/12,kontakt@dylak-panicz.pl,+48 33 600 61 69,dostawca,Marianna Roskosz,2026-05-21,aktywny
1956,Ryndak i syn s.c. S.A.,5935861347,195883898,PL,Lubartów,74-311,al. Lazurowa 53,kontakt@ryndak.pl,+48 43 709 19 84,dostawca,Dawid Szołtysik,2023-01-10,aktywny
1957,FPUH Elert sp.k.,088-426-72-34,315268059,PL,Gniezno,87-799,pl. Maja 67/39,kontakt@fpuh.pl,+48 97 930 72 61,klient,pan Krzysztof Klamka,2024-08-19,nieaktywny
1958,PPUH Tomaszczyk-Prażuch Sp. z o.o. Sp.k. Sp. z o.o.,111-391-54-86,100239019,PL,Chorzów,86-433,ul. Fredry 501,kontakt@ppuh.pl,+48 47 287 35 62,dostawca,Ada Klekot,2026-02-27,aktywny
1959,FPUH PASZKOWIAK SP. Z O.O. SP. Z O.O.,4990108619,959238248,PL,Kraśnik,64-491,ul. Średnia 36/36,kontakt@fpuh.pl,+48 43 945 68 87,klient,pani Klara Klus,2024-01-21,aktywny
1960,Gabinety Derek Sp.k. Sp. J.,9915738060,587682121,PL,Jaworzno,59-947,ul. Tęczowa 66,kontakt@gabinety.pl,+48 70 782 39 59,dostawca,Sara Tłuczek,2022-08-05,nieaktywny
1961,Grupa Nieradko-Kubów Sp.k. sp.k.,6102372642,340218578,Polska,Mysłowice,58-660,ul. Górnicza 228,kontakt@grupa.pl,+48 18 472 75 59,oba,Marcelina Góraj,2025-06-24,nieaktywny
1962,PPUH Dybiec-Pietrewicz Sp. z o.o. Sp.k. Spółka z o.o.,5971557937,268530002,PL,Swarzędz,69-109,aleja Głowackiego 77/72,kontakt@ppuh.pl,+48 70 107 25 24,oba,Kazimierz Minkina,2024-04-27,aktywny
1963,Fundacja Szambelan Sp. z o.o. sp.k.,1773260962,645435549,PL,Żywiec,25-935,al. Konstytucji 3 Maja 05/01,kontakt@fundacja.pl,+48 63 620 80 98,oba,Marcel Nijak,2025-04-08,aktywny
1964,Grupa Franiak i syn s.c. Sp. z o.o.,859-735-86-77,991155592,PL,Nysa,43-495,ul. Słowicza 29,kontakt@grupa.pl,+48 38 813 34 62,dostawca,pani Malwina Hołysz,2023-08-09,nieaktywny
1965,Kopytko s.c. Sp. z o.o.,2632767659,738369591,PL,Bolesławiec,11-664,aleja Kaliska 005,kontakt@kopytko.pl,+48 44 853 52 76,dostawca,Jan Czenczek,2024-11-25,aktywny
1966,Spółdzielnia Owczarczak-Kostek s.c. Spółka z o.o.,9471553476,371379201,PL,Kluczbork,82-186,al. Wybickiego 570,kontakt@spółdzielnia.pl,+48 93 136 91 26,dostawca,Kacper Kudłacz,2020-10-27,aktywny
1967,Tondera-Hyjek Sp. z o.o. sp. z o.o.,7729084898,527739855,PL,Wałbrzych,14-749,aleja Kossaka 18,kontakt@tondera-hyjek.pl,+48 40 757 89 43,dostawca,Piotr Neugebauer,2020-11-10,aktywny
1968,Spółdzielnia Sot Spółka z o.o.,4807805383,331833949,PL,Polkowice,03-412,pl. Armii Krajowej 23,kontakt@spółdzielnia.pl,+48 79 480 61 84,klient,Kalina Adrian,2022-08-26,aktywny
1969,Dub-Nasiadka Sp.k. Sp. z o.o.,3696480404,609725187,PL,Bielawa,03-394,ulica Maja 302,kontakt@dub-nasiadka.pl,+48 69 314 17 45,klient,Tymoteusz Siwczak,2024-07-02,aktywny
1970,Spółdzielnia Kuliberda Sp.k. S.A.,3240510268,487582309,PL,Ząbki,58-373,aleja Grottgera 40/57,kontakt@spółdzielnia,+48 79 562 90 84,dostawca,Jacek Ścibisz,2022-11-13,aktywny
1971,FPUH Doktór Sp. z o.o. Sp.k. Spółka z o.o.,6746466030,334516508,PL,Sieradz,87-796,al. Piaskowa 68/73,kontakt@fpuh.pl,+48 73 301 83 89,dostawca,pani Agnieszka Pacia,2023-07-11,aktywny
1972,Litwińczuk-Skierka Sp.k. sp.k.,2094101026,774616221,PL,Kielce,36-390,pl. Nałkowskiej 65/83,kontakt@litwińczuk-skierka.pl,+48 66 145 71 78,klient,Dorota Bicz,2024-03-27,aktywny
1973,PPUH Szczepan Spółka z o.o.,8497797383,310788714,PL,Głogów,85-963,plac Daszyńskiego 67,kontakt@ppuh.pl,+48 13 537 21 43,dostawca,Justyna Kruzel,2022-12-20,nieaktywny
1974,PPUH Rudzik S.A.,5478935055,817991230,PL,Zamość,20-031,pl. Fredry 870,kontakt@ppuh.pl,+48 63 132 33 69,klient,Andrzej Miśkowiec,2025-01-30,nieaktywny
1975,Gabinety Gęca s.c. S.A.,5670718127,743938244,PL,Bielawa,28-673,pl. Jadwigi 69,kontakt@gabinety.pl ,+48 41 836 61 22,klient,pani Malwina Buśko,2021-10-15,aktywny
1976,Stowarzyszenie Skiepko S.A.,7459984131,366782407,PL,Toruń,47-739,ulica Wiślana 672,kontakt@stowarzyszenie.pl,+48 63 612 67 11,dostawca,Mikołaj Wasilewicz,2026-03-22,aktywny
1977,Bak-Jarczak i syn s.c. Sp. z o.o.,7910651063,387041397,PL,Łowicz,98-201,ul. Wieniawskiego 737,kontakt@bak-jarczak.pl,+48 74 136 68 77,klient,Tola Skrzecz,2023-12-09,aktywny
1978,FPUH MIK SP. J.,4830348579,328778657,PL,Wodzisław Śląski,86-644,pl. Norwida 01/62,kontakt@fpuh.pl,+48 53 775 46 98,oba,pani Sandra Świstek,2020-08-21,nieaktywny
1979,Berendt S.A. Spółka z o.o.,9272809039,226362320,PL,Szczytno,90-652,aleja Irysowa 28,kontakt@berendt.pl,+48 81 989 74 41,oba,Fabian Szela,2024-12-06,aktywny
1980,Spółdzielnia Piekart Spółka z o.o.,3167859842,380345875,PL,Kielce,18 931,al. Morelowa 79,kontakt@spółdzielnia.pl,+48 16 664 81 94,oba,pani Klara Sierpień,2024-02-05,nieaktywny
1981,Sieradzan S.A. sp.k.,3032075600,865841995,PL,Zamość,85-362,ul. Tuwima 65,kontakt@sieradzan.pl,+48 30 533 89 89,klient,Róża Leoniuk,2021-12-13,aktywny
1982,Spółdzielnia Królczyk sp. z o.o.,302-999-66-32,335090262,PL,Oświęcim,87-390,aleja Prusa 08/57,kontakt@spółdzielnia.pl,+48 87 942 31 41,dostawca,Liwia Hennig,2025-01-14,aktywny
1983,FPUH Tabak-Knieć Sp. z o.o. Sp.k. Sp. z o.o.,3079915400,963621889,PL,Ełk,44-978,aleja Kaszubska 91,kontakt@fpuh.pl,+48 98 574 36 30,klient,Kazimierz Sinkiewicz,2021-11-16,aktywny
1984,Sutor Sp.k. Sp. J.,9531850049,237463485,PL,Biała Podlaska,45-849,plac Malczewskiego 37/06,kontakt@sutor.pl,+48 21 780 78 27,oba,Lidia Dadej,2020-12-29,aktywny
1985,Gabinety Froń-Ciochoń Sp.j. Sp. J.,6820481094,355028540,PL,Lubin,32-453,plac Wojska Polskiego 15,kontakt@gabinety.pl,+48 55 404 77 46,oba,pan Bruno Wikło,2025-08-02,aktywny
1986,Krenc-Barszczak Sp. z o.o. Sp.k. sp.k.,5779739828,390871557,PL,Tychy,23-772,ul. Wiązowa 818,kontakt@krenc-barszczak.pl,+48 92 796 51 40,oba,pan Maksymilian Romańczyk,2021-09-25,aktywny
1987,PPUH Zeman-Saran s.c. Sp. z o.o.,8272382646,241201484,PL,Pabianice,11-618,ul. Sosnowa 99,kontakt@ppuh.pl,+48 23 616 53 33,dostawca,pani Sonia Szymała,2024-08-26,aktywny
1988,Grupa Dziuban Sp. z o.o. Sp.k. Sp. J.,6881559034,157592937,pl,Lublin,92-338,pl. Kruczkowskiego 67,kontakt@grupa.pl,+48 84 533 89 52,dostawca,Oskar Pastor,2023-06-30,aktywny
1989,Bak-Kilar S.A. S.A.,6150488495,893979483,POL,Łaziska Górne,68-942,ul. Wyzwolenia 51/42,kontakt.bak-kilar.pl,+48 52 854 13 75,oba,Tymon Rudowicz,2022-01-31,aktywny
1990,Gabinety Brózda-Masłoń Sp. z o.o. Sp.k. Spółka z o.o.,6403507693,487740922,PL,Radomsko,06-880,pl. Nałkowskiej 31,kontakt@gabinety.pl,+48 56 715 99 36,dostawca,Juliusz Syroka,2024-04-15,aktywny
1991,Stowarzyszenie Cymbała Sp. z o.o. Sp.k. Sp. z o.o.,0822775477,924246267,PL,Mińsk Mazowiecki,49-478,ulica Prusa 54/90,kontakt@stowarzyszenie.pl,+48 91 608 73 44,dostawca,Robert Lemieszek,2022-07-29,aktywny
1992,Orszulik i syn s.c. Sp. J.,1238724931,618109957,PL,Lubliniec,26-663,plac Świerczewskiego 53/10,kontakt@orszulik.pl,+48 89 139 12 73,klient,Janina Romejko,2023-10-03,nieaktywny
1993,Grupa Gajcy Sp.k. Spółka z o.o.,9484967412,568556116,PL,Gorzów Wielkopolski,42-017,ul. Zacisze 79/26,kontakt@grupa.pl,+48 27 302 96 82,dostawca,pani Nela Drobnik,2025-04-15,aktywny
1994,  Osik-Duczmal i syn s.c. S.A.,1255935027,933785479,PL,Chojnice,19-702,ul. Miłosza 87,kontakt@osik-duczmal.pl,+48 66 557 43 89,oba,Marcin Kurtyka,2020-10-16,aktywny
1995,Siebert s.c. Sp. z o.o.,2272765315,403897701,PL,Leszno,51-581,aleja Rycerska 76,kontakt@siebert.pl,+48 25 810 90 35,dostawca,pan Ernest Łuszczak,2021-09-18,aktywny
1996,Spółdzielnia Sobiło Sp. J.,5595562165,699409486,PL,Lębork,88-463,ul. Rycerska 45/99,kontakt@spółdzielnia.pl,+48 37 481 94 71,oba,Mariusz Żmija,2025-03-17,aktywny
1997,Parzyszek-Litwińczuk Sp. z o.o. Sp.k. Sp. z o.o.,8950491086,548153181,PL,Legionowo,07-011,ulica Chopina 68/38,kontakt@parzyszek-litwińczuk.pl,+48 48 305 20 70,klient,pan Dominik Szymała,2024-09-17,nieaktywny
1998,FPUH Duszczyk Sp. J.,7852197936,339516936,PL,Sosnowiec,22-609,plac Jana III Sobieskiego 030,kontakt@fpuh.pl,+48 82 492 15 88,oba,Mateusz Adrian,2023-04-12,nieaktywny
1999,Rogula-Drela Sp.k. Sp. J.,6089888505,194484018,PL,Szczytno,59-696,plac Daszyńskiego 82,kontakt@rogula-drela.pl,+48 58 480 80 35,oba,Kaja Dusik,2021-06-08,aktywny
2000,Grupa Seta-Sawko S.A. Spółka z o.o.,3202640098,860383664,PL,Żywiec,86-136,ul. Wierzbowa 51,kontakt@grupa.pl,+48 98 794 40 37,oba,Andrzej Makles,2025-06-02,aktywny
2001,Klatka-Szlachcic SP. Z O.O.,3074645203,445146772,PL,Kołobrzeg,04-988,ul. Kopernika 181,biuro@klatka-szlachcic.pl,+48 11 374 98 36,oba,Wiktor Achtelik,2026-01-14,aktywny
2002,Heczko Spółka z ograniczoną odpowiedzialnością,5653286323,960892562,PL,Gliwice,02-422,ulica Toruńska 344,biuro@heczko.pl,+48 63 519 68 76,oba,Filip Buśko,2024-08-12,nieaktywny
2003,Fiedoruk-Fita s.c. Sp. z o.o.,1823601076,233875517,PL,Polkowice,06-069,ul. Polna 787,biuro@fiedoruk-fita.pl,+48 61 202 55 92,oba,Krystyna Macheta,2023-01-19,nieaktywny
2004,Kozok-Hejna SP. Z O.O.,9305966012,694095087,PL,Zgierz,01-173,ul. Strażacka 68,biuro@kozok-hejna.pl,+48 97 394 78 69,dostawca,Stefan Kostorz,2026-05-18,aktywny
2005,Grupa Beck-Mały i syn s.c. SP. Z O.O.,8581970157,147550454,PL,Iława,21-503,ulica Piwna 53/37,biuro@grupa.pl,+48 83 542 73 87,dostawca,Róża Wojniak,2022-01-15,aktywny
2006,Stein SP. Z O.O.,8889178798,178005036,PL,Brodnica,37-273,al. Skłodowskiej-Curie 239,biuro@stein.pl,+48 14 479 85 64,klient,Józef Mysiak,2024-08-17,aktywny
2007,Fundacja Makaruk sp.k. Sp. z o.o.,6933276332,376887926,PL,Zamość,98-219,ulica Chełmońskiego 945,biuro@fundacja.pl,+48 30 645 55 99,dostawca,Borys Bystroń,2022-05-06,aktywny
2008,GABINETY WYRWICH SPÓŁKA Z O.O. SP. Z O.O.,0361920259,994776964,PL,Nowy Sącz,48-272,ul. Wyzwolenia 18,biuro@gabinety.pl,+48 86 303 76 71,klient,Nela Golenia,2022-11-30,aktywny
2009,Ogonek s.c. Spółka z ograniczoną odpowiedzialnością,1541520645,879524067,PL,Świebodzice,23-642,pl. Wybickiego 056,biuro@ogonek.pl,+48 65 771 21 22,klient,pani Anastazja Litwiniuk,2022-12-14,aktywny
2010,PPUH Karmelita-Kolarz Sp. z o.o.,6760083503,445973716,PL,Ciechanów,38-662,ulica Pałacowa 137,biuro@ppuh.pl,+48 13 792 10 90,oba,Liwia Kobel,2023-05-08,aktywny
2011,Spółdzielnia Dylak Spółka z ograniczoną odpowiedzialnością,7842701037,746030501,PL,Zamość,33-675,aleja Grottgera 179,biuro@spółdzielnia.pl,+48 13 639 71 10,dostawca,pan Cezary Lelito,2022-10-26,aktywny
2012,Spółdzielnia Smektała-Drabczyk SP. Z O.O.,8193242684,574214661,PL,Tarnów,66-362,aleja Pałacowa 251,biuro@spółdzielnia.pl,+48 99 907 42 97,klient,pani Anna Maria Langiewicz,2025-06-10,aktywny
2013,FPUH Ładziak sp. z o.o. SP. Z O.O.,1105833093,564554816,PL,Czeladź,71-243,al. Wyspiańskiego 18/56,biuro@fpuh.pl,+48 36 719 67 89,oba,Bartek Litwiniuk,2023-10-24,nieaktywny
2014,Grupa Kapciak SP. Z O.O.,1986424235,992968317,PL,Sanok,36-203,pl. Bema 92,biuro@grupa.pl,+48 86 560 30 76,klient,pani Sandra Kośka,2023-03-25,aktywny
2015,FPUH Katana sp.k. Spółka z ograniczoną odpowiedzialnością,2071518202,366012797,PL,Sandomierz,70-430,ul. Korczaka 17/96,biuro@fpuh.pl,+48 67 636 76 88,klient,Filip Pacholczak,2024-08-21,aktywny
2016,Mudlaff-Płaneta Sp. z o.o.,4800226423,471692249,PL,Zielona Góra,18-697,pl. Broniewskiego 98/01,biuro@mudlaff-płaneta.pl,+48 95 237 11 52,dostawca,Monika Sypek,2023-11-19,aktywny
2017,Gabinety Broniarek Spółka z ograniczoną odpowiedzialnością,7002842764,244405651,PL,Świdnica,60-171,al. Topolowa 82/77,biuro@gabinety.pl,+48 60 599 24 82,oba,Nela Mikusek,2026-01-22,aktywny
2018,Podsiedlik-Posłuszny i syn s.c. Spółka z ograniczoną odpowiedzialnością,2311775336,213206543,PL,Grodzisk Mazowiecki,64-105,pl. Paderewskiego 95,biuro@podsiedlik-posłuszny.pl,+48 60 873 63 18,klient,Łukasz Kloska,2023-05-14,aktywny
2019,Spółdzielnia Micał SP. Z O.O.,7706736825,950837330,PL,Puławy,63-791,al. Tysiąclecia 58,biuro@spółdzielnia.pl,+48 57 882 10 58,oba,Wiktor Hein,2022-03-03,aktywny
2020,Oczko-Ośko i syn s.c. SP. Z O.O.,2339220718,456256926,PL,Łuków,83-105,aleja Wolności 13/07,biuro@oczko-ośko.pl,+48 23 513 83 99,oba,Cezary Mirga,2024-11-25,aktywny
2021,Stowarzyszenie Widuch Sp. z o.o.,009-004-04-79,509547590,PL,Świętochłowice,78-808,plac Poniatowskiego 57/49,biuro@stowarzyszenie.pl,+48 23 154 57 37,oba,Miłosz Gęsiarz,2022-09-12,nieaktywny
2022,FPUH Tyniec Sp. z o.o.,4973348433,419561201,PL,Lubartów,91-481,ul. Poprzeczna 43,biuro@fpuh.pl,+48 37 806 72 50,dostawca,Krystyna Białasik,2024-06-20,aktywny
2023,Balawender i syn s.c. Sp. z o.o.,2660235153,641131391,PL,Bielawa,98-200,al. Łabędzia 48,biuro@balawender.pl ,+48 14 172 57 35,oba,Albert Kopytko,2020-08-09,aktywny
2024,PPUH Wota Spółka z ograniczoną odpowiedzialnością,1467741865,298514700,Poland,Września,51-602,aleja Gołębia 924,biuro@ppuh.pl,+48 59 478 33 67,klient,Łukasz Rudzik,2023-07-06,aktywny
2025,Kozok-Polakiewicz i syn s.c. sp.k. Sp. z o.o.,0888196643,969268634,PL,Bochnia,81-921,plac Bolesława Chrobrego 948,biuro@kozok-polakiewicz.pl,+48 31 292 24 83,klient,Kamil Bączkiewicz,2020-12-17,aktywny
2026,PPUH Wołodźko SP. Z O.O.,5920559671,444859212,PL,Żyrardów,68-877,aleja Długosza 51,biuro@ppuh.pl,+48 74 713 87 21,klient,Fryderyk Bulak,2022-09-02,aktywny
2027,Trybus SP. Z O.O.,7069556077,568464805,PL,Bartoszyce,10-385,ulica Witosa 12/37,biuro@trybus.pl,+48 65 191 65 42,dostawca,Piotr Kaziród,2023-02-14,aktywny
2028,Jakóbiak-Owczarczak SP. Z O.O.,1041459641,850185649,PL,Gdańsk,87-141,ul. Jesienna 47,biuro@jakóbiak-owczarczak.pl,+48 28 697 68 25,klient,Leonard Jośko,2024-02-20,nieaktywny
2029,Sadza Spółka z ograniczoną odpowiedzialnością,7837568162,612122606,PL,Swarzędz,96-451,pl. Fredry 867,biuro@sadza.pl,+48 38 413 96 14,dostawca,pani Sandra Wincenciak,2022-12-02,aktywny
2030,Stowarzyszenie Cymbała Sp. z o.o.,0822775477,924246267,PL,Mińsk Mazowiecki,49-478,ulica Prusa 54/90,biuro@stowarzyszenie.pl,+48 91 608 73 44,dostawca,Robert Lemieszek,2022-07-29,aktywny
2031,Borysiak-Wojsław Sp. z o.o.,0934099165,833331493,PL,Bielsko-Biała,59-160,al. Dolna 56/50,biuro@borysiak-wojsław.pl,+48 15 656 24 18,klient,Fryderyk Bork,2025-03-05,aktywny
2032,Karkut-Kieca Spółka z ograniczoną odpowiedzialnością,4607001444,219434017,PL,Chojnice,89-035,plac Kościuszki 63,biuro@karkut-kieca.pl,+48 11 938 58 75,oba,pani Sylwia Warmuz,2025-04-12,nieaktywny
2033,FPUH Kubasiewicz s.c. SP. Z O.O.,9098624055,689360922,PL,Bydgoszcz,62-120,plac Kraszewskiego 33/56,biuro@fpuh.pl,+48 11 820 81 55,klient,pani Sylwia Olbrych,2023-09-21,nieaktywny
2034,Grupa Grądziel Spółka z ograniczoną odpowiedzialnością,8102131253,169749378,PL,Goleniów,10-453,plac Partyzantów 176,biuro@grupa.pl,+48 84 920 40 21,klient,Anita Paleń,2020-08-31,aktywny
2035,Wlazły-Gosek Sp. z o.o.,7811266913,896106713,PL,Wągrowiec,04 368,aleja Dolna 97/52,biuro@wlazły-gosek.pl,+48 19 472 35 53,klient,Marika Kuk,2025-02-02,aktywny
2036,Nędzi-Kasznia SP. Z O.O.,4690819747,801402523,PL,Dzierżoniów,42 188,ul. Wrzosowa 130,biuro@nędzi-kasznia.pl,+48 15 446 63 43,klient,Gabriel Kiszczak,2024-04-23,nieaktywny
2037,Cibor s.c. SP. Z O.O.,9484226236,840969588,PL,Kluczbork,65-438,aleja Księżycowa 49,biuro@cibor.pl,+48 12 314 63 11,dostawca,Julian Startek,2022-01-25,aktywny
2038,Szambelan-Ciastek Spółka z ograniczoną odpowiedzialnością,1602529860,836907565,PL,Zgorzelec,16-176,ulica Szymanowskiego 40,biuro@szambelan-ciastek.pl,+48 12 597 93 95,dostawca,Konstanty Szczepaniuk,2025-04-18,aktywny
2039,Fundacja Strzoda SP. Z O.O.,2657896353,488288546,PL,Polkowice,15-124,al. Piłsudskiego 278,biuro@fundacja.pl,+48 68 389 54 26,dostawca,Konrad Szlaga,2022-12-13,aktywny
2040,Fundacja Koniecko Spółka z ograniczoną odpowiedzialnością,4883192134,400632183,PL,Jawor,30-313,pl. Wyzwolenia 511,biuro@fundacja.pl,+48 44 677 23 26,oba,Tadeusz Trzos,2024-11-07,aktywny
2041,Cacko i syn s.c. sp. z o.o. Sp. z o.o.,7676945919,752078737,PL,Mysłowice,74-130,pl. Pułaskiego 797,biuro@cacko.pl,+48 65 304 82 55,dostawca,Andrzej Matla,2021-04-12,aktywny
2042,Grupa Hajder-Świerad i syn s.c. SP. Z O.O.,6320374768,600738478,PL,Gniezno,22-969,pl. Sucharskiego 68,biuro@grupa.pl,+48 58 309 69 26,dostawca,pan Mieszko Kubek,2021-02-18,aktywny
2043,Engler Spółka z ograniczoną odpowiedzialnością,8687653262,749155592,PL,Jarocin,85-505,ul. Jana 07/59,biuro@engler,+48 84 610 40 74,dostawca,pani Ewelina Tywoniuk,2025-03-01,nieaktywny
2044,FPUH Prokopiak Spółka z ograniczoną odpowiedzialnością,0154303911,191969690,PL,Chojnice,75-409,plac Piłsudskiego 71/01,biuro@fpuh.pl,+48 19 878 78 26,klient,Damian Jenek,2025-11-20,nieaktywny
2045,Kudela-Kus Sp. z o.o.,7296970101,905312037,PL,Cieszyn,05-138,al. Hutnicza 34/75,biuro@kudela-kus.pl,+48 37 910 91 48,klient,pan Kamil Siejak,2023-11-11,aktywny
2046,Grupa Lesner sp.k. Spółka z ograniczoną odpowiedzialnością,8479513719,186082315,PL,Czechowice-Dziedzice,13-104,pl. Szymanowskiego 338,biuro@grupa.pl,+48 33 395 19 23,klient,Nicole Mętel,2023-08-27,aktywny
2047,FPUH Sajewicz SP. Z O.O.,5651269444,675638242,pl,Tarnowskie Góry,48-844,al. Wodna 03/57,biuro@fpuh.pl,+48 83 474 88 45,oba,pan Marek Musiała,2025-01-05,aktywny
2048,Grupa Rode sp. z o.o. Spółka z ograniczoną odpowiedzialnością,3300805637,134438525,PL,Katowice,82-485,pl. Konarskiego 27,kontakt.grupa.pl,+48 84 270 90 42,oba,Kacper Owsiany,2022-02-13,aktywny
2049,FPUH Sykała i syn s.c. sp.k. SP. Z O.O.,0782633379,350958360,PL,Chorzów,26-191,al. Rajska 049,biuro@fpuh.pl,+48 70 448 20 50,klient,Anastazja Ubysz,2025-05-14,aktywny
2050,PPUH Klinger s.c. sp. z o.o. Spółka z ograniczoną odpowiedzialnością,7532735243,169592233,PL,Nowy Targ,64-546,ul. Władysława Łokietka 96,biuro@ppuh.pl,+48 37 691 69 68,klient,Dawid Brodowicz,2025-07-14,nieaktywny
2051,WIEWIÓRKA-BORCZYK SP. Z O.O. SP. Z O.O. Sp. z o.o.,0285327272,909547419,PL,Kraków,45-959,ulica Czarnieckiego 386,biuro@wiewiórka-borczyk.pl,+48 66 706 81 92,klient,Patryk Smoter,2023-06-02,aktywny
2052,Stowarzyszenie Tutka Spółka z ograniczoną odpowiedzialnością,2018596265,363067825,PL,Dębica,74-230,ulica Ciasna 93/17,biuro@stowarzyszenie.pl,+48 26 346 60 72,dostawca,Błażej Solich,2022-06-29,aktywny
2053,Godyń i syn s.c. Sp. z o.o.,9586639925,679762155,PL,Czechowice-Dziedzice,40-343,aleja Kielecka 043,biuro@godyń.pl,+48 83 637 71 30,oba,pani Elżbieta Oleśkiewicz,2026-02-17,aktywny
2054,FPUH Szymanik Spółka z ograniczoną odpowiedzialnością,5496919285,402684735,PL,Bartoszyce,55-563,ulica Kasprowicza 95,biuro@fpuh.pl,+48 58 926 98 26,dostawca,pani Lidia Toborek,2025-11-13,aktywny
2055,Broncel s.c. sp.k. SP. Z O.O.,2653371702,673263738,PL,Świdnik,15-364,ul. Pałacowa 32/74,biuro@broncel.pl,+48 50 725 43 31,dostawca,Józef Myga,2023-10-31,aktywny
2056,Szajna-Heinrich i syn s.c. Sp. z o.o.,7429220417,537303805,PL,Radomsko,07-168,aleja Narutowicza 527,biuro@szajna-heinrich.pl,+48 80 887 32 25,dostawca,pani Monika Skoneczna,2023-04-05,aktywny
2057,Stowarzyszenie Zysk i syn s.c. Spółka z ograniczoną odpowiedzialnością,3461571736,250262600,PL,Nowa Sól,38-612,ulica Nałkowskiej 368,biuro@stowarzyszenie,+48 35 125 85 40,dostawca,Ewa Synak,2024-12-01,aktywny
2058,Fundacja Seidel SP. Z O.O.,9792703354,267494290,PL,Nowy Dwór Mazowiecki,79-941,ul. Mickiewicza 56/16,biuro@fundacja.pl,+48 25 857 16 41,oba,Rozalia Gałach,2022-03-19,nieaktywny
2059,Piórek Spółka z ograniczoną odpowiedzialnością,1879938443,382831675,Polska,Zgorzelec,28-630,plac Daszyńskiego 22,biuro@piórek.pl,+48 50 476 75 78,klient,Iwo Watras,2021-09-24,nieaktywny
2060,Rosada-Panicz i syn s.c. Sp. z o.o.,443-861-25-98,964439252,PL,Nowy Dwór Mazowiecki,18-004,ul. Zielna 911,biuro@rosada-panicz.pl,+48 49 568 93 30,oba,Witold Kusik,2022-02-06,aktywny
2061,Kuncewicz-Radke i syn s.c. Sp. z o.o.,0243736155,848569845,PL,Skierniewice,25-849,al. Waryńskiego 163,biuro@kuncewicz-radke.pl,+48 37 488 61 27,dostawca,Paweł Kasperczak,2021-06-11,aktywny
2062,Nieroda Sp. z o.o.,8496498566,132147781,PL,Piekary Śląskie,75-447,al. Wyzwolenia 82/27,biuro@nieroda.pl,+48 34 928 51 64,klient,Cyprian Jeske,2024-07-27,aktywny
2063,Fundacja Tylka Spółka z ograniczoną odpowiedzialnością,9839301033,172370545,PL,Sanok,01-977,pl. Dąbrowskiej 81,biuro@fundacja.pl,+48 53 172 75 40,dostawca,Dorota Ziarek,2026-01-01,aktywny
2064,FPUH Piejko Sp. z o.o.,4588165020,486886558,PL,Zgorzelec,25-501,plac Jana Pawła II 158,biuro@fpuh.pl,+48 49 607 28 43,klient,Michał Teter,2021-08-25,aktywny
2065,Fundacja Rząd Spółka z ograniczoną odpowiedzialnością,8809718615,958212496,PL,Tychy,23-261,al. Jagiellońska 00,biuro@fundacja.pl,+48 27 282 87 38,dostawca,Anna Maria Grzebyk,2024-03-29,nieaktywny
2066,Gabinety Pyziak-Szmaj Spółka z ograniczoną odpowiedzialnością,9469984286,638483167,PL,Toruń,13-741,pl. Asnyka 43,biuro@gabinety.pl,+48 99 960 78 46,dostawca,Arkadiusz Baka,2020-12-17,aktywny
2067,Fundacja Pleban Sp. z o.o.,5187053497,942358213,PL,Sosnowiec,82-010,pl. Jana Pawła II 659,biuro@fundacja.pl,+48 90 348 69 57,oba,Liwia Kolbusz,2026-02-02,nieaktywny
2068,Spółdzielnia Dzidek-Wawrzynek Spółka z ograniczoną odpowiedzialnością,7850898971,973722326,PL,Bielsko-Biała,04-092,pl. Orzeszkowej 96,biuro@spółdzielnia.pl,+48 44 902 73 57,oba,Nataniel Siemieniec,2023-08-13,aktywny
2069,Kuzior-Kinal SP. Z O.O.,0404333357,308659087,PL,Świętochłowice,67 486,pl. Sawickiej 43/47,biuro@kuzior-kinal.pl,+48 86 422 25 60,oba,Leonard Walasik,2023-01-17,aktywny
2070,Jędrzejek i syn s.c. Sp. z o.o.,5739769154,559471600,PL,Tczew,85-564,ulica Bolesława Krzywoustego 001,biuro@jędrzejek.pl,+48 95 977 99 22,oba,pani Kalina Czylok,2024-11-15,aktywny
2071,Domowicz s.c. Spółka z ograniczoną odpowiedzialnością,423-324-16-55,174058729,PL,Suwałki,17-787,ulica Chabrowa 16/17,biuro@domowicz.pl,+48 91 856 42 78,klient,Albert Kaluga,2025-05-30,aktywny
2072,Stowarzyszenie Węgier-Świątkiewicz Spółka z ograniczoną odpowiedzialnością,7080612943,944639764,PL,Wieluń,93-924,aleja Poniatowskiego 15/11,biuro@stowarzyszenie.pl,+48 85 624 57 26,oba,pani Nela Świtaj,2023-11-06,aktywny
2073,Gral-Choina Spółka z ograniczoną odpowiedzialnością,9078956771,564399416,PL,Krosno,50-382,aleja Niecała 478,biuro@gral-choina.pl,+48 58 923 73 50,dostawca,Przemysław Rode,2024-11-05,aktywny
2074,Fundacja Szelest-Poczta SP. Z O.O.,3714708273,256244254,PL,Sieradz,82-240,aleja Rajska 13/82,biuro@fundacja.pl,+48 51 681 14 86,dostawca,Nicole Mizgała,2021-04-04,nieaktywny
2075,Mysiak-Szałaj Spółka z ograniczoną odpowiedzialnością,591-297-51-94,230973310,PL,Bolesławiec,87-293,ulica Konstytucji 3 Maja 68,biuro@mysiak-szałaj.pl,+48 28 304 20 33,klient,Dawid Turczyk,2021-08-02,aktywny
2076,Stowarzyszenie Brzeźniak-Klorek i syn s.c. Sp. z o.o.,5970996250,371351496,PL,Chorzów,36-804,pl. Żwirki i Wigury 76,biuro@stowarzyszenie.pl,+48 76 386 76 13,dostawca,pan Stefan Chadaj,2024-02-17,nieaktywny
2077,Czermak SP. Z O.O.,9279437635,652943832,PL,Kutno,32-994,pl. Kossaka 432,biuro@czermak.pl,+48 73 395 84 15,klient,Nikodem Oleksiewicz,2022-12-18,aktywny
2078,Kluj-Ciochoń Sp. z o.o.,5560932049,694113766,PL,Malbork,27349,ul. Krasickiego 55/62,biuro@kluj-ciochoń.pl,+48 48 256 35 52,klient,pani Natasza Dybiec,2024-10-25,aktywny
2079,Grupa Nieradko-Kubów SP. Z O.O.,6102372642,340218578,Polska,Mysłowice,58-660,ul. Górnicza 228,biuro@grupa.pl,+48 18 472 75 59,oba,Marcelina Góraj,2025-06-24,nieaktywny
2080,Kozdrój Sp. z o.o.,9335984747,275646884,PL,Police,18-861,ulica Miła 026,biuro@kozdrój.pl,+48 84 651 91 41,oba,Błażej Stoch,2024-03-07,aktywny
2081,Durys Sp. z o.o.,3021781671,639016181,PL,Słupsk,46-594,aleja Tuwima 82/08,biuro@durys.pl,+48 60 749 58 92,dostawca,Cezary Gomoła,2023-01-17,aktywny
2082,Bak-Jarczak i syn s.c. Sp. z o.o.,7910651063,387041397,PL,Łowicz,98-201,ul. Wieniawskiego 737,biuro@bak-jarczak.pl,+48 74 136 68 77,klient,Tola Skrzecz,2023-12-09,aktywny
2083,Gabryszak-Długozima Spółka z ograniczoną odpowiedzialnością,7216966630,783347422,PL,Legionowo,19-400,al. Boczna 96,biuro@gabryszak-długozima.pl ,+48 90 329 27 88,oba,Tymon Wiech,2026-03-15,nieaktywny
2084,PPUH Dyda-Zadworny s.c. sp. z o.o. SP. Z O.O.,8091663169,942414476,PL,Zakopane,10-677,aleja Mazowiecka 53/40,biuro@ppuh.pl,+48 89 494 81 70,oba,Wojciech Mydlarz,2023-12-26,aktywny
2085,Judek-Bugiel Spółka z ograniczoną odpowiedzialnością,6170243762,501911728,PL,Kętrzyn,68-086,plac Świerczewskiego 74,biuro@judek-bugiel.pl,+48 57 538 33 78,dostawca,Hubert Jasica,2021-10-11,nieaktywny
2086,Osada Spółka z ograniczoną odpowiedzialnością,1375298830,240304051,PL,Gdańsk,78-063,ul. Długosza 120,biuro@osada.pl,+48 14 931 96 22,klient,Jan Słyk,2024-08-23,aktywny
2087,Stowarzyszenie Słoń i syn s.c. SP. Z O.O.,1315350691,812384153,PL,Marki,27-964,pl. Orzeszkowej 91,biuro@stowarzyszenie.pl,+48 95 289 59 18,dostawca,Kornel Franik,2023-05-26,aktywny
2088,Gabinety Radko sp.k. Spółka z ograniczoną odpowiedzialnością,5327877472,124885365,PL,Świecie,90-849,pl. Skargi 68/50,biuro@gabinety.pl,+48 61 617 68 40,klient,pani Justyna Okraska,2024-07-07,aktywny
2089,FPUH Szklarek-Szpyt Spółka z ograniczoną odpowiedzialnością,2662497532,604200736,PL,Oława,42-730,pl. Nałkowskiej 229,biuro@fpuh.pl,+48 14 814 51 73,oba,Alan Dzikiewicz,2021-08-03,aktywny
2090,PPUH Martyn Sp. z o.o.,1219051885,207125379,PL,Wałbrzych,67-587,ul. Dojazdowa 16/11,biuro@ppuh.pl,+48 83 762 79 76,oba,Bruno Posmyk,2024-11-24,aktywny
2091,Spółdzielnia Fryś-Klaus Spółka z ograniczoną odpowiedzialnością,216-558-52-39,746889670,PL,Jaworzno,24-852,pl. Bolesława Krzywoustego 065,biuro@spółdzielnia.pl,+48 75 141 15 14,klient,Sara Kuder,2024-04-17,aktywny
2092,Stowarzyszenie Dudczak Sp. z o.o.,6597595459,154671014,PL,Wrocław,78-280,aleja Turkusowa 044,biuro@stowarzyszenie.pl,+48 67 876 72 65,oba,Anita Wizner,2020-12-18,aktywny
2093,Lenda-Pałęga SP. Z O.O.,8368060143,460318746,PL,Zambrów,09-412,ulica Fredry 99,biuro@lenda-pałęga.pl,+48 87 257 39 27,dostawca,Apolonia Orawiec,2026-01-01,aktywny
2094,PPUH Oleszko-Prokurat i syn s.c. Sp. z o.o.,0695235782,520678942,PL,Lublin,75-800,aleja Szymanowskiego 46,biuro@ppuh.pl,+48 28 713 49 21,klient,Norbert Wołoszyk,2026-03-25,aktywny
2095,FPUH MIK SP. J. SP. Z O.O.,4830348579,328778657,PL,Wodzisław Śląski,86-644,pl. Norwida 01/62,biuro@fpuh.pl,+48 53 775 46 98,oba,pani Sandra Świstek,2020-08-21,nieaktywny
2096,Tabiś-Betlej SP. Z O.O.,7315663973,709992542,PL,Zduńska Wola,83-331,ulica Poniatowskiego 11,biuro@tabiś-betlej.pl,+48 56 455 24 22,dostawca,pan Eryk Ciesielczyk,2023-10-24,aktywny
2097,Fundacja Tylka Sp. z o.o.,6563370144,166513370,Poland,Nowy Sącz,29-875,ul. Solidarności 65,biuro@fundacja.pl,+48 91 817 55 29,dostawca,Olaf Kasperczak,2021-04-06,aktywny
2098,Sady s.c. Sp. z o.o.,1749058493,876945993,PL,Zgorzelec,10-662,plac Matejki 476,biuro@sady.pl,+48 77 621 20 45,dostawca,Tola Micał,2020-12-12,aktywny
2099,Spółdzielnia Wolańczyk Sp. z o.o.,0017012775,100725768,PL,Nowa Ruda,74-327,al. Norwida 283,biuro@spółdzielnia.pl,+48 36 805 26 93,dostawca,Radosław Kurzydło,2022-05-05,nieaktywny
2100,PPUH ANIOŁA SP.J. SPÓŁKA Z O.O. Sp. z o.o.,705-516-94-07,740926818,PL,Jaworzno,26-821,ul. Floriana 075,biuro@ppuh.pl,+48 44 771 84 83,klient,Eliza Kozień,2021-02-18,aktywny
2101,Rećko i syn s.c. Spółka z ograniczoną odpowiedzialnością,0542960802,771106793,PL,Kłodzko,10-202,ul. Rycerska 73,biuro@rećko.pl ,+48 17 516 36 40,dostawca,Rozalia Żywica,2025-09-19,aktywny
2102,PPUH Jama sp. z o.o. Sp. z o.o.,2113869083,607465413,PL,Mysłowice,23-912,ulica Kilińskiego 42,biuro@ppuh.pl,+48 94 499 73 28,klient,Olga Letkiewicz,2021-11-26,aktywny
2103,Grupa Szczepan-Kaliciak i syn s.c. Sp. z o.o.,341-535-97-70,234206305,PL,Świętochłowice,34-063,aleja Popiełuszki 98/51,biuro@grupa.pl,+48 95 148 24 25,dostawca,Artur Jonczyk,2023-05-22,aktywny
2104,Smorąg-Szwiec SP. Z O.O.,9323822312,897989079,PL,Jelenia Góra,52-926,plac Świerczewskiego 12,biuro@smorąg-szwiec.pl,+48 62 389 88 23,klient,Aurelia Doroba,2023-02-04,aktywny
2105,Gabinety Drygała SP. Z O.O.,3735160917,929084565,PL,Jarosław,40-475,plac Żeromskiego 49,biuro@gabinety.pl,+48 69 774 85 74,klient,Przemysław Płodzień,2026-02-25,aktywny
2106,Szlufik Sp. z o.o.,4743974291,238014139,PL,Bochnia,50-308,ulica Młynarska 67/06,biuro@szlufik.pl,+48 13 226 16 51,oba,Sara Strojna,2025-11-28,aktywny
2107,Stowarzyszenie Bednarowicz Sp. z o.o.,9025590563,204528821,PL,Zakopane,92-816,ulica Żeromskiego 75,biuro@stowarzyszenie.pl,+48 55 465 62 54,klient,Anna Maria Leoniak,2023-04-19,aktywny
2108,Freitag-Dyjas Sp. z o.o.,241-613-94-49,760975575,PL,Tychy,93-540,ulica Plater 66,biuro@freitag-dyjas.pl,+48 99 918 16 57,oba,Kamil Rajczak,2025-11-11,aktywny
2109,Fundacja Dyczko sp. z o.o. Spółka z ograniczoną odpowiedzialnością,6866326633,382372922,PL,Żory,94-096,plac Kilińskiego 66,biuro@fundacja.pl,+48 65 740 40 76,oba,pan Eryk Petrus,2023-08-10,aktywny
2110,Pasieczna Spółka z ograniczoną odpowiedzialnością,5807836131,419662531,PL,Augustów,10-047,al. Długa 01/70,biuro@pasieczna.pl,+48 68 369 54 21,dostawca,Kalina Cader,2021-11-15,aktywny
2111,Gabinety Pyszka Spółka z ograniczoną odpowiedzialnością,7225605311,303546093,PL,Dzierżoniów,55-303,ul. Nałkowskiej 08,biuro@gabinety.pl,+48 16 236 60 63,oba,Apolonia Ellwart,2024-04-09,nieaktywny
2112,Grupa Ostasz-Dudziec s.c. sp.k. SP. Z O.O.,6298056826,104631955,PL,Czechowice-Dziedzice,51-493,pl. Wybickiego 31,biuro@grupa.pl,+48 71 774 56 41,oba,Aurelia Drewa,2020-08-03,aktywny
2113,Miętka Spółka z ograniczoną odpowiedzialnością,2438712956,194889047,PL,Sieradz,39-844,aleja Kopernika 70,biuro@miętka.pl,+48 53 290 15 52,oba,Konrad Nagel,2026-04-19,nieaktywny
2114,Wołczyk-Warych i syn s.c. sp. z o.o. SP. Z O.O.,9981274396,778731073,PL,Lublin,05-609,plac Żwirki i Wigury 219,biuro@wołczyk-warych.pl,+48 29 429 53 23,dostawca,pani Anastazja Jarmuż,2023-08-12,aktywny
2115,Fundacja Mich SP. Z O.O.,9121277567,229640083,POL,Śrem,85-390,aleja Rolnicza 11/42,biuro@fundacja.pl,+48 37 562 49 69,dostawca,Marcin Trochim,2021-11-26,aktywny
2116,Grupa Dzierżak i syn s.c. sp. z o.o. Spółka z ograniczoną odpowiedzialnością,1734024223,794001564,PL,Suwałki,98-309,plac Kilińskiego 216,biuro@grupa.pl,+48 45 196 98 88,oba,Julian Czupryn,2023-02-18,aktywny
2117,Gabinety Kwinta Spółka z ograniczoną odpowiedzialnością,335-548-64-00,168042141,PL,Marki,08-370,al. Kruczkowskiego 094,biuro@gabinety.pl,+48 55 563 72 74,oba,Wojciech Drożdżal,2021-12-07,aktywny
2118,Kluczek Spółka z ograniczoną odpowiedzialnością,1043321817,734036506,PL,Tarnowskie Góry,32-229,ulica Kusocińskiego 81/96,biuro@kluczek.pl,+48 15 130 21 37,klient,Antoni Trzos,2026-03-23,aktywny
2119,Fundacja Łągiewka Spółka z ograniczoną odpowiedzialnością,8293102706,605968226,PL,Gliwice,24-140,plac Kossaka 974,biuro@fundacja.pl,+48 42 818 93 26,klient,pan Miłosz Kwoka,2022-06-28,aktywny
2120,Grupa Gryta-Berg SP. Z O.O.,1027674780,350891920,PL,Jaworzno,08-221,plac Makuszyńskiego 17/54,biuro@grupa.pl,+48 98 822 59 70,dostawca,pani Liwia Kozdrój,2022-03-09,aktywny
