produkt_id,indeks,nazwa,kategoria,jednostka_miary,cena_zakupu,cena_sprzedazy,stawka_vat,ean,producent,status,data_utworzenia
1,PRD-81271,Multi-tiered analyzing attitude,Odczynniki,szt,1615.97,2453.33,23,9148183786116,Stowarzyszenie Golus-Naglik Sp. z o.o.,aktywny,2021-12-15
2,PRD-97559,Cross-platform disintermediate monitoring,Materiały zużywalne,szt,992.94,1329.73,23,2790793684905,Spółdzielnia Nalazek-Cop S.A.,nieaktywny,2024-01-22
3,PRD-85591,Enhanced 5thgeneration throughput,Odczynniki,szt,3826.58,6009.21,23,6514594828779,FPUH Kubisz-Woronko Sp.k.,aktywny,2022-03-27
4,PRD-13334,Compatible web-enabled service-desk,Odczynniki,szt,2878.7,4231.14,23,4354791971065,PPUH Bulczak Sp.k.,aktywny,2024-02-01
5,PRD-50000,Vision-oriented scalable installation,Aparatura,szt,3531.26,4284.46,23,5148786556608,Dubis-Świergiel Sp. z o.o.,aktywny,2023-05-15
6,PRD-26434,Front-line national open system,Sprzęt laboratoryjny,szt,3736.67,6649.91,23,87527567146,Mularz Sp.k.,aktywny,2024-12-18
7,PRD-41810,Polarized dynamic support,Sprzęt laboratoryjny,szt,1909.07,2121.46,23%,96810687804,PPUH Kotala Sp.j.,aktywny,2023-05-25
8,PRD-67804,User-friendly multimedia parallelism,,szt,639.91,929.58,23,8884759126868,FPUH Niemira,aktywny,2020-11-21
9,PRD-35939,Optimized mission-critical contingency,Podłoża mikrobiologiczne,szt,1247.19,1435.47,23,8507172353415,Kalota Sp. z o.o.,aktywny,2025-10-29
10,PRD-75432,Multi-channeled clear-thinking artificial intelligence,Aparatura,szt,1213.02,2157.36,23,3361644710702,FPUH Ochał,aktywny,2025-08-04
11,PRD-48287,Cross-platform zero-defect application,Podłoża mikrobiologiczne,szt,2602.9,3081.47,23,1356704588941,Grupa Rajtar Sp. z o.o.,aktywny,2023-01-04
12,PRD-50000,Optional disintermediate flexibility,Odczynniki,szt,2797.34,4788.63,23,9675245285855,Stowarzyszenie Sierżant-Koloch Sp. z o.o.,nieaktywny,2022-03-07
13,PRD-28031,Streamlined static monitoring,Materiały zużywalne,pcs,1138.21,1589.47,23,4213823135860,Stowarzyszenie Pysz-Trzmiel S.A.,aktywny,2023-10-21
14,PRD-97349,Persevering 24hour moderator,Szkło laboratoryjne,szt,3542.02,4879.67,0.23,9539158981092,Grupa Dulemba,nieaktywny,2025-06-06
15,PRD-40662,Customizable zero-defect paradigm,,szt,3011.06,5314.9,23 %,6611593420180,Czerniec Sp. z o.o. Sp.k.,aktywny,2023-01-08
16,PRD-82264,Stand-alone exuding hierarchy,Sprzęt laboratoryjny,szt,2224.43,2508.15,23,9082416342317,Stowarzyszenie Dudko,aktywny,2025-05-04
17,PRD-15207,Robust methodical circuit,Materiały zużywalne,sztuka,2066.31,2910.56,23,5088278023667,Fundacja Basista-Gryga Sp.j.,aktywny,2025-09-05
18,PRD-78296,Customizable radical contingency,Szkło laboratoryjne,szt,3094.23,3784.98,23,7462216749011,Fundacja Kobak Sp. z o.o.,aktywny,2021-05-08
19,PRD-99350,Front-line leadingedge knowledge user,Szkło laboratoryjne,szt,3283.37,5234.02,23,4292492597954,Sudak i syn s.c.,aktywny,2022-09-14
20,PRD-71286,Synergistic motivating middleware,Podłoża mikrobiologiczne,szt,1278.4,1641.91,23,72710070679,Gabinety Tylus i syn s.c.,aktywny,2025-10-27
21,PRD-10432,Optimized disintermediate paradigm,,szt,3933.71,7070.82,0.23,7594834176368,Fundacja Łój,aktywny,2023-11-23
22,PRD-89878,Devolved user-facing initiative,Szkło laboratoryjne,szt,2267.54,3501.01,23,4480639343871,Gabinety Sulich s.c.,aktywny,2025-09-03
23,PRD-64342,Face-to-face 4thgeneration hub,Sprzęt laboratoryjny,kpl,1514.65,2063.12,23,2244547076824,Fundacja Działo,aktywny,2020-09-08
24,PRD-50000,Persevering bandwidth-monitored customer loyalty,Odczynniki,szt,3248.41,5632.63,23,5526136205693,Gabinety Cichos-Klyszcz Sp.j.,aktywny,2024-08-01
25,PRD-58599,User-friendly executive analyzer,Szkło laboratoryjne,szt,1115.23,1314.28,23,6919894345814,Osipowicz-Grabias S.A.,aktywny,2022-09-04
26,PRD-90259,Synergized solution-oriented structure,Odczynniki,szt,2833.39,4552.9,23,6172648238485,FPUH Kłosowicz,aktywny,2025-03-12
27,PRD-24383,Cloned exuding framework,Podłoża mikrobiologiczne,kpl,836.64,1310.66,23,2751989019722,Fundacja Balas Sp.j.,aktywny,2025-03-01
28,PRD-98149,Optimized demand-driven superstructure,Sprzęt laboratoryjny,szt,1994.05,2606.16,23%,5034816351217,Borysewicz-Łuszczyk Sp.k.,aktywny,2024-07-18
29,PRD-53932,Customizable asynchronous workforce,Podłoża mikrobiologiczne,szt,2937.87,3106.39,23%,5428242014542,Fundacja Citko Sp. z o.o.,aktywny,2023-03-22
30,PRD-28659,Synergized exuding conglomeration,Sprzęt laboratoryjny,szt,1989.03,3463.27,23,5588044087022,Ludwiniak S.A.,aktywny,2026-01-07
31,PRD-71095,Implemented multimedia emulation,Odczynniki,opak,3373.9,5533.65,23,4035160744406,Czuj Sp.j.,aktywny,2021-10-24
32,PRD-18274,Public-key user-facing instruction set,,kpl,564.01,626.13,23,95327294365,Zdonek-Ciochoń Sp. z o.o. Sp.k.,nieaktywny,2024-01-02
33,PRD-51963,Polarized 4thgeneration extranet,,szt,2700.61,4337.97,23,2241760967093,Stowarzyszenie Glegoła s.c.,nieaktywny,2025-07-04
34,PRD-65458,Re-contextualized human-resource parallelism,Sprzęt laboratoryjny,szt,2998.07,5279.58,23,4826028776599,Fundacja Linek-Kieszek Sp.j.,aktywny,2023-12-27
35,PRD-41274,Reactive next generation time-frame,Odczynniki,szt,2427.27,4285.29,23,1287323286003,Hojka-Zimoń Sp. z o.o. Sp.k.,nieaktywny,2026-03-17
36,PRD-17056,Quality-focused directional matrix,Aparatura,pcs,1613.99,2873.7,23,5565071862800,FPUH Mak-Gryka Sp.k.,aktywny,2020-11-07
37,PRD-50000,Focused system-worthy artificial intelligence,Odczynniki,szt,111.87,185.76,23,5282162763460,PPUH Troć,aktywny,2023-11-24
38,PRD-22147,User-friendly client-server time-frame,Podłoża mikrobiologiczne,kpl,2190.83,2911.98,23,3267933997464,Grupa Stąpor-Piersa S.A.,aktywny,2022-04-10
39,PRD-13111,Polarized analyzing info-mediaries,Szkło laboratoryjne,szt,1221.68,1930.03,23%,8873049763236,PPUH Kustosz,aktywny,2026-05-13
40,PRD-50000,Grass-roots asymmetric analyzer,Podłoża mikrobiologiczne,szt,1050.85,1436.5,23,9278764867648,Grupa Glegoła,aktywny,2022-09-15
41,PRD-84432,User-friendly systemic circuit,Szkło laboratoryjne,szt,0,811.5,23,9412011029116,Grupa Chachuła-Kutek Sp.j.,aktywny,2020-09-05
42,PRD-12700,Down-sized clear-thinking migration,Materiały zużywalne,szt,842.45,965.67,23,5498959239690,Makles-Domoń Sp. z o.o.,aktywny,2022-11-09
43,PRD-15686,Programmable content-based adapter,,szt,1230.61,1411.86,23,2165487579219,Heinrich Sp. z o.o.,aktywny,2020-10-16
44,PRD-50000,Organized tangible paradigm,Odczynniki,szt,1180.44,1589.25,23,6143777414268,FPUH Lesisz i syn s.c.,aktywny,2021-12-04
45,PRD-69665,Polarized full-range service-desk,Szkło laboratoryjne,szt,941.48,1247.26,23,3342060533437,PPUH Prawdzik Sp.k.,aktywny,2025-11-08
46,PRD-99736,Upgradable multi-state projection,Podłoża mikrobiologiczne,szt,3040.56,5469.6,23,7287660737837,Gabinety Winek,aktywny,2025-10-06
47,PRD-59515,Polarized executive paradigm,Odczynniki,szt,526.26,586.16,23,9738344247597,Fundacja Zębik-Kohnke Sp. z o.o.,aktywny,2025-08-25
48,PRD-67403,Intuitive cohesive challenge,Materiały zużywalne,szt,1966.97,2767.71,23,2120405648139,Glenc Sp. z o.o.,aktywny,2025-12-11
49,PRD-37929,Customizable even-keeled moratorium,Szkło laboratoryjne,szt,1861.55,2061.37,23,2479775339677,Gabinety Filak Sp.j.,aktywny,2023-01-23
50,PRD-31068,Multi-channeled multi-state support,Odczynniki,szt,2460.82,3771.0,23,9913250001931,Martin s.c.,aktywny,2020-12-29
51,PRD-43149,Public-key stable benchmark,Materiały zużywalne,kpl,1103.27,1255.17,23,8209108152798,Poreda Sp. z o.o.,nieaktywny,2021-07-04
52,PRD-39274,Proactive didactic product,Materiały zużywalne,szt,2582.58,2100.37,23,1539815502867,Fundacja Kuźnia,aktywny,2025-01-27
53,PRD-15249,Fully-configurable bandwidth-monitored installation,Sprzęt laboratoryjny,szt,3116.54,4973.8,23,2884611717260,Marosz-Lesik S.A.,aktywny,2025-12-28
54,PRD-91240,Right-sized maximized hierarchy,Sprzęt laboratoryjny,kpl,3220.41,4613.23,23,6723634737919,Fundacja Filusz,aktywny,2024-12-11
55,PRD-46559,Enhanced value-added system engine,Materiały zużywalne,szt,2882.57,3097.97,23,4365540456248,Grupa Oleksik s.c.,aktywny,2022-08-10
56,PRD-51444,Integrated real-time installation,Materiały zużywalne,szt,1794.99,2792.47,23,5008967906886,Zagożdżon-Domka s.c.,aktywny,2025-04-10
57,PRD-50000,Compatible background orchestration,Podłoża mikrobiologiczne,szt,3586.14,3788.13,23,2312691846253,Okła-Piotrkowicz Sp.k.,aktywny,2022-10-08
58,PRD-34367,Triple-buffered optimizing project,Odczynniki,opak,1837.25,2834.05,23,7315089552848,PPUH Kiełbowicz-Kołaczyk s.c.,aktywny,2024-06-18
59,PRD-98312,Down-sized tangible application,Materiały zużywalne,szt,2877.36,4652.18,23,5966128864833,Bryda S.A.,nieaktywny,2020-12-17
60,PRD-77652,Stand-alone 24/7 methodology,Podłoża mikrobiologiczne,szt,1803.45,3163.79,23,9020478535028,Strawa Sp.j.,aktywny,2026-03-15
61,PRD-87046,Monitored content-based utilization,Sprzęt laboratoryjny,szt,3498.74,5085.54,23,1553728613573,Kaźmierczyk-Kiwior S.A.,aktywny,2025-08-31
62,PRD-11199,Team-oriented content-based instruction set,,szt,3119.61,4864.57,23,9698641741882,Dryka i syn s.c.,aktywny,2021-04-27
63,PRD-48672,Front-line asynchronous leverage,Aparatura,szt,3948.73,6462.96,23,7457241063722,Gabinety Bylina-Achtelik Sp. z o.o. Sp.k.,aktywny,2020-09-24
64,PRD-13012,Reduced 5thgeneration system engine,Podłoża mikrobiologiczne,szt,3570.56,4497.54,23,69040201540,Kędziorek Sp.k.,aktywny,2025-02-21
65,PRD-43700,Robust analyzing encryption,Materiały zużywalne,pcs,1936.48,2791.17,23,3218064579375,FPUH Gierak s.c.,aktywny,2023-12-06
66,PRD-17771,Multi-channeled value-added frame,Podłoża mikrobiologiczne,szt,3295.78,5836.47,23,8290915780558,PPUH Pęciak,aktywny,2021-11-05
67,PRD-75808,Managed motivating definition,,szt,3221.79,5750.08,23,82460707421,FPUH Sąsiadek,aktywny,2024-03-20
68,PRD-47390,Front-line systemic policy,Podłoża mikrobiologiczne,szt,1855.66,2013.86,23,4944041657331,PPUH Krauza-Zaguła Sp. z o.o.,aktywny,2020-11-19
69,PRD-59310,Distributed mission-critical focus group,Podłoża mikrobiologiczne,szt,1857.01,2137.33,23,9494907848762,Halik-Rorat S.A.,aktywny,2023-06-08
70,PRD-17843,Digitized fresh-thinking time-frame,Sprzęt laboratoryjny,szt,2404.87,3987.65,23 %,5587270087289,Grupa Mila,aktywny,2023-02-10
71,PRD-70822,Future-proofed asymmetric policy,Aparatura,szt,2056.14,2314.86,23,5591933069455,Kolber-Kozdroń Sp. z o.o.,aktywny,2022-05-12
72,PRD-79126,Self-enabling user-facing extranet,Odczynniki,szt,1138.1,1214.07,23,2040205213152,Gabinety Sąsiadek S.A.,aktywny,2025-05-02
73,PRD-27812,Customer-focused tertiary contingency,Sprzęt laboratoryjny,pcs,3072.38,3890.58,23,2702402997105,Kacperek-Pieczyrak Sp. z o.o.,aktywny,2021-12-15
74,PRD-20574,Decentralized tangible moratorium,Aparatura,szt,668.37,885.86,23,1378201374711,Spółdzielnia Szałata s.c.,aktywny,2023-04-10
75,PRD-35927,Fundamental heuristic firmware,Podłoża mikrobiologiczne,szt,-3614.6,5043.16,23,3722334422771,Ławniczek S.A.,aktywny,2024-10-31
76,PRD-13713,Up-sized zero administration open architecture,Podłoża mikrobiologiczne,szt,3225.23,4520.96,23,4695091806670,Stowarzyszenie Duszkiewicz,aktywny,2024-02-04
77,PRD-30294,Cross-platform foreground info-mediaries,Sprzęt laboratoryjny,szt,370.18,568.99,23,2284725530444,Smykała-Myszk s.c.,aktywny,2023-06-14
78,PRD-87577,Fully-configurable 24/7 throughput,Odczynniki,szt.,441.34,485.41,23 %,3420815700498,PPUH Żuchowicz s.c.,aktywny,2020-09-08
79,PRD-62692,Switchable user-facing Graphical User Interface,Podłoża mikrobiologiczne,szt,1957.76,2419.57,23,4588801905436,Grupa Polnik-Miksza Sp.j.,aktywny,2020-12-05
80,PRD-19881,Total stable function,Podłoża mikrobiologiczne,szt,1445.12,1656.75,23,5657072947792,Gabinety Szmuc,aktywny,2025-04-24
81,PRD-42026,Public-key maximized challenge,Podłoża mikrobiologiczne,szt,3137.78,4324.82,23,7432804964289,FPUH Płaneta,aktywny,2023-07-15
82,PRD-65629,Realigned value-added pricing structure,Odczynniki,szt,2680.75,3450.05,23,2913018622431,Gabinety Balas-Pawliszyn Sp. z o.o.,nieaktywny,2024-01-24
83,PRD-90099,Persevering mission-critical productivity,Materiały zużywalne,szt,2673.96,4053.4,23,8267693128845,Cymer-Drwięga i syn s.c.,aktywny,2021-07-07
84,PRD-53181,Cross-group intangible initiative,Materiały zużywalne,szt,2138.08,3609.64,23,8714661721491,Grupa Bryja-Sabak S.A.,aktywny,2024-02-10
85,PRD-79463,Extended regional leverage,Sprzęt laboratoryjny,opak,2143.58,2498.7,23,7488084396139,Roszkiewicz-Pezda Sp. z o.o.,aktywny,2021-10-02
86,PRD-96102,Polarized system-worthy challenge,Materiały zużywalne,szt,1082.5,1633.53,23,1553911139065,Wojewódka Sp.k.,aktywny,2022-09-15
87,PRD-58554,Face-to-face tertiary frame,Szkło laboratoryjne,szt,538.6,705.84,23,9990860395630,Stochaj S.A.,aktywny,2022-11-14
88,PRD-92389,Integrated clear-thinking projection,Materiały zużywalne,kpl,3796.28,6083.95,23,9934268110879,Krajniak-Ciesiółka Sp.k.,aktywny,2024-04-29
89,PRD-51438,Future-proofed bandwidth-monitored solution,Odczynniki,szt,116.93,193.45,23,9748302313032,PPUH Dej-Kaletka i syn s.c.,aktywny,2026-04-05
90,PRD-50000,Up-sized discrete workforce,Aparatura,szt,356.68,558.06,23,4727208247149,Giersz Sp.k.,aktywny,2023-11-12
91,PRD-46765,Fully-configurable contextually-based superstructure,Podłoża mikrobiologiczne,szt,3648.72,4811.19,23,9326658387681,Witko-Bojczuk Sp. z o.o. Sp.k.,aktywny,2025-12-20
92,PRD-45844,Advanced bandwidth-monitored moratorium,Szkło laboratoryjne,szt,1016.18,1660.39,23,5653126845116,Kosman i syn s.c.,aktywny,2023-04-23
93,PRD-16929,Integrated explicit flexibility,Odczynniki,szt,140.53,192.58,23 %,1152191139837,Półchłopek-Majtczak s.c.,aktywny,2026-07-11
94,PRD-61140,Future-proofed coherent secured line,Materiały zużywalne,szt,3495.79,6092.97,23,8643093317849,Snoch Sp.k.,aktywny,2025-09-08
95,PRD-37248,Grass-roots dynamic workforce,Aparatura,szt,1459.8,1932.42,23,7682129284559,Grupa Wieja,aktywny,2021-09-08
96,PRD-43313,Right-sized fault-tolerant intranet,Odczynniki,szt,563.16,600.67,23,3763673107495,Stowarzyszenie Kurczab Sp. z o.o.,aktywny,2023-05-26
97,PRD-35967,Decentralized static support,Szkło laboratoryjne,szt,3240.26,4263.12,23 %,1766372763843,Fundacja Szrama-Samson Sp. z o.o. Sp.k.,aktywny,2025-06-05
98,PRD-90543,Operative even-keeled access,Sprzęt laboratoryjny,sztuka,246.48,412.95,23,9243128319330,Gabinety Burnat-Szyda Sp. z o.o.,aktywny,2022-03-02
99,PRD-97612,Integrated modular hardware,Odczynniki,szt,1591.57,1833.58,23,9391106217404,Namysł-Brojek s.c.,aktywny,2021-12-14
100,PRD-38522,Triple-buffered asymmetric core,Sprzęt laboratoryjny,szt,2744.12,4473.98,23,2032388731947,Grupa Kuryś Sp. z o.o. Sp.k.,aktywny,2023-02-24
101,PRD-86610,Sharable client-driven framework,Materiały zużywalne,szt,2999.33,2105.75,23,5550651697411,Grupa Frymus,nieaktywny,2022-04-17
102,PRD-30354,Sharable regional approach,,szt,1842.42,2726.61,23,5273168821527,Gabinety Komsta-Karkut i syn s.c.,aktywny,2026-02-27
103,PRD-64282,Compatible static time-frame,Podłoża mikrobiologiczne,szt,0,2956.52,23,6911002700648,Sprawka Sp.k.,nieaktywny,2023-12-29
104,PRD-56444,Exclusive foreground info-mediaries,Podłoża mikrobiologiczne,szt,2419.97,3899.4,23,7230379113514,PPUH Giers,aktywny,2026-03-30
105,PRD-35302,Enterprise-wide value-added orchestration,,szt,3504.01,4134.65,23,9672007957926,Spółdzielnia Myszak-Wisła S.A.,aktywny,2023-10-15
106,PRD-28838,Front-line mission-critical implementation,Aparatura,szt,2725.81,4626.72,23%,2875738264672,Fundacja Rasała Sp.k.,aktywny,2022-01-17
107,PRD-46681,Optimized radical conglomeration,Odczynniki,szt,3400.78,5947.39,23,4750199663119,Nieradko-Dela S.A.,aktywny,2022-11-24
108,PRD-26953,Focused national info-mediaries,Aparatura,szt,1579.58,2447.16,23,2801255437498,Nojman Sp. z o.o. Sp.k.,aktywny,2023-08-05
109,PRD-46277,Cross-group asymmetric product,Odczynniki,sztuka,2843.42,4620.09,23,7854437158990,Gabinety Dynak-Zimoląg s.c.,aktywny,2024-09-01
110,PRD-59515,Synergistic 3rdgeneration process improvement,Sprzęt laboratoryjny,szt,401.7,471.0,23,2398031787747,Ochwat-Kołodziejak Sp. z o.o. Sp.k.,nieaktywny,2020-09-26
111,PRD-27204,De-engineered even-keeled projection,Szkło laboratoryjne,szt,1404.11,2461.82,23,1666415437534,Pałgan-Szymula Sp.j.,aktywny,2023-10-31
112,PRD-56728,Optimized systematic conglomeration,Sprzęt laboratoryjny,szt,2718.29,3544.33,23,3374890882830,FPUH Mrózek-Bździuch Sp.j.,aktywny,2025-04-08
113,PRD-33928,Ergonomic dedicated workforce,Sprzęt laboratoryjny,szt,1964.02,3232.66,23,4696356015137,FPUH Wydmuch,aktywny,2023-07-13
114,PRD-93722,Public-key real-time emulation,Aparatura,szt,872.01,1407.43,23,3344139621618,Fabiszak-Skutnik Sp.j.,aktywny,2026-05-23
115,PRD-85820,Multi-layered bi-directional support,Sprzęt laboratoryjny,szt,3853.74,5803.48,23,7064315653196,Fundacja Zaniewicz-Bogusiewicz Sp. z o.o. Sp.k.,aktywny,2020-09-09
116,PRD-67805,Upgradable 5thgeneration middleware,Sprzęt laboratoryjny,szt,556.12,584.52,23,5527186351824,Gabinety Pietrewicz Sp. z o.o. Sp.k.,aktywny,2023-05-18
117,PRD-60510,Horizontal context-sensitive forecast,Szkło laboratoryjne,opak,3815.27,6000.2,23,7042294492245,Woźniczko-Gozdur S.A.,aktywny,2026-02-16
118,PRD-72443,Networked regional challenge,Sprzęt laboratoryjny,szt,277.79,479.73,23,7262175470951,Stowarzyszenie Kaszkowiak-Kobos Sp.j.,aktywny,2022-09-27
119,PRD-13974,Future-proofed demand-driven Graphical User Interface,Podłoża mikrobiologiczne,pcs,266.65,370.61,23,7360795642112,Orzeszek i syn s.c.,aktywny,2022-11-28
120,PRD-39849,Monitored cohesive task-force,Odczynniki,szt,3365.98,4713.4,23,3293436968013,FPUH Sznura-Zemanek s.c.,aktywny,2022-09-20
121,PRD-50000,Multi-layered real-time flexibility,Podłoża mikrobiologiczne,szt,3556.91,4468.79,23,1907697896576,Gabinety Fitas i syn s.c.,aktywny,2022-05-08
122,PRD-58905,Advanced dynamic open system,Szkło laboratoryjne,kpl,2739.03,3808.35,23,8246251400366,Gabinety Tomal i syn s.c.,aktywny,2020-10-06
123,PRD-29758,Optimized executive Graphic Interface,Sprzęt laboratoryjny,szt,6.03,6.6,23,2500994815835,Kolber-Czuj Sp. z o.o.,aktywny,2021-12-01
124,PRD-46605,Phased impactful groupware,Materiały zużywalne,szt,2092.17,3523.11,23,5312920206411,Bekus Sp.j.,aktywny,2024-03-08
125,PRD-27223,Decentralized neutral model,Sprzęt laboratoryjny,opak,2283.09,3719.88,23,2323750603342,Kondej-Wdowczyk i syn s.c.,aktywny,2026-05-06
126,PRD-25071,Reverse-engineered optimizing Graphical User Interface,Aparatura,szt,2887.72,5081.11,23,8835569879487,Spółdzielnia Galica,aktywny,2020-11-21
127,PRD-82194,Profound logistical data-warehouse,Szkło laboratoryjne,szt,794.81,951.75,23,1998744947381,Stowarzyszenie Trochim,aktywny,2020-08-04
128,PRD-18786,Upgradable reciprocal project,Aparatura,szt,3544.53,4474.11,23,1207602485035,FPUH Wyderka s.c.,aktywny,2023-09-11
129,PRD-13148,Optional intermediate knowledge user,Odczynniki,szt,491.45,597.49,23,9681946522109,PPUH Domowicz-Sygut Sp. z o.o. Sp.k.,aktywny,2026-05-05
130,PRD-54652,Persevering 3rdgeneration installation,Podłoża mikrobiologiczne,szt,2804.17,3963.54,23%,6946559215867,Barej Sp.k.,nieaktywny,2020-08-12
131,PRD-22709,Stand-alone 3rdgeneration Internet solution,Materiały zużywalne,szt,2352.87,3485.26,23,1757354166163,Grupa Leśko-Piekara Sp. z o.o. Sp.k.,aktywny,2025-06-19
132,PRD-64041,Secured leadingedge artificial intelligence,,szt,708.02,875.17,23,3252252271769,Kwasek i syn s.c.,aktywny,2026-03-08
133,PRD-80802,Extended multi-tasking firmware,Odczynniki,szt,1719.85,2243.26,23,3365194675637,Grupa Wieczerzak Sp.j.,aktywny,2023-02-03
134,PRD-96786,Polarized heuristic instruction set,Materiały zużywalne,kpl,2606.95,3265.97,23,1811376464776,FPUH Kopyto Sp. z o.o.,aktywny,2023-06-19
135,PRD-73831,Streamlined global archive,Aparatura,szt,3627.13,4206.3,23%,4542788897356,FPUH Soroko-Gregorek Sp. z o.o.,aktywny,2023-10-09
136,PRD-59500,Synergized bandwidth-monitored info-mediaries,Aparatura,szt,430.94,339.37,23,8765444805262,FPUH Cherek Sp. z o.o. Sp.k.,aktywny,2025-04-06
137,PRD-57173,Re-contextualized uniform software,Szkło laboratoryjne,szt,2256.74,3614.92,23,8852551694983,Turlej-Gogół Sp.k.,aktywny,2021-05-27
138,PRD-61811,Expanded holistic pricing structure,Podłoża mikrobiologiczne,szt,3831.16,4269.95,23,9050644558283,PPUH Bluszcz Sp. z o.o. Sp.k.,aktywny,2025-05-14
139,PRD-68667,Ameliorated even-keeled Graphic Interface,Szkło laboratoryjne,szt,1162.34,1300.35,23,8918111786212,Bona Sp. z o.o. Sp.k.,aktywny,2024-02-11
140,PRD-19500,Open-source incremental strategy,Sprzęt laboratoryjny,szt,870.42,1222.53,23,2927768197866,Gabinety Radziewicz-Nowotka Sp. z o.o. Sp.k.,aktywny,2023-07-17
141,PRD-78358,Integrated 6thgeneration challenge,Sprzęt laboratoryjny,szt,1428.71,2218.07,0.23,8717783494263,Spółdzielnia Faltyn,aktywny,2023-08-04
142,PRD-73238,Realigned intermediate archive,Podłoża mikrobiologiczne,opak,1764.38,2239.96,23,4532993628428,Gabinety Kuffel s.c.,aktywny,2021-04-28
143,PRD-58925,Reverse-engineered composite groupware,Aparatura,szt,3208.19,5384.95,23,3454958161369,Grupa Kubiaczyk Sp. z o.o.,aktywny,2023-01-12
144,PRD-30845,De-engineered full-range approach,Aparatura,szt,2674.58,1935.7,23,4667699473682,Cudzich-Malara i syn s.c.,nieaktywny,2026-02-14
145,PRD-73408,Triple-buffered mobile interface,Sprzęt laboratoryjny,szt,475.65,629.36,23,2275558073923,Rudyk-Zacharewicz i syn s.c.,aktywny,2023-05-09
146,PRD-54749,Innovative multimedia utilization,Aparatura,szt,24.41,35.75,23,9902005763502,Gill Sp.j.,aktywny,2024-06-21
147,PRD-40687,Virtual web-enabled encryption,Sprzęt laboratoryjny,szt,3151.75,3581.5,23,54516854070,FPUH Sądej-Burchard S.A.,aktywny,2024-11-29
148,PRD-80733,Virtual value-added installation,Podłoża mikrobiologiczne,szt,1525.73,1609.92,23,1016553123875,Gabinety Wesoły-Tomaszuk Sp.j.,aktywny,2024-04-19
149,PRD-37899,Exclusive fresh-thinking migration,Aparatura,szt,3667.91,6082.86,23 %,4616163739610,Spółdzielnia Talaśka,aktywny,2023-07-28
150,PRD-42229,Up-sized attitude-oriented adapter,Podłoża mikrobiologiczne,szt,297.33,515.17,23,6950272011353,Nieradzik i syn s.c.,aktywny,2021-12-17
151,PRD-80268,Digitized leadingedge neural-net,Materiały zużywalne,szt,2355.29,3043.94,23,1489477145271,Fundacja Boksa-Borkiewicz Sp. z o.o.,aktywny,2021-01-17
152,PRD-45698,Seamless solution-oriented database,Aparatura,szt,1707.63,1824.89,23,5351831002496,Dering Sp. z o.o. Sp.k.,aktywny,2020-11-28
153,PRD-87496,Stand-alone motivating hub,Odczynniki,szt,3971.5,3615.42,23,9588476348402,Borak-Cięciwa Sp.j.,nieaktywny,2023-09-28
154,PRD-20806,Persevering grid-enabled moderator,Podłoża mikrobiologiczne,szt,791.92,1164.02,0.23,7712618234034,Gabinety Cimoch Sp. z o.o.,aktywny,2025-09-12
155,PRD-56895,Extended human-resource Graphic Interface,Aparatura,szt,1749.47,2985.02,23,9618744686671,Spółdzielnia Gomuła S.A.,aktywny,2020-08-17
156,PRD-59106,User-friendly interactive data-warehouse,Szkło laboratoryjne,szt,2957.52,3670.95,23,8548134984091,Stowarzyszenie Malcharek,aktywny,2022-03-26
157,PRD-75466,Horizontal didactic product,Materiały zużywalne,szt,1165.43,1695.01,23,5819241363542,Stowarzyszenie Helman-Beker i syn s.c.,aktywny,2026-03-26
158,PRD-18325,Right-sized homogeneous synergy,Materiały zużywalne,szt,1449.38,1776.07,23,9806843811533,Wujek-Wyrobek s.c.,aktywny,2025-04-01
159,PRD-84967,Compatible systematic collaboration,Sprzęt laboratoryjny,szt,832.92,1035.89,23,3397283383592,Olko-Korda Sp.j.,aktywny,2023-01-05
160,PRD-78701,Synergistic intangible array,Sprzęt laboratoryjny,opak,2307.09,3435.08,23,6523854819071,FPUH Penar Sp.k.,aktywny,2020-10-28
161,PRD-26111,Business-focused local definition,Sprzęt laboratoryjny,szt,62.12,97.78,0.23,1118953586489,Gaś Sp.j.,aktywny,2023-08-15
162,PRD-56020,Innovative even-keeled help-desk,Aparatura,szt,3792.56,4717.66,23,9498860105390,Fundacja Garbaciak Sp.j.,aktywny,2023-07-17
163,PRD-95184,Enhanced systematic installation,Podłoża mikrobiologiczne,szt,446.3,786.81,23,7869284237748,Bąkiewicz-Dreszer Sp.j.,aktywny,2024-02-05
164,PRD-40234,Organic national functionalities,Szkło laboratoryjne,szt,1673.67,2496.82,23,66610496570,Łyp s.c.,aktywny,2024-01-14
165,PRD-74428,Reactive real-time matrix,,pcs,1485.48,2287.17,23,8919688239737,Stowarzyszenie Kurbiel Sp.j.,aktywny,2025-01-14
166,PRD-66757,Visionary holistic pricing structure,Aparatura,szt,3729.19,6199.09,0.23,9453576715744,FPUH Jaszczyszyn,nieaktywny,2021-01-30
167,PRD-75553,Streamlined disintermediate forecast,Podłoża mikrobiologiczne,szt,2250.74,2575.5,23,3459473339363,FPUH Potyrała-Nazimek s.c.,aktywny,2024-01-17
168,PRD-34254,Multi-channeled content-based knowledge user,Odczynniki,szt,1321.48,1705.36,23,7397315181849,Gabinety Pokrzywa i syn s.c.,aktywny,2026-05-20
169,PRD-83179,Assimilated web-enabled toolset,Szkło laboratoryjne,szt,1982.96,2281.93,23,9234069026281,Teodorowicz-Bogdał Sp.j.,aktywny,2023-08-26
170,PRD-20093,Operative next generation leverage,Podłoża mikrobiologiczne,szt,571.26,601.94,23,8284438876639,Grupa Bobrowicz,aktywny,2022-06-20
171,PRD-99055,Distributed 3rdgeneration matrices,Sprzęt laboratoryjny,szt,2381.67,3458.56,23,5847667615372,Fundacja Szafarz Sp. z o.o.,aktywny,2024-10-26
172,PRD-64379,Integrated radical intranet,Aparatura,szt,3202.62,3698.29,23,5320897830385,Spółdzielnia Babij,aktywny,2021-07-17
173,PRD-21660,Cross-group asynchronous functionalities,Szkło laboratoryjne,szt,1031.49,1126.09,23,4340180164753,Gabinety Drygała Sp.k.,nieaktywny,2023-03-29
174,PRD-20352,Vision-oriented demand-driven approach,Odczynniki,szt,971.05,1034.04,23,2971054037083,PPUH Łaciak-Małysiak Sp. z o.o.,aktywny,2026-04-05
175,PRD-56352,Stand-alone transitional analyzer,Materiały zużywalne,szt,1055.07,1124.8,23 %,7035817971475,Gabinety Grunt-Klęk Sp. z o.o.,aktywny,2024-02-22
176,PRD-56593,Open-source holistic infrastructure,Sprzęt laboratoryjny,szt,1489.27,983.77,23,7908753452462,FPUH Majsterek,aktywny,2021-05-25
177,PRD-69960,Distributed disintermediate synergy,Materiały zużywalne,szt,1109.54,1507.92,23,8998717062656,FPUH Powała,aktywny,2026-06-05
178,PRD-69384,Mandatory dynamic moderator,Szkło laboratoryjne,szt,848.43,937.21,23,9025153569855,FPUH Langier,aktywny,2021-07-22
179,PRD-62090,Optimized high-level encryption,Aparatura,szt,2628.64,3407.07,23,5354567560654,Spółdzielnia Gortat,aktywny,2022-11-02
180,PRD-85388,Synergistic clear-thinking installation,Materiały zużywalne,szt,3232.5,4709.61,23,2199371060662,Grupa Gadzała Sp.k.,aktywny,2026-07-18
181,PRD-99458,Synchronized well-modulated access,Aparatura,szt,3694.08,4784.81,0.23,1811336321165,Szykuła Sp.j.,aktywny,2021-10-20
182,PRD-66644,Assimilated object-oriented support,,szt,3100.78,5386.35,23,6392772779382,Mielcarz Sp. z o.o.,aktywny,2025-04-12
183,PRD-35680,User-centric dynamic function,Aparatura,szt,2816.21,3312.12,23,5997351989364,Gabinety Wałaszek-Nalazek i syn s.c.,aktywny,2026-06-13
184,PRD-73602,Operative asynchronous artificial intelligence,Szkło laboratoryjne,szt,3440.72,5771.4,23,4364924659455,FPUH Truchel-Detka s.c.,aktywny,2021-02-07
185,PRD-27185,Re-contextualized optimizing support,Podłoża mikrobiologiczne,szt,366.37,625.87,23,63431563175,Gabinety Śliz Sp. z o.o.,aktywny,2024-01-25
186,PRD-26673,Cross-group neutral benchmark,Odczynniki,szt,3424.97,5500.17,23,3793679501802,PPUH Wołos,aktywny,2021-12-31
187,PRD-57884,User-friendly local toolset,Podłoża mikrobiologiczne,szt,501.18,849.67,23,7733634736062,Fundacja Rejmer,aktywny,2023-12-23
188,PRD-64666,Compatible fault-tolerant superstructure,Podłoża mikrobiologiczne,szt,3262.96,5195.76,23,3646485284511,Fundacja Zagozda,aktywny,2024-12-09
189,PRD-92859,Optimized background migration,Sprzęt laboratoryjny,szt,1349.64,1830.15,23,4730615575137,PPUH Kleban Sp.k.,nieaktywny,2024-07-07
190,PRD-50000,Adaptive even-keeled success,Podłoża mikrobiologiczne,szt,150.7,175.83,23,7739368374931,FPUH Han Sp.j.,aktywny,2023-04-04
191,PRD-46243,Open-architected static projection,Odczynniki,sztuka,2696.02,3015.52,23,1941607230622,PPUH Kozieja S.A.,aktywny,2024-01-29
192,PRD-79081,Triple-buffered reciprocal adapter,Materiały zużywalne,sztuka,1256.91,2125.87,23%,2078722375305,FPUH Marcińczyk,aktywny,2023-09-25
193,PRD-55419,Multi-layered impactful Graphical User Interface,,szt,2119.23,2526.59,23,5924127860411,PPUH Zadora-Ruszczak s.c.,aktywny,2022-12-09
194,PRD-34129,Stand-alone regional architecture,Szkło laboratoryjne,szt,2951.32,3645.07,23,9193900885821,FPUH Bik,aktywny,2023-07-13
195,PRD-50000,Total discrete solution,Odczynniki,szt,1082.97,1382.64,23,1213115142106,Staś-Jarmużek S.A.,aktywny,2021-08-21
196,PRD-98824,Re-engineered tertiary contingency,Materiały zużywalne,szt,2678.75,3162.04,23,3276026074617,Fundacja Lesiewicz i syn s.c.,aktywny,2026-01-15
197,PRD-74162,Ameliorated foreground focus group,Aparatura,szt,1901.49,2913.66,23 %,7035952041972,FPUH Drobny s.c.,aktywny,2025-01-07
198,PRD-56788,Public-key interactive conglomeration,Aparatura,pcs,264.16,302.58,23,4964027239386,Samul-Żołądź Sp. z o.o.,aktywny,2024-01-13
199,PRD-71361,Multi-channeled asymmetric data-warehouse,Odczynniki,szt,2231.88,2522.15,23,8148499045361,Gryciuk Sp.j.,aktywny,2024-05-13
200,PRD-38463,Multi-tiered 5thgeneration function,Szkło laboratoryjne,szt,3565.8,4404.82,23,4153649555953,Stowarzyszenie Kosałka i syn s.c.,aktywny,2021-02-16
201,PRD-50000,Fully-configurable didactic neural-net,Odczynniki,szt,3329.91,5898.24,23,4651144061572,Gabinety Woszczyna-Żołądź Sp.j.,aktywny,2023-01-20
202,PRD-67234,Upgradable user-facing middleware,Sprzęt laboratoryjny,szt,2548.17,3763.76,23,6814893151538,Spółdzielnia Kasica,aktywny,2023-10-15
203,PRD-38209,Persevering exuding framework,Podłoża mikrobiologiczne,szt,3250.36,4566.32,23,2230787182155,Pietrasiak-Mrózek Sp. z o.o. Sp.k.,aktywny,2021-01-16
204,PRD-88710,Robust empowering forecast,Odczynniki,szt,888.08,1544.57,23,7096455269312,Ruszczak Sp.k.,aktywny,2024-08-16
205,PRD-21473,Synergistic composite success,Materiały zużywalne,szt,1263.66,1959.9,23,4181720539733,Pawlos-Jonik Sp.j.,aktywny,2021-07-24
206,PRD-33235,Stand-alone directional help-desk,Odczynniki,szt,1688.58,2625.75,23,7887865673484,Dziadkiewicz Sp.k.,aktywny,2024-03-16
207,PRD-46189,Synergized tangible system engine,Materiały zużywalne,szt,2394.17,2596.22,23,7928596530251,Fundacja Korzekwa i syn s.c.,aktywny,2022-12-23
208,PRD-50000,Proactive mission-critical framework,Sprzęt laboratoryjny,szt,1572.22,1992.91,23,8360690823233,Jakoniuk Sp. z o.o.,aktywny,2023-05-24
209,PRD-50000,Expanded high-level archive,Podłoża mikrobiologiczne,szt,593.68,930.6,23,60646626188,FPUH Mrózek-Pawliczek S.A.,aktywny,2022-05-30
210,PRD-62163,Multi-channeled multimedia hub,Podłoża mikrobiologiczne,szt,3679.79,6506.72,23,5202626469284,Gałat-Wawrzynkiewicz Sp.j.,aktywny,2025-09-26
211,PRD-76489,Visionary foreground monitoring,Aparatura,szt,2036.91,3432.98,23,2870382682181,Mitoraj S.A.,aktywny,2023-01-03
212,PRD-38579,Secured multi-tasking time-frame,Odczynniki,szt.,757.48,1221.78,0.23,1764565445276,Stowarzyszenie Bajko-Szczechowicz Sp.k.,aktywny,2021-03-25
213,PRD-28417,Decentralized mobile neural-net,Materiały zużywalne,szt,2664.08,3220.29,23,8464053869914,Stowarzyszenie Kaszkowiak-Wacławiak s.c.,aktywny,2025-11-23
214,PRD-47183,Secured analyzing workforce,Aparatura,szt,3727.65,6387.45,23 %,3119193505351,PPUH Kiepura-Zegadło Sp.k.,aktywny,2024-01-09
215,PRD-41631,Compatible composite neural-net,Materiały zużywalne,opak,3855.89,5940.64,23,4874990782856,Stowarzyszenie Zegar i syn s.c.,aktywny,2023-10-11
216,PRD-97838,Programmable bifurcated implementation,,szt,-3281.08,4315.54,23,6014496131663,Stowarzyszenie Pacura s.c.,nieaktywny,2021-04-15
217,PRD-50000,Enhanced didactic monitoring,Materiały zużywalne,szt,1340.07,2159.42,23,9186727732798,Choina-Rawa s.c.,aktywny,2022-11-05
218,PRD-18910,Face-to-face fault-tolerant monitoring,Szkło laboratoryjne,szt,1257.76,2252.75,23,2904244406783,Grupa Kwapień-Gasz Sp.k.,aktywny,2026-02-28
219,PRD-57051,Virtual 6thgeneration superstructure,Podłoża mikrobiologiczne,szt,1586.55,2468.62,23,8183676038428,Hyjek s.c.,aktywny,2025-03-05
220,PRD-93960,Cloned empowering info-mediaries,Sprzęt laboratoryjny,szt.,55.37,90.76,23,4851320105601,Wolan-Pacocha Sp.k.,aktywny,2024-02-02
221,PRD-61794,Robust context-sensitive function,Podłoża mikrobiologiczne,szt,618.02,912.83,23,2551083079489,Cebo-Goik s.c.,aktywny,2022-05-08
222,PRD-52738,Multi-layered object-oriented Local Area Network,Odczynniki,szt,0,1269.68,23,5671774881615,Fuławka-Kopiczko Sp. z o.o.,aktywny,2025-12-09
223,PRD-35947,Reverse-engineered user-facing benchmark,Aparatura,szt,3671.65,5600.82,23,63779120325,Burchardt-Syldatk Sp. z o.o. Sp.k.,aktywny,2025-01-02
224,PRD-47321,Distributed methodical core,Sprzęt laboratoryjny,opak,1655.78,2077.61,23,8558866333656,Grupa Rej,aktywny,2021-03-15
225,PRD-16060,Implemented uniform initiative,Szkło laboratoryjne,szt,743.62,1252.77,23,4878688235533,Pazera S.A.,aktywny,2022-04-19
226,PRD-25972,Configurable full-range project,Odczynniki,szt,719.86,1057.96,23,7361706916386,Stowarzyszenie Mysiak,aktywny,2022-03-23
227,PRD-34928,Business-focused asymmetric Graphic Interface,Szkło laboratoryjne,szt,1249.03,2228.53,23,3921234156979,Ostapiuk-Warczak Sp. z o.o.,aktywny,2024-09-12
228,PRD-98304,Integrated explicit access,Podłoża mikrobiologiczne,szt,136.58,216.78,23,1447794578277,Fundacja Chlebda Sp. z o.o.,aktywny,2025-05-29
229,PRD-53046,Synchronized transitional attitude,Sprzęt laboratoryjny,szt,2709.1,4201.03,23,1956074569334,Janka Sp.k.,nieaktywny,2025-10-21
230,PRD-96018,Open-source high-level pricing structure,,szt,2156.3,2607.64,23%,9777845958156,Stowarzyszenie Mordak-Wojtiuk Sp. z o.o. Sp.k.,aktywny,2020-10-29
231,PRD-76293,Intuitive logistical installation,Sprzęt laboratoryjny,kpl,205.94,367.14,23,6335683844551,Spółdzielnia Breś i syn s.c.,aktywny,2024-12-15
232,PRD-83663,Integrated fresh-thinking framework,Sprzęt laboratoryjny,szt,1512.26,1937.89,23,6440150672183,Pawlos s.c.,aktywny,2025-02-20
233,PRD-56659,User-centric contextually-based policy,Podłoża mikrobiologiczne,szt,2024.71,3460.43,23,6898394462632,Grupa Tylus-Świadek s.c.,aktywny,2024-04-21
234,PRD-84824,Right-sized encompassing Graphical User Interface,Aparatura,szt,3149.58,4316.12,23,4246105173484,Subocz-Namysło Sp. z o.o. Sp.k.,aktywny,2022-03-14
235,PRD-28710,Synergized attitude-oriented process improvement,Materiały zużywalne,szt,846.81,1469.07,23,3795227498580,Nowek Sp.j.,aktywny,2023-12-20
236,PRD-80817,Customer-focused system-worthy synergy,,szt,2872.77,4916.68,23,9328653034961,FPUH Zapadka Sp.k.,nieaktywny,2023-08-04
237,PRD-98076,Seamless background adapter,Podłoża mikrobiologiczne,szt,-1872.76,2236.69,23,5454916015716,Baś i syn s.c.,aktywny,2025-05-21
238,PRD-56325,Total upward-trending moderator,Odczynniki,szt,1667.67,1882.83,23,2530667654257,Chmielak-Leszczak Sp. z o.o. Sp.k.,aktywny,2024-10-20
239,PRD-75818,Devolved user-facing capability,Szkło laboratoryjne,szt.,3481.01,4688.54,23,3980565436689,PPUH Tylus Sp.j.,aktywny,2023-05-15
240,PRD-12491,Profit-focused clear-thinking collaboration,Sprzęt laboratoryjny,szt,2418.26,4325.63,23,2466131009361,Grygorcewicz i syn s.c.,aktywny,2025-05-07
241,PRD-21361,Proactive heuristic productivity,Sprzęt laboratoryjny,szt,2488.22,3217.29,23,6272790564549,Spółdzielnia Cierpka i syn s.c.,aktywny,2023-02-11
242,PRD-23303,Multi-tiered regional open system,Szkło laboratoryjne,sztuka,2783.14,3413.53,23,3130422574636,Spółdzielnia Ochnio s.c.,aktywny,2022-09-11
243,PRD-18928,Ergonomic responsive flexibility,Sprzęt laboratoryjny,szt,1075.08,1468.15,23,9689592827270,PPUH Skiepko Sp.k.,nieaktywny,2023-05-03
244,PRD-10309,Cross-group value-added ability,Odczynniki,szt,2528.39,3811.4,23,3778314089632,Łapaj s.c.,aktywny,2020-11-13
245,PRD-75689,Focused client-driven protocol,Materiały zużywalne,szt,311.73,377.6,23,1546235575171,Fundacja Kruszka,aktywny,2022-04-11
246,PRD-29910,Virtual clear-thinking neural-net,,kpl,965.64,1085.91,23,5261444420801,Grupa Koćwin S.A.,aktywny,2024-12-26
247,PRD-98983,Diverse client-server algorithm,Odczynniki,szt,2550.45,3989.67,23,65048081706,Buś Sp.k.,aktywny,2025-12-30
248,PRD-81993,Persistent encompassing open architecture,Szkło laboratoryjne,szt,186.78,230.36,23,8502943392041,PPUH Neugebauer,aktywny,2020-12-13
249,PRD-50000,User-centric clear-thinking extranet,Szkło laboratoryjne,szt,3335.81,3960.27,23,2719038690990,Paleń-Wowra Sp. z o.o.,aktywny,2025-09-04
250,PRD-85405,Digitized reciprocal hardware,Podłoża mikrobiologiczne,szt,1946.4,2511.15,23,1243478509166,Matura Sp. z o.o. Sp.k.,aktywny,2020-08-15
251,PRD-93735,Enterprise-wide transitional workforce,Podłoża mikrobiologiczne,pcs,2762.59,4260.24,23,7616237834425,Bogaczyk Sp.k.,aktywny,2022-12-10
252,PRD-48538,Profound secondary adapter,Materiały zużywalne,pcs,3284.21,3877.41,23,5194162692068,Uzar-Wiciak Sp.j.,aktywny,2023-01-04
253,PRD-73040,Ameliorated homogeneous analyzer,Odczynniki,szt,3137.71,4495.51,23,6497870514030,PPUH Mirga,aktywny,2026-01-31
254,PRD-24885,Enhanced contextually-based firmware,Aparatura,szt,1221.26,1849.12,23,8956652185023,Oleksik i syn s.c.,aktywny,2025-12-20
255,PRD-14348,Multi-channeled exuding matrices,Materiały zużywalne,szt,566.82,1006.4,23,1816272402111,Fundacja Ślipek,aktywny,2026-05-21
256,PRD-36490,Open-architected system-worthy portal,Materiały zużywalne,szt,43.63,74.27,23%,4144405824781,Grupa Iciek,aktywny,2022-06-10
257,PRD-11653,Reduced 3rdgeneration extranet,Odczynniki,szt,457.46,708.86,23,4778326490833,Szałkiewicz s.c.,aktywny,2021-05-30
258,PRD-55914,Upgradable optimal middleware,Sprzęt laboratoryjny,szt,2187.81,2525.0,23,8931565063176,Fundacja Kapka,aktywny,2024-08-09
259,PRD-31499,Team-oriented empowering database,Odczynniki,szt,594.48,1011.63,23,2963745988874,Sinkiewicz Sp.j.,aktywny,2025-10-19
260,PRD-31708,Managed responsive help-desk,Szkło laboratoryjne,szt,2258.18,3599.9,23,4787066422468,Gabinety Cieciura S.A.,aktywny,2024-11-21
261,PRD-20936,Profound next generation matrix,Aparatura,szt,1978.96,2117.35,23,9892497575198,PPUH Białczyk-Samulak Sp.k.,aktywny,2025-05-31
262,PRD-80387,Multi-tiered grid-enabled interface,Aparatura,szt,3948.93,5533.28,23,40899524306,PPUH Grymuza-John Sp. z o.o.,nieaktywny,2020-08-20
263,PRD-34746,Expanded human-resource protocol,Szkło laboratoryjne,szt,722.18,810.21,23,8602819187628,Skalik Sp.k.,aktywny,2020-09-25
264,PRD-85153,De-engineered client-driven parallelism,Materiały zużywalne,szt,686.68,742.02,23,9500099635966,Piekart Sp. z o.o.,aktywny,2024-05-07
265,PRD-47082,Cross-platform upward-trending core,Podłoża mikrobiologiczne,szt,838.82,1419.99,23,7348012883694,Fundacja Zysk-Aleksander Sp.j.,aktywny,2021-06-05
266,PRD-19733,Reverse-engineered even-keeled secured line,Odczynniki,szt,2435.3,3070.33,23 %,7028694167406,Grupa Narożny s.c.,aktywny,2024-03-04
267,PRD-44007,Seamless 24/7 data-warehouse,Szkło laboratoryjne,szt,3182.49,2705.33,23,3879002091405,Grupa Działo-Chudoba Sp. z o.o.,aktywny,2025-03-10
268,PRD-40498,Virtual uniform superstructure,Aparatura,szt,3716.7,5147.39,23,5408802000963,Gabinety Zastawny,aktywny,2026-01-28
269,PRD-95858,Reverse-engineered well-modulated Graphic Interface,Podłoża mikrobiologiczne,szt,202.8,214.0,23,7908238025867,Hass-Matynia Sp.k.,aktywny,2023-11-09
270,PRD-76838,Re-contextualized explicit function,Sprzęt laboratoryjny,szt,3323.96,4337.13,23 %,6765228793035,Kołata Sp.k.,aktywny,2020-08-23
271,PRD-67916,Versatile bottom-line firmware,Sprzęt laboratoryjny,szt,341.42,589.66,23,5262508900521,Gabinety Tórz Sp.k.,nieaktywny,2022-02-06
272,PRD-25440,Business-focused high-level emulation,Podłoża mikrobiologiczne,szt,2196.25,3236.24,23,3294527257042,Fundacja Meler,aktywny,2021-10-08
273,PRD-35333,Realigned disintermediate parallelism,Materiały zużywalne,szt,364.51,425.83,23,8512016721437,Grupa Mycek,aktywny,2024-11-09
274,PRD-90996,Open-source methodical data-warehouse,Szkło laboratoryjne,szt,2138.98,2363.03,23%,7399671095166,Kornet s.c.,aktywny,2023-12-15
275,PRD-18669,Managed upward-trending definition,Podłoża mikrobiologiczne,szt,170.62,219.43,23,9353500780974,Szok-Jarmużek Sp.j.,aktywny,2021-07-21
276,PRD-45588,Proactive 24/7 workforce,Szkło laboratoryjne,szt,1846.25,2863.94,23,2574781386396,Stowarzyszenie Kurda-Uss i syn s.c.,aktywny,2023-05-31
277,PRD-96539,Programmable impactful product,Szkło laboratoryjne,sztuka,3318.69,4599.28,23,6416062164552,FPUH Borejko-Pyza i syn s.c.,aktywny,2021-06-16
278,PRD-96198,Managed homogeneous solution,Szkło laboratoryjne,szt,3760.43,5478.22,23,2752880508495,Cacko-Jeżyk S.A.,nieaktywny,2023-08-20
279,PRD-63329,Multi-layered zero-defect protocol,Aparatura,szt,3284.68,4274.85,23,9175049844117,FPUH Mich-Kasznia S.A.,aktywny,2021-05-10
280,PRD-45123,Progressive composite structure,Szkło laboratoryjne,opak,2339.96,3050.71,23,2692341614711,Grupa Trojanowicz-Szoka Sp. z o.o.,aktywny,2022-04-11
281,PRD-50163,Progressive didactic collaboration,Materiały zużywalne,szt,3161.64,4386.42,23,9503603587578,Ścibior-Kansy Sp. z o.o.,aktywny,2025-10-16
282,PRD-29997,Optional multimedia migration,Podłoża mikrobiologiczne,szt,3034.74,3277.8,23,5423834338428,Fundacja Szkup,aktywny,2024-06-25
283,PRD-76165,Upgradable exuding software,Sprzęt laboratoryjny,szt,3829.22,4897.57,23,9097904976251,Fundacja Marat Sp.k.,aktywny,2024-03-05
284,PRD-17775,Proactive motivating adapter,Szkło laboratoryjne,szt,3448.84,5505.72,23,7218757906668,Fundacja Widłak-Kłoczko i syn s.c.,aktywny,2022-08-09
285,PRD-82827,Reactive directional matrices,Aparatura,pcs,2130.8,3074.96,23,5148010008847,FPUH Stoch,aktywny,2026-03-10
286,PRD-32465,Re-engineered fresh-thinking orchestration,Szkło laboratoryjne,szt,1997.91,3563.98,23,4345563099702,Stowarzyszenie Pachla Sp. z o.o.,aktywny,2024-05-13
287,PRD-92184,Focused heuristic productivity,Odczynniki,szt,2803.85,4819.29,23,5487816230836,Sacharczuk-Burkiewicz Sp. z o.o. Sp.k.,aktywny,2023-04-13
288,PRD-50000,Monitored systemic toolset,Sprzęt laboratoryjny,szt,2303.43,3111.16,23,6035351471905,PPUH Kociemba,aktywny,2023-07-19
289,PRD-86747,Diverse motivating standardization,Szkło laboratoryjne,opak,545.58,759.0,23,6614520915961,Fundacja Parda-Zaczyk Sp.k.,aktywny,2024-12-18
290,PRD-41424,Persevering even-keeled array,Szkło laboratoryjne,szt,3185.28,4173.04,23,8127300546736,Buchholz Sp.k.,aktywny,2022-04-21
291,PRD-50000,Implemented multi-tasking info-mediaries,Sprzęt laboratoryjny,szt,1895.92,2464.92,23,6484058573891,Sadłocha-Leśny Sp. z o.o. Sp.k.,aktywny,2024-12-08
292,PRD-23678,Virtual bottom-line synergy,,sztuka,2524.92,2758.2,23,4420615578269,Dolega s.c.,aktywny,2021-03-22
293,PRD-27457,Secured modular interface,,szt,471.18,738.98,23,8006699691517,Stowarzyszenie Młynarz,aktywny,2023-06-04
294,PRD-33206,Future-proofed reciprocal installation,Aparatura,szt,3529.54,6313.33,23,8057540857549,Gabinety Groth,aktywny,2026-06-25
295,PRD-38462,Compatible zero administration help-desk,Sprzęt laboratoryjny,szt,2228.64,2644.19,23,9080398729246,Stowarzyszenie Bartoszczyk Sp. z o.o.,aktywny,2023-08-27
296,PRD-25360,Seamless impactful intranet,Podłoża mikrobiologiczne,szt.,1069.05,1413.61,23,4579024090909,PPUH Kołak-John Sp.k.,aktywny,2023-10-25
297,PRD-23795,Advanced actuating open system,Aparatura,szt,3736.39,4158.75,23,5665792770726,Żyrek-Knych s.c.,aktywny,2023-07-13
298,PRD-72659,Enterprise-wide analyzing budgetary management,,szt,1175.65,1734.93,23,3930408163642,Gabinety Zimoląg i syn s.c.,aktywny,2021-06-19
299,PRD-49227,Automated attitude-oriented task-force,Sprzęt laboratoryjny,szt,2528.95,3663.46,23,6281814524572,PPUH Zbróg,aktywny,2026-03-25
300,PRD-31157,Streamlined scalable collaboration,Szkło laboratoryjne,szt,443.09,587.23,23,3160846336970,Makles-Dzierżak S.A.,nieaktywny,2025-02-17
301,PRD-90013,Progressive even-keeled task-force,Sprzęt laboratoryjny,szt,1096.08,1554.61,23,5427690699486,Gabinety Stebel-Wołos Sp. z o.o. Sp.k.,aktywny,2023-10-16
302,PRD-75681,Visionary stable policy,Aparatura,szt,716.24,1072.34,23,5454626389241,Huczek-Baumgart Sp.j.,aktywny,2022-11-06
303,PRD-91496,Reactive actuating open system,Szkło laboratoryjne,szt,1296.22,1994.7,23,7590609459063,Gabinety Piguła-Dziarmaga Sp.k.,aktywny,2021-11-19
304,PRD-18015,Team-oriented actuating artificial intelligence,Aparatura,szt,1443.73,2440.7,23,5591832125694,Grupa Parda-Grochowina i syn s.c.,aktywny,2021-05-27
305,PRD-46432,Expanded dedicated framework,Aparatura,szt,3188.77,3874.93,23,1855706126942,Grupa Bereś-Paździora i syn s.c.,aktywny,2025-10-11
306,PRD-44088,Managed directional intranet,Materiały zużywalne,szt,3252.0,4774.84,23,4460627594340,Ludwiniak-Kolka s.c.,nieaktywny,2020-11-05
307,PRD-42898,Open-architected impactful synergy,Aparatura,szt,2898.25,3242.69,23,6278427585722,Grupa Jaśko Sp. z o.o. Sp.k.,nieaktywny,2023-03-27
308,PRD-99201,Fundamental encompassing instruction set,Aparatura,szt,2972.43,4313.9,23,3958973780032,Majerczyk S.A.,aktywny,2021-02-02
309,PRD-45212,Reduced coherent infrastructure,Podłoża mikrobiologiczne,sztuka,3951.21,6032.58,23,1233713921203,Grzelec Sp.j.,aktywny,2024-12-03
310,PRD-87979,Pre-emptive encompassing synergy,Podłoża mikrobiologiczne,szt,461.36,493.59,23,5262382325519,FPUH Gawłowicz S.A.,aktywny,2024-01-11
311,PRD-29272,Proactive client-driven application,Odczynniki,szt,2430.51,4157.91,23 %,1651240848722,FPUH Wałęsa,aktywny,2020-08-28
312,PRD-44899,Object-based tangible utilization,Aparatura,szt,1701.84,2871.22,23,7155046870588,PPUH Witka,aktywny,2021-09-15
313,PRD-10291,Cloned bi-directional policy,Sprzęt laboratoryjny,szt,434.39,509.76,23,2431044494813,Palej-Potaczek i syn s.c.,aktywny,2020-07-29
314,PRD-34542,Monitored incremental intranet,Aparatura,opak,3639.55,5900.27,23,9997355411383,Młocek-Dawiec Sp. z o.o. Sp.k.,nieaktywny,2022-01-21
315,PRD-82638,User-centric 6thgeneration concept,Aparatura,szt,455.72,537.52,23,2408270659580,Dej Sp. z o.o. Sp.k.,aktywny,2023-11-14
316,PRD-70567,Inverse uniform toolset,Szkło laboratoryjne,szt,568.33,612.38,23,8967013572075,Makar-Mrozowicz i syn s.c.,aktywny,2023-06-28
317,PRD-94847,Ameliorated systematic methodology,Odczynniki,szt,659.89,1153.87,23 %,2491581658406,Stowarzyszenie Szarpak Sp. z o.o. Sp.k.,aktywny,2023-08-01
318,PRD-94100,Reactive client-driven array,Aparatura,szt.,549.98,739.28,23,3982804697482,Bembenek-Mydlarz Sp.j.,aktywny,2026-07-16
319,PRD-56394,Fundamental didactic portal,Szkło laboratoryjne,szt,3669.84,4039.75,23,3982288770784,Fundacja Burkiewicz,aktywny,2024-03-03
320,PRD-88593,Stand-alone multimedia flexibility,Materiały zużywalne,szt,2960.77,4682.5,23,4751382563378,FPUH Ciołczyk,aktywny,2026-01-19
321,PRD-32339,Adaptive local open architecture,Szkło laboratoryjne,szt,2810.8,4234.76,23,1503497392909,Gabinety Olbrych-Dulewicz i syn s.c.,aktywny,2026-02-25
322,PRD-88750,Polarized global artificial intelligence,Podłoża mikrobiologiczne,szt,1914.05,2683.35,23,11743219864,FPUH Trojanek-Dmoch s.c.,aktywny,2025-06-06
323,PRD-92016,Profit-focused asymmetric knowledgebase,Odczynniki,szt,68.4,87.82,23,7489868934247,Stowarzyszenie Kycia Sp. z o.o.,aktywny,2023-08-13
324,PRD-51478,Distributed object-oriented service-desk,Odczynniki,szt,2920.4,4239.29,23,5938232625691,Stowarzyszenie Prokopczyk,aktywny,2023-02-19
325,PRD-54695,Integrated real-time time-frame,Aparatura,szt,2281.35,4064.07,23,1449863784965,Matraszek-Zagrodnik Sp.k.,aktywny,2026-07-05
326,PRD-63715,Cross-platform interactive focus group,Szkło laboratoryjne,szt,1425.48,2086.41,23,8483478289186,PPUH Latoszek-Roskosz i syn s.c.,aktywny,2025-04-04
327,PRD-71342,Synergistic well-modulated encryption,,pcs,849.86,1088.2,23,6744459357374,Gabinety Megger-Droździk Sp.k.,aktywny,2022-06-25
328,PRD-48137,Re-engineered methodical flexibility,Sprzęt laboratoryjny,szt,352.85,393.94,23,3905070437800,Fundacja Sapeta Sp. z o.o. Sp.k.,aktywny,2024-10-25
329,PRD-23603,Multi-tiered zero-defect functionalities,Szkło laboratoryjne,szt,1246.65,1921.77,23,3301179288400,Grupa Wielądek-Wiatrak Sp. z o.o. Sp.k.,aktywny,2024-06-06
330,PRD-55749,Inverse exuding success,Szkło laboratoryjne,szt,2331.8,2554.87,23,5121593220846,Stowarzyszenie Mularz-Komperda Sp.k.,aktywny,2024-09-29
331,PRD-50000,Expanded scalable function,,szt,965.41,1127.7,23%,9277450690381,Szajner-Baster s.c.,aktywny,2024-04-08
332,PRD-64703,Phased stable methodology,Podłoża mikrobiologiczne,szt,157.08,217.63,23,37826427232,Droździk i syn s.c.,aktywny,2024-03-05
333,PRD-43031,Open-source non-volatile conglomeration,Szkło laboratoryjne,szt,1837.7,2237.64,23,6807460257359,Mizia-Pietrasiak i syn s.c.,aktywny,2022-06-21
334,PRD-82195,Reduced encompassing throughput,Materiały zużywalne,szt,3772.95,6616.47,23,9054864597146,Gabinety Wons-Serwa Sp.j.,aktywny,2021-02-18
335,PRD-52548,Open-architected system-worthy encoding,Sprzęt laboratoryjny,szt,333.75,473.53,23,3778208615427,Gabinety Rabiej,aktywny,2022-07-10
336,PRD-66112,Monitored demand-driven hierarchy,Materiały zużywalne,pcs,2486.56,3660.11,23,3851331593771,Fundacja Gwara-Tomaszczyk Sp. z o.o.,aktywny,2025-01-05
337,PRD-86651,Switchable actuating budgetary management,Szkło laboratoryjne,szt,1987.92,3099.13,23,1930361043505,Danel Sp.k.,aktywny,2023-01-26
338,PRD-14986,Function-based maximized knowledgebase,,sztuka,2660.77,3471.15,23,2035091075893,Obarzanek-Puła s.c.,aktywny,2021-07-25
339,PRD-26895,Fundamental disintermediate protocol,Materiały zużywalne,szt,1373.24,2177.79,23,8297765773015,Żółkiewicz Sp.k.,aktywny,2024-02-23
340,PRD-81218,Fundamental system-worthy monitoring,Materiały zużywalne,szt,1881.79,2427.74,23,4551908707200,Spółdzielnia Wilusz Sp. z o.o. Sp.k.,aktywny,2025-12-18
341,PRD-31105,Multi-lateral maximized middleware,Szkło laboratoryjne,szt,1503.59,1858.05,23,33822252670,Fundacja Kik,aktywny,2022-01-09
342,PRD-12852,Customer-focused directional Graphical User Interface,Materiały zużywalne,szt,2893.45,4660.99,23,9989622319209,FPUH Gęgotek,aktywny,2020-10-22
343,PRD-44532,Sharable mobile function,Aparatura,pcs,1594.5,1968.49,23,2211508181107,Dubik s.c.,aktywny,2026-02-22
344,PRD-28864,Managed solution-oriented hub,Szkło laboratoryjne,szt,2104.68,2508.02,23,4319281161085,Spółdzielnia Cebulak Sp.k.,aktywny,2026-04-02
345,PRD-90343,Intuitive coherent encoding,Odczynniki,szt,169.06,190.5,23,2496714339910,Heinrich-Bazylewicz Sp. z o.o. Sp.k.,aktywny,2024-11-14
346,PRD-98784,Monitored neutral adapter,Sprzęt laboratoryjny,szt,197.84,244.12,23,9873665093618,Gabinety Kiciak-Basista Sp.j.,aktywny,2023-10-31
347,PRD-50000,User-friendly radical framework,Sprzęt laboratoryjny,szt,1129.08,1633.62,23,1955329082889,Stowarzyszenie Wypchło Sp. z o.o.,aktywny,2020-09-26
348,PRD-21424,Streamlined incremental initiative,Sprzęt laboratoryjny,pcs,2523.69,4387.49,23,2176428070682,Trzcionka i syn s.c.,aktywny,2023-04-03
349,PRD-64158,Progressive zero administration firmware,Aparatura,szt,3719.55,5259.97,23,9052804017331,Parzonka S.A.,aktywny,2025-08-29
350,PRD-69787,Open-source composite encoding,Aparatura,szt,964.47,1313.64,23 %,7280578574062,Plewnia-Łupina Sp.k.,aktywny,2024-04-08
351,PRD-42793,Sharable exuding intranet,Szkło laboratoryjne,szt,2471.83,2703.27,23,4553012203642,Kubiaczyk Sp. z o.o.,aktywny,2021-10-20
352,PRD-60045,Persistent bi-directional extranet,Szkło laboratoryjne,szt,435.98,474.3,23,7533998748059,Gabinety Cacko Sp.j.,aktywny,2021-02-09
353,PRD-27733,Sharable transitional attitude,Sprzęt laboratoryjny,szt,2151.74,3439.96,23,5388130065065,FPUH Sobków,aktywny,2021-06-24
354,PRD-19153,Synchronized optimizing matrix,Materiały zużywalne,szt,827.07,1289.43,23,6538446319947,Kulma-Kołton s.c.,aktywny,2020-11-16
355,PRD-42820,Monitored transitional functionalities,Odczynniki,szt,1860.72,2153.68,23,3437102589890,Stowarzyszenie Patyna-Sito Sp.k.,aktywny,2025-04-18
356,PRD-23909,Extended modular forecast,Materiały zużywalne,szt.,61.75,85.22,23,6226223145559,FPUH Obarzanek,aktywny,2026-03-30
357,PRD-65058,Open-architected 5thgeneration capability,Materiały zużywalne,szt,1912.66,2233.78,23,5488192487605,Grupa Rzeźniczak s.c.,aktywny,2025-08-22
358,PRD-85877,Networked bandwidth-monitored adapter,Aparatura,szt,2790.57,4678.28,23,1958848219821,Tryka Sp. z o.o. Sp.k.,aktywny,2023-09-20
359,PRD-72650,Seamless systematic algorithm,Sprzęt laboratoryjny,szt,219.45,323.71,0.23,3952123766118,Pacura Sp. z o.o.,aktywny,2022-04-29
360,PRD-57346,Organic value-added alliance,Szkło laboratoryjne,szt,919.41,1515.38,23,4627615294646,Fundacja Burchard i syn s.c.,aktywny,2021-10-23
361,PRD-80387,Stand-alone encompassing orchestration,Materiały zużywalne,szt,647.43,945.02,23,6282641678850,Szatanik s.c.,aktywny,2024-07-29
362,PRD-53753,Optional tangible policy,Szkło laboratoryjne,szt,3807.04,5094.09,23,2183617298213,Czopik-Bojczuk Sp. z o.o. Sp.k.,aktywny,2023-08-28
363,PRD-96089,Synergized bandwidth-monitored infrastructure,Materiały zużywalne,szt,1257.7,2090.77,23,6252738289045,Chwała-Buk i syn s.c.,aktywny,2024-02-29
364,PRD-10773,Multi-lateral optimal workforce,Odczynniki,szt,581.8,970.73,23,2276712647751,Kopała-Salach i syn s.c.,nieaktywny,2022-06-18
365,PRD-78985,Reduced interactive intranet,Aparatura,szt,1216.12,1419.4,23,6808365501215,FPUH Synak Sp. z o.o. Sp.k.,aktywny,2020-08-30
366,PRD-71594,Exclusive interactive matrix,Aparatura,szt,3150.91,4495.02,23,3194921784857,Łabno-Doliwa Sp.k.,aktywny,2023-12-08
367,PRD-90748,Multi-channeled tertiary moderator,Podłoża mikrobiologiczne,szt,1506.12,2641.98,23,5019030354306,Fundacja Bulanda-Sajda Sp. z o.o.,aktywny,2022-03-01
368,PRD-15827,Persevering clear-thinking challenge,Podłoża mikrobiologiczne,szt,3036.29,5358.42,23,2005142000192,PPUH Neska-Bździuch i syn s.c.,aktywny,2024-01-12
369,PRD-14253,Configurable didactic emulation,Podłoża mikrobiologiczne,szt,2665.8,3721.64,23,5245554929988,Gabinety Łój,aktywny,2025-04-22
370,PRD-64212,Versatile content-based pricing structure,Odczynniki,szt,176.36,218.01,23,1220323544664,Wziątek Sp. z o.o. Sp.k.,aktywny,2021-12-27
371,PRD-60507,Ergonomic actuating portal,Materiały zużywalne,szt,3208.56,5163.59,23,9466883994717,Gabinety Lament S.A.,aktywny,2022-07-19
372,PRD-33485,Proactive scalable function,Podłoża mikrobiologiczne,szt,1953.74,2474.29,23,69925960885,Spółdzielnia Banak-Polasik i syn s.c.,aktywny,2025-01-14
373,PRD-54361,Synergistic directional functionalities,Odczynniki,szt,1962.09,3383.3,23,7249003348916,FPUH Hrabia Sp.k.,aktywny,2025-04-20
374,PRD-76596,Re-contextualized incremental intranet,Odczynniki,szt,3629.54,4876.09,23,7306504603959,Milka Sp. z o.o. Sp.k.,aktywny,2021-10-15
375,PRD-64510,Programmable 3rdgeneration customer loyalty,Podłoża mikrobiologiczne,szt,2771.81,3668.78,23,2423422599789,Leszczak Sp. z o.o.,aktywny,2025-03-17
376,PRD-49520,Persevering systematic success,Odczynniki,szt,2240.91,3331.56,23,5215792465106,Ślipek-Litwinowicz i syn s.c.,aktywny,2023-03-28
377,PRD-11854,Self-enabling intermediate hierarchy,Materiały zużywalne,szt,1555.1,2107.94,23,6516329275539,Gabinety Poleszak-Hanus i syn s.c.,aktywny,2025-03-11
378,PRD-38715,Assimilated multimedia conglomeration,Sprzęt laboratoryjny,szt,470.69,814.24,23,6878036459948,Spółdzielnia Dobrosz,aktywny,2022-08-31
379,PRD-58686,Operative disintermediate superstructure,Odczynniki,szt,753.53,938.6,23 %,3613533812683,Gabinety Kościesza Sp. z o.o. Sp.k.,aktywny,2025-02-02
380,PRD-29047,Triple-buffered zero-defect website,Podłoża mikrobiologiczne,szt,274.17,314.33,23 %,8557892703064,Tylus s.c.,nieaktywny,2025-08-13
381,PRD-83143,Virtual multi-state info-mediaries,Podłoża mikrobiologiczne,pcs,3383.43,5816.07,23,7824176279018,PPUH Hanc Sp. z o.o.,aktywny,2023-12-20
382,PRD-76514,De-engineered systematic capacity,Podłoża mikrobiologiczne,szt,2104.75,3111.45,23,2499794835625,Stranc-Dryka S.A.,aktywny,2023-01-28
383,PRD-92178,Compatible empowering product,Odczynniki,szt.,238.53,279.44,23,7838467826708,Konstanty-Paszkowiak S.A.,aktywny,2022-08-12
384,PRD-83845,Multi-tiered attitude-oriented benchmark,Podłoża mikrobiologiczne,szt,725.82,951.3,23,8422040990929,Fundacja Garbacik-Monkiewicz s.c.,aktywny,2023-03-12
385,PRD-73265,Re-contextualized client-server groupware,Materiały zużywalne,pcs,22.28,25.41,23,1175089285480,Gabinety Kohut-Kandora i syn s.c.,aktywny,2024-12-08
386,PRD-89421,Virtual foreground knowledge user,Odczynniki,szt.,819.18,636.33,23,5288203784639,FPUH Gromala,aktywny,2020-09-30
387,PRD-55337,Future-proofed homogeneous hub,Sprzęt laboratoryjny,szt,3348.24,4426.76,23,7832486819433,Wawszczyk-Zadora Sp.k.,aktywny,2022-03-29
388,PRD-34715,Intuitive even-keeled forecast,Materiały zużywalne,szt,699.24,740.53,23,9273898781129,Drost s.c.,aktywny,2024-07-07
389,PRD-91309,Cross-platform zero administration solution,Podłoża mikrobiologiczne,szt,1963.88,2612.52,23,3921820429717,FPUH Pazoła-Kempny Sp.k.,aktywny,2026-05-26
390,PRD-49055,Mandatory attitude-oriented data-warehouse,Odczynniki,szt,1241.01,1363.45,23%,1621524439464,Fundacja Sendor s.c.,aktywny,2022-05-06
391,PRD-26706,Ameliorated systemic Graphical User Interface,Materiały zużywalne,szt,1877.75,1997.64,23,6357733284841,Drygas-Wałęsa s.c.,aktywny,2024-10-30
392,PRD-26688,Stand-alone secondary moratorium,Podłoża mikrobiologiczne,szt,832.04,1369.0,23,5036086542421,Pawlaczek s.c.,aktywny,2025-03-11
393,PRD-29824,Extended leadingedge success,Odczynniki,szt,328.05,481.44,23,5273343603549,PPUH Kij i syn s.c.,aktywny,2020-08-05
394,PRD-98158,Cross-platform national time-frame,Podłoża mikrobiologiczne,szt,2748.5,3770.81,23,9891997559744,Gabinety Smagacz,aktywny,2025-03-10
395,PRD-83686,Configurable empowering implementation,Materiały zużywalne,szt,3866.5,5977.56,23,2649709714755,Krzywonos-Faryna Sp. z o.o.,aktywny,2022-05-24
396,PRD-73494,Fundamental stable model,Szkło laboratoryjne,szt,0,2231.82,23,4680526081784,Bicz-Macias Sp. z o.o. Sp.k.,aktywny,2025-04-24
397,PRD-95318,Future-proofed analyzing attitude,Podłoża mikrobiologiczne,szt,1542.83,1884.41,23,9445210165040,Kurach Sp.j.,aktywny,2021-05-20
398,PRD-52777,Down-sized needs-based database,Szkło laboratoryjne,szt,2601.93,3041.07,23,5924246240063,Grupa Mysiak Sp. z o.o.,aktywny,2022-09-19
399,PRD-90099,Profound mission-critical time-frame,Odczynniki,szt.,808.2,1263.14,23 %,4043916875796,Stowarzyszenie Cyrek Sp.j.,aktywny,2023-09-05
400,PRD-39480,Balanced upward-trending orchestration,Aparatura,szt,3951.62,4240.68,23 %,4845547188102,Niećko Sp.k.,aktywny,2022-10-11
401,PRD-36328,Synchronized mission-critical Internet solution,Sprzęt laboratoryjny,sztuka,2666.85,3015.52,23,5413982960685,Jaszczur S.A.,aktywny,2021-12-21
402,PRD-53256,Vision-oriented maximized implementation,,szt,3382.47,4688.65,23,7024255817182,Gal-Halik Sp. z o.o. Sp.k.,aktywny,2023-05-11
403,PRD-69608,Adaptive mission-critical instruction set,Szkło laboratoryjne,szt,222.79,301.24,23,9023263425806,FPUH Srokosz Sp. z o.o.,aktywny,2021-12-20
404,PRD-53222,Sharable intangible contingency,Sprzęt laboratoryjny,szt,2805.53,4572.04,23,9804993263793,Grosz S.A.,aktywny,2026-03-23
405,PRD-32183,Balanced executive moratorium,Odczynniki,szt,955.65,1363.8,0.23,6768458206109,Gabinety Palonek-Janasz s.c.,aktywny,2025-10-17
406,PRD-85280,Business-focused stable framework,Odczynniki,pcs,1769.66,2407.17,23,8036213387486,Frącz Sp.j.,aktywny,2025-02-19
407,PRD-55400,Re-engineered directional analyzer,Sprzęt laboratoryjny,szt,3429.19,4733.47,23,3933441701961,Garbaciak-Michalkiewicz Sp.k.,nieaktywny,2024-11-23
408,PRD-52964,Diverse human-resource framework,Podłoża mikrobiologiczne,szt,438.54,647.12,23,5637945567779,Gabinety Trzop,aktywny,2023-11-19
409,PRD-43557,Function-based reciprocal interface,Podłoża mikrobiologiczne,szt,762.9,1288.8,23,6630093847931,Stowarzyszenie Gieroń s.c.,aktywny,2025-02-23
410,PRD-41157,Seamless attitude-oriented initiative,Szkło laboratoryjne,szt,3454.45,3826.21,0.23,7036305648272,Jędrasiak Sp.k.,aktywny,2020-09-28
411,PRD-14451,Synergized web-enabled emulation,Podłoża mikrobiologiczne,szt,3108.89,5494.84,23,2592792123367,FPUH Sidorczuk-Piskor i syn s.c.,aktywny,2024-06-11
412,PRD-77576,Function-based non-volatile alliance,Sprzęt laboratoryjny,szt,2882.45,4636.74,23,7748202232869,FPUH Sromek-Podgórna Sp.j.,aktywny,2021-11-14
413,PRD-30215,Stand-alone 24/7 emulation,Podłoża mikrobiologiczne,szt,2318.8,2930.0,23 %,1538845199366,Spółdzielnia Droździk,aktywny,2021-09-30
414,PRD-40112,Switchable bifurcated strategy,Aparatura,szt,2249.87,2914.45,23,9669524858214,Fundacja Pietrusiewicz-Lizoń Sp. z o.o.,aktywny,2025-06-22
415,PRD-13809,Reactive asymmetric support,Sprzęt laboratoryjny,opak,547.57,849.67,23,4778334081860,PPUH Pasiak,aktywny,2021-09-06
416,PRD-85738,Cross-platform content-based infrastructure,Szkło laboratoryjne,szt,3774.29,4410.1,23,7968270576204,Spółdzielnia Sygut-Ziemann Sp.j.,aktywny,2025-05-13
417,PRD-12287,Advanced maximized focus group,Sprzęt laboratoryjny,kpl,3914.11,5409.91,0.23,8806733853997,Piaścik-Kloska S.A.,aktywny,2023-05-13
418,PRD-59195,Cloned radical encryption,Materiały zużywalne,szt,2015.63,3608.37,23,9497251463132,FPUH Kuśka i syn s.c.,aktywny,2021-09-08
419,PRD-55548,Mandatory composite initiative,Aparatura,kpl,2319.32,3646.87,23,9625694389419,Wasil S.A.,aktywny,2022-09-24
420,PRD-14452,Customizable interactive orchestration,Materiały zużywalne,szt,2357.87,3340.72,23,7877362080435,Galica Sp.k.,aktywny,2022-10-25
421,PRD-42932,Profound logistical hierarchy,Podłoża mikrobiologiczne,pcs,2406.14,2663.41,23 %,1101348310337,PPUH Rozmiarek,aktywny,2024-05-22
422,PRD-82057,Digitized real-time emulation,Podłoża mikrobiologiczne,szt,1085.83,1486.81,23,9712481519445,Wygoda-Łabno s.c.,aktywny,2023-04-06
423,PRD-56371,Focused web-enabled middleware,Szkło laboratoryjne,szt,2876.13,3127.96,23,9843200680474,Spółdzielnia Pyrz,aktywny,2021-12-15
424,PRD-37832,Secured scalable artificial intelligence,Odczynniki,szt,237.24,277.72,23,45178092248,Ziarnik Sp. z o.o. Sp.k.,aktywny,2025-04-06
425,PRD-74924,Organized disintermediate website,Szkło laboratoryjne,szt,515.48,646.46,23,1858540710327,Gabinety Łyskawa,aktywny,2024-03-26
426,PRD-21878,Polarized fault-tolerant Graphical User Interface,Materiały zużywalne,szt,2065.14,2642.12,0.23,3149141958018,Fundacja Pasiak,aktywny,2025-10-17
427,PRD-13352,Extended zero administration solution,Odczynniki,szt,3075.42,3259.17,23,57204835486,Grupa Para,nieaktywny,2020-12-13
428,PRD-51972,Diverse user-facing artificial intelligence,Materiały zużywalne,szt,1805.73,2598.97,23,8758396660913,Grupa Smolec,nieaktywny,2023-02-27
429,PRD-47100,Virtual background collaboration,Sprzęt laboratoryjny,szt,2525.06,4030.87,23,8073143481026,Spółdzielnia Kral-Śmieszek s.c.,aktywny,2023-02-28
430,PRD-14251,Managed holistic migration,Szkło laboratoryjne,szt,3282.02,5012.2,23,5860203814993,FPUH Pastuszek-Matejuk s.c.,aktywny,2021-10-05
431,PRD-85397,Advanced directional Graphical User Interface,Aparatura,szt,2299.64,2963.01,23,2191844022299,Fundacja Dmoch-Sobków Sp.j.,aktywny,2022-03-02
432,PRD-55895,Configurable mobile standardization,Materiały zużywalne,szt,441.3,780.79,23,5452323735402,Mędrala Sp. z o.o.,aktywny,2022-07-10
433,PRD-21349,Monitored incremental middleware,Szkło laboratoryjne,opak,1437.06,1581.95,23,1737257831889,Grupa Odrzywołek s.c.,aktywny,2024-07-09
434,PRD-11887,Innovative asynchronous capacity,Szkło laboratoryjne,szt,2406.65,4078.94,23,3921839652145,FPUH Nogieć,aktywny,2023-09-23
435,PRD-84018,Adaptive full-range array,Aparatura,szt,256.9,304.7,23,1638187589543,Stowarzyszenie Sommerfeld i syn s.c.,aktywny,2023-02-12
436,PRD-83114,Focused well-modulated productivity,Szkło laboratoryjne,szt,3042.53,3513.03,23,8875723237174,PPUH Salawa-Radke S.A.,aktywny,2025-10-22
437,PRD-92936,Organized human-resource open architecture,Aparatura,szt,1559.81,2141.08,23,3911263656116,Grupa Laszkiewicz,aktywny,2026-06-06
438,PRD-50000,Realigned logistical task-force,Sprzęt laboratoryjny,szt,2311.07,2981.59,23,6449589573926,Fundacja Cholewka i syn s.c.,aktywny,2022-12-10
439,PRD-71654,Synchronized intermediate approach,Szkło laboratoryjne,szt,2258.88,3757.83,23,26441340958,Drewniok Sp. z o.o. Sp.k.,aktywny,2022-09-27
440,PRD-35762,Face-to-face fault-tolerant Graphic Interface,Aparatura,szt,90.28,101.56,23,3831409164734,Gabinety Gral-Freitag Sp.k.,aktywny,2022-11-07
441,PRD-68683,Sharable static emulation,Podłoża mikrobiologiczne,szt,2536.39,4323.15,23,4169722472511,Luberda i syn s.c.,aktywny,2024-11-03
442,PRD-10578,Phased well-modulated encoding,Aparatura,szt,973.21,1143.65,23,7125149104013,Mądrzak S.A.,nieaktywny,2021-06-15
443,PRD-39263,Enhanced empowering paradigm,Odczynniki,szt,2205.97,2510.21,23,9961320001636,FPUH Pawlonka Sp.k.,aktywny,2024-05-20
444,PRD-69286,Up-sized local groupware,Aparatura,szt,1753.67,2432.0,23,2036064948570,Stowarzyszenie Borak Sp. z o.o. Sp.k.,nieaktywny,2026-07-05
445,PRD-51889,Customizable zero-defect ability,Aparatura,szt,3880.64,6958.88,23,1589569370734,PPUH Makles,aktywny,2022-08-22
446,PRD-37422,Public-key 6thgeneration parallelism,Aparatura,szt,956.72,1604.39,23%,7648665035160,FPUH Humeniuk,aktywny,2026-07-02
447,PRD-94332,Organic uniform website,,szt,1931.29,2889.16,23,9304736303117,Dudzicz-Strzępek s.c.,aktywny,2022-07-09
448,PRD-70992,Cross-group grid-enabled info-mediaries,Odczynniki,szt,1515.13,1979.07,23,5958131185780,Cłapa Sp. z o.o. Sp.k.,aktywny,2025-03-15
449,PRD-57643,Implemented cohesive matrices,Odczynniki,szt,1909.12,2375.08,23,6563310544513,Freitag s.c.,aktywny,2024-07-21
450,PRD-49380,Vision-oriented optimal hierarchy,Materiały zużywalne,szt,3063.24,2185.74,23,6685918521537,FPUH Nickel-Harasimiuk i syn s.c.,aktywny,2025-04-05
451,PRD-85162,Polarized incremental capability,Odczynniki,szt,2620.51,4614.99,23,2978722340543,Froń Sp. z o.o.,aktywny,2024-08-27
452,PRD-23503,Polarized object-oriented leverage,Odczynniki,szt,3793.37,6150.66,23,9381339973072,Stowarzyszenie Sztuczka Sp.j.,aktywny,2023-03-01
453,PRD-51912,Multi-lateral explicit service-desk,Aparatura,szt,2176.07,2846.82,23,6044129099724,Fundacja Lica,aktywny,2026-02-07
454,PRD-50000,Persistent coherent migration,Podłoża mikrobiologiczne,szt,3972.78,3013.39,23,9865681257507,Gabinety Strzoda-Miodek S.A.,aktywny,2021-04-26
455,PRD-66874,Networked systemic orchestration,Materiały zużywalne,szt,3438.63,4186.55,23,2063874341870,Szczesiak-Krystkowiak Sp. z o.o. Sp.k.,aktywny,2025-12-30
456,PRD-16766,Future-proofed systemic algorithm,Sprzęt laboratoryjny,szt,1283.55,2265.21,23,7628612447029,Ryznar-Rozmiarek s.c.,aktywny,2023-04-06
457,PRD-85770,Profit-focused empowering software,Sprzęt laboratoryjny,szt,-3417.17,5580.48,23,11738287742,PPUH Szarzec Sp. z o.o. Sp.k.,aktywny,2024-08-03
458,PRD-69253,User-centric intangible access,Odczynniki,szt,557.93,907.74,0.23,2354370699809,Fundacja Korniak s.c.,aktywny,2024-05-04
459,PRD-93619,Upgradable radical contingency,Sprzęt laboratoryjny,szt,2891.26,4886.01,23,4381867679226,Grupa Owsiak s.c.,aktywny,2020-08-22
460,PRD-31782,De-engineered incremental toolset,Materiały zużywalne,szt,3296.43,3961.97,23,3559405358494,Fundacja Hałat-Niewiara i syn s.c.,aktywny,2024-10-16
461,PRD-98043,Organic leadingedge knowledgebase,Aparatura,sztuka,444.86,642.38,23,3829408054675,PPUH Ludwiniak Sp.j.,aktywny,2026-04-17
462,PRD-50000,Balanced web-enabled projection,Podłoża mikrobiologiczne,szt,3637.55,4850.22,23,9466458307814,Trojanek-Sapa i syn s.c.,aktywny,2022-07-29
463,PRD-92915,Open-source client-server implementation,Aparatura,szt,3810.94,6852.99,23,4676597599105,Pędzik-Fidura s.c.,aktywny,2024-06-03
464,PRD-83435,Enterprise-wide value-added workforce,Aparatura,szt,2607.55,3283.77,23,4262865455679,Grupa Posłuszna i syn s.c.,aktywny,2021-08-20
465,PRD-26102,Configurable analyzing intranet,Szkło laboratoryjne,pcs,2285.34,3887.04,23,4144581853676,Jewuła-Baranowicz S.A.,aktywny,2023-09-15
466,PRD-33029,Reactive radical instruction set,,szt,365.65,601.73,23,3453383761074,Wojnicz-Zuziak i syn s.c.,aktywny,2020-07-26
467,PRD-61348,Automated incremental moratorium,Sprzęt laboratoryjny,szt,3468.83,5630.67,23,5232039658101,Sądej-Danisz S.A.,aktywny,2023-05-15
468,PRD-75771,Focused content-based software,Materiały zużywalne,szt,3470.83,3891.13,23,7009838536316,Wesoły-Szlachcic S.A.,aktywny,2021-04-12
469,PRD-51719,Extended reciprocal parallelism,Szkło laboratoryjne,szt,3374.03,5093.73,23,5208708623848,Deryło-Korkosz Sp.j.,aktywny,2020-08-06
470,PRD-62735,Ameliorated zero tolerance initiative,Sprzęt laboratoryjny,szt,209.41,256.36,0.23,4569238039436,Cofała i syn s.c.,nieaktywny,2022-05-03
471,PRD-35006,Multi-tiered non-volatile firmware,Materiały zużywalne,szt,2022.82,2777.98,23 %,6328627359614,Malcharek-Szymula Sp.j.,aktywny,2020-08-29
472,PRD-81652,Seamless grid-enabled projection,Aparatura,szt,1236.87,1713.17,23,8792618106575,Chomiak-Gogola Sp.j.,aktywny,2026-03-17
473,PRD-28255,Public-key hybrid Graphic Interface,Odczynniki,szt,2338.93,3221.91,23,3599291439740,Wardzała-Raczkiewicz Sp. z o.o.,aktywny,2024-09-01
474,PRD-80765,Devolved motivating Graphical User Interface,Aparatura,szt,243.43,331.89,23,7787395782574,Pastuszek-Kajdan i syn s.c.,aktywny,2022-12-01
475,PRD-99813,Business-focused 5thgeneration toolset,Podłoża mikrobiologiczne,szt,1195.73,1602.22,23,4077508417350,Gabinety Listwan Sp. z o.o. Sp.k.,aktywny,2022-06-19
476,PRD-33211,Progressive next generation Graphical User Interface,Szkło laboratoryjne,szt,3404.9,4965.3,23,7950500391013,PPUH Wojewódka,aktywny,2022-12-14
477,PRD-36523,Vision-oriented global encryption,Sprzęt laboratoryjny,szt,1574.76,1745.66,23,6164930570540,Przybycień s.c.,aktywny,2021-09-18
478,PRD-29955,Self-enabling web-enabled task-force,Szkło laboratoryjne,szt,1879.01,3021.76,23,1252413027918,Gabinety Patora-Feliksiak S.A.,aktywny,2022-11-19
479,PRD-89778,Multi-lateral grid-enabled function,Odczynniki,szt,2805.49,3798.41,0.23,5998525636482,Wośko-Dziurdzia Sp. z o.o.,aktywny,2026-02-28
480,PRD-21836,Inverse dynamic intranet,Aparatura,szt,1128.74,1253.52,23,83652080999,Gabinety Ficner S.A.,aktywny,2023-01-20
481,PRD-39981,Multi-lateral full-range website,Odczynniki,szt,3434.5,5357.34,23,7829418569535,Huczek s.c.,aktywny,2024-10-07
482,PRD-28832,Optimized neutral moderator,Szkło laboratoryjne,szt,1728.97,3092.35,23,57336541523,PPUH Marach Sp. z o.o.,aktywny,2023-12-28
483,PRD-79916,Synergistic contextually-based analyzer,Podłoża mikrobiologiczne,szt,294.12,474.3,23,8981472118608,Stefankiewicz-Szczap S.A.,aktywny,2024-10-19
484,PRD-56136,Down-sized bottom-line encryption,Odczynniki,szt,613.29,1055.66,23,9993669389767,Salomon Sp. z o.o.,aktywny,2025-05-06
485,PRD-64338,Cross-group regional structure,Podłoża mikrobiologiczne,szt,323.8,432.92,23,4212893811781,PPUH Kurp,aktywny,2020-08-17
486,PRD-93511,Operative demand-driven parallelism,Odczynniki,szt,1188.3,1774.55,23,5606104165359,FPUH Dyś-Kieloch i syn s.c.,aktywny,2024-04-27
487,PRD-91822,Phased non-volatile moderator,Odczynniki,szt,801.01,1339.28,23,7681762465887,Spółdzielnia Kaziród s.c.,aktywny,2022-01-23
488,PRD-13133,Proactive dedicated website,Aparatura,szt,3606.59,4537.42,23,6066104396667,Wojtera i syn s.c.,aktywny,2025-11-01
489,PRD-29333,Diverse fault-tolerant open system,Odczynniki,opak,3495.19,4248.88,23 %,7143652532273,Gabinety Semik,aktywny,2022-07-20
490,PRD-37716,Enhanced object-oriented budgetary management,Szkło laboratoryjne,szt,3645.14,4575.94,23,4429841634901,FPUH Orzeszek Sp.j.,aktywny,2023-05-30
491,PRD-19996,Integrated exuding budgetary management,Odczynniki,szt,3389.32,3594.34,23,7594990185491,Grupa Nowotnik S.A.,aktywny,2023-04-17
492,PRD-55358,Virtual contextually-based moratorium,Podłoża mikrobiologiczne,szt,2646.59,2218.9,23,8629690061510,PPUH Wawszczak-Żółtek Sp. z o.o.,aktywny,2023-05-23
493,PRD-39147,Ameliorated fresh-thinking artificial intelligence,Podłoża mikrobiologiczne,szt,2165.85,2654.22,23,9788027326213,Soliwoda s.c.,aktywny,2023-06-01
494,PRD-50000,Pre-emptive fault-tolerant Graphical User Interface,Materiały zużywalne,szt,1823.05,2953.83,23,4002465554946,Wojaczek Sp. z o.o.,aktywny,2022-06-02
495,PRD-33301,Digitized systemic complexity,Sprzęt laboratoryjny,szt,1174.36,1901.09,23,4164458901216,Malarczyk Sp.k.,aktywny,2021-05-14
496,PRD-16233,Pre-emptive high-level framework,Szkło laboratoryjne,szt,1429.37,2201.49,23,3441062766590,Stowarzyszenie Świątkiewicz,aktywny,2025-07-01
497,PRD-25754,Object-based even-keeled moderator,Sprzęt laboratoryjny,szt,3492.39,5101.19,23,3922425074978,PPUH Matla Sp.k.,aktywny,2021-01-25
498,PRD-72551,Total asymmetric approach,Podłoża mikrobiologiczne,szt,3404.89,5513.99,23,3391061789219,Fundacja Gordon,aktywny,2021-04-08
499,PRD-41275,De-engineered maximized functionalities,Odczynniki,szt,930.58,1396.42,23,3971045351637,Żabierek Sp. z o.o.,aktywny,2022-06-12
500,PRD-29917,Multi-channeled composite initiative,Sprzęt laboratoryjny,szt,1947.94,1434.62,23,5052564297410,Fundacja Rzeszutko-Giec S.A.,aktywny,2023-09-19
501,PRD-99020,Business-focused discrete success,Sprzęt laboratoryjny,szt,1186.27,1920.59,23%,7242275337190,Grupa Wielądek s.c.,aktywny,2023-07-17
502,PRD-56709,Visionary global frame,Podłoża mikrobiologiczne,szt,621.67,993.74,23,1337260353189,Gabinety Kolarz-Danisz Sp. z o.o.,aktywny,2020-11-07
503,PRD-22586,Re-engineered holistic middleware,Materiały zużywalne,szt,2093.33,3203.68,23,8239410580419,Spółdzielnia Fleszar Sp.k.,aktywny,2021-12-29
504,PRD-51854,Realigned didactic infrastructure,Odczynniki,szt,2365.18,2566.47,23,5792452815315,FPUH Megger-Rozmiarek Sp.j.,nieaktywny,2026-04-16
505,PRD-53854,Business-focused background firmware,Szkło laboratoryjne,szt.,3420.49,5286.69,23,3071526949872,Fundacja Sieg,aktywny,2022-12-05
506,PRD-17779,Distributed discrete challenge,Szkło laboratoryjne,szt,1869.16,1540.47,23,9499963556003,Fundacja Sawko Sp. z o.o. Sp.k.,aktywny,2023-06-11
507,PRD-84448,User-centric stable monitoring,Odczynniki,opak,1884.73,2955.55,23,2261396740594,PPUH Imiołczyk,aktywny,2025-12-28
508,PRD-11295,Cross-platform regional productivity,Odczynniki,pcs,3758.92,6354.76,23,7271752623202,Grupa Armata Sp. z o.o. Sp.k.,aktywny,2026-03-18
509,PRD-79462,Balanced uniform benchmark,Aparatura,szt,2752.78,4780.25,23,9563878878289,Fundacja Wąsek-Zera i syn s.c.,aktywny,2025-12-05
510,PRD-59592,Polarized static capacity,Aparatura,szt,1178.62,1483.41,23,8782501837554,Chromy S.A.,aktywny,2024-12-21
511,PRD-48297,Monitored asynchronous orchestration,Aparatura,szt,1516.89,1658.78,23%,2822197069385,Pochopień-Murach i syn s.c.,aktywny,2021-09-28
512,PRD-77732,Realigned coherent neural-net,Szkło laboratoryjne,szt,2175.21,2598.77,23,9814177866480,Spółdzielnia Lemke,aktywny,2024-07-18
513,PRD-79924,Focused tertiary collaboration,Podłoża mikrobiologiczne,szt,3361.57,3864.36,23,5963372225200,Fundacja Skocz-Smoter i syn s.c.,aktywny,2022-12-24
514,PRD-25331,Future-proofed object-oriented project,Aparatura,sztuka,2325.55,3791.31,23,3405259916658,Kuszyk-Sutor s.c.,aktywny,2024-03-29
515,PRD-27353,Mandatory motivating complexity,Podłoża mikrobiologiczne,szt,1935.19,1343.09,23,8575970256702,Grupa Kaszkowiak-Posmyk Sp.k.,aktywny,2023-10-22
516,PRD-38446,Multi-layered fresh-thinking workforce,Podłoża mikrobiologiczne,szt,3788.86,6636.15,23,2738347491125,Nałęcz Sp.j.,aktywny,2025-01-17
517,PRD-51300,Extended real-time project,Sprzęt laboratoryjny,szt,1882.17,2074.38,23,5368269742893,Grupa Sochaj s.c.,aktywny,2026-01-09
518,PRD-89929,Down-sized 3rdgeneration toolset,,szt,1544.97,1932.33,23,4872399536010,Stowarzyszenie Borzych Sp.j.,aktywny,2024-07-27
519,PRD-62052,Innovative tangible budgetary management,Odczynniki,szt,965.12,1278.8,23,4308609699406,Spółdzielnia Harasimiuk,aktywny,2025-10-21
520,PRD-13957,Realigned maximized encoding,Odczynniki,szt,3519.26,4461.4,23,5467127139767,Fundacja Garncarz-Łosiak S.A.,aktywny,2026-01-15
521,PRD-53128,Monitored radical artificial intelligence,Materiały zużywalne,opak,3343.89,4274.95,23,9610239110007,PPUH John-Małyszka Sp. z o.o.,aktywny,2025-08-07
522,PRD-87131,Enhanced exuding projection,Szkło laboratoryjne,szt.,3425.57,3691.76,23,8340025795989,Gabinety Moniuszko-Wilma Sp.j.,aktywny,2021-04-26
523,PRD-61034,Front-line well-modulated project,Materiały zużywalne,szt,2414.6,3195.59,23 %,9433490254211,FPUH Graboń Sp.j.,nieaktywny,2023-03-04
524,PRD-50000,Polarized composite system engine,Podłoża mikrobiologiczne,szt,2440.35,2734.58,23,22813710406,Stowarzyszenie Przeniosło,aktywny,2025-10-30
525,PRD-80966,Sharable fault-tolerant customer loyalty,Podłoża mikrobiologiczne,szt,826.35,1423.6,23,2699005556119,Gabinety Bukowiec,nieaktywny,2026-05-18
526,PRD-24353,Secured maximized model,Podłoża mikrobiologiczne,szt,3461.63,3687.1,23,9743155095015,Spółdzielnia Halik i syn s.c.,nieaktywny,2024-01-29
527,PRD-38125,Multi-tiered high-level leverage,,szt,1720.11,2630.64,23,9846278441847,Ruchała Sp.j.,aktywny,2026-03-27
528,PRD-18959,Versatile transitional function,Podłoża mikrobiologiczne,szt,1827.98,2541.7,23,8467740850701,Doroszuk-Pietraszkiewicz i syn s.c.,nieaktywny,2021-09-09
529,PRD-33729,Synergistic secondary analyzer,Sprzęt laboratoryjny,szt,1551.89,2218.78,23,5348268613850,Jeszka-Szałata Sp. z o.o.,aktywny,2021-05-06
530,PRD-53491,Virtual directional flexibility,Aparatura,szt,479.27,598.02,23,8904541903911,FPUH Wiatrak-Cygal Sp. z o.o. Sp.k.,nieaktywny,2021-10-18
531,PRD-72529,De-engineered explicit leverage,Podłoża mikrobiologiczne,szt,3763.85,5038.95,23,2176099120471,Gabinety Milej-Szałas Sp.k.,aktywny,2022-03-03
532,PRD-25423,Assimilated uniform application,Sprzęt laboratoryjny,szt,3364.86,5014.1,23,9632237855975,Stowarzyszenie Sroga-Wocial Sp. z o.o.,aktywny,2026-07-19
533,PRD-31575,Operative tangible help-desk,Materiały zużywalne,szt,0,3533.62,23,8116241916116,Spółdzielnia Aleksa Sp.j.,aktywny,2026-07-02
534,PRD-55570,De-engineered executive concept,Podłoża mikrobiologiczne,szt,1172.35,1863.19,23,6891743308795,Fundacja Milka i syn s.c.,aktywny,2022-09-22
535,PRD-46451,Team-oriented client-driven capacity,Sprzęt laboratoryjny,szt.,1863.47,2273.77,23,4575200902078,Stowarzyszenie Moneta,aktywny,2024-02-27
536,PRD-74752,Distributed 5thgeneration definition,Odczynniki,szt.,1476.8,1997.62,23,8654161107978,Gabinety Pierzak S.A.,aktywny,2023-06-04
537,PRD-22514,Business-focused radical task-force,Materiały zużywalne,szt,1024.8,1621.74,23%,6376224171879,Iciek Sp. z o.o. Sp.k.,aktywny,2021-03-22
538,PRD-68269,Self-enabling analyzing attitude,Materiały zużywalne,szt,2986.65,3744.65,0.23,1792036196734,Spółdzielnia Gwara,aktywny,2021-12-08
539,PRD-15288,Front-line bi-directional strategy,Aparatura,szt,208.41,284.92,23,9553888078928,Dziurla Sp.j.,aktywny,2025-03-02
540,PRD-83638,Enterprise-wide contextually-based infrastructure,Szkło laboratoryjne,szt,2098.6,2457.45,23,6376405827122,Grupa Bekus,aktywny,2022-11-14
541,PRD-87160,Pre-emptive full-range instruction set,Podłoża mikrobiologiczne,szt,2971.85,3696.88,23,3626798595982,Gabinety Fikus-Kubaczyk Sp. z o.o.,aktywny,2024-10-05
542,PRD-88192,Sharable asymmetric model,Aparatura,szt,464.06,784.04,0.23,4430345941184,Spółdzielnia Kuder,aktywny,2025-02-17
543,PRD-46157,Face-to-face didactic groupware,Aparatura,szt,2526.12,4314.06,23,9947989802892,PPUH Cuch-Wakuła Sp.j.,nieaktywny,2025-09-25
544,PRD-97424,Integrated cohesive complexity,Podłoża mikrobiologiczne,szt,3346.08,5275.71,23,9519784139556,PPUH Jajko-Brózda i syn s.c.,nieaktywny,2021-03-25
545,PRD-86935,Virtual secondary task-force,Podłoża mikrobiologiczne,sztuka,3358.83,4339.48,23,3515544555320,PPUH Krzysztofek,aktywny,2021-03-05
546,PRD-74954,Synergized intangible solution,Aparatura,szt,3185.4,5000.76,23,4428774666570,Gabinety Sutor i syn s.c.,aktywny,2020-07-31
547,PRD-47942,Configurable heuristic encryption,Sprzęt laboratoryjny,szt,3072.56,3472.34,23,1355196544268,Grupa Garbacik-Greszta S.A.,aktywny,2022-04-30
548,PRD-17716,Optional zero administration complexity,Odczynniki,szt,1404.03,2478.91,23,3127269458030,Fundacja Klus,aktywny,2021-09-03
549,PRD-50000,Vision-oriented disintermediate initiative,Aparatura,szt,1638.99,2208.76,23,3595672601919,Grupa Kolbusz,aktywny,2020-07-25
550,PRD-68704,Up-sized dedicated circuit,Szkło laboratoryjne,opak,1754.09,3145.01,23%,2805899371944,PPUH Oleszko-Lizurej Sp. z o.o.,aktywny,2022-12-12
551,PRD-63796,Triple-buffered scalable approach,Materiały zużywalne,szt,2966.45,3839.61,23,9068939170450,Stowarzyszenie Miecznik Sp.j.,aktywny,2020-10-27
552,PRD-81795,Open-source asymmetric project,Podłoża mikrobiologiczne,szt,2751.78,3324.13,23,9568892223396,Stowarzyszenie Kujawiak,nieaktywny,2025-02-14
553,PRD-32013,Organized motivating matrix,Aparatura,szt,1850.11,2130.62,23,3529884539007,Potoczek-Wojniak Sp.k.,aktywny,2024-01-21
554,PRD-93931,Inverse foreground firmware,Sprzęt laboratoryjny,szt,990.07,1092.94,23,2174993761550,Waloszczyk Sp. z o.o. Sp.k.,aktywny,2024-01-09
555,PRD-73241,Enhanced secondary encryption,Sprzęt laboratoryjny,szt,3982.47,4996.14,23,8363014749934,Trzop s.c.,aktywny,2023-09-24
556,PRD-77157,Proactive radical circuit,Sprzęt laboratoryjny,szt,1538.88,2155.27,23,8667393502773,Starostka Sp.j.,aktywny,2024-12-09
557,PRD-55995,Organic high-level workforce,Odczynniki,szt,2776.35,3139.01,23,7911396017168,PPUH Zyguła,nieaktywny,2023-03-23
558,PRD-71769,Secured dedicated function,Sprzęt laboratoryjny,szt,1033.18,1628.48,23,3719294402697,Maron-Lizurej Sp.j.,aktywny,2021-03-07
559,PRD-60315,Reverse-engineered 3rdgeneration focus group,Aparatura,szt,3263.07,5169.22,23,8140105790053,Gabinety Hutnik,nieaktywny,2023-10-09
560,PRD-93220,User-centric zero-defect secured line,Sprzęt laboratoryjny,szt,2625.66,3395.61,23,3758561785876,Gabinety Guziak-Miąsko Sp.k.,aktywny,2021-11-01
561,PRD-84081,Monitored context-sensitive migration,Materiały zużywalne,szt,2767.97,3761.41,23,6889350444301,PPUH Tadla S.A.,aktywny,2022-06-05
562,PRD-66929,Managed logistical customer loyalty,Odczynniki,szt,3780.47,5388.81,23,1213311824740,Fularczyk-Mostek i syn s.c.,aktywny,2021-04-26
563,PRD-14197,Profound bandwidth-monitored definition,Materiały zużywalne,szt,962.84,1709.29,23,4944725958780,Krzempek-Wielądek S.A.,aktywny,2023-01-24
564,PRD-83127,Grass-roots global encryption,Podłoża mikrobiologiczne,szt,1515.77,2508.36,23,7771274031059,Wawrzynowicz-Wawszczyk S.A.,aktywny,2024-04-13
565,PRD-24445,Optimized fault-tolerant attitude,Materiały zużywalne,szt,3329.47,3829.01,23,1528792690762,Kolanek-Zioła i syn s.c.,aktywny,2024-06-16
566,PRD-11100,Phased eco-centric adapter,Materiały zużywalne,szt,2664.05,4758.88,23,7571069178106,PPUH Maszczyk-Chomiak Sp.k.,aktywny,2025-01-10
567,PRD-44987,Persevering cohesive approach,Materiały zużywalne,szt,2128.75,3655.3,23,3225190815703,Bastek-Wysota Sp. z o.o.,aktywny,2024-05-30
568,PRD-81586,Inverse asynchronous initiative,Szkło laboratoryjne,szt,3713.9,5533.75,23%,6596057488569,Kiszczak S.A.,aktywny,2022-03-31
569,PRD-66477,De-engineered fresh-thinking attitude,Odczynniki,opak,3497.65,4319.18,23,7734659008883,Fudalej Sp.k.,aktywny,2024-04-24
570,PRD-21454,Cross-group high-level help-desk,Aparatura,szt,2663.72,2922.58,23,7390705700283,PPUH Matula,aktywny,2022-10-23
571,PRD-87065,Proactive actuating website,Materiały zużywalne,szt,1901.11,2739.0,23,2177756824834,Stowarzyszenie Wisła-Nawój Sp. z o.o.,aktywny,2022-06-30
572,PRD-42922,Future-proofed coherent collaboration,Materiały zużywalne,szt,1820.1,2181.23,23,9667216449805,Stowarzyszenie Gendek,aktywny,2022-05-07
573,PRD-64640,Integrated asynchronous artificial intelligence,Odczynniki,szt,452.43,793.31,23,5876491742083,PPUH Stosio-Wiese i syn s.c.,aktywny,2021-06-03
574,PRD-66561,Multi-layered background capacity,Materiały zużywalne,szt,1282.78,2249.84,23,3659651029474,Spółdzielnia Uss,aktywny,2021-12-27
575,PRD-68936,Automated mobile throughput,,szt,3388.18,5567.28,23,2668637993131,Grupa Szwałek-Łodyga i syn s.c.,nieaktywny,2020-08-01
576,PRD-24174,Fully-configurable upward-trending hardware,Sprzęt laboratoryjny,szt,433.31,626.57,23,2273211824072,Mitoraj Sp.k.,aktywny,2023-08-13
577,PRD-88786,User-friendly directional superstructure,Podłoża mikrobiologiczne,szt,179.02,300.76,0.23,5330405373082,PPUH Piguła,aktywny,2023-12-12
578,PRD-94919,Virtual asymmetric pricing structure,Podłoża mikrobiologiczne,szt,2217.44,3599.42,23,3104025903313,Grupa Danel Sp.k.,aktywny,2025-01-23
579,PRD-88836,Proactive web-enabled functionalities,Sprzęt laboratoryjny,szt,2063.73,2921.52,23,1321485506121,Fundacja Hajduga,aktywny,2020-09-09
580,PRD-76567,Object-based intermediate website,Odczynniki,szt,1322.15,2037.15,23,3124061069767,Romaniak-Syldatk Sp.k.,aktywny,2022-09-19
581,PRD-13298,Streamlined clear-thinking focus group,Materiały zużywalne,szt,870.44,1379.04,23,1588384617298,Spółdzielnia Gruchot i syn s.c.,aktywny,2021-10-26
582,PRD-54446,Optional bottom-line synergy,,szt,2781.04,4783.08,23,4894290672115,Spółdzielnia Szczot i syn s.c.,aktywny,2026-05-15
583,PRD-87504,Compatible static secured line,,szt,2884.03,4449.97,23%,2709691134101,FPUH Knysak-Gamrat Sp.k.,aktywny,2025-03-18
584,PRD-27969,Optional disintermediate functionalities,Podłoża mikrobiologiczne,szt,2275.74,3103.01,23,3826410974159,Zysk-Bork i syn s.c.,nieaktywny,2023-10-26
585,PRD-65315,Adaptive logistical Internet solution,Materiały zużywalne,szt,3623.34,6420.9,23,9895496547006,Bojczuk Sp. z o.o.,aktywny,2024-06-12
586,PRD-61975,Implemented coherent approach,Sprzęt laboratoryjny,szt,2266.1,3847.75,23,9040400289030,PPUH Gabrych,aktywny,2023-07-23
587,PRD-44532,Switchable human-resource middleware,Szkło laboratoryjne,szt,2489.47,4151.66,0.23,6646698217700,FPUH Klemens,aktywny,2022-06-28
588,PRD-29481,Operative radical knowledge user,Odczynniki,szt,1558.23,2643.51,23,4939535952197,Grupa Kohut S.A.,aktywny,2023-06-21
589,PRD-50000,Synergized didactic solution,Aparatura,szt,2981.62,3956.86,23,3112572878079,Grupa Soroko Sp. z o.o.,aktywny,2024-12-09
590,PRD-77146,User-friendly well-modulated parallelism,Podłoża mikrobiologiczne,szt,1420.92,2398.46,23,4711266427463,Gieroń Sp. z o.o.,aktywny,2024-06-06
591,PRD-75707,Configurable executive task-force,Szkło laboratoryjne,szt,-3398.21,4340.89,23,6112712288423,FPUH Prokopczyk i syn s.c.,aktywny,2025-01-07
592,PRD-60543,Business-focused upward-trending data-warehouse,Sprzęt laboratoryjny,szt,1086.33,1172.8,23,4342871667219,Spółdzielnia Stachów-Tyniec s.c.,aktywny,2022-01-07
593,PRD-13010,Progressive motivating open architecture,Aparatura,szt.,0,5184.9,23,3602733755098,Łodej s.c.,nieaktywny,2026-01-16
594,PRD-34425,Expanded 5thgeneration focus group,Aparatura,szt,1545.26,1731.49,23,7389963350254,FPUH Koral Sp.j.,aktywny,2024-02-26
595,PRD-50000,Fully-configurable next generation model,Podłoża mikrobiologiczne,szt,2178.63,2481.3,23,4519742875884,Wielgos s.c.,aktywny,2024-01-23
596,PRD-38737,Phased tertiary monitoring,Materiały zużywalne,szt,3538.63,3811.47,23,90334914136,Grupa Anioła,aktywny,2024-07-07
597,PRD-26381,Synergized heuristic instruction set,,szt,2260.57,3946.75,23,1267026640690,Grupa Gorol-Siewiera Sp. z o.o.,aktywny,2024-11-08
598,PRD-33301,Switchable optimizing implementation,Materiały zużywalne,szt,1494.69,1293.66,23,24104023237,Fundacja Grzesiek,aktywny,2025-09-12
599,PRD-41456,Realigned national task-force,Aparatura,szt,1745.19,2046.1,23,5151252847694,Ciećko-Kozon S.A.,aktywny,2022-07-05
600,PRD-43333,Progressive 5thgeneration access,Odczynniki,szt,1882.69,2302.57,23,4622944171332,Spółdzielnia Waloszczyk Sp.j.,aktywny,2024-06-02
601,PRD-71643,Diverse 24hour success,Szkło laboratoryjne,szt,3861.18,5892.49,23,3830523962747,Grupa Tekiela-Pryszcz i syn s.c.,nieaktywny,2022-01-23
602,PRD-69552,Implemented local collaboration,Aparatura,szt,3576.6,3803.04,23,1472331124903,Podgórny-Janczarek Sp. z o.o. Sp.k.,aktywny,2023-11-18
603,PRD-27500,Operative executive adapter,Podłoża mikrobiologiczne,szt,1454.6,2524.65,23,5704218681361,PPUH Kochman Sp.k.,aktywny,2024-08-25
604,PRD-94218,Up-sized transitional time-frame,Materiały zużywalne,szt,2669.45,3358.65,23,5340908488004,Oleksak S.A.,aktywny,2020-11-25
605,PRD-41238,Business-focused zero administration initiative,,szt,2973.22,3537.27,23,3176260880781,Fundacja Stanclik-Mazek i syn s.c.,aktywny,2025-05-24
606,PRD-71428,Right-sized optimal product,,sztuka,3352.73,5402.29,23,1878909860293,Stowarzyszenie Tokarek-Toma Sp. z o.o. Sp.k.,aktywny,2025-04-16
607,PRD-43686,Monitored executive portal,Aparatura,szt,2560.73,4531.92,23,3390728045696,Spółdzielnia Giersz-Zbylut Sp. z o.o.,aktywny,2021-08-26
608,PRD-48702,Fundamental human-resource matrices,,szt,322.49,549.64,23,5052521993791,PPUH Myszak,aktywny,2023-04-30
609,PRD-32730,Optional homogeneous moderator,Aparatura,opak,2968.01,5000.02,23,8862136308446,FPUH Feluś-Raźny Sp. z o.o. Sp.k.,aktywny,2025-11-22
610,PRD-94456,Cloned next generation Graphical User Interface,Sprzęt laboratoryjny,szt,3144.46,5077.36,23,5973281883576,Grupa Niechciał Sp.j.,aktywny,2024-03-13
611,PRD-90735,Innovative heuristic Internet solution,Sprzęt laboratoryjny,szt,850.91,1037.67,23 %,5639139915101,Zmarzły Sp.k.,aktywny,2026-01-30
612,PRD-50000,Robust high-level initiative,Aparatura,szt,1910.19,3108.78,23,7370519923140,Kiepura-Niedźwiadek i syn s.c.,aktywny,2024-05-11
613,PRD-96293,Cross-group motivating application,Szkło laboratoryjne,kpl,196.37,352.75,23,4282833663745,Spółdzielnia Pawełkiewicz S.A.,aktywny,2023-09-20
614,PRD-14567,Ameliorated uniform alliance,Sprzęt laboratoryjny,szt,2107.69,2895.93,23,7660252925094,Łyś-Bytner i syn s.c.,aktywny,2023-02-21
615,PRD-80022,Monitored interactive groupware,Aparatura,szt,2331.83,3141.39,23,4102245139038,Szłapa-Ufniarz Sp.j.,aktywny,2020-09-25
616,PRD-47402,Triple-buffered mission-critical matrices,Aparatura,szt,3033.69,4996.08,23,5340324065590,Buława-Przewłoka S.A.,aktywny,2026-03-14
617,PRD-72233,Cross-platform homogeneous methodology,Odczynniki,szt,3167.42,4064.77,23,7746880201681,Fundacja Ostasz-Huber i syn s.c.,aktywny,2023-04-20
618,PRD-54608,Diverse intangible benchmark,Sprzęt laboratoryjny,szt,2731.47,3231.99,23,1960522057564,Stowarzyszenie Łasica,aktywny,2024-02-12
619,PRD-65009,Polarized systematic collaboration,Podłoża mikrobiologiczne,szt,1245.39,1383.52,23,9343598487334,Cichos Sp. z o.o.,aktywny,2023-10-23
620,PRD-94521,Digitized empowering secured line,Aparatura,szt,1648.98,2952.28,23,2201702240772,Kuśka Sp. z o.o. Sp.k.,aktywny,2026-05-09
621,PRD-64298,Implemented global Graphic Interface,Podłoża mikrobiologiczne,szt,3150.65,3816.81,23,2382633759024,Pieczarka Sp. z o.o.,aktywny,2024-03-17
622,PRD-93520,Mandatory explicit parallelism,Materiały zużywalne,szt,2475.51,3138.78,23,3377632800431,Krasa Sp.k.,aktywny,2021-04-13
623,PRD-67439,Up-sized 5thgeneration secured line,Sprzęt laboratoryjny,szt,463.49,681.43,23,65525800919,PPUH Cieniuch-Jakóbiak S.A.,nieaktywny,2021-02-19
624,PRD-38018,Re-contextualized modular initiative,Aparatura,szt,354.1,446.37,23,3419881296385,Spółdzielnia Mazek s.c.,aktywny,2022-10-06
625,PRD-59685,Polarized client-driven function,Materiały zużywalne,sztuka,2023.2,3310.87,23,9683899280052,Grupa Kruzel S.A.,aktywny,2021-07-09
626,PRD-92793,Advanced dedicated website,Sprzęt laboratoryjny,szt,2833.46,4152.34,0.23,3378528397518,Spółdzielnia Front,aktywny,2021-12-10
627,PRD-43491,Face-to-face zero administration secured line,Sprzęt laboratoryjny,szt.,-97.85,104.96,23,7949504942014,Kiełek Sp. z o.o.,aktywny,2021-07-09
628,PRD-54590,Reduced attitude-oriented frame,Odczynniki,szt,1290.64,1668.18,23,7995210163202,Szmelter-Snoch s.c.,aktywny,2020-09-18
629,PRD-44756,Integrated regional definition,Podłoża mikrobiologiczne,szt,2656.88,2805.51,23,7214560284121,Kloch Sp.k.,aktywny,2025-12-25
630,PRD-96370,Universal even-keeled benchmark,Sprzęt laboratoryjny,szt,3601.34,4518.5,23,6156714303407,PPUH Matejuk Sp.k.,aktywny,2024-12-23
631,PRD-26843,Open-source foreground flexibility,Szkło laboratoryjne,szt,1697.04,2677.64,23,4489730825682,Gabinety Goss S.A.,aktywny,2024-06-06
632,PRD-70915,Profound regional methodology,Sprzęt laboratoryjny,szt,464.29,530.79,23,6840051467936,Koterba-Dziechciarz s.c.,aktywny,2022-12-29
633,PRD-40803,Robust homogeneous complexity,Materiały zużywalne,szt,3459.26,4296.45,23,9149408469767,Wieczerzak-Czupryna Sp.j.,aktywny,2025-07-29
634,PRD-37875,Vision-oriented fresh-thinking product,Materiały zużywalne,szt,2720.98,3872.72,23,7825261726552,Grupa Bitner S.A.,aktywny,2024-04-24
635,PRD-16303,De-engineered dynamic alliance,Sprzęt laboratoryjny,szt,2130.47,3007.33,23,2226924477467,Dzierwa-Mikłaszewicz Sp. z o.o. Sp.k.,aktywny,2025-06-19
636,PRD-50000,Automated holistic implementation,Aparatura,szt,2399.07,2981.01,23,4206741775143,Fundacja Oziębło i syn s.c.,aktywny,2020-11-22
637,PRD-96554,Customer-focused contextually-based hierarchy,Szkło laboratoryjne,szt,3822.51,5197.47,23%,1621036508192,Galos Sp. z o.o. Sp.k.,aktywny,2023-07-10
638,PRD-64041,Programmable non-volatile support,Szkło laboratoryjne,szt,3985.81,5360.03,23,9752125207861,Sobolak Sp. z o.o. Sp.k.,aktywny,2023-08-15
639,PRD-21809,Customer-focused multi-state product,Aparatura,szt,1900.9,3127.44,23,3997611146813,Burzec-Kurzac s.c.,aktywny,2023-02-21
640,PRD-96040,Advanced global architecture,Sprzęt laboratoryjny,szt,1476.17,2018.51,23,1887921551045,Fundacja Raźniak Sp. z o.o.,aktywny,2024-06-18
641,PRD-85080,Triple-buffered needs-based website,Materiały zużywalne,szt,3029.89,4060.49,23,3541397125778,Reimann S.A.,aktywny,2024-03-18
642,PRD-59775,Extended optimal capacity,Aparatura,szt,2130.42,3399.59,23,6631590669153,PPUH Jędrys Sp. z o.o. Sp.k.,aktywny,2025-11-17
643,PRD-17259,Visionary even-keeled matrix,Podłoża mikrobiologiczne,szt,3878.49,6281.03,23,4094520582956,Grupa Han-Ogonek Sp.j.,aktywny,2023-01-26
644,PRD-70457,Ergonomic intangible artificial intelligence,Aparatura,szt,2611.57,3324.92,23,8304562644982,Spółdzielnia Kuk,aktywny,2021-05-13
645,PRD-44119,Object-based reciprocal Graphic Interface,Szkło laboratoryjne,szt,737.74,984.26,23,5161531404869,Gabinety Kadela-Liss i syn s.c.,aktywny,2024-12-26
646,PRD-67854,Horizontal exuding framework,Materiały zużywalne,sztuka,708.34,1254.86,23,5498111145235,Kołaczek-Dzierżak S.A.,aktywny,2020-12-26
647,PRD-89318,Fundamental system-worthy open architecture,Materiały zużywalne,szt,2334.36,2562.48,23,8056597450109,Helak-Haraburda s.c.,aktywny,2020-09-28
648,PRD-61127,Object-based content-based success,Sprzęt laboratoryjny,szt,251.35,338.17,23,1949147365333,Bieleń i syn s.c.,aktywny,2021-06-04
649,PRD-76901,Persistent disintermediate Local Area Network,Aparatura,szt,1558.42,1702.36,23,9821474123240,Morka Sp. z o.o. Sp.k.,aktywny,2022-11-07
650,PRD-35612,Balanced directional archive,Podłoża mikrobiologiczne,szt,2964.88,3922.42,23,9382614244378,Słupik Sp. z o.o.,aktywny,2023-04-28
651,PRD-30983,Total coherent implementation,Aparatura,szt,2419.39,3202.47,23,3872847096005,FPUH Lampa i syn s.c.,aktywny,2024-02-11
652,PRD-67759,Decentralized empowering toolset,Aparatura,szt,2325.08,3390.19,23,6884368000997,Damian i syn s.c.,aktywny,2026-05-09
653,PRD-14840,Fully-configurable static orchestration,Aparatura,szt,2372.93,3762.68,23,49018153398,Grupa Kukieła Sp. z o.o.,aktywny,2021-08-20
654,PRD-33996,Assimilated empowering knowledgebase,Aparatura,szt,1306.0,2060.68,23,40979264880,Fiutak s.c.,aktywny,2023-05-01
655,PRD-23745,Re-contextualized value-added capability,Sprzęt laboratoryjny,szt,871.48,1369.58,23,3267659450427,Marko s.c.,aktywny,2022-09-29
656,PRD-50000,Seamless clear-thinking superstructure,Sprzęt laboratoryjny,szt,0,2351.28,23,5389732908534,Gabinety Kulis,aktywny,2023-10-12
657,PRD-20956,Switchable systematic policy,Podłoża mikrobiologiczne,szt,307.59,438.25,23,4037683964931,Sakwa-Godzisz Sp.k.,aktywny,2024-10-03
658,PRD-64221,Pre-emptive incremental open architecture,Odczynniki,szt,257.18,383.93,23,8664252837262,FPUH Kyc-Mzyk Sp. z o.o. Sp.k.,aktywny,2024-08-24
659,PRD-30334,Cloned 6thgeneration definition,Sprzęt laboratoryjny,szt,1347.31,2021.0,23,7484080862222,Grupa Makles,aktywny,2022-01-05
660,PRD-74257,Cross-group dedicated system engine,Podłoża mikrobiologiczne,szt,2764.76,3573.1,23,4429261572592,Wisz Sp. z o.o.,aktywny,2022-04-03
661,PRD-33243,Customizable next generation productivity,Szkło laboratoryjne,szt,3072.28,4486.15,23,4920997562841,Mierzwiak Sp. z o.o.,aktywny,2024-07-23
662,PRD-67518,Mandatory attitude-oriented standardization,Szkło laboratoryjne,szt.,3802.34,5541.44,23,9760068839292,Kurtyka-Skrzecz Sp.k.,aktywny,2022-09-25
663,PRD-95055,Customizable leadingedge parallelism,Aparatura,kpl,1406.25,2431.53,23,9522504983095,Laszczyk Sp. z o.o. Sp.k.,nieaktywny,2025-02-28
664,PRD-75383,Organized 5thgeneration middleware,Materiały zużywalne,szt,2107.36,2702.38,23,5872263986958,Fundacja Krzysiek,aktywny,2024-02-27
665,PRD-78147,Re-engineered value-added focus group,Sprzęt laboratoryjny,szt,140.14,219.09,23,3164512784978,Białka Sp.j.,nieaktywny,2024-07-09
666,PRD-81608,Persevering bandwidth-monitored frame,Odczynniki,szt,2905.27,3157.91,23,6559750051628,Fundacja Daraż-Piegza Sp. z o.o.,aktywny,2024-01-15
667,PRD-13350,Ameliorated dedicated benchmark,Podłoża mikrobiologiczne,szt,3276.21,5754.57,23,6955735153309,Gabinety Zawartka,aktywny,2020-09-10
668,PRD-10197,Multi-channeled well-modulated info-mediaries,Szkło laboratoryjne,szt,1283.64,1357.97,23,9557380746368,Stowarzyszenie Kuk,aktywny,2023-06-22
669,PRD-87105,De-engineered well-modulated collaboration,Sprzęt laboratoryjny,szt,1018.29,1401.61,23,8511703582355,Stowarzyszenie Pinda Sp.j.,aktywny,2024-11-12
670,PRD-53318,Right-sized encompassing utilization,Sprzęt laboratoryjny,szt,3144.29,3998.78,23,4860900818203,Freitag Sp.k.,aktywny,2025-07-16
671,PRD-63532,Future-proofed 4thgeneration definition,Sprzęt laboratoryjny,szt,1773.53,2851.51,23,3745119315019,Tonder-Mirończuk Sp. z o.o. Sp.k.,aktywny,2025-05-20
672,PRD-25000,Fundamental regional product,Szkło laboratoryjne,szt,3679.91,4333.84,23,2309642343665,PPUH Deszcz-Mirończuk Sp. z o.o.,aktywny,2022-08-04
673,PRD-82012,Robust discrete encryption,Podłoża mikrobiologiczne,szt.,878.22,1113.26,23,5309994255560,Grupa Cięciwa-Proch Sp.j.,aktywny,2024-01-26
674,PRD-25113,User-friendly reciprocal forecast,Szkło laboratoryjne,szt,205.86,364.93,23,1151568504298,Lisik i syn s.c.,aktywny,2020-08-07
675,PRD-64618,Self-enabling impactful framework,Odczynniki,szt,1013.73,1163.68,23,9412227372464,Bitner i syn s.c.,aktywny,2025-05-07
676,PRD-56583,Networked 3rdgeneration definition,Szkło laboratoryjne,szt,659.56,730.15,23,8930600470037,Prostak-Dering i syn s.c.,aktywny,2025-02-25
677,PRD-51560,Organized grid-enabled emulation,Szkło laboratoryjne,szt,1513.71,2238.94,23,2638773332743,Kułach Sp.k.,aktywny,2023-11-25
678,PRD-60969,Realigned 6thgeneration hardware,Aparatura,opak,1941.33,3087.73,23,4605044531609,Fundacja Frączkiewicz Sp. z o.o.,aktywny,2026-06-27
679,PRD-49248,Synergized 5thgeneration artificial intelligence,Szkło laboratoryjne,szt,2110.98,3046.1,23,8964425033884,Maraszek s.c.,aktywny,2021-10-29
680,PRD-43182,Open-architected secondary groupware,Materiały zużywalne,szt,3200.16,2383.8,23,2135547705124,Fundacja Ziarno,nieaktywny,2023-04-14
681,PRD-54426,Cross-platform composite Graphic Interface,Aparatura,szt,3377.8,4357.7,23,9397738990398,Pituła-Grądziel Sp.j.,aktywny,2023-09-03
682,PRD-20401,Horizontal 3rdgeneration approach,Sprzęt laboratoryjny,szt,951.83,1456.45,23,18773786241,Fundacja Łuksza,aktywny,2025-08-30
683,PRD-19529,Programmable impactful Local Area Network,Szkło laboratoryjne,szt,1780.28,2381.33,23,9252861906995,Stowarzyszenie Wacławiak-Wyrwał Sp.j.,aktywny,2026-01-31
684,PRD-38959,Vision-oriented scalable productivity,Sprzęt laboratoryjny,pcs,0,3681.27,23,4297377266806,Gabinety Madziar-Mosur Sp. z o.o. Sp.k.,aktywny,2021-01-04
685,PRD-17829,Profound eco-centric model,Materiały zużywalne,szt,2558.81,2741.38,23,1217278935672,Mleczak Sp. z o.o.,aktywny,2024-06-28
686,PRD-59779,Streamlined dynamic initiative,Materiały zużywalne,szt,2959.06,4079.4,23,7410455710393,Orkisz Sp. z o.o.,aktywny,2024-03-05
687,PRD-39375,Persevering maximized ability,Materiały zużywalne,szt,2918.78,3211.73,23,6107510273526,Gleba Sp.j.,aktywny,2025-10-27
688,PRD-89962,Virtual directional projection,Sprzęt laboratoryjny,szt.,417.08,480.08,23,6915915526666,Stowarzyszenie Panasiewicz Sp. z o.o. Sp.k.,aktywny,2024-09-23
689,PRD-58290,Right-sized dedicated workforce,Szkło laboratoryjne,szt,3509.74,4197.87,23,9310525018452,Wolańczyk-Janowiak Sp.j.,aktywny,2020-10-13
690,PRD-30503,Progressive bi-directional budgetary management,Szkło laboratoryjne,szt,2283.44,4105.97,23,3111852281305,Basaj Sp. z o.o.,aktywny,2020-07-23
691,PRD-92471,Re-engineered tertiary task-force,,szt,2103.76,3092.75,23,9279120238104,Gabinety Solarek Sp. z o.o.,aktywny,2022-03-14
692,PRD-34948,Grass-roots reciprocal algorithm,Aparatura,szt,3114.18,5107.49,23,5352626902680,Jamroży-Kryszkiewicz Sp. z o.o. Sp.k.,aktywny,2025-10-25
693,PRD-77563,Implemented background workforce,Podłoża mikrobiologiczne,szt,1825.35,2712.07,23,8247262620565,Stowarzyszenie Solnica,aktywny,2026-02-28
694,PRD-75961,Reverse-engineered interactive knowledge user,Materiały zużywalne,pcs,2631.1,4727.63,23,6896689161700,Spółdzielnia Gosek,nieaktywny,2021-03-06
695,PRD-57683,Focused static protocol,Podłoża mikrobiologiczne,szt,2746.04,3485.42,23,8804154731527,Stowarzyszenie Mordak-Sopata Sp.k.,aktywny,2025-01-15
696,PRD-13565,Open-source tangible Graphical User Interface,,szt,632.53,953.44,0.23,1300998566397,Spółdzielnia Kosela,nieaktywny,2023-02-25
697,PRD-29341,Re-contextualized bi-directional matrices,Aparatura,szt,2844.13,4457.61,23,3599982901328,Budych S.A.,aktywny,2022-05-02
698,PRD-12057,Upgradable discrete hierarchy,Materiały zużywalne,szt,1385.8,1856.08,23,6354197078465,Krzysiek-Westfal i syn s.c.,aktywny,2024-06-30
699,PRD-70137,Centralized fault-tolerant process improvement,Aparatura,szt,1704.29,1944.25,23,4574784979770,PPUH Cader-Szajek Sp.k.,aktywny,2025-07-08
700,PRD-51383,Open-architected grid-enabled data-warehouse,Szkło laboratoryjne,szt,662.54,1093.96,23,6349385264435,FPUH Sieradzan Sp.k.,aktywny,2024-04-01
701,PRD-82170,Seamless mission-critical project,Odczynniki,szt,2848.8,4625.34,23,4441834604474,Spółdzielnia Uliasz Sp.j.,aktywny,2024-05-10
702,PRD-67328,Extended non-volatile framework,Szkło laboratoryjne,szt,2476.26,3486.36,23,1585708804435,FPUH Pociask Sp. z o.o. Sp.k.,aktywny,2020-10-29
703,PRD-15956,Profit-focused modular structure,Aparatura,szt,1400.06,2307.48,23,8308342163034,Hyjek-Suchojad Sp.k.,aktywny,2021-04-14
704,PRD-51624,Realigned grid-enabled moderator,,szt,3119.03,4525.86,23,5262959092685,Gabinety Achtelik Sp.k.,aktywny,2020-11-15
705,PRD-78248,Fully-configurable regional collaboration,Materiały zużywalne,szt,3312.64,3933.33,23,8912293526556,FPUH Kadela Sp.j.,aktywny,2022-04-21
706,PRD-85170,Reactive logistical protocol,Sprzęt laboratoryjny,sztuka,451.0,804.54,23,2483095929452,Kosiak Sp.k.,aktywny,2021-09-19
707,PRD-65850,Configurable disintermediate focus group,Podłoża mikrobiologiczne,szt,1920.37,2020.02,23,1585042195004,Spółdzielnia Miąsko-Kołton i syn s.c.,aktywny,2023-06-26
708,PRD-65712,Polarized real-time info-mediaries,Szkło laboratoryjne,szt,2735.46,3901.85,23 %,3177242895732,Grupa Jambor Sp. z o.o.,aktywny,2022-05-17
709,PRD-54036,Multi-lateral high-level open architecture,,szt,799.81,1076.54,23,1809230952105,Burkiewicz i syn s.c.,nieaktywny,2025-11-18
710,PRD-55861,Focused foreground Local Area Network,Szkło laboratoryjne,szt,1925.59,3459.83,23,8895677723484,Spółdzielnia Szynkiewicz-Wójs Sp.k.,aktywny,2024-03-23
711,PRD-51740,Decentralized human-resource challenge,Podłoża mikrobiologiczne,szt,1165.99,1933.4,23,9467278566103,Grupa Gendek,nieaktywny,2022-01-09
712,PRD-15124,Total optimizing open architecture,Sprzęt laboratoryjny,szt,1418.4,1502.02,23,9833619819656,Spółdzielnia Wacławiak-Berus i syn s.c.,aktywny,2020-11-05
713,PRD-50000,Fundamental hybrid framework,Szkło laboratoryjne,szt,2514.59,4360.2,23,3660506986340,Spółdzielnia Niesporek s.c.,aktywny,2025-12-28
714,PRD-71948,Public-key system-worthy policy,Podłoża mikrobiologiczne,szt,2017.88,3263.02,23,1816683645460,Grupa Grab Sp. z o.o. Sp.k.,aktywny,2022-04-10
715,PRD-47520,Switchable responsive project,,szt.,1156.08,1312.85,23,2040970573121,Stowarzyszenie Sędek,aktywny,2023-12-15
716,PRD-59673,Adaptive discrete policy,Odczynniki,szt,2321.52,2641.21,23,8529588266617,Roczniak-Pinda S.A.,aktywny,2021-11-04
717,PRD-92534,Phased tangible attitude,Aparatura,kpl,348.53,532.0,23,8683564236997,Fundacja Kaliciak-Piestrzeniewicz s.c.,aktywny,2023-10-01
718,PRD-96974,Distributed high-level Graphic Interface,Podłoża mikrobiologiczne,szt,71.5,89.85,23,1791804253150,Damian-Goska i syn s.c.,aktywny,2024-01-21
719,PRD-93980,Streamlined analyzing groupware,Szkło laboratoryjne,sztuka,1346.18,1717.26,23,3424883392212,Milewczyk S.A.,aktywny,2025-11-30
720,PRD-84800,Networked actuating ability,Szkło laboratoryjne,szt,97.3,165.96,23,1655763213292,Pokusa Sp. z o.o.,nieaktywny,2024-11-13
721,PRD-91764,Customizable static throughput,Sprzęt laboratoryjny,szt,1244.13,2043.14,23,8689417533119,Lewko i syn s.c.,aktywny,2026-03-27
722,PRD-39525,Inverse interactive archive,Podłoża mikrobiologiczne,szt,3782.01,6581.59,23,4712542850501,Grupa Preuss s.c.,aktywny,2025-01-30
723,PRD-31593,Persevering content-based open architecture,Materiały zużywalne,szt.,1175.06,1357.29,23,6722454738151,Gabinety Deryło,aktywny,2021-08-25
724,PRD-38957,Visionary value-added process improvement,Sprzęt laboratoryjny,szt,1940.63,2800.3,23,2135372363751,Grupa Sławik-Malcher i syn s.c.,aktywny,2023-11-20
725,PRD-44161,Focused 24hour application,Materiały zużywalne,kpl,3485.36,5405.49,23,8062674164234,PPUH Gągała-Kurpanik i syn s.c.,aktywny,2020-12-14
726,PRD-44059,Ergonomic multi-tasking framework,,szt,3082.8,4923.92,23,5806146479100,Gabinety Burchard s.c.,aktywny,2025-03-27
727,PRD-51442,Business-focused well-modulated software,Odczynniki,szt,1985.78,2331.88,23,1177388983157,Gabinety Postawa-Wajer S.A.,aktywny,2024-10-12
728,PRD-84007,Exclusive systematic data-warehouse,,szt,442.41,609.71,23,4708480136274,Makaruk Sp. z o.o. Sp.k.,aktywny,2020-09-17
729,PRD-25165,Synchronized empowering moderator,Aparatura,szt.,3809.87,5432.17,23,8150990123268,Galek Sp.k.,nieaktywny,2021-09-16
730,PRD-92143,Persistent responsive encryption,Szkło laboratoryjne,pcs,895.4,952.14,23,7679937112587,Gabinety Sip Sp. z o.o. Sp.k.,aktywny,2022-08-01
731,PRD-23257,Up-sized intangible architecture,Aparatura,szt,2200.32,2912.4,23,6726275379488,Spółdzielnia Byra-Bereś i syn s.c.,aktywny,2025-02-21
732,PRD-67565,Progressive neutral challenge,Sprzęt laboratoryjny,szt,1543.3,1798.1,23,3723489025074,Kobos-Ryszkiewicz S.A.,aktywny,2023-01-06
733,PRD-62747,Versatile attitude-oriented moderator,Szkło laboratoryjne,szt,1689.71,1935.43,23,8960724368182,Gabinety Sądej Sp. z o.o.,aktywny,2022-05-16
734,PRD-86546,Polarized human-resource architecture,Materiały zużywalne,szt,3147.6,5533.7,23,9765718503852,Pikula-Wojtyna S.A.,aktywny,2024-01-09
735,PRD-82793,Ergonomic incremental firmware,Odczynniki,szt,1955.69,2587.17,23,9893363562315,Pacholczak Sp.k.,aktywny,2025-08-14
736,PRD-95462,Optional real-time encoding,Sprzęt laboratoryjny,szt,483.33,835.1,23,2655692866980,PPUH Kral Sp. z o.o. Sp.k.,nieaktywny,2020-12-20
737,PRD-20811,Self-enabling reciprocal parallelism,Materiały zużywalne,szt,3575.76,2853.28,23,5444303297854,Pyza i syn s.c.,aktywny,2025-03-28
738,PRD-44405,Persistent intermediate focus group,Odczynniki,szt,1335.21,2251.33,23,4261469225688,Mateńko S.A.,aktywny,2023-09-28
739,PRD-50000,Digitized directional toolset,Podłoża mikrobiologiczne,szt,3874.34,6050.33,23,3523863968310,FPUH Miszkiewicz-Grzywnowicz s.c.,aktywny,2025-03-15
740,PRD-58380,Upgradable discrete protocol,Materiały zużywalne,szt,2955.47,3736.76,23,3018134157014,Majnusz-Gągała i syn s.c.,aktywny,2025-10-01
741,PRD-76320,Public-key coherent productivity,Aparatura,szt,2233.03,2770.56,23,8541225946984,Gabinety Uziębło Sp. z o.o.,aktywny,2022-09-06
742,PRD-68227,Enhanced homogeneous portal,Sprzęt laboratoryjny,szt,3243.29,5370.83,23,7900269673181,Bazyluk-Rasała Sp. z o.o. Sp.k.,nieaktywny,2022-05-28
743,PRD-50000,Robust regional open system,Podłoża mikrobiologiczne,szt,1253.27,1479.13,23,1040445259667,Gabinety Łuckiewicz,aktywny,2026-01-03
744,PRD-50762,Down-sized contextually-based functionalities,Aparatura,opak,1128.87,1757.54,23,1056995335659,Jantos-Kazior i syn s.c.,aktywny,2025-06-10
745,PRD-35071,Function-based empowering framework,,szt,2776.7,3311.91,23,6725856792527,Stowarzyszenie Trojanowicz-Bilewicz i syn s.c.,aktywny,2024-11-17
746,PRD-66392,User-friendly responsive interface,Podłoża mikrobiologiczne,szt,349.82,419.12,23%,4655396348554,Fundacja Krasa-Staniaszek i syn s.c.,aktywny,2021-12-08
747,PRD-19488,Customizable asynchronous function,Odczynniki,szt,3453.04,4558.23,23,5803283428325,Opas-Pochopień Sp.j.,nieaktywny,2024-08-13
748,PRD-54468,Function-based 4thgeneration portal,Odczynniki,szt,3092.06,5255.59,0.23,8071095819648,Grupa Filek-Kordys Sp.j.,nieaktywny,2026-03-15
749,PRD-45896,Polarized attitude-oriented groupware,Podłoża mikrobiologiczne,szt,2556.26,3662.9,23,4027619774172,FPUH Malisz,aktywny,2025-06-23
750,PRD-61287,Right-sized systematic protocol,Sprzęt laboratoryjny,szt,629.63,695.03,0.23,6395361634264,Stypka Sp.k.,aktywny,2022-08-17
751,PRD-79402,Networked tangible concept,Odczynniki,szt,2628.02,3177.06,23,3663945866102,PPUH Wojewódka s.c.,aktywny,2022-05-02
752,PRD-63664,Business-focused composite help-desk,Sprzęt laboratoryjny,szt,1807.95,2228.99,23,92937088205,Grupa Sudak-Madera Sp. z o.o.,nieaktywny,2025-05-17
753,PRD-90531,Universal upward-trending flexibility,Materiały zużywalne,szt,1758.67,2419.6,23,9915972091523,Spółdzielnia Zapiór S.A.,aktywny,2021-12-11
754,PRD-60436,Customizable incremental conglomeration,Szkło laboratoryjne,szt,2324.63,3913.27,23,8855364322899,Fundacja Bystrek Sp. z o.o.,aktywny,2025-09-10
755,PRD-29798,Extended client-server core,,szt,3011.49,4480.13,23,5721412574865,PPUH Szymocha,aktywny,2022-09-25
756,PRD-74092,Compatible national utilization,Materiały zużywalne,szt,3150.52,3783.59,23,3763789570743,Przewoźna s.c.,nieaktywny,2025-01-29
757,PRD-89106,Intuitive grid-enabled protocol,Odczynniki,szt,1638.43,2040.62,23,5042982999767,PPUH Adamiuk-Misiejuk Sp.j.,aktywny,2025-04-19
758,PRD-37425,Visionary discrete success,Sprzęt laboratoryjny,szt,3590.77,5510.49,23,4363095751877,Gabinety Szczerek S.A.,aktywny,2021-12-10
759,PRD-50000,Robust heuristic matrix,Odczynniki,szt,3608.26,5713.43,23,8917702045059,Stowarzyszenie Bryda-Duszczyk Sp. z o.o.,aktywny,2024-05-21
760,PRD-37180,Re-contextualized secondary circuit,Szkło laboratoryjne,szt,977.09,1056.16,23,4329551454260,FPUH Dulas,aktywny,2024-02-19
761,PRD-22561,Future-proofed systemic artificial intelligence,Szkło laboratoryjne,szt,3182.98,3008.34,23,2851198439387,Kokosza Sp.j.,aktywny,2023-09-11
762,PRD-42706,Synergistic didactic infrastructure,Aparatura,szt,2164.5,2291.12,23,4906689331415,Grupa Owsiak Sp.k.,aktywny,2024-08-27
763,PRD-56348,Progressive interactive circuit,Materiały zużywalne,szt,3820.37,4217.58,23,2661761881975,Fundacja Bisaga,aktywny,2023-04-26
764,PRD-51618,Persistent intermediate benchmark,Szkło laboratoryjne,szt,1044.06,1164.06,23,2485214583581,Abramczuk Sp. z o.o. Sp.k.,aktywny,2024-10-16
765,PRD-65081,Realigned explicit superstructure,Sprzęt laboratoryjny,szt,3100.73,3284.4,0.23,7212155037880,Hendzel-Czesak Sp. z o.o.,aktywny,2025-01-04
766,PRD-95592,Advanced needs-based analyzer,Sprzęt laboratoryjny,szt,156.3,180.66,23,3524623605773,Fundacja Lubera,aktywny,2026-02-07
767,PRD-28953,Automated value-added migration,Materiały zużywalne,szt,2211.02,3325.03,23,2746510757826,Mijas-Granat Sp.k.,nieaktywny,2023-04-21
768,PRD-26432,Function-based scalable open architecture,Odczynniki,szt,1352.72,2389.72,23,1581062219646,Knapek-Kowara S.A.,aktywny,2025-12-10
769,PRD-50000,Down-sized bifurcated analyzer,Podłoża mikrobiologiczne,szt,3378.19,5802.06,23,79112049274,FPUH Zawodnik s.c.,aktywny,2026-06-06
770,PRD-90188,Progressive dedicated artificial intelligence,Aparatura,szt,261.86,385.78,23,7226167417245,Satora-Krzyszczak S.A.,aktywny,2025-04-19
771,PRD-59043,Universal interactive help-desk,Odczynniki,kpl,2126.24,2899.77,23,8366789855886,PPUH Moskalik,aktywny,2024-12-11
772,PRD-31490,Distributed contextually-based ability,,szt,2230.83,3696.8,23,1735688859403,Spółdzielnia Anders Sp. z o.o.,aktywny,2023-02-03
773,PRD-50000,Seamless local adapter,Podłoża mikrobiologiczne,szt,-1886.82,2258.47,23,8979936114798,Stowarzyszenie Wołoch-Rząca Sp.j.,aktywny,2023-09-15
774,PRD-35560,Function-based systematic architecture,Szkło laboratoryjne,szt,3018.94,4479.87,0.23,1460227451753,FPUH Ulfik S.A.,nieaktywny,2024-05-20
775,PRD-61269,Pre-emptive reciprocal standardization,Sprzęt laboratoryjny,szt,3382.85,5426.76,23,9482730330844,Gabinety Staręga S.A.,aktywny,2022-07-19
776,PRD-74544,Self-enabling hybrid Graphic Interface,Materiały zużywalne,szt,3939.87,6901.91,23,8896955692481,Szczerbiak s.c.,aktywny,2026-07-20
777,PRD-18272,Upgradable upward-trending Graphic Interface,Sprzęt laboratoryjny,szt,3373.25,5100.47,23,9122505734501,Stowarzyszenie Walo,aktywny,2021-11-15
778,PRD-30011,Synergized tertiary adapter,Szkło laboratoryjne,szt,3559.58,6245.15,23,4041726819030,Penkala Sp. z o.o.,aktywny,2025-08-23
779,PRD-52988,Automated multimedia budgetary management,Materiały zużywalne,szt,2684.13,3169.93,23,2971549644172,Stowarzyszenie Przeklasa-Rapa i syn s.c.,aktywny,2023-05-08
780,PRD-48763,Function-based tertiary capacity,Aparatura,szt,2204.92,3887.37,23,6129770760896,Ofiara-Sałuda S.A.,aktywny,2021-07-07
781,PRD-50800,Expanded system-worthy application,Materiały zużywalne,szt,2025.91,2737.74,23,5718451732791,Szela Sp.j.,aktywny,2021-02-21
782,PRD-85233,Advanced local challenge,Sprzęt laboratoryjny,szt,234.43,389.27,23,4811476399836,Kopyt-Macek Sp. z o.o.,aktywny,2026-06-05
783,PRD-57117,Distributed value-added projection,Podłoża mikrobiologiczne,szt,972.52,1635.49,23,7432355912944,Spółdzielnia Minkiewicz-Kłósek S.A.,aktywny,2023-09-13
784,PRD-41982,Synchronized encompassing software,Szkło laboratoryjne,pcs,3327.16,4332.42,23,7350078385389,Sałuda-Pietrus Sp.k.,aktywny,2026-03-01
785,PRD-90880,Grass-roots dedicated knowledgebase,Szkło laboratoryjne,szt,2991.97,5316.67,23,3032328208964,Gabinety Leonowicz,aktywny,2022-03-08
786,PRD-39756,Re-engineered bifurcated Internet solution,,szt,384.48,657.12,23,9803422870705,Spółdzielnia Rejmak-Hass Sp. z o.o.,aktywny,2022-09-21
787,PRD-59120,Robust bifurcated instruction set,Podłoża mikrobiologiczne,szt,841.86,953.4,23,5653255720107,Spółdzielnia Stanisławczyk Sp.j.,aktywny,2021-02-07
788,PRD-21879,Optimized reciprocal info-mediaries,Szkło laboratoryjne,szt,338.17,457.98,23,4516191706023,Fundacja Fugiel-Gierach Sp. z o.o. Sp.k.,nieaktywny,2022-11-25
789,PRD-66987,Advanced dynamic database,Sprzęt laboratoryjny,szt,1310.87,1383.43,23,4066547453422,Litwińczuk Sp. z o.o. Sp.k.,aktywny,2024-11-08
790,PRD-20126,Grass-roots eco-centric architecture,Aparatura,szt,222.96,328.93,23,5860800208219,Rubacha Sp. z o.o.,aktywny,2024-11-21
791,PRD-40291,Optional hybrid firmware,Odczynniki,szt,1597.44,2799.77,23,2663780738206,Fundacja Bitner-Sieja Sp.k.,aktywny,2022-04-23
792,PRD-72306,Quality-focused executive frame,Odczynniki,sztuka,765.25,807.99,23,8897118132403,PPUH Kiełek,aktywny,2023-11-13
793,PRD-42774,Cross-platform full-range superstructure,Odczynniki,szt,1269.16,2209.52,23,7367601077100,Mikołajewicz Sp.j.,aktywny,2021-05-20
794,PRD-10744,Innovative client-server paradigm,Materiały zużywalne,szt,2394.08,3788.19,23,5096576718417,Gabinety Kurz S.A.,aktywny,2022-04-28
795,PRD-57815,Programmable 24hour parallelism,Szkło laboratoryjne,szt,3211.26,5774.84,23,2530593544967,Golan-Wawrzyczek Sp. z o.o.,aktywny,2025-05-28
796,PRD-50000,Multi-channeled 24hour functionalities,Sprzęt laboratoryjny,sztuka,958.33,1137.14,23,3637230740438,Giża s.c.,aktywny,2026-06-21
797,PRD-22820,Open-source reciprocal orchestration,Odczynniki,szt,3134.61,4176.18,23,8285969002222,Grupa Jędra Sp.k.,aktywny,2025-04-22
798,PRD-31968,Visionary content-based capability,Sprzęt laboratoryjny,szt,91.7,116.56,23,8745740521491,Gabinety Świgoń,aktywny,2021-06-20
799,PRD-58130,Triple-buffered full-range hub,,szt,2658.85,3948.35,23,9766395256482,Nawrotek-Szyca Sp.k.,aktywny,2022-04-03
800,PRD-99426,Diverse client-driven protocol,Szkło laboratoryjne,szt,518.38,737.13,23,7119333826668,Grupa Golenia-Rubin i syn s.c.,aktywny,2021-12-04
801,PRD-78503,Reactive content-based knowledgebase,Szkło laboratoryjne,szt,1267.05,1771.9,23,8052831707666,FPUH Ciuba S.A.,aktywny,2023-05-10
802,PRD-50000,Monitored encompassing support,,szt,399.04,709.53,23,2172928150684,Kubów i syn s.c.,aktywny,2023-07-05
803,PRD-50000,Universal fault-tolerant methodology,Materiały zużywalne,szt,468.46,594.74,23,7412360405989,Spółdzielnia Barłóg Sp.k.,aktywny,2025-03-24
804,PRD-98184,Synergistic dedicated policy,Sprzęt laboratoryjny,szt,1761.2,1947.49,23,2307575602372,Grupa Maciuk,nieaktywny,2025-10-29
805,PRD-44563,Customer-focused background budgetary management,Odczynniki,szt,3583.33,6140.34,23,1012550138153,Gabinety Miśkowiec,aktywny,2025-01-25
806,PRD-51612,Inverse foreground middleware,Podłoża mikrobiologiczne,szt,2390.46,3066.24,23,9368107621927,Gabinety Bączkiewicz Sp.j.,aktywny,2020-08-12
807,PRD-26023,Organized tertiary moratorium,Podłoża mikrobiologiczne,szt,772.26,815.18,23,8093108083251,PPUH Wojtalik-Rezmer Sp. z o.o.,aktywny,2021-07-23
808,PRD-37039,Face-to-face attitude-oriented intranet,Podłoża mikrobiologiczne,szt,1848.72,2477.68,23,1648011085492,PPUH Kulon,aktywny,2021-12-19
809,PRD-21858,Ameliorated disintermediate adapter,Podłoża mikrobiologiczne,szt,1810.48,2623.74,23,2544684889378,Stowarzyszenie Dryka,aktywny,2020-11-21
810,PRD-71620,Public-key motivating ability,Szkło laboratoryjne,szt,3750.41,6651.75,23,7289467132270,Fundacja Piaścik-Kiciak s.c.,nieaktywny,2025-04-16
811,PRD-84676,Optional asymmetric website,Odczynniki,szt,1041.82,1117.86,23,6583074969016,Gabinety Opioła,aktywny,2022-01-05
812,PRD-67368,Enhanced real-time definition,Szkło laboratoryjne,szt,3125.68,4976.39,23,2319804399940,FPUH Kazimierczyk,aktywny,2023-09-13
813,PRD-32613,Team-oriented zero administration frame,Materiały zużywalne,szt,827.07,1341.28,23,2227683686994,PPUH Doliwa,aktywny,2023-05-27
814,PRD-48226,Enterprise-wide 6thgeneration Graphic Interface,Podłoża mikrobiologiczne,szt,3514.74,4937.4,23,3540200416920,PPUH Mizgała,aktywny,2026-06-25
815,PRD-18185,Organic fresh-thinking intranet,Podłoża mikrobiologiczne,szt,587.69,717.93,23 %,3221760178345,PPUH Bejma i syn s.c.,aktywny,2021-06-12
816,PRD-62472,Cross-group bi-directional software,Odczynniki,szt,1693.8,2427.91,23,50693863095,Opalach-Szkopek s.c.,aktywny,2024-05-07
817,PRD-65387,Reactive directional adapter,Aparatura,szt,2455.46,3016.65,23,3582643730675,Gabinety Basa,aktywny,2026-02-10
818,PRD-34684,Persistent incremental circuit,Sprzęt laboratoryjny,szt,1150.06,1429.34,23,5758249075565,Gabinety Supeł Sp. z o.o. Sp.k.,aktywny,2024-02-01
819,PRD-52412,Visionary systemic benchmark,Podłoża mikrobiologiczne,szt,43.15,46.4,23,6067294875598,Kiwior Sp. z o.o.,aktywny,2022-12-13
820,PRD-95624,Reactive non-volatile help-desk,Odczynniki,szt,0,3429.67,23,4938190153801,PPUH Cholewka-Ostapiuk i syn s.c.,aktywny,2023-10-26
821,PRD-41732,Versatile bi-directional hardware,Podłoża mikrobiologiczne,szt,2564.87,4122.06,23,1209094453523,Bączkiewicz-Przybycień i syn s.c.,nieaktywny,2021-01-25
822,PRD-85576,Expanded dedicated implementation,,szt,2557.7,3712.88,23,6651100685081,PPUH Parzonka-Kulczak Sp. z o.o.,aktywny,2024-10-09
823,PRD-79060,Adaptive multimedia customer loyalty,Sprzęt laboratoryjny,kpl,218.78,321.18,23 %,1244744099531,Fundacja Poreda,aktywny,2024-03-05
824,PRD-93719,Synergized value-added archive,Materiały zużywalne,szt,2537.82,4505.09,23 %,6392281849256,Pastuła-Jędraszczyk Sp.k.,aktywny,2023-04-03
825,PRD-58643,Re-engineered multi-state parallelism,Podłoża mikrobiologiczne,szt,956.28,1507.67,23,5374290177515,FPUH Franc-Słupek Sp.k.,aktywny,2025-12-01
826,PRD-75793,Proactive even-keeled info-mediaries,Materiały zużywalne,szt,142.54,220.74,23,7386406628208,Gal Sp. z o.o.,aktywny,2021-06-01
827,PRD-73397,User-friendly dynamic superstructure,Materiały zużywalne,szt,2664.72,4480.19,0.23,5466975502450,PPUH Wiekiera-Luberda Sp.j.,nieaktywny,2022-12-17
828,PRD-25148,Re-engineered radical capacity,Szkło laboratoryjne,szt,1897.7,2110.16,23,5726386833466,Grupa Dylak Sp. z o.o. Sp.k.,aktywny,2024-07-30
829,PRD-96140,Total hybrid application,Materiały zużywalne,szt,680.76,606.84,0.23,9496948982276,Mzyk-Horbacz Sp.k.,nieaktywny,2022-04-11
830,PRD-68577,Pre-emptive value-added moratorium,Podłoża mikrobiologiczne,szt,2011.25,2912.25,23,7868311206710,FPUH Danieluk-Morawiak i syn s.c.,aktywny,2021-02-11
831,PRD-89474,Digitized multimedia hierarchy,Szkło laboratoryjne,szt,1589.93,1914.46,23,6064504795025,Gabinety Jantos-Znojek Sp.j.,aktywny,2021-08-15
832,PRD-45311,Profound solution-oriented benchmark,,szt.,366.09,479.49,23,4124078592063,Gabinety Łabaj-Rudolf i syn s.c.,aktywny,2026-04-23
833,PRD-13398,Front-line object-oriented Local Area Network,Szkło laboratoryjne,szt,2586.09,4446.38,23,7923718888890,FPUH Pelka Sp. z o.o.,aktywny,2022-10-25
834,PRD-97522,Universal non-volatile access,Odczynniki,szt,360.67,411.9,23%,6843657632851,Gumienna S.A.,aktywny,2022-03-23
835,PRD-37481,Proactive optimizing forecast,Sprzęt laboratoryjny,szt,3115.13,2019.64,23,2434328255539,PPUH Cieciora-Reimann i syn s.c.,aktywny,2024-12-07
836,PRD-10302,Upgradable solution-oriented framework,Podłoża mikrobiologiczne,szt,1946.75,2244.12,0.23,7055265279872,Stowarzyszenie Gryska,nieaktywny,2025-05-14
837,PRD-70357,Synergized secondary protocol,Podłoża mikrobiologiczne,szt,497.53,587.66,23,5595464360778,Gabinety Potok,aktywny,2023-09-09
838,PRD-74823,Integrated even-keeled budgetary management,Sprzęt laboratoryjny,opak,3165.67,4503.49,23,4543966382754,Żelazek Sp.j.,aktywny,2026-01-27
839,PRD-43342,Reduced composite synergy,Sprzęt laboratoryjny,szt,933.93,1323.9,23,6445571387795,Spółdzielnia Karkut Sp.k.,aktywny,2020-09-09
840,PRD-67578,Visionary global forecast,Szkło laboratoryjne,szt,2438.76,2899.32,23,5589091588288,Brudny-Sporysz Sp.j.,aktywny,2026-04-04
841,PRD-90798,Multi-channeled non-volatile benchmark,Materiały zużywalne,szt,1824.1,2760.25,23,7022160365112,Grupa Nitkiewicz Sp.k.,aktywny,2024-04-01
842,PRD-53254,Fundamental dynamic Graphical User Interface,Sprzęt laboratoryjny,szt,3985.52,4591.14,23,56768628158,FPUH Juroszek-Oślizło s.c.,aktywny,2026-01-26
843,PRD-89544,Programmable full-range product,Sprzęt laboratoryjny,szt,1980.01,3268.1,23,6194313610097,FPUH Piórek-Szaruga i syn s.c.,aktywny,2022-08-08
844,PRD-55643,Robust tertiary toolset,Aparatura,szt,1956.81,2730.24,23,4913354994137,Fundacja Nagel-Majsterek i syn s.c.,aktywny,2021-09-03
845,PRD-19364,Intuitive local middleware,Sprzęt laboratoryjny,szt,1691.99,2640.79,23%,3613844061832,Kudra-Pędzik Sp. z o.o. Sp.k.,aktywny,2024-02-26
846,PRD-93445,Operative static website,Odczynniki,szt,419.16,306.85,23,1889949338090,Grupa Kulis-Kapuścik s.c.,aktywny,2025-11-21
847,PRD-98656,Integrated didactic function,Odczynniki,szt,1316.05,1749.97,23,71538895713,Szatanik i syn s.c.,nieaktywny,2023-09-08
848,PRD-47794,Team-oriented demand-driven approach,Podłoża mikrobiologiczne,szt,3818.94,6393.72,23,3998332077979,FPUH Posłuszna Sp. z o.o.,aktywny,2021-12-21
849,PRD-14375,Synergized maximized Local Area Network,Szkło laboratoryjne,szt,729.53,1234.42,23,6659704360058,Grupa Bobik Sp.k.,aktywny,2025-11-17
850,PRD-85434,Sharable content-based functionalities,Materiały zużywalne,szt,241.64,392.93,23,5372726934828,Monkiewicz Sp.k.,aktywny,2026-06-19
851,PRD-67620,Adaptive mobile migration,Szkło laboratoryjne,szt,3899.91,2588.94,23,9436196675086,Spółdzielnia Drewniok-Wasiuk S.A.,aktywny,2021-12-12
852,PRD-65607,Distributed content-based customer loyalty,Podłoża mikrobiologiczne,szt,904.64,848.18,23,4270849065092,Stowarzyszenie Podpora-Mateusiak S.A.,aktywny,2021-03-01
853,PRD-88126,Ergonomic incremental paradigm,Sprzęt laboratoryjny,szt,2065.88,1826.66,23,2187328132268,PPUH Barłóg-Zatoń s.c.,aktywny,2023-02-27
854,PRD-81231,Managed systemic throughput,Materiały zużywalne,szt,302.68,419.77,23,4470346947480,Preś S.A.,aktywny,2023-09-05
855,PRD-40318,Face-to-face background task-force,Szkło laboratoryjne,szt,3938.5,5428.25,23,2684156754670,Urynowicz-Ograbek i syn s.c.,aktywny,2022-11-25
856,PRD-85348,Object-based foreground customer loyalty,Materiały zużywalne,szt,1784.32,2771.69,23,3973816838122,Lepak-Fleszar Sp. z o.o. Sp.k.,aktywny,2024-08-31
857,PRD-73999,Team-oriented static strategy,Odczynniki,pcs,1256.07,1348.24,23,6643653662875,Gabinety Piesik,nieaktywny,2024-07-20
858,PRD-77998,Horizontal regional knowledge user,Sprzęt laboratoryjny,szt,1291.03,2268.98,23,4598555770291,Kutera-Ziajka Sp.k.,nieaktywny,2021-09-10
859,PRD-13595,Business-focused content-based challenge,Podłoża mikrobiologiczne,szt,0,4363.9,23,6665029360837,Słobodzian-Kryszkiewicz Sp.j.,aktywny,2022-02-01
860,PRD-74507,Pre-emptive asynchronous frame,Aparatura,szt,2917.99,4234.61,23,4854106541275,Gabinety Block Sp. z o.o. Sp.k.,aktywny,2024-09-20
861,PRD-52090,Automated optimal encryption,Sprzęt laboratoryjny,szt,1707.54,2170.44,23,8847048361420,Stowarzyszenie Łabno,aktywny,2024-10-31
862,PRD-74673,Monitored system-worthy knowledge user,Odczynniki,szt,1646.81,2570.34,23,4751231262037,Naglik Sp. z o.o.,aktywny,2023-03-04
863,PRD-19055,Balanced incremental budgetary management,Podłoża mikrobiologiczne,pcs,366.99,543.07,23,6928482469712,Stowarzyszenie Gowin S.A.,aktywny,2020-11-04
864,PRD-24953,Operative fault-tolerant firmware,Sprzęt laboratoryjny,szt,2381.91,3376.49,23,5050399283819,PPUH Buszka,aktywny,2021-06-04
865,PRD-38168,Phased hybrid budgetary management,Aparatura,szt,3890.26,4109.34,23,4717947590134,Dybaś-Szulist s.c.,aktywny,2021-08-26
866,PRD-16664,Fully-configurable stable policy,Odczynniki,szt,3243.95,4818.99,23,7528004724485,Krzysztoszek S.A.,aktywny,2021-01-23
867,PRD-61269,Polarized systematic superstructure,Sprzęt laboratoryjny,opak,1909.89,3160.56,23,5758085568492,Kwapis Sp.j.,aktywny,2023-11-27
868,PRD-45391,Inverse 4thgeneration intranet,Aparatura,szt,512.28,703.72,23,3590912540390,Grupa Herok S.A.,aktywny,2024-02-28
869,PRD-53053,Distributed needs-based projection,Sprzęt laboratoryjny,szt,247.18,338.25,23,1423509135327,Bacia-Puch Sp.k.,aktywny,2023-01-05
870,PRD-67823,Assimilated high-level info-mediaries,Szkło laboratoryjne,sztuka,1541.44,2676.55,23,3107264439351,Stowarzyszenie Klaja,aktywny,2025-08-10
871,PRD-14483,Realigned system-worthy help-desk,,szt,3946.51,6827.04,23,9385260432351,Tomaszuk-Bitner Sp. z o.o. Sp.k.,aktywny,2020-10-23
872,PRD-52050,Multi-layered holistic Graphic Interface,Odczynniki,szt,3389.19,2635.16,23,2737473655460,PPUH Gołoś,aktywny,2025-03-16
873,PRD-44478,Business-focused clear-thinking installation,Materiały zużywalne,szt,2160.73,3566.39,23,8659308952482,Buchholz-Gołoś Sp.j.,aktywny,2025-07-26
874,PRD-80599,Adaptive modular methodology,Odczynniki,pcs,3995.6,3154.38,23,5636190691027,Gabinety Cudzich s.c.,aktywny,2022-08-21
875,PRD-17278,Synergistic fault-tolerant utilization,Podłoża mikrobiologiczne,szt,139.3,179.13,23,8384448214508,Hanke-Zięciak S.A.,aktywny,2023-09-15
876,PRD-16357,Pre-emptive incremental core,Odczynniki,szt,43.43,71.24,23,7926619795118,FPUH Domino-Hamera Sp. z o.o. Sp.k.,aktywny,2024-02-07
877,PRD-41815,Synergistic incremental alliance,Odczynniki,szt.,2407.67,3605.64,23,2258528654536,Rosołek S.A.,aktywny,2023-06-12
878,PRD-14360,Team-oriented user-facing encryption,Materiały zużywalne,szt,3457.06,3833.29,23,1917142352297,PPUH Glegoła Sp.k.,aktywny,2025-12-04
879,PRD-43402,Switchable client-server interface,Materiały zużywalne,szt,81.32,89.79,23,8627661914372,Grupa Drzał-Rychcik S.A.,aktywny,2026-05-19
880,PRD-11776,Distributed analyzing open system,Odczynniki,szt,1033.24,1841.45,23,6170665858612,Stowarzyszenie Staciwa Sp.k.,aktywny,2023-11-04
881,PRD-57026,Ameliorated impactful benchmark,Materiały zużywalne,szt,2854.28,3542.6,23,9128755048788,Gabinety Szkatuła Sp. z o.o.,aktywny,2022-12-04
882,PRD-50000,Optional secondary Local Area Network,Materiały zużywalne,opak,1186.28,2106.63,23,7352988476404,Głowiak Sp. z o.o.,aktywny,2023-09-21
883,PRD-89300,Mandatory systematic benchmark,Sprzęt laboratoryjny,szt,3974.13,5816.92,23,5964379513268,Bernatowicz-Fik S.A.,aktywny,2022-01-25
884,PRD-20899,Reduced demand-driven extranet,,szt,1268.44,1733.37,23,1693767546038,PPUH Muc,aktywny,2024-04-10
885,PRD-76472,Persevering intermediate policy,Odczynniki,szt,2955.22,3300.63,23,2880733757519,Spółdzielnia Koral Sp.j.,aktywny,2024-11-12
886,PRD-58872,Enterprise-wide upward-trending archive,Odczynniki,szt,1414.85,2208.51,23 %,7473020380945,FPUH Mendak-Przystupa S.A.,aktywny,2020-10-23
887,PRD-12822,Versatile systemic emulation,Aparatura,sztuka,1236.56,1399.34,23,5516146339611,FPUH Kościuszko-Niewola i syn s.c.,aktywny,2025-05-30
888,PRD-73464,Compatible user-facing policy,Podłoża mikrobiologiczne,szt,2736.63,3860.76,23 %,7814658410428,Mijas-Malcherek i syn s.c.,aktywny,2021-09-11
889,PRD-39976,Streamlined reciprocal circuit,Sprzęt laboratoryjny,szt,2505.24,3928.43,23 %,5353810875881,Pietrasiak i syn s.c.,aktywny,2025-09-13
890,PRD-57477,Mandatory directional algorithm,Materiały zużywalne,szt,1610.99,1761.51,23,7614092478254,Grupa Jarosik S.A.,aktywny,2026-04-11
891,PRD-59771,Operative 6thgeneration approach,Szkło laboratoryjne,szt,1019.65,1294.34,23,5975373525502,Spółdzielnia Stanclik-Luks s.c.,aktywny,2026-03-22
892,PRD-42937,Focused solution-oriented Local Area Network,Podłoża mikrobiologiczne,szt,2429.72,3934.52,23,2478792934682,FPUH Marchlewicz S.A.,nieaktywny,2023-02-11
893,PRD-18822,Persevering zero-defect application,Odczynniki,szt,744.96,1282.11,23,5259727783092,Stowarzyszenie Arendarczyk,aktywny,2021-12-25
894,PRD-99220,Realigned fresh-thinking matrix,Materiały zużywalne,szt,1091.07,1755.98,23,9674835030701,PPUH Golonko-Barczuk i syn s.c.,nieaktywny,2022-04-27
895,PRD-52547,Down-sized neutral circuit,Szkło laboratoryjne,szt,3125.66,4354.57,23,5685204571004,Wojtunik S.A.,nieaktywny,2023-12-01
896,PRD-85399,Distributed cohesive solution,Materiały zużywalne,szt,3885.78,6730.62,23,49361330135,Gabinety Doktor-Politowicz Sp.k.,aktywny,2023-06-02
897,PRD-86026,Assimilated attitude-oriented concept,,szt,3588.68,4399.62,23,9851070968927,PPUH Jędrys Sp. z o.o.,aktywny,2020-10-05
898,PRD-41969,Implemented empowering instruction set,Aparatura,szt,2577.86,3628.19,23,63003681414,Stowarzyszenie Rubin s.c.,aktywny,2023-06-01
899,PRD-36971,Inverse client-driven support,Aparatura,szt,3415.53,4790.34,23,1796850139640,Fundacja Ziarnik,aktywny,2023-08-20
900,PRD-83780,Advanced non-volatile instruction set,Odczynniki,szt,3426.59,4498.97,23,3158025982246,Kazberuk Sp.j.,aktywny,2025-07-25
901,PRD-69995,Fundamental leadingedge collaboration,Aparatura,kpl,1229.91,1692.86,23,8043533323988,Gabinety Żołna,aktywny,2021-06-22
902,PRD-57812,Enhanced high-level Local Area Network,Sprzęt laboratoryjny,szt,2355.37,3535.51,23,3217290259722,Hadam-Głownia Sp.j.,aktywny,2022-12-02
903,PRD-85939,Team-oriented eco-centric leverage,Aparatura,szt,457.33,629.48,23,1274220055081,PPUH Jałowiec Sp. z o.o. Sp.k.,aktywny,2024-07-16
904,PRD-51754,Advanced leadingedge ability,Szkło laboratoryjne,szt,1684.74,2852.29,23,1460063049603,Stowarzyszenie Skalik-Jędruszczak Sp.j.,aktywny,2025-06-13
905,PRD-87491,Persistent logistical time-frame,Podłoża mikrobiologiczne,szt,2935.97,3550.81,23,8314244648486,Witko Sp. z o.o.,aktywny,2023-12-16
906,PRD-72582,Digitized reciprocal migration,Aparatura,sztuka,3423.61,5610.69,23,2954185886579,PPUH Chalimoniuk-Faruga s.c.,aktywny,2024-07-17
907,PRD-71350,Integrated coherent initiative,Odczynniki,szt,3220.81,5425.14,23,7331149236509,Grupa Dyjach-Wardzała S.A.,aktywny,2023-09-21
908,PRD-93872,Profound client-server initiative,Szkło laboratoryjne,szt,1027.91,1296.84,23,9063031048268,Leoniak Sp.k.,aktywny,2022-01-15
909,PRD-38373,Versatile homogeneous extranet,Aparatura,szt,1483.96,2663.74,23,5702587410459,Myszor Sp. z o.o.,nieaktywny,2023-07-30
910,PRD-97700,Adaptive global customer loyalty,Podłoża mikrobiologiczne,szt,1430.96,2288.71,23,7865390973893,Grupa Buś s.c.,nieaktywny,2025-02-26
911,PRD-45584,Optimized 5thgeneration groupware,Sprzęt laboratoryjny,szt,846.03,1413.76,23,1465290835148,FPUH Ochał Sp.j.,nieaktywny,2024-05-21
912,PRD-99892,Quality-focused multimedia access,Aparatura,szt,-3808.3,6227.56,23,9272796562821,Wziątek-Pawlaczek i syn s.c.,nieaktywny,2025-10-30
913,PRD-28731,Stand-alone impactful implementation,Aparatura,pcs,527.31,800.86,23,9759827650027,Fundacja Dietrich,aktywny,2023-08-13
914,PRD-94556,Re-engineered holistic productivity,Aparatura,szt,3366.78,5715.15,23,8094499592645,Goj Sp.j.,aktywny,2025-02-25
915,PRD-80819,Reduced multi-tasking core,Odczynniki,szt,3700.87,6136.85,23,8655627523474,Boguś S.A.,aktywny,2023-12-29
916,PRD-88651,Virtual well-modulated firmware,Materiały zużywalne,szt,1060.49,1250.7,23,1813296547914,Ogonek-Buszta Sp. z o.o. Sp.k.,aktywny,2025-12-18
917,PRD-23449,Front-line holistic service-desk,Aparatura,szt,2414.61,3256.29,23,4940009238961,Grupa Paździora,aktywny,2025-10-17
918,PRD-46463,Open-architected 3rdgeneration artificial intelligence,Aparatura,szt,2724.65,3384.11,23,8387799749740,PPUH Juszczuk-Gałaj s.c.,nieaktywny,2021-04-13
919,PRD-99175,Synergized empowering open architecture,Aparatura,szt,2347.74,3151.12,23,6869424747871,Dzidek Sp.j.,aktywny,2025-11-02
920,PRD-33059,Adaptive tangible capability,Materiały zużywalne,szt,3212.25,4199.47,23,2739616696012,Grupa Rakus s.c.,aktywny,2021-05-21
921,PRD-79489,Vision-oriented uniform software,Odczynniki,szt,1397.99,2110.67,23,3497564820620,Fundacja Mądrzyk Sp. z o.o.,aktywny,2025-12-02
922,PRD-18298,Multi-lateral composite analyzer,Sprzęt laboratoryjny,szt.,2681.21,2857.77,23,3486865017583,Fundacja Kosman Sp. z o.o.,aktywny,2025-12-11
923,PRD-66648,Up-sized analyzing leverage,Szkło laboratoryjne,szt,1202.11,1422.56,23,5903907925236,Grupa Szyda,aktywny,2021-08-27
924,PRD-59720,Face-to-face directional interface,Podłoża mikrobiologiczne,szt,2211.04,2471.31,23,3074975249787,PPUH Kempka-Sudnik Sp.j.,aktywny,2022-07-07
925,PRD-44451,Right-sized homogeneous knowledge user,Odczynniki,szt,2291.59,2922.68,0.23,2199357923423,Skolik-Raszkiewicz Sp.j.,nieaktywny,2022-04-21
926,PRD-22377,Configurable static application,Materiały zużywalne,szt,2215.43,2018.74,23,2685125601531,Grupa Oleksiewicz,nieaktywny,2022-03-09
927,PRD-40210,Automated object-oriented ability,Szkło laboratoryjne,szt,114.84,136.82,23,7772957484440,Buza Sp.j.,nieaktywny,2025-05-30
928,PRD-38422,Business-focused bi-directional methodology,Szkło laboratoryjne,szt,2586.98,3208.78,23,4657919127207,FPUH Kucab-Zimoń Sp.k.,aktywny,2024-07-25
929,PRD-47616,Enhanced 24/7 hub,Sprzęt laboratoryjny,szt,3522.74,5484.74,23,9811253832257,Dukat Sp. z o.o. Sp.k.,aktywny,2023-04-11
930,PRD-50172,Synchronized executive open system,Podłoża mikrobiologiczne,szt,1898.81,2676.38,23,6711352949092,Spółdzielnia Oczko i syn s.c.,aktywny,2023-04-16
931,PRD-33502,Self-enabling discrete strategy,Aparatura,szt,43.87,78.35,23,2394974840432,Spółdzielnia Figat-Chachuła Sp. z o.o.,nieaktywny,2022-11-07
932,PRD-56891,Synergistic context-sensitive process improvement,Odczynniki,szt,3257.01,4399.48,0.23,7199055175456,Stowarzyszenie Zębik i syn s.c.,aktywny,2025-04-26
933,PRD-46427,Robust methodical flexibility,Podłoża mikrobiologiczne,szt,1776.84,2673.69,23,6371430787449,FPUH Pasiut Sp.k.,aktywny,2026-04-16
934,PRD-61717,Switchable full-range productivity,Szkło laboratoryjne,szt,988.09,1382.72,23,9116279998874,Drej-Pniak Sp.j.,aktywny,2026-01-09
935,PRD-76872,Inverse radical synergy,,szt,2358.79,2902.36,23,5723742962040,FPUH Strycharz Sp. z o.o. Sp.k.,aktywny,2021-06-12
936,PRD-67173,Virtual composite hardware,Aparatura,szt,3206.34,5422.8,23,9908474026828,Duczek-Szywała Sp.k.,aktywny,2023-06-11
937,PRD-90815,Synergized reciprocal task-force,Odczynniki,szt,1993.96,2898.78,0.23,6179953936780,FPUH Mularz,aktywny,2024-10-24
938,PRD-31678,Down-sized analyzing forecast,Szkło laboratoryjne,szt,2821.31,4775.62,23,7703560807016,Sady Sp. z o.o. Sp.k.,aktywny,2023-09-19
939,PRD-38888,Customizable grid-enabled time-frame,Odczynniki,szt,405.83,522.53,23,3474116750959,Stępak-Fyda Sp. z o.o.,aktywny,2020-10-13
940,PRD-11042,Synergized high-level array,Aparatura,szt,1059.17,1671.66,23,2798756670837,Kurc-Lepak i syn s.c.,aktywny,2022-01-25
941,PRD-42683,Seamless zero administration emulation,Podłoża mikrobiologiczne,szt,2382.59,1731.59,23,9028361149055,Gabinety Sojda i syn s.c.,aktywny,2022-07-30
942,PRD-23066,Versatile hybrid support,Materiały zużywalne,szt,1692.22,2332.47,23,7960511290153,Gabinety Ochwat-Klebba s.c.,aktywny,2024-07-26
943,PRD-37461,Organized homogeneous monitoring,Materiały zużywalne,szt,1274.81,1414.03,23,1532917222958,Bender Sp.k.,aktywny,2024-03-08
944,PRD-68054,Multi-tiered zero administration ability,Sprzęt laboratoryjny,szt,2047.07,2716.53,23,9393306260768,Stowarzyszenie Majnusz-Wąsek i syn s.c.,aktywny,2021-01-28
945,PRD-97042,Cross-group logistical framework,Podłoża mikrobiologiczne,szt,2896.98,4597.13,23,5842408866844,FPUH Kobza-Potok Sp. z o.o. Sp.k.,aktywny,2021-08-04
946,PRD-64375,Programmable exuding pricing structure,,szt,3621.24,5027.22,23,9790947263432,PPUH Osik Sp. z o.o.,nieaktywny,2020-08-19
947,PRD-68366,Grass-roots encompassing parallelism,Sprzęt laboratoryjny,szt,743.62,838.61,23,4747157721724,Grupa Juroszek-Łaciak S.A.,aktywny,2025-12-14
948,PRD-20934,Mandatory motivating initiative,Odczynniki,szt,3246.08,5012.67,23,62668570863,Latacz-Balcewicz Sp. z o.o.,aktywny,2022-05-01
949,PRD-98770,Synergistic heuristic intranet,Materiały zużywalne,szt,3677.76,4301.02,23,8314329675723,Stowarzyszenie Pabiś,aktywny,2026-06-09
950,PRD-87799,Assimilated non-volatile process improvement,Aparatura,pcs,1528.17,1913.95,23,8090675490967,PPUH Toborek-Piątkiewicz S.A.,aktywny,2024-01-26
951,PRD-45500,Fundamental holistic task-force,Sprzęt laboratoryjny,kpl,3421.41,6096.57,23,1728949868889,Sularz-Luks Sp.j.,aktywny,2025-11-03
952,PRD-14055,User-centric optimizing benchmark,Odczynniki,szt,338.42,566.02,23,6329869104750,Hermann Sp. z o.o.,aktywny,2021-06-27
953,PRD-19181,Team-oriented analyzing standardization,Podłoża mikrobiologiczne,szt,3577.27,5758.58,23,6772194359997,Stowarzyszenie Myrcha-Małyszka i syn s.c.,aktywny,2025-02-11
954,PRD-73166,Compatible national extranet,Aparatura,szt,237.18,420.54,23,5822657317096,FPUH Mosiołek s.c.,aktywny,2026-02-07
955,PRD-64675,Seamless neutral secured line,Odczynniki,szt,0,6000.96,23,6758895501597,PPUH Olko,aktywny,2026-03-11
956,PRD-29617,Down-sized asynchronous encryption,Materiały zużywalne,szt,3371.5,4380.3,23,7156716197745,Gabinety Wiertelak,aktywny,2023-08-16
957,PRD-44201,Open-source bottom-line middleware,Odczynniki,szt,680.72,872.83,23,5638035227737,Kośka-Żółkiewicz Sp.k.,aktywny,2026-03-02
958,PRD-74490,Persevering uniform solution,Materiały zużywalne,szt,1663.05,1882.94,23 %,5539147927846,Drwięga-Latek Sp.k.,aktywny,2026-05-15
959,PRD-24335,Public-key 24/7 task-force,Odczynniki,szt,641.64,1047.72,23,2708489613824,Piekart S.A.,aktywny,2024-09-11
960,PRD-19914,Digitized stable instruction set,Szkło laboratoryjne,szt.,3858.22,4112.08,23,7229121287786,Spółdzielnia Futyma,nieaktywny,2021-01-11
961,PRD-81880,Seamless modular protocol,,szt,2228.85,3011.44,23,5617290153345,Pawliczek-Herba i syn s.c.,aktywny,2023-10-22
962,PRD-46568,Managed explicit moratorium,Podłoża mikrobiologiczne,szt,370.18,471.7,23,9686160776869,Labocha-Motak s.c.,aktywny,2020-10-07
963,PRD-55422,Polarized neutral benchmark,Odczynniki,szt,2122.49,2325.06,23,6777009316457,Spółdzielnia Kokosza-Choina i syn s.c.,aktywny,2023-02-09
964,PRD-64401,Horizontal methodical software,Sprzęt laboratoryjny,pcs,1755.83,2517.59,23,9969655687350,PPUH Sarosiek,aktywny,2025-07-16
965,PRD-18227,Quality-focused even-keeled knowledge user,Aparatura,szt,176.79,204.59,23,99390600631,Fundacja Durlik,aktywny,2022-03-28
966,PRD-68364,Implemented context-sensitive paradigm,Aparatura,szt,3497.02,6102.93,23,8722688766135,Symonowicz-Hanc Sp.j.,aktywny,2021-01-19
967,PRD-44691,Up-sized neutral extranet,Sprzęt laboratoryjny,szt,1719.55,1905.87,23,7332611174465,Gabinety Dej S.A.,aktywny,2022-04-15
968,PRD-95269,Configurable empowering Internet solution,Aparatura,szt,2688.42,3277.78,23,8230111154990,Podgórny S.A.,aktywny,2021-02-02
969,PRD-70160,Proactive global monitoring,Odczynniki,szt,1254.99,1432.1,23,1662809858782,Lepka Sp. z o.o. Sp.k.,aktywny,2026-02-06
970,PRD-69920,Monitored client-server process improvement,,szt,1732.52,1923.52,23%,1106861267545,Sojda-Krzan i syn s.c.,aktywny,2025-08-04
971,PRD-33464,Optimized regional middleware,Szkło laboratoryjne,szt,3650.8,5349.14,0.23,7379605793734,FPUH Jama-Freitag s.c.,aktywny,2021-09-16
972,PRD-73333,Quality-focused multi-tasking Local Area Network,Aparatura,szt,2120.25,1395.48,23,1806591193934,Stowarzyszenie Zioła Sp. z o.o. Sp.k.,aktywny,2026-01-12
973,PRD-30882,Managed multimedia firmware,Sprzęt laboratoryjny,pcs,529.25,592.37,23 %,6266628727429,Gabinety Fedak Sp. z o.o.,aktywny,2021-11-15
974,PRD-93242,Front-line even-keeled ability,Szkło laboratoryjne,szt,1039.48,1099.77,23,3657706652684,Kuder S.A.,aktywny,2022-05-02
975,PRD-57650,Up-sized optimal solution,Szkło laboratoryjne,szt,1812.64,1186.18,23,4449812427431,Bieszke-Kieca Sp. z o.o.,aktywny,2025-10-04
976,PRD-17128,Team-oriented full-range portal,Szkło laboratoryjne,szt,3646.81,4596.04,23,3998326367856,Spółdzielnia Juraszczyk Sp.j.,aktywny,2021-01-23
977,PRD-45075,Managed stable architecture,Materiały zużywalne,szt,1384.44,2060.04,23,9184867953220,Spółdzielnia Helak-Klaus S.A.,aktywny,2024-12-10
978,PRD-80713,Programmable real-time algorithm,Odczynniki,szt,2365.64,3987.35,0.23,4101355529538,Faruga i syn s.c.,aktywny,2022-05-30
979,PRD-26915,Grass-roots multi-tasking forecast,Odczynniki,szt,1372.26,1857.7,23,4803331482174,Fundacja Dargacz,aktywny,2020-09-20
980,PRD-29493,Fully-configurable interactive success,Materiały zużywalne,szt,3439.49,5003.73,23,1677136727259,Fundacja Piesik,aktywny,2025-01-30
981,PRD-16195,Cloned high-level installation,Podłoża mikrobiologiczne,szt,3500.6,4117.76,23,8007899583466,Gabinety Rezmer-Margol Sp.k.,aktywny,2025-09-09
982,PRD-54177,De-engineered tangible encoding,Szkło laboratoryjne,szt,253.76,438.03,23,6592501006175,Mudlaff Sp.j.,aktywny,2025-06-21
983,PRD-67094,Assimilated stable instruction set,Podłoża mikrobiologiczne,szt,3596.55,2589.26,23,3668950016380,PPUH Deryło,nieaktywny,2025-02-09
984,PRD-81000,Programmable 4thgeneration functionalities,Aparatura,szt,3504.46,6224.64,23,4391934145194,Noszczyk-Błaziak Sp. z o.o.,aktywny,2021-03-02
985,PRD-59245,De-engineered tertiary capacity,Szkło laboratoryjne,szt,535.35,706.56,23,4309221520778,FPUH Długajczyk S.A.,nieaktywny,2021-03-28
986,PRD-46163,Fully-configurable actuating data-warehouse,Materiały zużywalne,szt,2477.22,2931.4,23,7811902398958,FPUH Latuszek i syn s.c.,aktywny,2020-10-06
987,PRD-70697,Streamlined transitional system engine,Sprzęt laboratoryjny,szt,2452.06,3602.96,23,4521507112268,Grupa Grupa Sp.j.,aktywny,2023-10-13
988,PRD-16670,Sharable solution-oriented complexity,Podłoża mikrobiologiczne,szt,3568.68,5766.99,23,8688010640392,Stowarzyszenie Rajtar,aktywny,2023-11-04
989,PRD-41568,Multi-channeled intangible core,Podłoża mikrobiologiczne,szt,2063.52,3702.42,23,5866222925101,Skiepko i syn s.c.,aktywny,2023-01-31
990,PRD-95210,Customer-focused clear-thinking product,Podłoża mikrobiologiczne,szt,2807.74,3607.62,23,1023253334148,Kansy s.c.,aktywny,2026-02-15
991,PRD-84086,Total 24/7 matrix,Podłoża mikrobiologiczne,szt,3550.9,4750.61,23,9273159176621,Gabinety Lisik-Kozdrój Sp.j.,aktywny,2020-08-13
992,PRD-90032,Quality-focused well-modulated website,Odczynniki,szt,1142.09,1599.62,23,6540281087469,Drobik Sp.j.,aktywny,2023-04-12
993,PRD-26579,Compatible foreground standardization,Aparatura,szt,235.45,330.2,23,1414794841220,Stowarzyszenie Rochowiak,aktywny,2025-08-31
994,PRD-34651,Profound full-range migration,Odczynniki,szt,1704.68,2260.83,23,1840816906978,Fundacja Rusnak Sp. z o.o. Sp.k.,aktywny,2021-02-12
995,PRD-91681,Optional fresh-thinking strategy,Szkło laboratoryjne,szt,3588.94,4086.73,23,6778839593760,Grupa Zinkiewicz,aktywny,2022-11-29
996,PRD-10031,Assimilated composite product,,szt,3612.1,5168.76,23,4166605297399,FPUH Dzidek-Balas Sp. z o.o. Sp.k.,aktywny,2020-10-30
997,PRD-75716,Devolved asynchronous concept,,szt,1534.32,2198.51,0.23,1046317172581,FPUH Dudkowiak-Czubaszek Sp.j.,aktywny,2024-06-02
998,PRD-58555,Reduced 6thgeneration functionalities,Podłoża mikrobiologiczne,szt,1262.36,1499.48,23,7345969847673,Stowarzyszenie Wasiewicz-Kołata Sp.k.,aktywny,2024-09-14
999,PRD-53185,Robust multi-tasking task-force,Sprzęt laboratoryjny,szt,3593.97,4089.22,23%,9234538469455,Spółdzielnia Haraburda,aktywny,2025-06-19
1000,PRD-50000,Profit-focused cohesive solution,,szt,2213.67,3111.29,23,7359642058623,Stowarzyszenie Szkopek-Garczyk Sp. z o.o.,aktywny,2021-11-28
1001,PRD-21507,Managed coherent analyzer,Szkło laboratoryjne,szt,3509.58,5356.77,23,7309412239804,Stypa-Ryguła S.A.,aktywny,2023-10-21
1002,PRD-10424,Synergistic composite pricing structure,Aparatura,sztuka,411.8,439.21,23,1734117402449,PPUH Maślach-Nalewajek Sp. z o.o.,nieaktywny,2024-09-30
1003,PRD-89129,Upgradable web-enabled concept,Sprzęt laboratoryjny,pcs,275.64,377.87,23,3709143766963,Pasieczna-Sykut Sp. z o.o.,aktywny,2022-03-10
1004,PRD-84939,Expanded intermediate implementation,Szkło laboratoryjne,szt,3139.45,4197.46,23%,8882404135404,Fundacja Zioła-Cyganik i syn s.c.,aktywny,2025-10-11
1005,PRD-84363,Organic value-added matrices,Sprzęt laboratoryjny,szt,3350.27,4028.02,23,7505476948572,Fundacja Margol-Gerlach s.c.,aktywny,2022-11-04
1006,PRD-16715,Total stable time-frame,Materiały zużywalne,szt,2412.91,3213.04,23,37242430121,Spółdzielnia Wojtalewicz,aktywny,2021-01-24
1007,PRD-26134,Digitized multi-tasking Local Area Network,Sprzęt laboratoryjny,szt,1758.56,2042.63,23,4609822008250,Grupa Serzysko S.A.,aktywny,2023-11-21
1008,PRD-51017,Distributed 24hour middleware,Szkło laboratoryjne,pcs,2464.52,2840.8,23,7848025796015,Fundacja Zubowicz S.A.,aktywny,2022-09-07
1009,PRD-66036,Future-proofed leadingedge artificial intelligence,Materiały zużywalne,szt,1725.56,2080.46,23,2478306091476,Świadek S.A.,aktywny,2024-02-03
1010,PRD-46693,Synchronized national emulation,Materiały zużywalne,szt,2773.47,4152.26,23,8404318858426,Merchel-Bajko Sp.k.,aktywny,2021-11-15
1011,PRD-86501,Monitored web-enabled system engine,Materiały zużywalne,szt,1475.8,2384.32,23,2915522055027,Fundacja Pelka,nieaktywny,2024-11-01
1012,PRD-24128,Mandatory interactive conglomeration,Szkło laboratoryjne,szt,2806.46,4609.13,23,5218638275410,Cierpka-Banachowicz i syn s.c.,nieaktywny,2021-01-28
1013,PRD-30401,Organized modular project,Sprzęt laboratoryjny,szt,519.27,548.28,23,2822093991453,Wołczyk Sp. z o.o. Sp.k.,aktywny,2024-11-22
1014,PRD-13551,Managed didactic Graphical User Interface,Szkło laboratoryjne,szt,21.25,24.63,23,3700069685785,Stowarzyszenie Buchholz-Stempin Sp.j.,aktywny,2023-06-16
1015,PRD-42133,Extended analyzing capacity,Szkło laboratoryjne,szt,28.04,45.81,23,8661864773685,Spółdzielnia Skubała Sp.k.,nieaktywny,2025-05-14
1016,PRD-75489,Synchronized clear-thinking concept,Podłoża mikrobiologiczne,szt,2062.81,2888.92,23,13372880221,Stowarzyszenie Wolańczyk-Antoszczyk Sp.j.,aktywny,2022-05-10
1017,PRD-76353,Ameliorated fault-tolerant strategy,Szkło laboratoryjne,szt,1859.11,2616.65,23,4562360209643,Małysiak-Kik Sp. z o.o.,aktywny,2020-11-18
1018,PRD-73639,Virtual upward-trending collaboration,Sprzęt laboratoryjny,szt,1430.91,2544.49,23,2020183220138,Stowarzyszenie Rogal,aktywny,2026-06-15
1019,PRD-34891,Implemented incremental model,Odczynniki,szt,3904.52,4530.9,23,9098436746455,FPUH Garbacik-Gierat Sp.k.,aktywny,2022-06-18
1020,PRD-92693,Face-to-face optimal utilization,Podłoża mikrobiologiczne,szt,1181.95,1684.27,23,7367146047801,Fundacja Januszewicz Sp. z o.o.,aktywny,2024-12-31
1021,PRD-76454,Implemented bi-directional benchmark,Podłoża mikrobiologiczne,szt,558.74,588.01,23,8100388917726,Fundacja Jachna s.c.,aktywny,2022-07-05
1022,PRD-65524,Cloned high-level toolset,Szkło laboratoryjne,szt,2024.42,3112.81,23,1199231537925,Fundacja Czajor-Doroba i syn s.c.,aktywny,2025-01-12
1023,PRD-78626,Horizontal impactful project,,szt,3414.81,4876.86,23,9556260455901,Spółdzielnia Amanowicz Sp.j.,aktywny,2024-01-20
1024,PRD-32525,Mandatory homogeneous portal,Szkło laboratoryjne,szt,2909.01,3411.03,23,5684400504554,Szymocha Sp. z o.o. Sp.k.,aktywny,2026-03-16
1025,PRD-19840,Profound static firmware,Podłoża mikrobiologiczne,szt,3715.95,5078.65,23,3757945236022,Fundacja Hak S.A.,aktywny,2021-09-09
1026,PRD-69813,Expanded contextually-based structure,Szkło laboratoryjne,szt,2664.98,4016.75,23,1147930981996,Krzyżostaniak-Dorna Sp. z o.o.,aktywny,2021-01-08
1027,PRD-44655,Team-oriented cohesive forecast,Szkło laboratoryjne,szt,2232.65,3233.72,23,1076127782259,PPUH Skierka-Rząd s.c.,aktywny,2024-06-08
1028,PRD-79560,Persistent system-worthy intranet,Aparatura,szt,3540.7,4404.13,23,5780064524106,Pesta Sp.k.,aktywny,2026-07-19
1029,PRD-50000,Optimized cohesive encoding,Szkło laboratoryjne,szt,990.5,1229.44,23,84665882687,Stowarzyszenie Szmelter-Sypuła i syn s.c.,nieaktywny,2022-01-28
1030,PRD-38383,Reverse-engineered systematic focus group,Odczynniki,szt,1550.62,1840.74,23,8426125381428,Niećko-Parda Sp. z o.o.,aktywny,2025-03-18
1031,PRD-93881,Pre-emptive incremental algorithm,Szkło laboratoryjne,szt,1194.09,1540.53,23,6341581040338,PPUH Wężyk-Trzepizur Sp. z o.o.,aktywny,2020-10-30
1032,PRD-11129,Configurable clear-thinking structure,Podłoża mikrobiologiczne,szt,2127.16,3389.84,23%,8830634398963,Koss i syn s.c.,aktywny,2024-04-22
1033,PRD-50000,Fully-configurable object-oriented migration,Odczynniki,szt,2825.62,4749.06,23,8357823249930,Doktor Sp. z o.o.,aktywny,2026-06-16
1034,PRD-20524,Front-line uniform middleware,Materiały zużywalne,szt,2112.37,2254.62,23,9561244352762,Grupa Maślach i syn s.c.,aktywny,2021-08-30
1035,PRD-36251,Multi-tiered client-server moratorium,Podłoża mikrobiologiczne,szt,943.56,1510.17,23,5991086260763,Powązka-Goliszek Sp.j.,aktywny,2021-11-24
1036,PRD-60816,Reactive regional application,Sprzęt laboratoryjny,szt,3363.72,5218.78,23,9453655711538,PPUH Berek,aktywny,2023-08-25
1037,PRD-35741,Compatible 5thgeneration moratorium,Odczynniki,szt,3862.08,4785.21,23,3798362821625,Strzępek Sp. z o.o. Sp.k.,aktywny,2020-12-29
1038,PRD-72599,Extended demand-driven knowledgebase,Aparatura,szt,1410.67,2395.34,23,3372688971379,Gabinety Putek,aktywny,2024-01-09
1039,PRD-67741,Exclusive fresh-thinking initiative,Szkło laboratoryjne,szt,3300.53,5746.85,23%,8056268327337,Grupa Babiuch Sp.k.,aktywny,2020-09-16
1040,PRD-68854,Streamlined local matrix,Materiały zużywalne,szt,3057.07,3971.26,23,3441200119215,Gumuła-Łabaj Sp.j.,aktywny,2026-01-02
1041,PRD-66024,Compatible foreground implementation,Materiały zużywalne,szt,2046.44,2634.71,23 %,13344969217,PPUH Janc,aktywny,2024-05-30
1042,PRD-44480,Switchable regional hub,Materiały zużywalne,szt,2657.63,3389.87,23,8071328262552,FPUH Buczma Sp.k.,aktywny,2022-07-24
1043,PRD-70715,Implemented heuristic methodology,Sprzęt laboratoryjny,szt,2292.35,2501.24,23,8390430184889,PPUH Misiarz,aktywny,2023-08-08
1044,PRD-22962,Seamless non-volatile hub,Materiały zużywalne,szt,179.47,278.12,23,2830771833198,Grupa Jeżyk,aktywny,2022-05-24
1045,PRD-40590,Mandatory fresh-thinking projection,Szkło laboratoryjne,szt,1755.98,3060.88,23,7865611467766,Puc-Gill Sp.j.,aktywny,2024-07-28
1046,PRD-95089,Devolved non-volatile strategy,Szkło laboratoryjne,szt,2589.36,3209.93,23,8411995318203,Ryfa Sp. z o.o.,aktywny,2025-03-07
1047,PRD-50000,Innovative multimedia hierarchy,Sprzęt laboratoryjny,szt,3574.29,6388.03,23 %,8062474150871,Grupa Ubysz,aktywny,2023-07-28
1048,PRD-50914,Face-to-face regional hardware,Sprzęt laboratoryjny,szt,2567.49,2795.62,23,2395546781541,Tuzimek-Szmelter S.A.,aktywny,2022-05-13
1049,PRD-92168,User-centric stable hierarchy,Materiały zużywalne,szt,1644.62,2320.2,23,1551468598329,Krzeszowiec-Hamera Sp.j.,aktywny,2021-06-04
1050,PRD-47403,Synchronized zero-defect moderator,Aparatura,szt,598.84,820.99,23,90326112011,Spółdzielnia Borkowicz-Banek Sp. z o.o.,aktywny,2020-12-18
1051,PRD-10832,Object-based solution-oriented functionalities,Odczynniki,szt,2268.43,3840.13,23,2870876122479,Czerniakiewicz Sp. z o.o.,aktywny,2024-07-18
1052,PRD-52346,Seamless responsive strategy,Materiały zużywalne,szt,3338.95,4990.59,23,5375370195530,Samol-Długajczyk i syn s.c.,aktywny,2021-08-20
1053,PRD-45227,Multi-layered mobile frame,Aparatura,szt,0,2735.78,23,3751746380327,Stowarzyszenie Szurek,aktywny,2020-08-09
1054,PRD-27109,Centralized demand-driven analyzer,Materiały zużywalne,szt.,3645.78,4688.81,23,9052603766557,Winnik-Kornak Sp.j.,aktywny,2022-10-09
1055,PRD-35990,Virtual regional firmware,Sprzęt laboratoryjny,szt,230.71,376.13,23,8241783042993,Spółdzielnia Siara s.c.,nieaktywny,2024-09-29
1056,PRD-84652,Upgradable zero-defect neural-net,,szt,3284.73,5668.57,23,2041303802040,Morka-Oszust S.A.,aktywny,2025-02-01
1057,PRD-25459,Upgradable high-level software,Aparatura,szt,3005.27,3303.67,23,4754201735728,Jarczak-Korniak Sp. z o.o.,aktywny,2023-05-24
1058,PRD-14394,Down-sized user-facing forecast,Odczynniki,szt,8.71,10.1,0.23,5743392572182,Grupa Drobisz,aktywny,2025-09-12
1059,PRD-43716,Total context-sensitive paradigm,Sprzęt laboratoryjny,szt,3975.82,6882.61,23,8282853516513,Tomzik-Walusiak S.A.,aktywny,2025-05-23
1060,PRD-17978,Implemented secondary utilization,Materiały zużywalne,szt,0,4680.78,23,4388613898447,Buszko Sp. z o.o. Sp.k.,aktywny,2026-01-21
1061,PRD-20707,Cross-group context-sensitive website,Aparatura,szt,2689.29,3354.99,23,3757432886602,Labocha s.c.,aktywny,2024-07-05
1062,PRD-82015,Automated high-level structure,Szkło laboratoryjne,szt,773.02,1297.8,23,9769125686117,Materek-Wajer s.c.,aktywny,2026-02-03
1063,PRD-34549,Intuitive optimal open system,Odczynniki,szt,3692.54,5438.5,23,3879015996795,Leoniak Sp. z o.o.,nieaktywny,2026-06-30
1064,PRD-50000,Horizontal mission-critical portal,Sprzęt laboratoryjny,szt,2952.33,4961.08,23%,2743165009827,Grupa Kopa,aktywny,2023-08-18
1065,PRD-96359,Streamlined disintermediate collaboration,Sprzęt laboratoryjny,szt,2915.49,3106.03,23,3357921075580,Stowarzyszenie Świadek,aktywny,2026-02-09
1066,PRD-94327,Advanced background neural-net,Materiały zużywalne,szt,1834.65,2310.63,23 %,5008180576295,Grupa Kilar-Brzykcy S.A.,aktywny,2022-03-10
1067,PRD-99011,Innovative user-facing superstructure,Aparatura,pcs,2374.61,3043.8,23,8539923751172,Michnik-Kara s.c.,nieaktywny,2026-02-25
1068,PRD-17050,Triple-buffered high-level leverage,Materiały zużywalne,szt,2774.45,4435.22,23%,9314618794183,Bazydło S.A.,nieaktywny,2022-01-04
1069,PRD-61556,Right-sized zero administration software,Podłoża mikrobiologiczne,sztuka,1051.0,1605.24,23,9459455014573,Fundacja Thomas-Balas Sp.j.,aktywny,2026-04-11
1070,PRD-23470,Optimized needs-based instruction set,,szt,848.3,1382.87,23,1179508534117,Mich Sp.j.,aktywny,2021-05-24
1071,PRD-67972,Front-line explicit capacity,Szkło laboratoryjne,szt,92.02,137.78,0.23,6129443257361,Wojtiuk Sp. z o.o.,nieaktywny,2026-04-03
1072,PRD-18654,Distributed 4thgeneration throughput,Aparatura,szt,664.35,981.54,23,5568282070054,Fogt-Palus Sp.k.,aktywny,2022-01-01
1073,PRD-76312,Triple-buffered demand-driven middleware,Materiały zużywalne,szt,2013.54,2754.03,23,1888091075991,Szyja Sp. z o.o.,nieaktywny,2022-07-30
1074,PRD-10231,Cross-group explicit parallelism,Materiały zużywalne,szt,1140.32,1703.76,23,74317630437,PPUH Loba,aktywny,2021-07-20
1075,PRD-79309,Diverse regional moderator,Podłoża mikrobiologiczne,szt,1449.83,2445.09,0.23,5021210557170,Grupa Romankiewicz-Roter Sp.k.,aktywny,2024-06-28
1076,PRD-25332,Progressive transitional architecture,Podłoża mikrobiologiczne,szt,3569.49,4685.7,23,4924614769328,Fundacja Nytko-Procek Sp. z o.o. Sp.k.,aktywny,2023-07-14
1077,PRD-71262,Multi-lateral cohesive core,Podłoża mikrobiologiczne,szt,1104.56,1753.53,23,1355503773668,Madajczyk s.c.,aktywny,2022-12-26
1078,PRD-87453,Customer-focused systematic orchestration,Materiały zużywalne,szt,289.11,462.67,23,5197439152121,Grupa Kręcichwost-Golda Sp. z o.o.,aktywny,2025-08-08
1079,PRD-45321,Synchronized didactic core,Materiały zużywalne,szt,-2161.81,3540.1,23,1363437458987,Fundacja Mordal,aktywny,2022-11-27
1080,PRD-26188,Upgradable tangible database,Sprzęt laboratoryjny,pcs,3987.28,6364.4,23 %,3875579591275,Basaj S.A.,aktywny,2021-09-08
1081,PRD-50444,Focused well-modulated Internet solution,Podłoża mikrobiologiczne,szt,3177.62,3771.41,23,2662805988733,Fundacja Serwa Sp. z o.o. Sp.k.,nieaktywny,2026-04-15
1082,PRD-74983,Universal tangible architecture,Szkło laboratoryjne,szt,319.52,396.85,23,9018581911806,Grupa Chmara i syn s.c.,aktywny,2021-03-18
1083,PRD-13294,Streamlined didactic solution,Szkło laboratoryjne,pcs,1482.84,1588.41,23,7769427429269,PPUH Baka-Pawela Sp. z o.o.,aktywny,2022-08-21
1084,PRD-43471,Profit-focused well-modulated matrices,Podłoża mikrobiologiczne,szt,1777.92,2105.91,23,4560476991998,Grupa Pabisiak,aktywny,2024-04-23
1085,PRD-75015,Assimilated bifurcated encoding,Szkło laboratoryjne,szt,1814.75,1910.0,23%,1925674011304,Kilar-Szuta Sp. z o.o.,aktywny,2026-01-24
1086,PRD-93989,Virtual dynamic flexibility,Sprzęt laboratoryjny,sztuka,165.17,237.03,23,9703745889380,PPUH Wojcik,aktywny,2022-05-21
1087,PRD-91306,Optional 4thgeneration methodology,Szkło laboratoryjne,szt,2802.97,4313.28,23,8647712034806,Feliksiak s.c.,aktywny,2022-09-30
1088,PRD-78049,Phased zero administration infrastructure,Materiały zużywalne,szt,1558.27,2577.62,23,5876342438505,Grupa Sibiga,aktywny,2023-01-28
1089,PRD-69293,Universal modular knowledgebase,Podłoża mikrobiologiczne,szt,3927.29,6817.23,23,8031572617715,Gabinety Konieczek,aktywny,2020-10-04
1090,PRD-56124,Distributed heuristic strategy,Odczynniki,szt,406.93,672.43,23,3917629942086,Spółdzielnia Pakos Sp. z o.o.,aktywny,2023-09-29
1091,PRD-74766,Multi-tiered web-enabled synergy,Odczynniki,szt,1788.1,2951.65,23,4393985725609,Pyć-Kandora Sp. z o.o.,nieaktywny,2021-05-08
1092,PRD-39847,Exclusive stable methodology,Odczynniki,szt,3904.19,5405.27,23,6796037336990,FPUH Fiedorczuk-Jamroży Sp.k.,aktywny,2021-04-09
1093,PRD-22421,Synchronized value-added throughput,Aparatura,szt,2466.96,3372.99,23,7345296463954,Piotrowiak i syn s.c.,aktywny,2022-02-26
1094,PRD-12673,Team-oriented web-enabled intranet,Odczynniki,szt,454.68,484.37,23,9771059933628,Mrózek i syn s.c.,aktywny,2024-01-04
1095,PRD-56763,Re-engineered reciprocal implementation,Szkło laboratoryjne,szt,2653.33,4320.51,23,9164208361447,Nieroda-Guściora Sp.j.,aktywny,2020-08-12
1096,PRD-52675,Persistent 3rdgeneration access,Sprzęt laboratoryjny,szt,1407.38,2149.6,23%,1939102528142,PPUH Bartela,aktywny,2025-04-15
1097,PRD-10366,Grass-roots impactful policy,Materiały zużywalne,szt,777.16,1173.94,23,4796323049741,Fundacja Migda s.c.,aktywny,2024-11-08
1098,PRD-82913,Fully-configurable transitional challenge,Aparatura,szt,3945.18,4758.46,23,3953578848286,Walkusz-Pawlaczek Sp.j.,aktywny,2026-02-21
1099,PRD-60436,Centralized 4thgeneration methodology,Sprzęt laboratoryjny,szt,1151.5,1936.72,23,7950025823718,Maras Sp.k.,nieaktywny,2025-11-22
1100,PRD-55601,Intuitive multi-state access,Sprzęt laboratoryjny,pcs,1272.45,1420.86,23,5577010641688,Ryznar Sp.j.,aktywny,2022-11-15
1101,PRD-96026,Cloned even-keeled projection,Odczynniki,szt,2158.54,2483.4,23,6718510467927,Stożek Sp.j.,aktywny,2022-09-20
1102,PRD-95328,Exclusive dynamic contingency,,szt,2932.95,3762.57,23,5709898535334,Zacharczuk-Ochnik i syn s.c.,aktywny,2021-11-06
1103,PRD-96476,Assimilated web-enabled initiative,Materiały zużywalne,szt,2376.89,3502.02,23,7763077338483,PPUH Cisoń,aktywny,2023-07-04
1104,PRD-10831,Pre-emptive explicit forecast,Szkło laboratoryjne,szt,2678.18,3922.59,23,8857613298723,FPUH Front-Skałka S.A.,nieaktywny,2021-05-23
1105,PRD-39952,Secured solution-oriented concept,Podłoża mikrobiologiczne,szt,3375.97,4685.34,23,8282701880331,Graboś-Grzenia s.c.,aktywny,2020-08-14
1106,PRD-98330,Upgradable 24hour orchestration,Odczynniki,szt,2589.99,2833.69,23,7146768451022,Spółdzielnia Garczarek s.c.,aktywny,2021-11-20
1107,PRD-21750,Inverse needs-based solution,Podłoża mikrobiologiczne,szt,3162.28,5544.34,23,8643028534736,Przystupa-Pyziak s.c.,aktywny,2020-10-08
1108,PRD-45899,Mandatory value-added focus group,Materiały zużywalne,szt,1910.06,2835.08,23,8285867781596,Stowarzyszenie Cąkała,aktywny,2021-06-04
1109,PRD-70177,Customizable didactic process improvement,Podłoża mikrobiologiczne,sztuka,2478.87,4101.33,23,1959207476367,Głowienka s.c.,aktywny,2023-03-10
1110,PRD-20639,Operative zero tolerance algorithm,Odczynniki,szt,1092.08,1147.89,23,4264120349062,Biegała-Szulczyk i syn s.c.,aktywny,2024-09-23
1111,PRD-49858,Down-sized zero-defect system engine,Aparatura,szt,1371.95,1830.0,23,8376048595111,Skotarek-Grzegorzak s.c.,aktywny,2024-12-26
1112,PRD-35241,Realigned demand-driven neural-net,Podłoża mikrobiologiczne,szt,1454.2,2026.41,23,9386537328157,Spółdzielnia Pioch s.c.,aktywny,2023-12-07
1113,PRD-10355,Sharable content-based circuit,Aparatura,kpl,338.94,370.8,23,6705948457694,Gryciuk-Zbroja Sp. z o.o.,aktywny,2022-04-06
1114,PRD-48923,Fundamental system-worthy encoding,Aparatura,szt,969.01,1057.08,23,3062382388704,Stowarzyszenie Świerkot Sp. z o.o. Sp.k.,aktywny,2025-12-31
1115,PRD-22802,Programmable fault-tolerant installation,Aparatura,szt,2547.69,4325.62,23,4875496802222,Gabinety Kapciak s.c.,aktywny,2025-09-30
1116,PRD-11663,Optional user-facing matrices,Materiały zużywalne,szt,882.81,1480.04,23,3900375686118,Grupa Gros,aktywny,2020-07-23
1117,PRD-19214,Focused mobile throughput,Podłoża mikrobiologiczne,szt,3804.0,6017.95,0.23,3621724749666,Włodarz Sp. z o.o.,aktywny,2021-04-04
1118,PRD-59523,Open-architected discrete benchmark,Odczynniki,szt,3738.54,6177.24,23 %,9422672104243,Stowarzyszenie Majerczyk S.A.,aktywny,2021-02-14
1119,PRD-89154,Re-engineered leadingedge matrices,Odczynniki,opak,1730.16,1974.66,23,8624512933095,Grupa Smutek Sp. z o.o. Sp.k.,aktywny,2025-09-17
1120,PRD-45283,Multi-channeled multimedia framework,Odczynniki,szt,0,348.94,23,59170114518,Przekop Sp. z o.o.,aktywny,2025-10-27
1121,PRD-36572,Customizable value-added time-frame,Odczynniki,szt,1775.05,2437.24,23 %,6016430551415,Stowarzyszenie Welenc,aktywny,2020-12-02
1122,PRD-98224,Configurable holistic intranet,,szt,2273.02,3446.91,23,9115553324594,Gronkiewicz-Rabiej Sp.k.,aktywny,2025-04-09
1123,PRD-29605,Integrated transitional data-warehouse,Szkło laboratoryjne,szt,3310.45,5618.65,23,4850486592925,Grupa Młyńczak Sp.j.,aktywny,2026-01-20
1124,PRD-71484,Public-key homogeneous capability,Aparatura,szt,2166.52,1513.78,23%,9944437578651,Siemek Sp.j.,nieaktywny,2022-04-11
1125,PRD-55641,Assimilated dedicated implementation,Szkło laboratoryjne,szt,1027.58,1246.04,23,63148181281,Strzyż s.c.,nieaktywny,2025-07-27
1126,PRD-34562,Robust composite initiative,Podłoża mikrobiologiczne,szt,3946.12,6868.01,23,1215754813575,Bruś Sp. z o.o. Sp.k.,aktywny,2020-12-16
1127,PRD-52526,Mandatory global strategy,Materiały zużywalne,szt,2281.67,3149.17,23,7244830866106,Fundacja Ciężka,aktywny,2022-09-27
1128,PRD-38322,Fundamental context-sensitive support,Aparatura,szt,3408.84,5629.35,23,2544718779791,PPUH Paw Sp.j.,aktywny,2024-03-25
1129,PRD-78404,Profit-focused web-enabled extranet,Odczynniki,szt,1530.52,2484.86,23,1310427451704,Wietecha-Terka Sp. z o.o.,aktywny,2026-07-22
1130,PRD-63177,Future-proofed 4thgeneration customer loyalty,Materiały zużywalne,szt,734.13,932.59,23,8903770513078,Gabinety Berendt,aktywny,2024-03-19
1131,PRD-93869,Future-proofed responsive software,Sprzęt laboratoryjny,szt,228.47,287.62,23,4812997316843,Stowarzyszenie Reszke,aktywny,2024-09-30
1132,PRD-50000,Re-contextualized heuristic service-desk,Aparatura,szt,3625.74,4917.36,23,3075425742771,Gabinety Saran Sp. z o.o.,aktywny,2021-04-05
1133,PRD-19772,Advanced discrete ability,Podłoża mikrobiologiczne,szt,1461.49,2096.5,23,7705480362857,Samol s.c.,aktywny,2020-10-26
1134,PRD-87875,Open-source secondary challenge,Odczynniki,szt.,110.2,190.32,23,8603397199041,Wąsek-Wykręt S.A.,aktywny,2023-09-18
1135,PRD-55497,Face-to-face multi-state implementation,Podłoża mikrobiologiczne,szt,2395.71,2623.27,23,6777009800073,Fundacja Łyjak-Jaje S.A.,aktywny,2023-01-21
1136,PRD-74816,Team-oriented bandwidth-monitored projection,Szkło laboratoryjne,szt.,2466.83,4269.69,23,8632846374355,FPUH Mądrzyk i syn s.c.,aktywny,2026-07-22
1137,PRD-75605,Expanded human-resource website,Aparatura,szt,2388.12,2545.33,23%,6421500722849,Spółdzielnia Szott-Zmuda Sp.k.,aktywny,2025-05-14
1138,PRD-60952,Centralized optimal Graphic Interface,Odczynniki,szt,3586.44,4913.35,23,58977805319,Grupa Dolega s.c.,aktywny,2022-04-07
1139,PRD-10256,Ergonomic empowering algorithm,,szt,0,4206.5,0.23,1882481732150,PPUH Leśko-Tomys Sp.k.,aktywny,2020-11-22
1140,PRD-55172,Multi-lateral 5thgeneration moratorium,Szkło laboratoryjne,szt,1372.43,1258.75,23,5926987097040,Osiadacz S.A.,nieaktywny,2020-09-08
1141,PRD-73507,Open-source system-worthy utilization,Podłoża mikrobiologiczne,szt,1023.51,1571.75,23,4107340817520,Gabinety Gasz,aktywny,2020-08-19
1142,PRD-20946,Versatile zero-defect adapter,Materiały zużywalne,szt,138.76,122.34,23,8279389087517,Latek-Rozumek s.c.,aktywny,2024-06-15
1143,PRD-33340,Self-enabling eco-centric open architecture,,szt,2359.97,3555.64,23,6457555928355,Spółdzielnia Misiurek,aktywny,2025-10-22
1144,PRD-23178,User-friendly methodical Local Area Network,Szkło laboratoryjne,szt,1680.28,2577.47,23%,4183480734260,Podkowa Sp.k.,nieaktywny,2021-05-27
1145,PRD-11313,Operative context-sensitive workforce,Sprzęt laboratoryjny,szt,2398.34,2586.43,23,8098764077678,PPUH Pabiś Sp.k.,aktywny,2023-07-02
1146,PRD-28995,Switchable object-oriented groupware,Aparatura,szt,3729.4,6251.58,23,9331204865125,Teterycz i syn s.c.,aktywny,2024-03-24
1147,PRD-31682,Enterprise-wide radical help-desk,,szt,2311.13,3900.61,23,4030125859104,Stowarzyszenie Niebudek,aktywny,2024-08-07
1148,PRD-46471,User-friendly human-resource interface,Materiały zużywalne,szt,2966.87,3702.47,23,2607098746523,Stowarzyszenie Raszkiewicz-Nazimek i syn s.c.,aktywny,2020-08-09
1149,PRD-54416,Configurable user-facing system engine,Aparatura,szt,473.17,608.03,23 %,7523907661925,Gabinety Juraszczyk Sp.k.,aktywny,2021-09-16
1150,PRD-57513,Multi-channeled intermediate capacity,Materiały zużywalne,szt,846.83,1235.74,23,3762730920538,Stowarzyszenie Matynia s.c.,nieaktywny,2022-11-08
1151,PRD-38273,Adaptive 24/7 budgetary management,Szkło laboratoryjne,szt,1884.86,1998.79,23,5262733444336,FPUH Golonko Sp.k.,aktywny,2024-02-22
1152,PRD-29615,Cloned secondary knowledge user,Podłoża mikrobiologiczne,sztuka,3589.43,5965.12,23,3586516773090,Pielech-Kohut Sp.j.,aktywny,2023-05-17
1153,PRD-36806,Reduced stable toolset,Szkło laboratoryjne,szt.,2796.18,3137.32,23,9490042948756,FPUH Karpiak,aktywny,2025-05-29
1154,PRD-82313,Intuitive optimal contingency,Odczynniki,szt,1306.95,1800.82,23,4472441680877,Rudzik-Maziarczyk Sp. z o.o.,aktywny,2024-10-01
1155,PRD-43951,Open-source transitional data-warehouse,Podłoża mikrobiologiczne,szt,80.93,110.49,23,1779636215089,Spółdzielnia Wizner-Budkiewicz Sp.j.,nieaktywny,2023-12-23
1156,PRD-48352,Grass-roots upward-trending migration,Odczynniki,opak,3128.79,3685.77,23%,4291572924006,Fundacja Czenczek-Łodyga Sp.k.,aktywny,2024-06-14
1157,PRD-85568,Synergized 6thgeneration application,Sprzęt laboratoryjny,opak,2088.66,3365.61,23,8948907090337,Barczuk Sp. z o.o.,aktywny,2025-05-10
1158,PRD-93859,Persistent next generation benchmark,Materiały zużywalne,szt,3507.21,4096.14,23,9915789181271,Olszyna-Lisoń s.c.,nieaktywny,2022-12-31
1159,PRD-58128,Horizontal scalable projection,Materiały zużywalne,pcs,1525.21,2200.39,23,3338775014776,Fundacja Polasik,aktywny,2022-01-30
1160,PRD-97083,Compatible user-facing support,Odczynniki,szt,1675.17,2708.41,23,8193949789539,Drop-Demiańczuk Sp. z o.o. Sp.k.,nieaktywny,2024-09-28
1161,PRD-58508,Vision-oriented non-volatile framework,Sprzęt laboratoryjny,szt,3397.51,3729.23,23,3387358062336,Stowarzyszenie Kasperczak-Matyjasek i syn s.c.,aktywny,2025-08-06
1162,PRD-38184,Horizontal context-sensitive product,Materiały zużywalne,szt,2990.32,5356.12,23,2678331388860,Madzia-Dzienisz Sp. z o.o. Sp.k.,aktywny,2023-10-05
1163,PRD-54232,Vision-oriented coherent toolset,Aparatura,szt,3749.16,5184.61,23 %,9961641763927,Spółdzielnia Fita-Matus Sp.j.,aktywny,2025-04-14
1164,PRD-40981,Down-sized systematic monitoring,Aparatura,szt,850.12,1203.49,23,1139468494362,FPUH Koterba i syn s.c.,aktywny,2024-04-16
1165,PRD-86457,Open-architected stable matrix,Szkło laboratoryjne,szt,996.45,1184.02,23,7865985154681,PPUH Uryga-Ekert S.A.,aktywny,2024-04-05
1166,PRD-35592,Business-focused client-driven instruction set,Podłoża mikrobiologiczne,szt,1814.34,1667.74,23,7845145644718,Fundacja Gul,aktywny,2023-10-16
1167,PRD-52951,Sharable logistical structure,Aparatura,szt,1332.04,1557.02,23,3693670482557,Grupa Towarek Sp. z o.o.,aktywny,2022-11-11
1168,PRD-43605,Mandatory multi-state open architecture,Podłoża mikrobiologiczne,szt,3140.78,5115.41,23,3314912540655,Garczyk-Sarosiek Sp.k.,aktywny,2024-11-22
1169,PRD-68663,Cloned multi-tasking Local Area Network,Odczynniki,szt,492.49,708.38,23,1779004341008,Rajch s.c.,nieaktywny,2025-05-29
1170,PRD-36531,Right-sized even-keeled archive,Szkło laboratoryjne,szt,2283.35,3763.15,23,5628251710056,Cyroń Sp.k.,aktywny,2020-12-21
1171,PRD-79373,Re-engineered bottom-line budgetary management,Sprzęt laboratoryjny,szt,3804.91,5872.95,23,2241850664478,Grupa Karpiel Sp. z o.o. Sp.k.,aktywny,2026-05-07
1172,PRD-50124,Open-architected eco-centric extranet,Podłoża mikrobiologiczne,szt,3999.72,5332.76,23,9526306975586,FPUH Gramza Sp. z o.o.,aktywny,2026-02-11
1173,PRD-17501,Customer-focused optimal middleware,Sprzęt laboratoryjny,szt,3181.0,3592.49,23,7335130306347,Nieroda-Makulec s.c.,aktywny,2024-04-17
1174,PRD-64416,Persevering high-level website,Sprzęt laboratoryjny,szt,2607.11,4009.43,23,7745595192565,Spółdzielnia Domińczak,aktywny,2021-05-19
1175,PRD-81711,Visionary exuding matrix,Szkło laboratoryjne,sztuka,564.98,728.44,23,7751413631038,Domińczak-Drewnik i syn s.c.,aktywny,2026-06-13
1176,PRD-10475,Synchronized multi-state moratorium,Aparatura,szt,279.02,478.04,23,5965409381235,FPUH Kurach,aktywny,2022-07-07
1177,PRD-62462,Front-line modular success,Odczynniki,szt,3656.78,4400.03,23,8284149418792,Stowarzyszenie Stożek Sp.k.,aktywny,2026-04-02
1178,PRD-96814,Upgradable modular knowledgebase,Szkło laboratoryjne,szt,2602.36,4648.26,23,5592549276687,Parzyszek Sp.j.,aktywny,2023-08-11
1179,PRD-27607,Realigned next generation capability,Odczynniki,szt,841.63,1409.3,23,4491122991206,Ignatiuk-Brózda S.A.,aktywny,2026-02-06
1180,PRD-37841,Managed bandwidth-monitored complexity,Szkło laboratoryjne,kpl,3974.35,6717.68,23,2279654333613,Myrcik Sp.k.,aktywny,2021-05-29
1181,PRD-49902,Upgradable zero administration open architecture,Sprzęt laboratoryjny,szt,2737.38,3909.6,23,1821372512699,Cieniuch S.A.,aktywny,2025-10-25
1182,PRD-59256,Versatile composite initiative,Szkło laboratoryjne,szt,2282.13,3231.86,23,4106384153292,PPUH Maruszczyk Sp. z o.o.,aktywny,2021-12-02
1183,PRD-50000,Seamless incremental secured line,Szkło laboratoryjne,szt,2226.78,3942.68,23,5911177094865,Fundacja Rode Sp. z o.o.,aktywny,2021-08-01
1184,PRD-39936,Digitized needs-based Internet solution,Odczynniki,szt,2855.04,4480.64,23,3805142108292,FPUH Dudzicz,nieaktywny,2024-07-23
1185,PRD-60809,Expanded neutral data-warehouse,,szt,2478.37,3421.57,23,2005955229152,FPUH Zegar-Klupś Sp. z o.o.,aktywny,2022-12-10
1186,PRD-79183,Open-source fault-tolerant initiative,Odczynniki,szt,432.02,477.0,23,1299579104762,Spółdzielnia Siekierka-Szymków Sp.k.,aktywny,2023-04-20
1187,PRD-51250,Adaptive 24/7 core,Szkło laboratoryjne,szt,3475.31,4936.5,23,3936949789475,Grupa Paczos i syn s.c.,aktywny,2023-01-04
1188,PRD-59945,User-friendly optimizing adapter,Materiały zużywalne,szt,102.1,127.25,0.23,3944000484747,Grupa Teter S.A.,aktywny,2021-07-24
1189,PRD-11269,Pre-emptive multi-state time-frame,,opak,2215.17,3266.98,23,4961437850281,Amanowicz Sp.k.,aktywny,2021-01-13
1190,PRD-19102,Profound web-enabled superstructure,Aparatura,szt,79.32,136.76,0.23,4181878897402,FPUH Mysior i syn s.c.,aktywny,2021-04-12
1191,PRD-32268,Optional web-enabled workforce,Sprzęt laboratoryjny,szt,905.88,1540.52,23,1316334403604,Spółdzielnia Bik-Rychert Sp.j.,aktywny,2025-08-04
1192,PRD-84145,Versatile tertiary alliance,Podłoża mikrobiologiczne,szt.,3820.18,4517.25,23,6482941309089,PPUH Nowotnik-Rogula s.c.,aktywny,2023-09-01
1193,PRD-40961,Future-proofed radical collaboration,,szt,1555.73,1037.9,23,9712192658924,Fundacja Piechna Sp. z o.o. Sp.k.,aktywny,2026-01-23
1194,PRD-47006,Quality-focused leadingedge installation,Materiały zużywalne,szt,631.09,962.14,23,8632187811506,Wnuczek-Dąbrówka Sp. z o.o. Sp.k.,aktywny,2022-11-08
1195,PRD-55984,Centralized methodical website,Sprzęt laboratoryjny,szt,2761.13,4736.9,23,7374619706331,FPUH Żmija,aktywny,2025-01-25
1196,PRD-52658,Future-proofed global infrastructure,Odczynniki,szt,2842.48,3882.57,23,6493416361609,Fundacja Marcińczyk,aktywny,2023-08-11
1197,PRD-42014,Optimized methodical infrastructure,Odczynniki,szt,1514.57,1726.06,23,2766682941636,FPUH Mazik,aktywny,2021-12-19
1198,PRD-36609,Cross-group zero administration policy,Odczynniki,szt,122.13,164.49,23,6158899236145,Spółdzielnia Szmaj-Cebo Sp.j.,nieaktywny,2025-11-30
1199,PRD-36415,Reverse-engineered encompassing methodology,Materiały zużywalne,pcs,1241.05,1896.69,23,8381675572192,PPUH Knieć Sp. z o.o.,aktywny,2023-03-28
1200,PRD-60317,Balanced content-based function,Sprzęt laboratoryjny,szt,949.82,1032.85,23,7369233281535,Gabinety Syroka,aktywny,2022-10-22
