umowa_id,numer_umowy,kontrahent_id,data_podpisania,data_rozpoczecia,data_zakonczenia,wartosc,waluta,status,opiekun
1,UM/2022/00001,1643,2022-07-25,2022-08-06,2024-10-05,391039.28,PLN,w przygotowaniu,Stanisław Lisik
2,UM/2024/00002,1023,2024-04-10,2024-04-11,2025-04-04,191413.43,PLN,aktywna,Kajetan Malon
3,UM/2023/00003,1830,2023-11-12,2023-11-28,2026-02-08,487627.99,PLN,zakończona,Adam Betlej
4,UM/2025/00004,1517,2025-06-18,2025-06-21,2026-02-16,482491.85,PLN,aktywna,Tobiasz Szywała
5,UM/2023/00005,968,2023-02-14,2023-02-26,2023-12-15,243355.26,PLN,zakończona,Mieszko Nazar
6,UM/2023/00006,1480,2023-08-21,2023-09-08,2026-08-29,328557.46,PLN,w przygotowaniu,pani Adrianna Frankowicz
7,UM/2022/00007,544,2022-09-01,2022-09-09,2023-08-28,435267.98,PLN,zakończona,Filip Zbylut
8,UM/2024/00008,1917,2024-03-28,2024-03-30,2025-09-17,295087.31,pln,zakończona,Maciej Pela
9,UM/2023/00009,1850,2023-04-08,2023-04-26,2025-05-27,490921.01,PLN,aktywna,Olaf Grzenia
10,UM/2021/00010,1253,2021-09-12,2021-09-22,2021-03-20,132722.08,PLN,aktywna,Kornelia Syldatk
11,UM/2022/00011,1138,2022-06-13,2022-06-22,2025-09-26,102485.45,PLN,w przygotowaniu,pani Bianka Dukat
12,UM/2024/00012,1545,2024-06-21,2024-07-09,2025-07-17,223989.06,PLN,w przygotowaniu,Roksana Fierek
13,UM/2023/00013,965,2023-02-02,2023-02-14,2024-01-17,194054.05,PLN,zakończona,pan Stanisław Szymanik
14,UM/2023/00001,1747,2025-10-23,2025-11-08,2029-02-28,302563.17,PLN,w przygotowaniu,pani Apolonia Trojanowicz
15,UM/2023/00015,34,2023-09-15,2023-10-01,2027-05-16,383239.07,PLN,w przygotowaniu,Stanisław Prasek
16,UM/2023/00016,323,2023-11-29,2023-12-08,2025-06-25,61978.77,PLN,w przygotowaniu,pani Marika Kuziora
17,UM/2022/00017,157,2022-11-06,2022-11-25,2024-12-16,143365.84,PLN,aktywna,Nikodem Kiryluk
18,UM/2025/00018,1193,2025-05-21,2025-05-29,2027-03-26,233765.93,PLN,aktywna,Anastazja Sapeta
19,UM/2024/00019,1855,2024-02-12,2024-02-16,2024-09-02,181788.27,PLN,zakończona,Przemysław Ryczko
20,UM/2023/00020,1968,2023-06-09,2023-06-26,2024-07-28,206570.43,PLN,aktywna,Krystian Chlebda
21,UM/2024/00021,1035,2024-11-22,2024-12-06,2027-01-19,413780.11,PLN,aktywna,pani Kornelia Nijak
22,UM/2024/00022,1136,2024-08-20,2024-08-21,2027-07-20,228730.58,PLN,aktywna,Roksana Grabias
23,UM/2026/00023,1007,2026-05-25,2026-06-13,2030-02-18,62829.37,PLN,zakończona,Sonia Maziarczyk
24,UM/2023/00024,980,2023-08-29,2023-09-12,2023-12-25,273523.01,PLN,w przygotowaniu,Daniel Stróż
25,UM/2026/00025,936,2026-06-23,2026-07-03,2026-12-03,207538.65,PLN,w przygotowaniu,Paweł Myszak
26,UM/2024/00026,77,2024-12-04,2024-12-21,2025-11-11,326434.92,PLN,zakończona,Olaf Leżoń
27,UM/2024/00027,1968,2024-07-08,2024-07-22,2027-07-30,1211.8,PLN,w przygotowaniu,pan Jakub Kutek
28,UM/2024/00028,121,2024-03-07,2024-03-10,2026-06-11,96503.37,PLN,w przygotowaniu,Julian Rompa
29,UM/2025/00029,883,2025-04-10,2025-04-29,2029-01-26,314333.5,PLN,zakończona,Iwo Rosłoń
30,UM/2023/00030,1959,2023-09-28,2023-10-07,2026-07-18,386825.63,PLN,zakończona,Gabriel Katana
31,UM/2026/00031,377,2026-01-31,2026-02-15,2027-09-29,389075.69,PLN ,aktywna,pan Łukasz Kliber
32,UM/2023/00001,743,2024-06-06,2024-06-19,2026-12-21,203786.57,PLN,zakończona,Jerzy Bartoszczyk
33,UM/2025/00033,1685,2025-09-02,2025-09-04,2028-11-17,202473.41,PLN,aktywna,Marcel Rorat
34,UM/2026/00034,1607,2026-01-01,2026-01-07,2027-07-14,395769.12,PLN,aktywna,Ewelina Makles
35,UM/2022/00035,811,2022-11-26,2022-11-30,2023-03-21,372367.07,PLN,zakończona,pani Krystyna Petryk
36,UM/2022/00036,2113,2022-04-01,2022-04-14,2024-03-24,152276.34,PLN,w przygotowaniu,Hubert Pasierbek
37,UM/2022/00037,1625,2022-12-11,2022-12-22,2025-06-23,404771.02,PLN,zakończona,pan Łukasz Cholewka
38,UM/2024/00038,1854,2024-09-26,2024-09-26,2027-09-17,389088.31,PLN,aktywna,Monika Wołk
39,UM/2023/00039,1102,2023-10-01,2023-10-08,2023-07-05,408745.77,PLN,w przygotowaniu,pani Apolonia Sąsiadek
40,UM/2025/00040,1177,2025-03-11,2025-03-14,2027-05-02,66846.06,PLN,w przygotowaniu,Rozalia Szybiak
41,UM/2024/00041,698,2024-02-29,2024-03-01,2026-07-17,452622.1,PLN,w przygotowaniu,Gustaw Nyk
42,UM/2021/00042,724,2021-09-09,2021-09-25,2022-05-29,308255.72,PLN,zakończona,pani Roksana Rode
43,UM/2024/00043,38,2024-05-27,2024-05-27,2025-07-25,395138.42,PLN,w przygotowaniu,Patryk Zmuda
44,UM/2022/00044,1456,2022-06-14,2022-06-21,2022-10-27,429387.6,PLN,zakończona,pan Jerzy Schubert
45,UM/2021/00045,1454,2021-09-02,2021-09-14,2023-07-27,262793.59,PLN,w przygotowaniu,Justyna Bartoś
46,UM/2023/00046,162,2023-11-26,2023-11-27,2027-07-05,463766.06,PLN,w przygotowaniu,Kazimierz Wałęsa
47,UM/2022/00047,771,2022-07-02,2022-07-04,2023-12-23,393031.49,PLN,zakończona,Aniela Kaczka
48,UM/2022/00048,60,2022-04-13,2022-04-21,2024-03-26,446278.57,PLN,aktywna,Angelika Wośko
49,UM/2023/00049,1869,2023-04-15,2023-04-25,2027-02-18,257500.61,PLN,zakończona,pani Agnieszka Pitek
50,UM/2025/00050,2432,2025-06-02,2025-06-15,2026-07-07,259117.53,PLN,aktywna,Anna Maria Romankiewicz
51,UM/2025/00051,1968,2025-03-04,2025-03-18,2026-06-08,407272.06,PLN,w przygotowaniu,Anita Pytlarz
52,UM/2026/00052,809,2026-04-05,2026-04-12,2029-09-21,113873.89,PLN,zakończona,Agnieszka Szpyrka
53,UM/2024/00053,1273,2023-12-28,2024-01-01,2027-09-12,10941.7,PLN,w przygotowaniu,pan Natan Mzyk
54,UM/2023/00001,1313,2023-01-08,2023-01-22,2024-09-28,197475.37,PLN,zakończona,Mariusz Nowek
55,UM/2022/00055,2305,2021-12-23,2022-01-10,2024-08-05,420775.13,PLN,w przygotowaniu,Leon Klamka
56,UM/2025/00056,218,2025-11-05,2025-11-18,2028-03-02,141389.63,PLN,aktywna,pani Malwina Pajdak
57,UM/2022/00057,1258,2022-10-01,2022-10-03,,318521.48,PLN,zakończona,pani Melania Woszczak
58,UM/2026/00058,740,2026-06-25,2026-07-15,2028-02-28,204562.84,PLN,aktywna,Hubert Trzpil
59,UM/2022/00059,1754,2022-09-19,2022-09-30,2024-06-04,350868.93,PLN,zakończona,Ewa Dziarmaga
60,UM/2023/00060,261,2023-02-15,2023-02-19,2022-08-21,409285.26,PLN,aktywna,Anna Maria Postawa
61,UM/2022/00061,1149,2022-10-04,2022-10-17,,228025.64,PLN,aktywna,Olga Zięciak
62,UM/2024/00062,1240,2023-12-31,2024-01-01,2025-09-15,38986.93,PLN,w przygotowaniu,pan Krystian Rajda
63,UM/2026/00063,709,2026-02-14,2026-03-02,2029-04-15,449193.64,PLN,aktywna,Natasza Trzos
64,UM/2023/00064,1368,2023-03-23,2023-03-29,2024-08-30,170485.59,PLN,w przygotowaniu,Nicole Wiak
65,UM/2023/00065,1405,2022-12-21,2023-01-10,2024-04-12,357825.88,PLN,zakończona,Witold Garczarek
66,UM/2022/00066,1732,2022-03-16,2022-04-05,2025-06-29,2164.15,PLN,w przygotowaniu,pani Anita Borysewicz
67,UM/2024/00067,2293,2024-05-18,2024-06-03,2025-02-21,142579.01,PLN,w przygotowaniu,Liwia Herba
68,UM/2024/00068,299,2024-02-02,2024-02-09,2026-03-22,369747.14,PLN,zakończona,Fabian Pachla
69,UM/2025/00069,1898,2025-11-17,2025-11-25,2026-05-22,309600.42,PLN,w przygotowaniu,pan Karol Fijak
70,UM/2026/00070,2396,2026-05-27,2026-06-07,2028-06-15,349702.57,PLN,w przygotowaniu,Arkadiusz Nicewicz
71,UM/2026/00071,1067,2026-07-07,2026-07-08,2027-07-16,379347.88,PLN,w przygotowaniu,Tadeusz Przewłoka
72,UM/2023/00072,1711,2023-04-18,2023-04-29,2025-01-29,39961.85,PLN,aktywna,pan Paweł Burchard
73,UM/2023/00073,95,2023-10-03,2023-10-23,2027-07-07,322696.2,PLN,aktywna,Olaf Wittbrodt
74,UM/2022/00074,1429,2022-01-17,2022-02-04,2025-11-03,227712.28,PLN,w przygotowaniu,Natan Wittbrodt
75,UM/2024/00075,1345,2024-01-02,2024-01-09,2025-02-20,395546.14,PLN,aktywna,Jan Skoneczna
76,UM/2022/00076,1118,2022-03-11,2022-03-23,2024-03-28,155378.53,PLN,w przygotowaniu,pani Julianna Wawrzonek
77,UM/2025/00077,1112,2025-12-07,2025-12-11,,273977.88,PLN,w przygotowaniu,Urszula Kucab
78,UM/2023/00078,70,2023-05-09,2023-05-10,2025-01-09,292644.06,PLN,aktywna,Leonard Bicz
79,UM/2025/00079,441,2025-11-17,2025-12-05,2027-05-10,178105.41,PLN,aktywna,Natasza Łaciak
80,UM/2024/00080,2034,2024-03-09,2024-03-16,2027-08-05,8531.15,PLN,zakończona,pan Kacper Kiełbowicz
81,UM/2025/00081,111,2025-05-23,2025-05-24,2026-09-12,120707.26,PLN,zakończona,Tomasz Paśnik
82,UM/2025/00082,857,2025-02-05,2025-02-10,2028-11-26,373258.61,PLN,aktywna,Roksana Węgrzynowicz
83,UM/2026/00083,583,2026-06-29,2026-06-29,2028-11-30,446909.58,PLN,w przygotowaniu,Albert Wójcikiewicz
84,UM/2023/00084,1419,2023-07-27,2023-08-08,2025-11-28,409659.45,PLN,w przygotowaniu,Nataniel Miętka
85,UM/2023/00085,2040,2023-03-21,2023-04-01,2026-11-24,192896.24,PLN,zakończona,Marcelina Kierepka
86,UM/2025/00086,900,2025-08-25,2025-09-01,2028-05-24,297554.9,PLN,w przygotowaniu,Alan Lelonek
87,UM/2024/00087,851,2024-10-21,2024-10-23,2026-09-05,15712.69,PLN,w przygotowaniu,Ryszard Wiertel
88,UM/2023/00088,2067,2023-06-26,2023-07-12,2024-03-20,177391.41,PLN,zakończona,pan Ryszard Drobnik
89,UM/2024/00089,766,2024-07-31,2024-08-16,2027-05-03,470179.74,PLN,aktywna,Marianna Hawrylak
90,UM/2025/00090,1394,2025-04-28,2025-05-13,2028-10-12,90874.9,PLN,w przygotowaniu,Jan Solis
91,UM/2022/00091,1826,2022-11-15,2022-12-01,2026-07-19,100089.83,PLN,w przygotowaniu,Elżbieta Stanisławczyk
92,UM/2026/00092,1771,2026-04-25,2026-05-06,2026-12-27,315950.13,PLN,w przygotowaniu,Mateusz Miętus
93,UM/2026/00093,1198,2026-05-01,2026-05-13,2029-07-16,378180.23,pln,w przygotowaniu,Ewa Prasek
94,UM/2025/00094,1847,2025-05-30,2025-06-08,2025-10-12,171394.8,PLN,zakończona,Sara Czesak
95,UM/2022/00095,1309,2022-05-29,2022-06-10,,320524.77,PLN,aktywna,Klara Ostapczuk
96,UM/2022/00096,1833,2022-09-21,2022-09-24,2023-11-08,469707.58,PLN,w przygotowaniu,Adrianna Mszyca
97,UM/2024/00097,1461,2024-05-11,2024-05-27,2027-02-26,226547.39,PLN ,zakończona,Natasza Chylak
98,UM/2021/00098,131,2021-11-05,2021-11-09,2025-05-09,18243.61,PLN,zakończona,pani Krystyna Aleksander
99,UM/2026/00099,520,2026-07-10,2026-07-11,2030-06-27,126789.49,PLN,w przygotowaniu,Karina Hartman
100,UM/2021/00100,1178,2021-10-21,2021-10-27,2024-08-29,290925.96,PLN,w przygotowaniu,Michał Pierzak
101,UM/2023/00101,1030,2023-10-02,2023-10-17,2025-06-29,497810.01,PLN,aktywna,Anastazja Rzucidło
102,UM/2024/00102,170,2024-12-27,2024-12-31,2026-03-09,149638.2,PLN,zakończona,Aleks Młyńczyk
103,UM/2026/00103,54,2026-02-20,2026-03-07,2027-12-07,118527.99,PLN,aktywna,pani Kamila Sobel
104,UM/2024/00104,331,2024-09-23,2024-10-10,2027-09-25,326708.24,PLN,w przygotowaniu,pani Gaja Kościelak
105,UM/2025/00105,495,2025-04-28,2025-04-30,2025-07-29,91256.29,PLN,aktywna,Sandra Mrotek
106,UM/2025/00106,2001,2025-10-15,2025-10-20,2028-04-11,305601.58,PLN,w przygotowaniu,Juliusz Galek
107,UM/2021/00107,1035,2021-12-13,2021-12-17,2024-06-02,446710.26,PLN,aktywna,Jerzy Tusk
108,UM/2025/00108,1701,2025-02-06,2025-02-19,2027-08-01,138018.79,PLN,aktywna,pan Mariusz Stypka
109,UM/2021/00109,901,2021-09-09,2021-09-20,,92292.36,PLN,zakończona,pani Eliza Dorobek
110,UM/2023/00110,554,2023-11-30,2023-11-30,2026-03-19,272310.31,PLN,aktywna,Kornel Kiwior
111,UM/2025/00111,47,2025-05-05,2025-05-25,2026-09-21,3577.68,PLN,w przygotowaniu,Mieszko Malcher
112,UM/2023/00112,907,2023-09-17,2023-09-22,2024-06-01,46198.99,PLN,aktywna,Sara Sydor
113,UM/2024/00113,244,2024-09-14,2024-09-29,2025-04-02,148307.87,PLN,w przygotowaniu,Aniela Bartuś
114,UM/2023/00114,1097,2023-09-09,2023-09-15,2026-01-25,474751.09,PLN,w przygotowaniu,Tola Hadała
115,UM/2023/00115,1216,2023-08-31,2023-09-04,2024-01-21,278553.49,PLN,w przygotowaniu,Sara Kapciak
116,UM/2022/00116,1630,2022-11-01,2022-11-16,2023-08-30,71007.21,PLN,aktywna,Błażej Litwa
117,UM/2026/00117,1565,2026-04-23,2026-05-01,2028-04-05,492760.57,PLN,zakończona,Olga Dymarczyk
118,UM/2022/00118,1560,2022-03-15,2022-03-16,2022-08-31,395573.17,PLN,aktywna,pani Eliza Masny
119,UM/2023/00119,971,2023-12-05,2023-12-20,2026-10-05,454035.71,PLN,w przygotowaniu,Damian Prażuch
120,UM/2024/00120,674,2024-07-13,2024-07-15,2028-04-01,128562.72,pln,w przygotowaniu,pani Marianna Dudała
121,UM/2022/00121,246,2022-03-07,2022-03-21,2022-09-07,81309.6,PLN,w przygotowaniu,Apolonia Stoltman
122,UM/2021/00122,1054,2021-08-29,2021-09-13,2024-10-08,310705.95,PLN,w przygotowaniu,Konstanty Gendek
123,UM/2025/00123,429,2025-07-16,2025-08-05,2026-02-06,48420.38,PLN,aktywna,Błażej Olko
124,UM/2025/00124,1601,2025-08-27,2025-09-04,2027-11-09,233010.36,PLN,w przygotowaniu,Jerzy Budzyń
125,UM/2023/00125,1518,2023-12-03,2023-12-17,2026-01-22,378416.52,PLN,zakończona,Liwia Lejk
126,UM/2024/00126,923,2024-11-10,2024-11-17,2025-03-30,199834.11,PLN,zakończona,pani Sandra Matela
127,UM/2026/00127,1145,2026-05-26,2026-06-10,2028-06-24,465901.36,PLN,aktywna,Maurycy Prażmo
128,UM/2026/00128,891,2026-03-10,2026-03-25,2026-08-04,265097.59,PLN,w przygotowaniu,Marek Jonik
129,UM/2025/00129,1289,2025-07-23,2025-07-28,2028-01-27,109388.94,zł,aktywna,pan Jakub Zastawny
130,UM/2023/00001,1184,2024-07-18,2024-07-28,2024-11-04,419865.1,PLN,aktywna,Nikodem Skierka
131,UM/2023/00131,102,2023-01-07,2023-01-15,2024-06-22,306322.93,PLN,w przygotowaniu,Sandra Dankiewicz
132,UM/2022/00132,1897,2022-07-13,2022-07-14,2022-12-04,2070.22,PLN,aktywna,Fryderyk Klekot
133,UM/2023/00133,1432,2023-09-25,2023-10-05,2026-08-19,131683.74,PLN,zakończona,Radosław Kulon
134,UM/2022/00134,1779,2022-09-01,2022-09-10,2026-05-23,395161.18,PLN,aktywna,Bruno Kapuścik
135,UM/2023/00135,572,2023-11-29,2023-12-09,2025-05-13,41253.53,PLN,zakończona,Robert Krzyszczak
136,UM/2026/00136,2401,2026-05-05,2026-05-06,2027-05-19,97037.08,PLN,zakończona,Róża Jarkiewicz
137,UM/2024/00137,368,2024-05-11,2024-05-26,2025-07-25,400952.29,PLN ,aktywna,Maksymilian Sereda
138,UM/2023/00138,1017,2023-09-26,2023-09-26,2025-03-30,272497.29,PLN,aktywna,Daniel Rok
139,UM/2025/00139,54,2025-11-25,2025-12-12,2027-08-22,444624.36,PLN,w przygotowaniu,Natan Strojna
140,UM/2025/00140,324,2025-07-20,2025-07-23,2028-03-18,83966.81,PLN,zakończona,Aurelia Stoltmann
141,UM/2024/00141,1240,2024-05-07,2024-05-16,2024-09-25,351341.75,PLN,aktywna,Jędrzej Zmarzły
142,UM/2021/00142,1305,2021-11-09,2021-11-23,2024-05-15,461373.58,PLN,aktywna,Nela Niedbał
143,UM/2022/00143,547,2022-01-14,2022-01-28,2022-11-18,54401.79,PLN,zakończona,Sylwia Naumiuk
144,UM/2024/00144,4,2024-05-27,2024-06-14,2025-04-16,265869.92,PLN,aktywna,Maciej Szlachcic
145,UM/2026/00145,1860,2026-04-17,2026-04-30,2030-04-09,450250.15,PLN,aktywna,Marcel Górkiewicz
146,UM/2023/00146,350,2023-08-04,2023-08-14,2024-08-01,76968.33,PLN,zakończona,Przemysław Betlej
147,UM/2024/00147,1850,2024-04-06,2024-04-09,2025-08-25,37273.07,PLN,zakończona,pani Anna Maria Bieszke
148,UM/2025/00148,1618,2025-10-19,2025-11-05,2026-02-16,205789.8,PLN,w przygotowaniu,Jakub Pietrek
149,UM/2023/00149,2143,2023-12-18,2023-12-27,2025-10-08,51324.08,PLN,zakończona,Ida Górkiewicz
150,UM/2026/00150,1434,2026-06-23,2026-07-12,2028-02-03,420114.85,PLN,zakończona,pani Janina Gotfryd
151,UM/2024/00151,1375,2024-08-14,2024-08-20,2028-01-27,318262.49,PLN,zakończona,Leon Kabza
152,UM/2022/00152,707,2022-07-28,2022-08-07,2024-10-07,230223.59,PLN,zakończona,pani Monika Dolega
153,UM/2024/00153,2013,2024-07-14,2024-07-29,2028-02-02,405809.7,PLN,aktywna,Dominik Brachman
154,UM/2025/00154,1532,2025-05-14,2025-05-16,2028-10-29,194626.59,PLN,zakończona,Krzysztof Szłapka
155,UM/2021/00155,660,2021-09-10,2021-09-30,2023-04-02,125327.96,PLN,zakończona,Maks Kalista
156,UM/2025/00156,409,2025-09-06,2025-09-14,2026-02-12,338500.31,PLN ,aktywna,pan Jeremi Samol
157,UM/2026/00157,1446,2026-06-13,2026-07-03,2030-03-13,483157.77,PLN,w przygotowaniu,pani Ada Pajek
158,UM/2024/00158,315,2023-12-29,2024-01-09,2027-11-22,322422.72,PLN,aktywna,Gustaw Bartela
159,UM/2025/00159,1557,2024-12-25,2025-01-14,2028-09-14,368974.89,PLN,aktywna,Rafał Kurp
160,UM/2022/00160,1258,2022-10-08,2022-10-23,2023-05-19,455532.41,PLN,aktywna,pani Malwina Fechner
161,UM/2023/00161,1715,2023-06-10,2023-06-12,2027-01-02,351307.11,PLN,zakończona,Aurelia Grzelczyk
162,UM/2025/00162,1412,2025-01-30,2025-02-19,2028-12-25,429385.69,PLN,aktywna,Aurelia Giersz
163,UM/2026/00163,1193,2026-01-23,2026-01-25,2029-02-22,197379.59,PLN,w przygotowaniu,pan Iwo Orwat
164,UM/2026/00164,71,2026-02-05,2026-02-18,2029-08-18,93406.86,PLN,w przygotowaniu,pan Tadeusz Opoka
165,UM/2025/00165,357,2025-10-24,2025-11-03,2028-12-09,360100.13,PLN,w przygotowaniu,Fabian Kuzior
166,UM/2023/00166,220,2023-10-31,2023-11-06,2026-04-28,14329.35,PLN,w przygotowaniu,Gaja Langiewicz
167,UM/2024/00167,1440,2024-07-20,2024-07-22,2025-02-15,319813.31,PLN,aktywna,Miłosz Mojsa
168,UM/2023/00168,1123,2022-12-25,2023-01-12,2024-05-25,103211.52,PLN,aktywna,pani Ida Famuła
169,UM/2023/00169,251,2023-04-26,2023-05-12,2026-01-17,249888.43,PLN,w przygotowaniu,Kaja Damps
170,UM/2025/00170,1165,2025-01-16,2025-01-31,2026-09-22,73341.64,PLN,w przygotowaniu,Tola Gabryel
171,UM/2023/00171,1739,2022-12-24,2023-01-07,2022-10-06,194432.58,PLN,aktywna,Sebastian Wziątek
172,UM/2026/00172,2011,2026-01-08,2026-01-17,2029-04-20,121465.15,PLN,w przygotowaniu,Konstanty Winek
173,UM/2023/00173,2048,2023-10-25,2023-11-03,2025-09-08,66111.0,zł,w przygotowaniu,pani Kaja Truchan
174,UM/2022/00174,1601,2022-08-22,2022-09-07,2023-09-18,118892.18,PLN,zakończona,Maciej Wałaszek
175,UM/2024/00175,100,2024-06-08,2024-06-27,2027-06-11,359897.3,PLN,w przygotowaniu,Bruno Aleksa
176,UM/2022/00176,2588,2022-07-07,2022-07-10,2026-01-15,210891.74,PLN,aktywna,Natasza Drobniak
177,UM/2024/00177,166,2024-08-26,2024-09-12,2028-03-31,156772.46,PLN,zakończona,pani Ada Rymarz
178,UM/2024/00178,1547,2024-06-30,2024-07-04,2025-08-14,219600.97,PLN,aktywna,pan Jeremi Słupek
179,UM/2022/00179,767,2022-10-13,2022-10-23,2023-08-18,261083.76,PLN,aktywna,Blanka Majak
180,UM/2025/00180,1905,2025-04-13,2025-04-25,2028-09-13,491418.89,PLN,aktywna,Grzegorz Kazior
181,UM/2023/00001,1050,2023-01-15,2023-01-18,2023-05-02,311815.4,PLN,w przygotowaniu,Filip Foremniak
182,UM/2022/00182,1916,2022-12-08,2022-12-21,,171196.91,PLN,aktywna,Stanisław Wódka
183,UM/2026/00183,1243,2026-04-16,2026-04-28,2027-04-17,422557.02,PLN,zakończona,pani Sonia Jędruszczak
184,UM/2024/00184,471,2024-05-31,2024-06-13,2026-07-21,296766.41,PLN,aktywna,pan Karol Fiedler
185,UM/2024/00185,296,2024-03-11,2024-03-25,2026-07-22,53051.75,PLN,zakończona,Bianka Janc
186,UM/2025/00186,589,2025-05-11,2025-05-31,2029-05-05,277133.56,PLN,zakończona,Wiktor Bilik
187,UM/2023/00187,1861,2023-01-07,2023-01-07,2026-11-12,356134.58,PLN,zakończona,Marcel Małż
188,UM/2021/00188,95,2021-07-26,2021-08-06,2025-05-08,402982.76,PLN,zakończona,Olaf Sołtan
189,UM/2023/00189,179,2022-12-22,2023-01-06,2025-02-15,208577.75,PLN,zakończona,Konrad Zeman
190,UM/2024/00190,1222,2024-07-19,2024-07-22,2027-05-19,113696.59,PLN,w przygotowaniu,Arkadiusz Maksimowicz
191,UM/2022/00191,733,2022-12-02,2022-12-16,2023-11-14,218418.14,PLN,zakończona,pan Antoni Połetek
192,UM/2024/00192,805,2024-07-13,2024-07-24,2026-02-15,303717.18,PLN,w przygotowaniu,Borys Kandziora
193,UM/2022/00193,523,2022-07-11,2022-07-19,2026-05-13,181791.63,PLN,zakończona,Cyprian Kożuszek
194,UM/2026/00194,487,2026-02-26,2026-03-10,2029-06-20,436453.07,PLN,w przygotowaniu,Dagmara Pieczarka
195,UM/2022/00195,1018,2022-08-05,2022-08-14,2024-11-27,54834.01,PLN,zakończona,Michał Strządała
196,UM/2025/00196,1276,2025-06-12,2025-06-25,2027-09-15,54209.55,PLN,zakończona,Dominik Polewka
197,UM/2022/00197,448,2022-02-09,2022-02-10,2022-12-08,327407.37,PLN,zakończona,Krystyna Bugla
198,UM/2025/00198,911,2025-04-14,2025-05-02,2028-03-04,320798.76,PLN,w przygotowaniu,Maurycy Malewicz
199,UM/2026/00199,694,2026-06-25,2026-07-13,2027-03-22,253715.93,PLN,w przygotowaniu,pani Klara Samson
200,UM/2022/00200,1026,2022-11-07,2022-11-16,2024-11-16,280466.65,PLN,w przygotowaniu,Franciszek Kwapis
201,UM/2021/00201,552,2021-07-25,2021-08-08,2022-05-27,237938.11,PLN,aktywna,Kaja Kucz
202,UM/2026/00202,2007,2026-07-09,2026-07-12,2029-04-03,457349.4,PLN,zakończona,Olga Drgas
203,UM/2025/00203,1385,2025-03-03,2025-03-09,2028-03-30,413964.07,PLN,w przygotowaniu,Paweł Goik
204,UM/2021/00204,394,2021-07-18,2021-08-01,2025-02-20,141610.26,PLN,zakończona,Iwo Geisler
205,UM/2024/00205,58,2024-09-16,2024-10-02,2026-05-31,1993.85,PLN,aktywna,Maciej Westfal
206,UM/2021/00206,656,2021-09-14,2021-09-19,2024-12-23,283521.32,PLN,aktywna,Sonia Noszczyk
207,UM/2026/00207,1071,2026-05-20,2026-05-23,2028-11-22,302905.92,PLN,zakończona,Piotr Bochnia
208,UM/2023/00208,1211,2023-05-20,2023-05-21,2026-09-30,78122.01,PLN,w przygotowaniu,Jeremi Ellwart
209,UM/2022/00209,1724,2022-11-28,2022-12-06,2025-10-12,161654.16,PLN,zakończona,pani Róża Matwiejczyk
210,UM/2025/00210,1855,2025-02-18,2025-02-22,2027-03-07,262814.87,PLN,aktywna,pani Gaja Bodek
211,UM/2022/00211,1577,2022-11-12,2022-11-22,2026-03-22,210470.95,PLN,zakończona,Tola Malcharek
212,UM/2021/00212,34,2021-10-09,2021-10-20,2022-02-14,290227.58,PLN,aktywna,pani Anastazja Żabka
213,UM/2025/00213,2095,2025-04-23,2025-04-23,2026-03-25,4456.5,PLN,aktywna,Agnieszka Linke
214,UM/2021/00214,1361,2021-07-17,2021-07-23,2021-10-21,228576.25,PLN,aktywna,pani Sonia Ziajka
215,UM/2024/00215,1963,2024-07-25,2024-08-14,2027-02-03,80966.07,PLN,w przygotowaniu,Inga Lazarek
216,UM/2025/00216,634,2025-03-25,2025-03-26,2028-12-29,454266.91,PLN,aktywna,pani Ida Ryczko
217,UM/2021/00217,2309,2021-08-11,2021-08-12,2024-05-28,492538.01,PLN,w przygotowaniu,Jacek Kiedrowicz
218,UM/2021/00218,697,2021-11-23,2021-11-28,2024-07-13,103329.18,PLN,w przygotowaniu,Julian Bartman
219,UM/2024/00219,1551,2024-10-23,2024-11-12,2027-09-25,196402.29,PLN,aktywna,Aleks Biesek
220,UM/2023/00220,284,2023-08-01,2023-08-12,2025-05-14,425759.03,PLN,w przygotowaniu,pani Bianka Ryfa
221,UM/2021/00221,244,2021-11-24,2021-12-08,,2301.59,PLN,w przygotowaniu,Kajetan Klatka
222,UM/2022/00222,550,2022-03-20,2022-04-08,2025-01-22,331913.51,PLN,w przygotowaniu,Ewelina Puła
223,UM/2024/00223,634,2024-11-04,2024-11-21,2026-11-12,205040.86,PLN,zakończona,pan Albert Szwiec
224,UM/2024/00224,1255,2024-07-10,2024-07-28,2026-02-24,84579.45,PLN,zakończona,Mieszko Borysiewicz
225,UM/2022/00225,1997,2022-08-17,2022-09-06,2026-01-23,327849.35,PLN,w przygotowaniu,Patryk Suszka
226,UM/2023/00001,363,2023-05-16,2023-05-17,2025-08-03,305078.18,PLN,w przygotowaniu,Anastazja Gajzler
227,UM/2022/00227,1473,2022-10-25,2022-11-05,2024-06-08,424741.1,PLN,w przygotowaniu,Marcel Noras
228,UM/2023/00228,609,2023-06-20,2023-07-06,2026-04-23,325080.02,PLN,zakończona,Albert Kolman
229,UM/2023/00229,883,2023-09-30,2023-10-20,2027-09-20,258304.37,PLN,w przygotowaniu,pani Kaja Derek
230,UM/2022/00230,335,2022-01-19,2022-02-07,2024-10-14,14345.47,PLN,zakończona,Adrian Heleniak
231,UM/2024/00231,1498,2024-08-26,2024-09-01,2027-08-26,10256.84,PLN,w przygotowaniu,pan Maciej Łapacz
232,UM/2022/00232,1677,2022-05-23,2022-05-25,2025-12-07,136665.07,PLN,w przygotowaniu,Tobiasz Rosłon
233,UM/2024/00233,234,2024-11-16,2024-12-05,2028-12-04,149530.39,PLN,zakończona,Justyna Lorenz
234,UM/2024/00234,1343,2024-02-16,2024-03-07,2027-08-08,329661.84,PLN,w przygotowaniu,Norbert Niksa
235,UM/2021/00235,2531,2021-09-28,2021-10-17,2023-02-02,390593.72,PLN,w przygotowaniu,Jeremi Słoka
236,UM/2025/00236,1126,2024-12-23,2025-01-02,2025-10-15,425553.98,PLN,w przygotowaniu,Krystyna Paluszak
237,UM/2022/00237,496,2021-12-20,2022-01-04,2022-08-27,313540.85,PLN,w przygotowaniu,Karina Polnik
238,UM/2023/00238,2114,2023-02-06,2023-02-15,2025-04-05,268481.03,PLN,zakończona,Marcel Tylman
239,UM/2023/00239,1055,2023-01-26,2023-01-27,2026-08-10,420992.02,PLN,w przygotowaniu,pani Kornelia Orawiec
240,UM/2026/00240,1724,2026-06-01,2026-06-06,2027-08-26,276760.95,PLN,w przygotowaniu,pan Cyprian Matura
241,UM/2023/00241,91,2023-09-30,2023-10-15,2025-12-22,328736.26,PLN,aktywna,Damian Siedlaczek
242,UM/2026/00242,93,2026-03-04,2026-03-15,2026-10-05,228958.78,PLN,aktywna,pani Kaja Wałęsa
243,UM/2022/00243,2039,2021-12-25,2022-01-03,2025-06-13,432167.68,PLN,w przygotowaniu,Tymon Konstanty
244,UM/2025/00244,1829,2025-04-03,2025-04-13,2027-05-02,343120.73,PLN,w przygotowaniu,Jacek Filus
245,UM/2025/00245,1353,2024-12-26,2025-01-06,2025-12-25,497234.59,PLN,w przygotowaniu,Cyprian Warych
246,UM/2025/00246,1728,2025-10-09,2025-10-25,2028-02-27,13221.16,PLN,w przygotowaniu,pani Blanka Dzienis
247,UM/2024/00247,1739,2024-07-28,2024-08-16,2026-05-17,364730.64,PLN,aktywna,pani Rozalia Szwiec
248,UM/2022/00248,456,2022-02-16,2022-02-20,2024-04-15,390418.24,PLN,zakończona,Aniela Skotarczak
249,UM/2026/00249,1120,2026-05-08,2026-05-13,2027-06-19,147405.21,PLN,w przygotowaniu,Olgierd Solnica
250,UM/2025/00250,1981,2025-05-21,2025-05-22,2027-03-27,3329.73,PLN,zakończona,Natan Tomzik
251,UM/2022/00251,163,2022-03-05,2022-03-17,2025-08-29,448241.05,PLN,zakończona,Mateusz Karwan
252,UM/2022/00252,1104,2022-04-20,2022-05-03,2024-04-23,26258.06,PLN,zakończona,pani Lidia Sajewicz
253,UM/2026/00253,1985,2026-01-29,2026-02-03,2028-12-27,418981.15,PLN,w przygotowaniu,Rafał Botor
254,UM/2024/00254,1184,2024-03-16,2024-03-30,2027-03-17,193783.07,PLN,aktywna,Ida Białk
255,UM/2025/00255,871,2025-05-18,2025-05-28,2028-08-18,220295.11,PLN,w przygotowaniu,pani Ewa Achtelik
256,UM/2024/00256,122,2024-07-06,2024-07-25,2028-03-11,48150.74,PLN,w przygotowaniu,Stefan Ligenza
257,UM/2021/00257,1711,2021-11-09,2021-11-16,2022-04-30,134250.29,PLN,zakończona,Andrzej Halama
258,UM/2023/00258,330,2023-03-28,2023-04-13,2027-01-17,8165.14,PLN,zakończona,Marcel Wawszczak
259,UM/2026/00259,187,2026-07-14,2026-07-18,2026-05-09,79287.52,PLN,aktywna,Tymon Majzner
260,UM/2023/00260,1953,2023-04-20,2023-05-01,2026-09-26,228887.05,PLN ,aktywna,Robert Golonko
261,UM/2025/00261,767,2025-11-14,2025-11-30,2028-08-02,424637.65,PLN,zakończona,Dominik Suchojad
262,UM/2023/00262,1475,2023-06-16,2023-06-27,2026-04-02,174175.75,PLN,zakończona,Igor Hudzik
263,UM/2024/00263,1327,2024-05-18,2024-05-30,2026-12-23,438523.9,PLN,zakończona,Julita Dolega
264,UM/2023/00001,1575,2021-09-03,2021-09-11,2024-04-30,492894.91,PLN,w przygotowaniu,pan Adrian Leszcz
265,UM/2024/00265,688,2024-03-13,2024-03-25,2027-06-03,155630.05,PLN,w przygotowaniu,Roksana Brachman
266,UM/2024/00266,919,2024-03-16,2024-03-17,2025-01-29,26584.66,PLN,aktywna,pan Mieszko Bork
267,UM/2023/00267,1070,2023-06-14,2023-06-26,2025-09-14,320896.13,PLN,zakończona,Aleksander Gołota
268,UM/2026/00268,978,2026-04-16,2026-04-25,2027-12-16,222917.19,PLN,w przygotowaniu,Patryk Kaźmierczyk
269,UM/2023/00269,1088,2023-06-18,2023-07-08,2024-07-11,313711.92,PLN,w przygotowaniu,Liwia Chaber
270,UM/2023/00270,1865,2023-03-01,2023-03-01,2025-01-08,144035.66,PLN,aktywna,Tomasz Wałdoch
271,UM/2025/00271,1524,2025-06-02,2025-06-03,2027-05-31,165141.42,PLN,w przygotowaniu,pan Iwo Kandzia
272,UM/2023/00272,803,2023-09-05,2023-09-20,2025-02-25,21145.59,PLN,w przygotowaniu,Maciej Gęca
273,UM/2023/00273,434,2023-06-06,2023-06-08,2027-04-26,261765.07,PLN,w przygotowaniu,Krystian Kuźnia
274,UM/2023/00274,495,2023-10-01,2023-10-07,2027-08-24,267873.69,PLN,zakończona,Miłosz Ziarnik
275,UM/2026/00275,1427,2026-04-30,2026-05-10,2028-08-22,282360.15,PLN,aktywna,pani Angelika Buksa
276,UM/2023/00001,423,2022-07-16,2022-07-22,2026-01-09,123829.33,PLN,w przygotowaniu,Przemysław Sosnówka
277,UM/2022/00277,314,2022-05-10,2022-05-29,2024-04-09,334198.88,PLN,zakończona,pani Eliza Winnik
278,UM/2026/00278,357,2026-04-20,2026-04-22,2029-02-21,260381.36,PLN,aktywna,pan Tobiasz Zgoła
279,UM/2025/00279,1809,2025-07-09,2025-07-23,2027-12-02,147961.52,PLN,aktywna,pani Anastazja Matus
280,UM/2023/00280,1082,2023-08-21,2023-09-07,2024-03-20,312236.4,PLN,aktywna,Nela Damek
281,UM/2026/00281,1360,2026-05-12,2026-05-31,2029-12-25,78469.96,PLN,aktywna,Konrad Galuba
282,UM/2023/00282,1703,2022-12-15,2023-01-02,2024-07-02,385057.65,PLN,zakończona,pan Damian Biegała
283,UM/2022/00283,842,2022-12-02,2022-12-22,2026-08-10,153577.5,PLN,zakończona,Daniel Kuran
284,UM/2023/00284,870,2023-09-14,2023-09-30,2026-11-21,209538.05,PLN,zakończona,pani Natasza Forysiak
285,UM/2025/00285,1969,2025-01-23,2025-02-06,2025-11-08,192166.56,PLN,w przygotowaniu,Roksana Daraż
286,UM/2023/00286,229,2023-04-14,2023-05-01,2026-07-06,147164.28,PLN,aktywna,Bianka Orkisz
287,UM/2025/00287,1697,2025-12-05,2025-12-25,2029-09-11,159715.53,PLN,w przygotowaniu,pani Aniela Wiszowata
288,UM/2021/00288,149,2021-11-17,2021-12-07,2024-09-07,394274.74,PLN,zakończona,pani Adrianna Wszoła
289,UM/2022/00289,266,2022-08-19,2022-08-23,2026-08-10,496421.29,PLN,aktywna,Apolonia Opyrchał
290,UM/2023/00290,2008,2023-08-11,2023-08-20,2023-08-03,31996.27,PLN,w przygotowaniu,Jan Michnik
291,UM/2026/00291,1237,2026-01-05,2026-01-15,2025-10-27,310964.46,PLN,w przygotowaniu,pan Marek Nazarewicz
292,UM/2025/00292,1735,2025-10-13,2025-10-31,2028-07-21,161177.35,PLN,w przygotowaniu,Albert Chadaj
293,UM/2026/00293,699,2026-05-28,2026-06-10,2027-03-19,258409.31,PLN,aktywna,Ewelina Koman
294,UM/2021/00294,991,2021-09-18,2021-10-02,2024-10-11,433543.34,PLN,aktywna,pan Miłosz Smolka
295,UM/2025/00295,991,2025-11-28,2025-12-09,2029-02-06,291179.09,PLN,zakończona,pan Olgierd Bartman
296,UM/2022/00296,967,2022-02-23,2022-03-03,2023-05-17,164563.32,PLN,w przygotowaniu,Adam Karwan
297,UM/2022/00297,723,2022-06-30,2022-07-11,2023-11-26,346825.18,PLN,aktywna,pan Paweł Armatys
298,UM/2023/00001,1184,2025-09-23,2025-10-04,2027-01-07,160308.12,PLN,zakończona,Tobiasz Zwara
299,UM/2021/00299,1570,2021-12-23,2021-12-28,2022-10-22,405669.35,PLN,zakończona,pani Urszula Olkowicz
300,UM/2023/00300,1364,2023-01-23,2023-01-26,2024-06-24,455290.04,PLN,zakończona,Ewa Kuran
301,UM/2024/00301,2107,2024-11-13,2024-11-26,2024-10-20,101379.71,PLN,zakończona,Filip Mikiciuk
302,UM/2025/00302,631,2025-06-21,2025-06-27,2026-01-15,50717.44,PLN,zakończona,Karol Linka
303,UM/2025/00303,532,2025-01-25,2025-02-10,2025-07-18,372061.51,PLN,aktywna,Borys Smoter
304,UM/2023/00304,1985,2023-08-28,2023-09-09,2023-12-13,116975.63,PLN,zakończona,Bartek Nyc
305,UM/2023/00305,851,2023-01-26,2023-02-03,2024-07-02,340182.01,PLN,aktywna,Maksymilian Lang
306,UM/2022/00306,1538,2022-07-23,2022-07-29,2022-07-18,123573.54,PLN,zakończona,Maurycy Dorociak
307,UM/2023/00307,303,2023-10-04,2023-10-16,2025-08-04,319520.49,PLN,w przygotowaniu,Norbert Nicewicz
308,UM/2023/00001,2029,2026-01-25,2026-01-26,2029-05-20,405953.76,PLN,zakończona,pan Łukasz Leonowicz
309,UM/2022/00309,1475,2022-05-25,2022-05-27,2023-03-06,135222.96,PLN,w przygotowaniu,Krzysztof Kastelik
310,UM/2025/00310,2342,2025-08-17,2025-08-20,2027-02-27,237948.97,PLN,w przygotowaniu,pan Stanisław Ograbek
311,UM/2023/00001,1562,2022-08-16,2022-09-01,2026-08-30,183562.08,PLN,zakończona,pani Adrianna Żółkiewicz
312,UM/2025/00312,1278,2025-08-09,2025-08-26,2029-08-04,182468.25,PLN,zakończona,Jacek Mućko
313,UM/2023/00001,581,2021-10-29,2021-11-05,2025-08-23,167566.96,PLN,w przygotowaniu,pan Fabian Banak
314,UM/2024/00314,691,2024-03-04,2024-03-12,2025-04-20,18730.21,PLN,zakończona,pan Aleksander Orkisz
315,UM/2025/00315,972,2025-08-13,2025-08-14,2025-03-25,382157.83,PLN,aktywna,Gabriel Kaletka
316,UM/2022/00316,70,2022-03-17,2022-03-17,2023-09-20,133904.67,PLN,w przygotowaniu,Artur Gumienny
317,UM/2024/00317,554,2024-06-29,2024-07-14,2028-03-02,182531.51,PLN,w przygotowaniu,Sonia Kukuczka
318,UM/2022/00318,1098,2022-06-25,2022-06-26,2023-10-31,253783.97,PLN,aktywna,pani Krystyna Misiaszek
319,UM/2025/00319,1716,2025-09-23,2025-10-10,2028-02-13,397559.6,PLN,w przygotowaniu,Lidia Darłak
320,UM/2022/00320,1370,2022-10-16,2022-10-27,2024-04-17,475061.29,PLN,zakończona,Mikołaj Palej
321,UM/2022/00321,1519,2022-11-08,2022-11-26,2022-07-26,277852.55,PLN,w przygotowaniu,Oliwier Waleczek
322,UM/2025/00322,1068,2025-11-10,2025-11-16,2026-12-26,306649.61,PLN,zakończona,Sonia Błażejak
323,UM/2023/00323,1596,2023-03-05,2023-03-23,,280712.53,PLN,aktywna,Przemysław Spadło
324,UM/2026/00324,1473,2026-06-02,2026-06-17,2028-08-22,356008.12,PLN,aktywna,Borys Syldatk
325,UM/2026/00325,14,2026-02-23,2026-03-09,2027-07-26,312250.2,PLN,w przygotowaniu,Marika Majorczyk
326,UM/2022/00326,1591,2022-04-06,2022-04-06,,289424.52,PLN,zakończona,Nikodem Neska
327,UM/2021/00327,1032,2021-07-29,2021-08-12,2023-07-25,442355.14,PLN,zakończona,Miłosz Klinkosz
328,UM/2021/00328,1864,2021-09-04,2021-09-14,2022-07-11,8744.15,PLN,zakończona,Olaf Zgoła
329,UM/2025/00329,1422,2025-05-04,2025-05-14,2027-10-23,258395.87,PLN,w przygotowaniu,pani Liwia Drop
330,UM/2025/00330,1630,2025-01-31,2025-02-10,2025-07-29,267918.79,PLN,zakończona,pan Tymon Żelazo
331,UM/2026/00331,2036,2026-05-30,2026-06-03,2029-12-23,82738.68,PLN ,aktywna,Ignacy Mierzwiak
332,UM/2023/00332,173,2023-02-27,2023-03-07,2024-06-11,120875.31,PLN,aktywna,Ewa Zwara
333,UM/2023/00333,263,2023-09-30,2023-10-18,2025-05-19,53414.16,PLN,aktywna,pan Olaf Szumny
334,UM/2026/00334,1923,2026-03-08,2026-03-11,2028-11-04,369755.12,PLN,aktywna,pan Jakub Dziuda
335,UM/2023/00335,1393,2023-08-25,2023-09-12,2025-04-19,40188.48,PLN,w przygotowaniu,Borys Kościk
336,UM/2026/00336,1234,2026-01-06,2026-01-10,2026-10-13,416846.19,PLN,aktywna,Klara Magryta
337,UM/2024/00337,446,2024-08-13,2024-08-17,2027-02-07,408048.2,PLN,aktywna,pani Kamila Smoter
338,UM/2022/00338,1685,2022-06-08,2022-06-11,2025-10-17,135514.94,PLN,w przygotowaniu,pan Maurycy Sławik
339,UM/2025/00339,1178,2025-11-08,2025-11-18,2026-11-12,149675.33,PLN,aktywna,Krystyna Sorbian
340,UM/2023/00340,640,2023-01-04,2023-01-09,2026-08-08,144334.62,PLN,aktywna,Ignacy Jaracz
341,UM/2022/00341,539,2022-05-22,2022-05-23,2023-12-07,8522.87,PLN,aktywna,Julita Pacocha
342,UM/2022/00342,1834,2022-08-01,2022-08-17,2023-08-07,469184.37,PLN,aktywna,Elżbieta Marosz
343,UM/2024/00343,660,2024-08-03,2024-08-11,,331484.1,PLN,zakończona,Nela Dubis
344,UM/2021/00344,2001,2021-11-07,2021-11-25,2025-09-27,48845.48,PLN,aktywna,Karina Zwara
345,UM/2023/00345,663,2023-05-22,2023-06-10,2024-12-22,162034.35,PLN,zakończona,Monika Kubina
346,UM/2022/00346,1986,2022-03-05,2022-03-18,2026-01-08,92712.91,PLN,zakończona,Robert Ciastek
347,UM/2025/00347,1126,2025-08-26,2025-09-08,2028-11-04,367891.11,PLN,zakończona,Gabriel Kliber
348,UM/2023/00348,1861,2023-02-14,2023-02-28,2023-09-20,290430.77,PLN,zakończona,Radosław Zagrajek
349,UM/2022/00349,284,2022-09-29,2022-10-07,2025-02-12,2734.58,PLN,aktywna,pani Ewelina Granat
350,UM/2021/00350,1905,2021-07-22,2021-07-23,2025-05-27,299109.99,PLN,zakończona,Blanka Linda
351,UM/2022/00351,2144,2022-12-07,2022-12-08,2024-07-06,65301.27,PLN,aktywna,Filip Więcławek
352,UM/2022/00352,1733,2022-03-14,2022-03-29,2024-05-11,419917.6,PLN,aktywna,Inga Nicewicz
353,UM/2023/00353,2007,2023-11-27,2023-12-03,2024-07-21,215231.51,PLN,w przygotowaniu,Patryk Ulewicz
354,UM/2022/00354,1316,2022-04-28,2022-05-17,2024-04-02,334586.9,PLN,w przygotowaniu,Iwo Wosiek
355,UM/2023/00001,1864,2024-03-06,2024-03-12,2026-12-19,272401.8,PLN,w przygotowaniu,Gabriel Barłóg
356,UM/2022/00356,796,2022-07-15,2022-07-31,2024-07-05,78943.68,PLN,zakończona,Elżbieta Majzner
357,UM/2023/00357,656,2023-12-20,2023-12-25,2025-02-27,93850.53,PLN,aktywna,Kamil Horbacz
358,UM/2024/00358,807,2024-06-26,2024-07-12,2026-01-09,360639.52,PLN,aktywna,Kornelia Wojtaszczyk
359,UM/2022/00359,1333,2022-08-25,2022-08-30,2025-09-17,361213.41,PLN,aktywna,Marcin Jakiel
360,UM/2023/00360,115,2023-06-02,2023-06-14,2027-01-25,73129.4,PLN,w przygotowaniu,Ignacy Wojtyna
361,UM/2021/00361,1194,2021-09-16,2021-09-17,2021-08-16,438846.08,zł,w przygotowaniu,Marek Celuch
362,UM/2022/00362,1226,2022-02-02,2022-02-04,2023-11-25,86713.24,PLN,zakończona,Lidia Świć
363,UM/2022/00363,635,2022-06-08,2022-06-16,2023-09-28,405675.2,PLN,zakończona,Norbert Ubysz
364,UM/2024/00364,904,2023-12-28,2024-01-15,2024-06-06,353409.87,PLN,w przygotowaniu,Albert Deryło
365,UM/2025/00365,142,2025-02-23,2025-03-03,2027-05-15,208076.6,PLN,aktywna,Karol Błażejewicz
366,UM/2025/00366,775,2025-06-07,2025-06-13,2029-02-18,321718.74,PLN,zakończona,Natan Sygut
367,UM/2023/00001,1444,2023-02-07,2023-02-13,2023-12-31,429674.84,PLN,w przygotowaniu,pani Aurelia Kornet
368,UM/2026/00368,849,2026-02-08,2026-02-24,2027-09-16,223943.12,PLN,w przygotowaniu,pani Kornelia Chomiuk
369,UM/2024/00369,327,2024-10-08,2024-10-27,2027-02-11,11794.22,PLN,aktywna,Sonia Pasiak
370,UM/2025/00370,1098,2025-10-21,2025-10-31,2026-04-05,281135.02,PLN,zakończona,Paweł Skutnik
371,UM/2024/00371,243,2024-09-17,2024-10-03,2026-12-09,349957.63,PLN,aktywna,Eryk Błażejewicz
372,UM/2023/00372,529,2023-06-23,2023-06-30,2026-05-31,91770.09,PLN,w przygotowaniu,Natan Wyskiel
373,UM/2025/00373,58,2025-05-17,2025-05-17,2026-09-10,241544.87,PLN,w przygotowaniu,pan Andrzej Fierek
374,UM/2023/00374,2223,2023-11-13,2023-12-02,2024-07-22,406880.39,PLN,w przygotowaniu,pan Robert Zamora
375,UM/2026/00375,1614,2026-02-24,2026-03-10,2028-02-08,143279.18,PLN,w przygotowaniu,pan Grzegorz Sykała
376,UM/2025/00376,689,2025-01-14,2025-02-02,2027-04-19,49889.07,PLN,w przygotowaniu,Olgierd Oczkowicz
377,UM/2022/00377,1560,2022-12-05,2022-12-16,2025-04-05,21628.55,PLN,w przygotowaniu,Wojciech Skutnik
378,UM/2025/00378,559,2025-11-14,2025-11-18,2028-04-06,229579.15,PLN,w przygotowaniu,Dawid Stachów
379,UM/2021/00379,1364,2021-07-20,2021-07-24,2022-10-10,339066.24,PLN,zakończona,Gaja Kupidura
380,UM/2026/00380,1083,2026-01-02,2026-01-22,2029-11-12,52548.42,PLN,aktywna,pani Janina Obiała
381,UM/2025/00381,2583,2025-09-16,2025-09-27,2029-09-23,178188.22,PLN,zakończona,Krystyna Jancewicz
382,UM/2022/00382,1243,2022-07-20,2022-07-22,2026-06-19,72274.51,PLN,w przygotowaniu,Kajetan Banak
383,UM/2023/00383,1724,2023-10-16,2023-11-05,2026-08-03,254192.76,PLN,w przygotowaniu,pan Patryk Bubak
384,UM/2024/00384,203,2024-09-21,2024-10-01,2026-06-26,284643.67,PLN,zakończona,Marika Rejmak
385,UM/2024/00385,1018,2024-04-02,2024-04-08,2024-09-17,212723.61,PLN,zakończona,Oliwier Penkala
386,UM/2022/00386,1331,2022-07-01,2022-07-07,2024-05-18,489228.03,PLN,aktywna,Filip Sinkiewicz
387,UM/2021/00387,1312,2021-09-01,2021-09-09,2024-05-06,425322.62,PLN,w przygotowaniu,Maksymilian Młynarz
388,UM/2022/00388,1672,2022-10-06,2022-10-26,2023-11-07,34509.06,PLN,aktywna,Józef Labudda
389,UM/2023/00389,851,2023-03-11,2023-03-26,2023-10-22,36526.68,PLN,aktywna,Norbert Maćków
390,UM/2026/00390,2170,2026-07-15,2026-07-18,2028-04-13,22462.31,PLN,aktywna,Konrad Kunda
391,UM/2023/00391,1014,2023-05-20,2023-06-09,2025-12-27,455264.94,PLN,w przygotowaniu,Sonia Łakota
392,UM/2025/00392,987,2025-09-07,2025-09-09,2027-12-25,373972.65,PLN,aktywna,Igor Piejko
393,UM/2022/00393,670,2022-06-10,2022-06-22,2024-10-03,138541.99,PLN,zakończona,Dawid Pietrasiak
394,UM/2023/00394,1899,2023-02-18,2023-02-19,2025-11-02,217998.05,PLN,w przygotowaniu,Patryk Olewniczak
395,UM/2025/00395,1562,2025-01-16,2025-01-25,2029-01-22,141623.25,PLN,w przygotowaniu,Iwo Żuberek
396,UM/2023/00396,954,2023-11-16,2023-11-17,2027-08-22,233873.43,pln,w przygotowaniu,pan Marcin Orawiec
397,UM/2025/00397,1885,2025-08-24,2025-09-09,2026-02-07,40586.4,PLN,aktywna,Cyprian Wielądek
398,UM/2025/00398,151,2025-08-26,2025-08-29,2026-04-17,68468.27,PLN,zakończona,Liwia Pinda
399,UM/2023/00001,1524,2024-06-17,2024-06-29,2024-10-15,303394.6,PLN,zakończona,Fryderyk Uziębło
400,UM/2022/00400,461,2022-03-27,2022-04-12,2023-02-10,241700.84,PLN,w przygotowaniu,Marcelina Wielgat
401,UM/2024/00401,81,2024-11-04,2024-11-04,2028-10-01,140453.31,PLN,w przygotowaniu,Tobiasz Terka
402,UM/2021/00402,253,2021-11-28,2021-12-12,2022-07-01,85604.7,PLN,aktywna,Piotr Stempin
403,UM/2025/00403,1202,2025-05-13,2025-05-31,2026-01-22,87321.14,PLN,aktywna,Ignacy Hermanowicz
404,UM/2023/00404,852,2023-02-23,2023-02-23,2026-07-31,356757.69,PLN,zakończona,Eryk Podgórny
405,UM/2023/00405,1086,2023-03-05,2023-03-07,2023-09-28,65915.79,PLN,aktywna,Kornelia Raczkiewicz
406,UM/2024/00406,1125,2024-02-10,2024-02-16,2024-08-06,38444.9,PLN,zakończona,Tymoteusz Żbik
407,UM/2023/00407,889,2023-08-18,2023-08-20,2023-12-07,182851.74,PLN,w przygotowaniu,pani Ewelina Organiściak
408,UM/2024/00408,1297,2024-06-07,2024-06-08,2024-04-05,194131.7,PLN,aktywna,pan Łukasz Powałka
409,UM/2025/00409,1823,2025-11-06,2025-11-17,2028-07-15,324093.69,PLN,zakończona,pan Józef Wiercigroch
410,UM/2022/00410,934,2022-03-06,2022-03-17,2023-12-09,468679.48,PLN,zakończona,pani Melania Lada
411,UM/2023/00411,2588,2023-10-23,2023-10-26,2024-03-07,133651.6,PLN,aktywna,Damian Ulrych
412,UM/2024/00412,212,2024-02-11,2024-02-15,2027-01-11,33455.04,PLN,aktywna,pan Jakub Szynkiewicz
413,UM/2024/00413,471,2024-07-29,2024-08-01,2027-01-03,482342.82,PLN,aktywna,Józef Kosiec
414,UM/2022/00414,1780,2022-03-15,2022-03-20,2022-11-27,432644.93,PLN,zakończona,Roksana Kocaj
415,UM/2026/00415,1049,2026-04-14,2026-04-20,2027-02-01,375950.97,PLN,w przygotowaniu,pan Jędrzej Pietrewicz
416,UM/2022/00416,459,2022-08-20,2022-08-21,2024-05-11,197050.41,PLN,w przygotowaniu,Klara Kondej
417,UM/2026/00417,1334,2026-05-13,2026-05-13,2028-12-21,316270.22,PLN,w przygotowaniu,Apolonia Kiliszek
418,UM/2026/00418,766,2026-06-05,2026-06-15,2029-06-30,174533.73,PLN,aktywna,Apolonia Zaborek
419,UM/2026/00419,2035,2026-04-21,2026-04-27,2026-10-07,250132.14,PLN,aktywna,Wiktor Rajczyk
420,UM/2022/00420,29,2022-07-26,2022-08-09,2023-09-01,73370.74,PLN,w przygotowaniu,pani Monika Wysota
421,UM/2021/00421,1255,2021-09-16,2021-09-26,2025-01-15,407028.52,PLN,w przygotowaniu,Malwina Kurzac
422,UM/2022/00422,82,2022-07-03,2022-07-20,2024-06-24,259262.66,PLN,w przygotowaniu,Bruno Molek
423,UM/2025/00423,2587,2025-12-11,2025-12-29,2026-06-07,65036.11,PLN,aktywna,Klara Gul
424,UM/2026/00424,1670,2026-02-10,2026-02-11,2027-09-04,50468.09,PLN,aktywna,Sonia Labus
425,UM/2024/00425,974,2024-10-25,2024-10-27,2028-09-27,416742.19,PLN,w przygotowaniu,Fryderyk Warwas
426,UM/2022/00426,242,2022-02-09,2022-02-09,2023-11-11,405857.37,PLN,w przygotowaniu,Marika Wołkowicz
427,UM/2025/00427,469,2025-05-16,2025-05-21,2028-06-18,417484.08,PLN,w przygotowaniu,pan Fryderyk Tomalik
428,UM/2024/00428,556,2024-01-14,2024-02-03,2024-12-15,93181.1,PLN,w przygotowaniu,pani Tola Miąsik
429,UM/2024/00429,315,2024-01-15,2024-01-25,2026-01-10,355279.14,PLN,zakończona,Józef Sito
430,UM/2025/00430,1458,2025-01-10,2025-01-18,2026-02-19,318325.46,PLN,zakończona,pan Eryk Graban
431,UM/2025/00431,181,2025-07-07,2025-07-11,2027-08-17,203182.22,PLN,zakończona,Janina Grygorcewicz
432,UM/2025/00432,1963,2025-02-25,2025-03-04,2026-05-23,266740.62,PLN,w przygotowaniu,Sara Tadych
433,UM/2023/00433,1613,2023-12-14,2023-12-27,2027-09-27,447223.48,PLN,w przygotowaniu,Nataniel Materek
434,UM/2021/00434,154,2021-11-18,2021-11-28,2022-08-15,35964.96,PLN,aktywna,Jacek Czosnyka
435,UM/2024/00435,556,2024-09-09,2024-09-23,2028-07-25,75058.37,PLN,zakończona,pan Damian Słomiany
436,UM/2022/00436,1746,2022-07-30,2022-08-14,2022-12-21,235902.37,PLN,w przygotowaniu,Adrian Żołądź
437,UM/2024/00437,1579,2024-06-01,2024-06-15,2026-01-04,229927.14,PLN,aktywna,Dariusz Frączkiewicz
438,UM/2021/00438,13,2021-07-30,2021-08-15,2024-08-19,345891.74,PLN,aktywna,pan Karol Kapałka
439,UM/2022/00439,2062,2022-11-30,2022-12-19,2023-07-07,396398.18,PLN,w przygotowaniu,Melania Bazela
440,UM/2023/00440,897,2023-07-21,2023-07-27,2023-01-24,371456.43,PLN,aktywna,Anna Maria Domowicz
441,UM/2023/00441,731,2023-07-19,2023-07-20,2026-05-05,281401.54,PLN,w przygotowaniu,Jędrzej Ludwin
442,UM/2022/00442,1579,2022-12-12,2022-12-14,2025-08-15,414485.74,PLN,zakończona,Robert Gołoś
443,UM/2025/00443,67,2025-02-26,2025-02-28,2026-04-29,223662.12,PLN,aktywna,Marek Rutowicz
444,UM/2024/00444,480,2024-11-07,2024-11-11,2026-12-07,191296.67,PLN,zakończona,pani Liwia Paszkowiak
445,UM/2021/00445,1715,2021-10-31,2021-11-18,2025-04-12,212211.72,PLN,aktywna,Karina Janoszek
446,UM/2022/00446,1110,2022-01-18,2022-01-18,2022-05-28,337030.66,PLN,w przygotowaniu,Mariusz Olchawa
447,UM/2021/00447,740,2021-08-27,2021-09-16,2025-02-20,336133.08,PLN,zakończona,Konrad Osipowicz
448,UM/2023/00448,887,2023-09-18,2023-10-01,2026-09-15,11298.58,PLN,w przygotowaniu,pani Julita Kolarz
449,UM/2023/00449,847,2023-11-18,2023-11-24,2025-06-04,408296.16,PLN,w przygotowaniu,Ignacy Powązka
450,UM/2025/00450,181,2025-02-27,2025-03-11,,196130.73,PLN,zakończona,Fryderyk Świerkosz
451,UM/2025/00451,1754,2025-02-28,2025-02-28,2028-03-04,396230.39,PLN,zakończona,Jacek Mudlaff
452,UM/2023/00452,109,2023-06-28,2023-07-18,2023-11-25,19422.08,PLN,aktywna,Lidia Cieloch
453,UM/2025/00453,219,2025-04-26,2025-05-13,2029-01-08,109838.47,PLN,zakończona,pan Antoni Rolek
454,UM/2023/00001,2473,2025-01-13,2025-01-24,2028-10-18,24930.07,PLN ,w przygotowaniu,Dawid Szyguła
455,UM/2024/00455,147,2024-11-02,2024-11-13,2027-12-12,491785.83,PLN,zakończona,Ernest Owsiak
456,UM/2026/00456,1209,2026-07-13,2026-07-22,2026-04-23,400192.54,PLN,w przygotowaniu,Juliusz Paździora
457,UM/2024/00457,277,2024-10-06,2024-10-10,2026-08-20,131363.4,PLN,zakończona,Jędrzej Małota
458,UM/2021/00458,198,2021-11-23,2021-12-04,2024-05-15,7412.9,PLN,aktywna,Julian Wielgos
459,UM/2024/00459,174,2024-11-11,2024-11-25,2028-09-16,200065.24,PLN,w przygotowaniu,pani Anna Maria Terka
460,UM/2022/00460,2068,2022-03-17,2022-03-20,2025-12-29,371245.71,PLN,zakończona,Gabriel Bazydło
461,UM/2023/00001,863,2024-12-12,2024-12-25,2028-03-27,247164.56,PLN,zakończona,Ewa Pancerz
462,UM/2024/00462,971,2024-12-19,2024-12-23,2025-04-21,418955.07,PLN,aktywna,Marianna Wojsa
463,UM/2024/00463,1144,2024-01-12,2024-01-30,2023-08-26,416928.36,PLN,w przygotowaniu,Kornelia Skubała
464,UM/2022/00464,1959,2022-01-17,2022-01-30,2022-12-29,220004.23,PLN,zakończona,Witold Owsiak
465,UM/2021/00465,167,2021-08-31,2021-09-08,2025-09-04,94949.3,PLN,zakończona,Ada Pazera
466,UM/2023/00466,816,2023-06-14,2023-06-17,2027-04-21,166869.8,PLN,zakończona,pan Adam Gajowiak
467,UM/2023/00467,542,2023-07-13,2023-07-18,2027-05-28,310776.48,pln,aktywna,Mikołaj Chadaj
468,UM/2025/00468,1015,2025-07-11,2025-07-28,2028-11-01,197437.58,PLN,aktywna,Krzysztof Lesisz
469,UM/2024/00469,873,2024-10-16,2024-10-29,2025-05-27,248355.38,PLN,w przygotowaniu,Michał Komsta
470,UM/2023/00470,1475,2023-12-07,2023-12-19,2026-09-09,236518.83,PLN,zakończona,pan Michał Deptuch
471,UM/2026/00471,1332,2026-05-03,2026-05-05,2027-09-23,444414.35,PLN,aktywna,Gaja Skubis
472,UM/2023/00472,2023,2022-12-25,2023-01-03,2026-12-17,101767.82,PLN,aktywna,Kamila Harasimiuk
473,UM/2024/00473,429,2024-04-29,2024-05-04,2024-08-04,29303.83,PLN,w przygotowaniu,Tola Sztuczka
474,UM/2021/00474,850,2021-10-07,2021-10-22,2021-06-21,270346.9,PLN,aktywna,pan Ryszard Wojtaszak
475,UM/2022/00475,1021,2022-02-24,2022-03-16,2022-06-20,72510.11,PLN ,aktywna,pan Robert Polaszek
476,UM/2024/00476,981,2024-05-09,2024-05-17,2025-06-22,453405.88,PLN,zakończona,Michał Klekot
477,UM/2021/00477,101,2021-07-24,2021-08-11,2025-03-16,232555.05,PLN,zakończona,Błażej Wojtera
478,UM/2025/00478,1449,2025-07-01,2025-07-04,2028-09-01,443425.68,PLN,zakończona,Kazimierz Pielach
479,UM/2022/00479,76,2021-12-27,2022-01-11,2025-06-06,440144.9,PLN,zakończona,pani Nicole Borzym
480,UM/2023/00480,197,2023-04-15,2023-04-23,2025-01-16,112469.14,PLN,w przygotowaniu,Cyprian Nowek
481,UM/2023/00481,307,2023-02-21,2023-03-06,2022-10-14,479346.58,pln,aktywna,pani Anastazja Domżał
482,UM/2022/00482,1910,2022-03-22,2022-04-05,2023-06-14,66984.59,PLN,aktywna,Roksana Kozaczuk
483,UM/2021/00483,1101,2021-08-10,2021-08-30,2023-10-26,396012.86,PLN,aktywna,Liwia Gumienna
484,UM/2022/00484,80,2022-06-29,2022-07-04,,262088.21,PLN,zakończona,pani Elżbieta Gumienna
485,UM/2026/00485,1457,2026-04-21,2026-05-01,2026-01-22,292777.78,PLN,aktywna,Karina Leśko
486,UM/2025/00486,1299,2025-06-28,2025-07-10,2028-09-28,270923.78,PLN,zakończona,Damian Kryk
487,UM/2022/00487,890,2022-12-11,2022-12-17,2026-09-16,334669.04,PLN,zakończona,Tadeusz Krokosz
488,UM/2023/00488,780,2023-01-17,2023-02-05,2025-04-26,481731.31,PLN,w przygotowaniu,Patryk Gotfryd
489,UM/2021/00489,956,2021-10-01,2021-10-18,2023-01-11,147723.99,pln,zakończona,Nicole Chwała
490,UM/2023/00490,1245,2023-11-01,2023-11-10,2024-07-29,128253.35,PLN,w przygotowaniu,Rafał Kabala
491,UM/2025/00491,1808,2025-07-21,2025-07-28,2027-01-28,189493.57,PLN,w przygotowaniu,pan Grzegorz Ciarka
492,UM/2025/00492,2508,2025-02-18,2025-03-06,2025-08-18,165314.84,PLN,zakończona,Paweł Jaremek
493,UM/2022/00493,1254,2022-10-08,2022-10-22,2025-09-04,196780.41,PLN,aktywna,Witold Krakowczyk
494,UM/2022/00494,893,2022-02-02,2022-02-22,,128208.74,PLN,w przygotowaniu,Nela Krzan
495,UM/2024/00495,54,2024-10-02,2024-10-07,2024-06-25,143469.92,PLN,w przygotowaniu,Józef Kuczaj
496,UM/2022/00496,1996,2022-06-10,2022-06-27,2026-05-02,468479.98,PLN,zakończona,Marika Ciesielka
497,UM/2022/00497,1210,2022-05-28,2022-06-09,2022-04-04,362498.21,PLN,w przygotowaniu,Aleksander Robaszkiewicz
498,UM/2021/00498,285,2021-12-25,2021-12-30,2024-01-08,56569.5,PLN,zakończona,Dariusz Nasiadka
499,UM/2024/00499,19,2024-04-09,2024-04-25,,465758.32,pln,zakończona,Marianna Giers
500,UM/2021/00500,81,2021-10-09,2021-10-21,2022-07-19,472767.88,PLN,zakończona,Anastazja Michalczak
501,UM/2026/00501,2072,2026-05-28,2026-06-16,2026-02-12,223443.87,PLN,w przygotowaniu,pan Fryderyk Łodej
502,UM/2022/00502,531,2022-06-04,2022-06-15,2024-06-09,423918.2,PLN,zakończona,Monika Osman
503,UM/2024/00503,896,2024-08-10,2024-08-27,2025-08-19,409175.1,PLN,zakończona,Ida Hyjek
504,UM/2025/00504,171,2025-06-10,2025-06-30,2029-04-27,329855.85,PLN,w przygotowaniu,Olaf Litwińczuk
505,UM/2023/00505,1380,2023-03-18,2023-03-18,2026-12-19,345019.84,pln,w przygotowaniu,pani Sara Poreda
506,UM/2024/00506,794,2024-08-07,2024-08-23,2027-02-16,441906.59,PLN,aktywna,pani Sylwia Franaszek
507,UM/2025/00507,1545,2025-09-16,2025-09-28,2027-05-30,301733.93,PLN,aktywna,Aleks Niedojadło
508,UM/2024/00508,1055,2024-06-19,2024-06-28,2025-05-29,303972.59,PLN,zakończona,Adrian Wenda
509,UM/2021/00509,1657,2021-10-10,2021-10-20,2022-10-26,494118.83,PLN ,aktywna,Ida Kurant
510,UM/2025/00510,914,2025-05-28,2025-05-30,2028-10-09,172932.11,PLN,aktywna,Rafał Piaścik
511,UM/2021/00511,69,2021-08-23,2021-09-06,2024-08-12,446122.51,PLN,aktywna,pan Kornel Martyn
512,UM/2025/00512,1194,2024-12-23,2025-01-08,2025-07-03,348315.58,PLN ,w przygotowaniu,Juliusz Słobodzian
513,UM/2023/00513,311,2023-11-29,2023-12-10,2024-04-24,31995.32,PLN,w przygotowaniu,Marianna Tabiś
514,UM/2025/00514,926,2025-10-30,2025-11-06,2029-09-01,465021.92,PLN,zakończona,pani Agnieszka Giers
515,UM/2026/00515,289,2026-01-30,2026-02-04,2028-02-16,303483.31,PLN,aktywna,Bianka Kordys
516,UM/2024/00516,1031,2024-11-27,2024-12-08,2028-10-20,137413.75,PLN,aktywna,pani Ewa Zieniewicz
517,UM/2024/00517,817,2024-05-13,2024-05-28,2025-10-27,280473.88,PLN,aktywna,Filip Bazyluk
518,UM/2023/00518,2013,2023-03-29,2023-04-07,2027-02-27,73208.07,PLN,zakończona,pani Kamila Tryc
519,UM/2021/00519,1264,2021-09-02,2021-09-09,2024-07-02,263654.21,PLN,aktywna,pani Sonia Fogt
520,UM/2021/00520,1457,2021-10-23,2021-10-24,2023-03-07,325532.16,PLN,aktywna,Marcel Bronka
521,UM/2024/00521,1753,2024-01-02,2024-01-16,2027-02-20,223783.55,PLN,zakończona,pani Sara Krzystek
522,UM/2023/00522,142,2023-05-28,2023-06-07,2023-09-06,95865.02,PLN,w przygotowaniu,Adrian Błażejak
523,UM/2023/00523,1572,2023-05-05,2023-05-06,2026-04-21,326502.84,PLN,zakończona,Fryderyk Kraszkiewicz
524,UM/2026/00524,856,2026-05-10,2026-05-16,2029-02-25,498719.75,PLN,aktywna,Michał Kapałka
525,UM/2023/00525,1038,2023-01-10,2023-01-25,2022-07-25,141139.57,PLN,zakończona,Andrzej Budzyń
526,UM/2025/00526,1780,2025-10-28,2025-11-04,2026-08-11,75765.73,PLN,zakończona,Maks Zygmuntowicz
527,UM/2024/00527,264,2023-12-14,2024-01-03,2026-08-01,138351.14,PLN,w przygotowaniu,Andrzej Rzońca
528,UM/2022/00528,992,2022-05-26,2022-06-08,2024-02-29,151565.22,PLN,zakończona,pan Kajetan Kurzydło
529,UM/2021/00529,664,2021-12-09,2021-12-23,2024-09-16,340913.7,PLN,w przygotowaniu,Grzegorz Pietrusiewicz
530,UM/2024/00530,832,2024-05-01,2024-05-02,2027-03-28,381473.87,PLN,aktywna,pan Maksymilian Siara
531,UM/2023/00531,121,2023-01-05,2023-01-07,2025-06-15,246807.82,PLN,zakończona,Tymon Szyma
532,UM/2025/00532,1548,2025-10-29,2025-11-07,2026-07-31,13799.83,PLN,w przygotowaniu,pani Klara Dułak
533,UM/2021/00533,636,2021-11-13,2021-11-23,2022-06-26,206747.18,pln,w przygotowaniu,pani Ewa Rusiniak
534,UM/2025/00534,1352,2025-12-08,2025-12-27,2027-05-15,327732.94,PLN,zakończona,Ksawery Gąbka
535,UM/2026/00535,1828,2026-02-28,2026-03-16,2027-02-27,125453.7,PLN,w przygotowaniu,Piotr Makulec
536,UM/2024/00536,1961,2024-03-07,2024-03-19,,164913.68,PLN,aktywna,Eliza Byra
537,UM/2022/00537,1220,2022-04-08,2022-04-23,2023-10-24,381191.45,PLN,zakończona,Emil Kliszcz
538,UM/2023/00538,792,2023-06-14,2023-06-28,2023-02-21,137000.57,PLN,aktywna,Filip Mały
539,UM/2025/00539,670,2025-11-22,2025-12-05,2026-11-21,409406.52,PLN,w przygotowaniu,Adam Antończak
540,UM/2025/00540,1401,2025-11-14,2025-11-19,2028-07-19,285465.0,PLN,w przygotowaniu,Liwia Nowrot
541,UM/2023/00541,1483,2023-08-20,2023-09-01,2026-08-06,90194.0,PLN,zakończona,pan Robert Moj
542,UM/2025/00542,1397,2025-10-21,2025-10-29,2027-06-26,7924.13,PLN,zakończona,pan Radosław Pielach
543,UM/2024/00543,2090,2024-10-13,2024-10-31,2028-08-19,124154.04,PLN,zakończona,Julianna Mudlaff
544,UM/2023/00544,1467,2023-07-22,2023-08-01,2027-04-22,119194.41,PLN,w przygotowaniu,Jeremi Zaguła
545,UM/2023/00545,695,2023-03-21,2023-03-26,2026-12-31,343233.75,PLN,w przygotowaniu,pani Aniela Front
546,UM/2023/00546,2526,2022-12-31,2023-01-10,2025-09-23,129262.56,PLN,zakończona,Mariusz Szwaj
547,UM/2024/00547,1467,2024-04-15,2024-05-01,2026-10-22,438283.19,pln,w przygotowaniu,Julita Ciuk
548,UM/2022/00548,46,2022-09-05,2022-09-07,2026-05-08,472488.38,PLN,w przygotowaniu,pan Natan Mrózek
549,UM/2023/00001,1578,2025-03-06,2025-03-25,2028-02-07,83024.31,PLN,zakończona,Justyna Parda
550,UM/2023/00001,984,2021-11-11,2021-11-27,2023-09-06,270546.69,PLN,w przygotowaniu,Julianna Kreczmer
551,UM/2022/00551,1847,2022-05-17,2022-05-19,2025-07-15,425793.17,PLN,zakończona,Dorota Majnusz
552,UM/2025/00552,956,2025-11-06,2025-11-14,2029-01-07,326067.66,PLN,w przygotowaniu,Olgierd Brejnak
553,UM/2025/00553,921,2025-12-02,2025-12-02,2027-08-29,66595.43,PLN,w przygotowaniu,pan Tobiasz Zach
554,UM/2025/00554,1910,2025-01-05,2025-01-12,2028-12-28,275008.38,PLN,zakończona,Natan Gryga
555,UM/2023/00555,1149,2023-01-26,2023-01-27,2024-04-22,78762.87,PLN,zakończona,Andrzej Kiełbowicz
556,UM/2026/00556,31,2026-02-17,2026-02-26,2029-05-27,349740.96,PLN,w przygotowaniu,Aurelia Szachniewicz
557,UM/2024/00557,2285,2024-06-15,2024-07-02,2026-11-27,356375.43,PLN,zakończona,pani Agnieszka Pędrak
558,UM/2022/00558,714,2022-08-20,2022-09-04,2024-05-08,83613.33,zł,zakończona,pan Mikołaj Rajch
559,UM/2026/00559,425,2026-01-24,2026-01-27,2028-12-05,176125.42,PLN,w przygotowaniu,pani Gaja Chadaj
560,UM/2024/00560,1968,2024-01-26,2024-02-12,2025-06-12,43453.55,PLN,zakończona,Ida Rębiś
561,UM/2022/00561,643,2022-03-29,2022-03-31,2024-10-02,370536.66,PLN,aktywna,Janina Ceynowa
562,UM/2023/00562,352,2023-08-29,2023-09-05,2026-07-31,371284.24,PLN,w przygotowaniu,Arkadiusz Wojtarowicz
563,UM/2024/00563,259,2024-04-23,2024-05-02,,11006.21,PLN,w przygotowaniu,Apolonia Kukawka
564,UM/2022/00564,481,2022-09-25,2022-10-07,2023-06-08,213155.83,PLN,w przygotowaniu,Juliusz Nowotny
565,UM/2022/00565,695,2022-03-17,2022-03-26,2024-11-08,373619.4,PLN,w przygotowaniu,Aleks Saternus
566,UM/2023/00566,1768,2023-09-29,2023-10-14,2027-06-29,440065.89,PLN,zakończona,Józef Hejduk
567,UM/2022/00567,2058,2022-07-06,2022-07-10,2023-03-12,90898.28,PLN,zakończona,pan Radosław Sadlik
568,UM/2024/00568,743,2024-09-27,2024-10-01,2028-07-10,129559.04,PLN,zakończona,pani Rozalia Waloszek
569,UM/2025/00569,1736,2025-03-05,2025-03-19,2028-07-21,22165.2,PLN,w przygotowaniu,Leonard Serwach
570,UM/2024/00570,1608,2024-01-28,2024-02-11,2024-12-06,46909.13,PLN,zakończona,pani Olga Jędraszczyk
571,UM/2024/00571,1472,2024-06-05,2024-06-19,2028-06-11,305232.59,PLN,zakończona,Marcin Fras
572,UM/2024/00572,1518,2024-02-07,2024-02-12,2027-05-16,96948.42,PLN,zakończona,pan Krystian Pielach
573,UM/2022/00573,2060,2022-05-27,2022-05-28,2025-12-31,490562.01,PLN,aktywna,pan Witold Glazer
574,UM/2025/00574,775,2025-12-07,2025-12-16,2029-09-06,379474.14,PLN,aktywna,pani Karina Kosno
575,UM/2025/00575,980,2025-11-22,2025-11-30,2028-08-20,171217.99,PLN,aktywna,Hubert Wałdoch
576,UM/2023/00576,393,2023-02-26,2023-02-28,2026-02-01,173584.97,PLN,zakończona,pan Julian Drobisz
577,UM/2024/00577,741,2024-06-15,2024-06-17,2025-09-30,279128.42,PLN,w przygotowaniu,Karina Zbrzeźniak
578,UM/2023/00578,1822,2023-06-03,2023-06-05,2024-02-22,391311.71,PLN,aktywna,pan Mateusz Kołtuniak
579,UM/2024/00579,1781,2024-01-18,2024-02-01,2024-06-23,236604.67,PLN,zakończona,Ryszard Żymełka
580,UM/2025/00580,809,2025-04-16,2025-04-19,2028-12-09,105556.7,PLN,zakończona,pani Rozalia Fit
581,UM/2026/00581,2493,2026-05-19,2026-05-26,2028-04-24,277214.8,PLN,aktywna,Nicole Sudak
582,UM/2023/00582,661,2023-10-09,2023-10-20,2025-09-15,161874.53,PLN,aktywna,Marcelina Ogłaza
583,UM/2026/00583,1478,2026-05-02,2026-05-09,2027-11-06,122293.74,PLN,w przygotowaniu,Dominik Walusiak
584,UM/2025/00584,363,2025-09-29,2025-09-30,2026-12-22,51015.98,PLN,zakończona,Adrian Kopczyk
585,UM/2023/00585,1848,2023-03-19,2023-03-29,2025-09-30,384863.91,PLN,w przygotowaniu,pani Dagmara Szczot
586,UM/2021/00586,1468,2021-11-23,2021-12-11,2023-10-30,381718.97,PLN,zakończona,pan Igor Skupin
587,UM/2024/00587,953,2024-03-11,2024-03-14,2024-09-06,351738.07,PLN,zakończona,pani Lidia Glapiak
588,UM/2021/00588,1756,2021-07-09,2021-07-26,2023-11-01,329315.53,PLN,aktywna,Aniela Graś
589,UM/2023/00589,804,2023-08-14,2023-08-19,2026-12-21,21515.26,PLN,zakończona,pan Fabian Blank
590,UM/2026/00590,1351,2026-01-10,2026-01-19,2027-07-06,186077.02,PLN,aktywna,Albert Gaudyn
591,UM/2025/00591,1929,2025-11-28,2025-12-17,2028-06-05,255635.94,PLN,w przygotowaniu,Marcin Sztuba
592,UM/2026/00592,1790,2026-01-07,2026-01-23,2027-08-07,217356.92,PLN,zakończona,Marika Skała
593,UM/2025/00593,1278,2025-01-29,2025-02-07,2027-01-13,448980.74,PLN,w przygotowaniu,pan Grzegorz Kopczyk
594,UM/2026/00594,125,2026-06-09,2026-06-21,,465499.74,PLN,aktywna,Ryszard Leoniuk
595,UM/2025/00595,1690,2025-09-25,2025-10-09,2026-10-04,380917.51,PLN,w przygotowaniu,pani Sylwia Stein
596,UM/2022/00596,112,2022-04-22,2022-05-04,2026-02-19,410522.32,PLN,aktywna,Jacek Tokarek
597,UM/2023/00597,1207,2023-02-01,2023-02-05,2024-02-17,308379.18,PLN,aktywna,pan Antoni Matraszek
598,UM/2025/00598,367,2025-09-29,2025-10-18,2026-06-21,414924.4,PLN,zakończona,Dariusz Droździk
599,UM/2024/00599,871,2024-01-04,2024-01-24,2025-10-12,380845.06,PLN,w przygotowaniu,Aleks Wojtasiewicz
600,UM/2023/00600,1765,2023-06-02,2023-06-21,2023-12-30,332187.06,PLN,w przygotowaniu,pani Karina Nazarewicz
601,UM/2022/00601,849,2022-06-19,2022-07-05,2023-02-02,240585.32,PLN,aktywna,Marcel Saran
602,UM/2022/00602,76,2022-01-26,2022-02-01,2023-02-09,256289.17,PLN,w przygotowaniu,Gabriel Kempka
603,UM/2024/00603,2070,2024-11-10,2024-11-16,2028-07-27,294174.08,PLN,w przygotowaniu,pan Nikodem Peszko
604,UM/2026/00604,430,2026-06-18,2026-06-29,2026-12-19,444496.69,PLN,w przygotowaniu,Melania Kajstura
605,UM/2025/00605,1432,2025-11-28,2025-12-07,,245545.52,PLN,zakończona,pani Roksana Haponiuk
606,UM/2021/00606,250,2021-12-11,2021-12-31,2024-09-06,488550.7,PLN,w przygotowaniu,Antoni Dudczak
607,UM/2021/00607,157,2021-09-22,2021-10-01,2023-04-30,363969.35,PLN,aktywna,Mikołaj Pszczółka
608,UM/2021/00608,1107,2021-07-22,2021-08-04,2023-09-02,260884.37,PLN,aktywna,Maksymilian Kuk
609,UM/2026/00609,486,2026-01-16,2026-01-24,2027-06-08,106400.54,PLN,aktywna,Leonard Tytko
610,UM/2023/00610,1466,2023-11-07,2023-11-22,2024-02-21,131733.01,PLN,aktywna,pan Ernest Garncarz
611,UM/2022/00611,491,2022-02-06,2022-02-17,,133766.16,PLN,zakończona,Elżbieta Krzykała
612,UM/2025/00612,533,2024-12-24,2025-01-11,2028-10-25,41918.9,PLN,w przygotowaniu,Artur Palak
613,UM/2023/00001,442,2024-02-29,2024-03-19,2027-10-19,190084.75,PLN,w przygotowaniu,Aleksander Zmyślony
614,UM/2026/00614,194,2025-12-27,2026-01-15,2029-12-22,432277.68,zł,aktywna,Krzysztof Dacko
615,UM/2023/00615,270,2023-08-23,2023-09-07,2025-07-27,322077.66,PLN,zakończona,Piotr Piaseczna
616,UM/2025/00616,528,2025-06-24,2025-06-24,2028-11-30,454475.36,PLN,zakończona,pani Klara Kuciel
617,UM/2024/00617,836,2024-09-28,2024-10-10,2026-09-19,13504.3,PLN,w przygotowaniu,pani Julianna Irla
618,UM/2021/00618,1723,2021-08-31,2021-09-16,2022-05-16,7782.49,PLN,aktywna,Gaja Kiedrowicz
619,UM/2023/00619,888,2023-06-06,2023-06-19,2027-06-03,10004.21,PLN,zakończona,Dominik Nyk
620,UM/2023/00620,1227,2023-03-01,2023-03-12,2024-08-13,316201.8,PLN,aktywna,Tymoteusz Szymonik
621,UM/2025/00621,2019,2025-03-19,2025-03-25,2026-12-21,63923.26,PLN,aktywna,Olga Szyda
622,UM/2026/00622,1696,2026-04-28,2026-04-29,2026-01-22,473014.45,PLN,zakończona,Filip Domowicz
623,UM/2022/00623,826,2022-08-09,2022-08-29,2024-10-12,492248.8,PLN,aktywna,Marek Karwala
624,UM/2023/00624,734,2023-07-16,2023-07-27,2025-01-18,482650.67,PLN,w przygotowaniu,Anita Laskus
625,UM/2022/00625,72,2022-07-02,2022-07-11,2024-07-01,497174.03,PLN,zakończona,Sonia Kulon
626,UM/2021/00626,1687,2021-10-11,2021-10-19,2023-07-13,276132.54,PLN,w przygotowaniu,Daniel Szymula
627,UM/2023/00627,1460,2023-05-27,2023-05-30,2025-06-18,341894.15,PLN,w przygotowaniu,Inga Frydrychowicz
628,UM/2025/00628,668,2025-08-21,2025-08-30,2027-02-01,16763.18,PLN,zakończona,pan Arkadiusz Siedlaczek
629,UM/2025/00629,1846,2025-10-27,2025-11-05,2029-09-02,50771.46,PLN,w przygotowaniu,Liwia Pielka
630,UM/2024/00630,1514,2024-09-17,2024-09-23,2026-02-14,283836.42,PLN,w przygotowaniu,Aniela Rosołek
631,UM/2021/00631,2102,2021-07-06,2021-07-26,2023-02-16,388276.02,PLN,aktywna,Klara Tomzik
632,UM/2025/00632,1640,2025-05-28,2025-06-12,2027-11-30,220863.64,PLN,aktywna,pan Ksawery Bilewicz
633,UM/2025/00633,636,2025-01-19,2025-01-21,2027-04-28,491161.59,PLN,zakończona,Łukasz Huczko
634,UM/2025/00634,1552,2025-04-22,2025-05-08,2028-06-03,437785.26,PLN,aktywna,Inga Wujek
635,UM/2023/00635,1067,2023-01-04,2023-01-08,2024-04-29,295367.61,PLN,aktywna,Ida Kubów
636,UM/2026/00636,586,2025-12-22,2026-01-01,,387058.03,PLN,w przygotowaniu,Daniel Pałgan
637,UM/2026/00637,1329,2026-02-28,2026-03-15,2030-01-02,257446.96,PLN,aktywna,Olga Roszko
638,UM/2024/00638,185,2024-12-14,2024-12-20,2028-04-07,239650.74,PLN,aktywna,Karina Batóg
639,UM/2024/00639,845,2024-02-02,2024-02-04,2026-12-25,77548.77,pln,zakończona,Klara Siemek
640,UM/2024/00640,1678,2024-08-08,2024-08-26,2024-04-30,321586.97,PLN,zakończona,Antoni Cibor
641,UM/2024/00641,841,2024-06-19,2024-06-20,2026-09-14,228999.56,PLN,w przygotowaniu,pan Ernest Jasica
642,UM/2024/00642,319,2024-02-11,2024-02-17,2027-06-19,128916.12,zł,aktywna,Anastazja Pniak
643,UM/2025/00643,1430,2025-07-22,2025-08-11,2029-03-06,59678.52,PLN,zakończona,Kalina Dudała
644,UM/2021/00644,235,2021-08-19,2021-08-21,2023-09-04,277222.62,PLN,aktywna,pan Robert Jamroży
645,UM/2025/00645,308,2025-07-01,2025-07-16,2027-12-14,439441.82,PLN,aktywna,pan Krystian Wiesiołek
646,UM/2021/00646,2109,2021-09-26,2021-10-07,2023-07-24,152905.68,PLN,w przygotowaniu,Fabian Bąkiewicz
647,UM/2022/00647,788,2022-02-23,2022-03-03,2023-03-04,253661.85,zł,aktywna,pan Marcin Fidler
648,UM/2021/00648,1165,2021-07-30,2021-08-09,2025-02-12,83541.34,PLN,zakończona,Przemysław Ratka
649,UM/2026/00649,1578,2026-07-03,2026-07-07,2028-02-26,162272.42,PLN,zakończona,pani Klara Turoń
650,UM/2023/00650,1113,2023-12-15,2023-12-23,,51463.03,PLN,aktywna,pani Tola Pawliczak
651,UM/2025/00651,1825,2025-04-10,2025-04-11,2028-09-07,32268.63,PLN,aktywna,Fabian Supernak
652,UM/2024/00652,530,2024-12-24,2024-12-27,2026-04-21,167330.11,PLN,w przygotowaniu,Konrad Grzelec
653,UM/2022/00653,2033,2022-12-15,2022-12-28,2023-11-03,55685.25,PLN,aktywna,Mateusz Fijak
654,UM/2026/00654,2110,2026-07-02,2026-07-09,2028-06-28,79617.52,PLN,w przygotowaniu,Janina Gemza
655,UM/2021/00655,1664,2021-09-28,2021-10-08,2025-05-16,464111.21,PLN,aktywna,Dagmara Salwin
656,UM/2025/00656,313,2025-05-05,2025-05-09,2027-11-27,62601.49,PLN,zakończona,Cezary Szajner
657,UM/2025/00657,1223,2025-07-08,2025-07-24,2028-12-19,44932.96,PLN,w przygotowaniu,Tobiasz Szram
658,UM/2026/00658,248,2026-04-19,2026-04-19,2030-02-11,39431.13,PLN,aktywna,Marcel Stąpor
659,UM/2025/00659,899,2025-07-15,2025-07-15,2026-12-11,62158.65,PLN,zakończona,Sebastian Winek
660,UM/2024/00660,1382,2024-10-11,2024-10-22,2027-03-12,313197.07,PLN,zakończona,Andrzej Byzdra
661,UM/2025/00661,1007,2025-03-11,2025-03-16,,111477.38,pln,w przygotowaniu,Cezary Duczek
662,UM/2025/00662,2197,2025-02-21,2025-03-09,2026-07-05,154408.06,PLN,zakończona,pan Tomasz Kośka
663,UM/2022/00663,1154,2022-11-16,2022-11-28,2024-11-16,445573.37,PLN,aktywna,Roksana Czesak
664,UM/2026/00664,93,2026-01-05,2026-01-20,2029-02-17,132655.68,PLN,w przygotowaniu,Ada Piotrak
665,UM/2025/00665,1286,2025-02-23,2025-03-01,2025-09-21,256706.93,PLN,w przygotowaniu,Mikołaj Piskor
666,UM/2024/00666,56,2024-09-25,2024-10-05,2028-08-07,365329.78,PLN,zakończona,Gabriel Tłuczek
667,UM/2021/00667,1108,2021-08-02,2021-08-07,2025-04-17,262829.58,PLN,aktywna,Marika Kij
668,UM/2024/00668,948,2023-12-20,2024-01-01,2027-04-17,77049.85,pln,zakończona,pani Eliza Szyca
669,UM/2024/00669,352,2024-04-25,2024-04-25,2025-07-25,350372.56,PLN,zakończona,Błażej Wac
670,UM/2022/00670,1175,2022-08-02,2022-08-05,2025-06-16,476759.1,PLN,zakończona,pani Julita Majewicz
671,UM/2024/00671,1433,2024-10-14,2024-10-28,2025-07-07,452681.31,PLN,w przygotowaniu,pani Dagmara Nóżka
672,UM/2024/00672,1529,2024-05-20,2024-05-30,2025-02-16,168739.62,PLN ,w przygotowaniu,pani Eliza Łosiak
673,UM/2023/00673,1464,2023-04-11,2023-04-22,2026-11-16,84565.64,PLN,zakończona,Mikołaj Bzdęga
674,UM/2022/00674,1301,2022-12-25,2022-12-29,2024-08-15,69726.22,PLN,zakończona,pani Kalina Reimann
675,UM/2022/00675,1252,2022-08-29,2022-09-02,2023-08-20,132979.94,PLN,w przygotowaniu,Ewa Melaniuk
676,UM/2024/00676,703,2024-03-13,2024-03-31,2028-02-06,267835.84,PLN,w przygotowaniu,pan Adrian Luberda
677,UM/2022/00677,635,2022-05-31,2022-06-19,2022-11-02,38959.09,PLN,zakończona,Błażej Kozłowicz
678,UM/2022/00678,1288,2022-07-07,2022-07-10,2024-12-02,327231.89,PLN,aktywna,Artur Kuba
679,UM/2025/00679,597,2025-08-02,2025-08-03,2027-04-23,156871.81,PLN,zakończona,pan Daniel Podsiedlik
680,UM/2026/00680,2113,2026-04-07,2026-04-10,2029-04-08,493781.34,PLN,aktywna,Juliusz Sapeta
681,UM/2022/00681,2273,2022-02-14,2022-02-26,2024-01-12,69455.84,PLN,zakończona,pani Agnieszka Skiepko
682,UM/2022/00682,896,2022-10-30,2022-10-31,2023-06-02,441971.66,PLN,zakończona,Kajetan Pietrusiak
683,UM/2026/00683,900,2026-04-28,2026-04-28,2026-12-07,8588.81,PLN,aktywna,Aleks Barteczko
684,UM/2022/00684,1154,2022-09-14,2022-09-27,2023-05-09,151881.36,PLN,zakończona,Apolonia Raźniak
685,UM/2022/00685,1156,2022-07-29,2022-08-05,2023-04-23,233021.24,PLN,zakończona,pan Olaf Kajdan
686,UM/2024/00686,1521,2024-05-06,2024-05-16,2024-10-09,332231.56,PLN,w przygotowaniu,Leonard Pusz
687,UM/2022/00687,1960,2022-04-16,2022-05-01,2023-04-28,12745.06,PLN,w przygotowaniu,Witold Kopyto
688,UM/2022/00688,218,2022-03-30,2022-04-08,2024-11-28,282118.28,PLN,zakończona,Aurelia Samol
689,UM/2025/00689,1938,2024-12-30,2025-01-18,2028-12-10,292269.33,PLN,w przygotowaniu,pani Tola Kiliszek
690,UM/2024/00690,1440,2024-01-18,2024-01-30,2025-05-10,336256.22,PLN,zakończona,Mariusz Strama
691,UM/2025/00691,319,2025-03-09,2025-03-11,2027-02-25,106633.78,PLN,aktywna,Marek Szyja
692,UM/2026/00692,1780,2026-04-28,2026-05-07,2029-02-07,309445.59,PLN,zakończona,pani Olga Kutek
693,UM/2024/00693,1832,2024-01-22,2024-02-03,2025-04-11,95810.21,PLN,w przygotowaniu,Błażej Sendor
694,UM/2023/00694,108,2023-11-10,2023-11-11,2026-12-11,222003.44,PLN,aktywna,Daniel Sromek
695,UM/2025/00695,2045,2024-12-25,2025-01-04,2026-11-03,24814.04,zł,zakończona,pan Gabriel Plak
696,UM/2025/00696,525,2025-02-11,2025-02-12,2026-05-24,48480.02,PLN,aktywna,Daniel Chabior
697,UM/2026/00697,34,2026-06-29,2026-07-08,2029-06-22,72052.13,PLN,w przygotowaniu,pan Tobiasz Kosidło
698,UM/2023/00698,916,2023-08-11,2023-08-18,,324824.19,PLN,aktywna,Nikodem Turlej
699,UM/2022/00699,352,2022-09-17,2022-09-26,2026-01-28,116917.32,PLN,aktywna,Jakub Mizak
700,UM/2023/00700,1767,2023-10-21,2023-11-02,2024-07-01,369585.56,PLN,w przygotowaniu,Dorota Wnuczek
701,UM/2026/00701,1932,2026-06-19,2026-06-28,2030-06-17,339426.06,PLN,zakończona,Marika Andrzejuk
702,UM/2024/00702,163,2024-10-12,2024-10-27,2027-10-18,58123.11,PLN,w przygotowaniu,Dariusz Barteczko
703,UM/2024/00703,1354,2024-07-04,2024-07-06,2028-01-04,396111.68,PLN,aktywna,Maksymilian Hadała
704,UM/2023/00704,1859,2023-08-15,2023-08-19,2026-08-24,120698.45,PLN,aktywna,Nataniel Dziuda
705,UM/2022/00705,482,2022-08-20,2022-08-30,2025-09-06,323944.14,PLN,w przygotowaniu,Elżbieta Paczos
706,UM/2023/00706,745,2023-10-09,2023-10-21,2024-02-09,151410.91,PLN,aktywna,Olgierd Prygiel
707,UM/2023/00707,1239,2023-10-16,2023-10-26,2025-01-22,398698.57,PLN,w przygotowaniu,Józef Jachimczak
708,UM/2025/00708,1542,2025-07-21,2025-08-08,2027-06-13,425487.28,PLN,zakończona,Lidia Talaśka
709,UM/2021/00709,1892,2021-11-21,2021-12-11,2021-12-01,276159.93,PLN,zakończona,Nataniel Małas
710,UM/2026/00710,95,2026-05-17,2026-05-28,2026-10-17,323421.54,PLN,zakończona,Patryk Mikusek
711,UM/2025/00711,277,2025-01-12,2025-01-27,2025-09-08,264780.18,PLN,w przygotowaniu,Przemysław Januchta
712,UM/2023/00712,202,2023-04-11,2023-04-12,2025-02-01,78918.15,zł,zakończona,Aleksander Mierzwiak
713,UM/2026/00713,2085,2026-02-18,2026-03-09,2027-11-22,128488.97,PLN,zakończona,Karina Wenda
714,UM/2023/00714,1809,2023-03-24,2023-04-12,2024-10-26,413053.3,PLN,zakończona,pani Adrianna Tatarek
715,UM/2023/00715,214,2023-09-20,2023-09-29,2026-05-22,155469.59,PLN,zakończona,Igor Działak
716,UM/2025/00716,479,2025-12-15,2025-12-18,2028-10-12,269744.47,PLN,aktywna,Sebastian Pilipczuk
717,UM/2023/00717,692,2023-10-19,2023-11-03,2024-06-18,358706.9,PLN,w przygotowaniu,Krystyna Koczara
718,UM/2022/00718,1825,2022-10-03,2022-10-17,2024-09-11,144823.81,PLN,zakończona,pan Alan Haponiuk
719,UM/2024/00719,1195,2023-12-26,2024-01-06,2027-03-01,350430.36,PLN,zakończona,Róża Fiedler
720,UM/2022/00720,420,2022-10-27,2022-11-16,,258726.44,pln,w przygotowaniu,Adrianna Jaremko
721,UM/2022/00721,1702,2022-02-07,2022-02-22,2024-03-03,164218.94,PLN,zakończona,Aleksander Latacz
722,UM/2022/00722,1373,2022-03-19,2022-03-27,2023-09-05,314307.01,PLN,w przygotowaniu,Karol Sarniak
723,UM/2023/00723,1795,2023-06-24,2023-07-13,2025-09-13,228929.31,PLN,aktywna,Sara Zawal
724,UM/2025/00724,250,2025-07-29,2025-08-13,2028-06-10,446824.8,zł,w przygotowaniu,Dawid Wierzchoń
725,UM/2021/00725,1529,2021-11-03,2021-11-13,2023-11-05,484386.64,PLN,aktywna,Kaja Małys
726,UM/2021/00726,1987,2021-08-26,2021-09-01,2022-04-24,52836.2,PLN,zakończona,pani Blanka Nikel
727,UM/2022/00727,1929,2022-02-16,2022-02-21,2023-03-27,480807.71,PLN,w przygotowaniu,Ksawery Draus
728,UM/2022/00728,752,2022-06-29,2022-07-17,2023-05-25,313552.1,PLN,zakończona,Klara Goliszek
729,UM/2023/00729,521,2023-09-05,2023-09-13,2023-06-25,27080.83,pln,zakończona,pani Anastazja Husak
730,UM/2023/00730,666,2023-06-13,2023-06-23,2027-05-05,425783.06,PLN,aktywna,Iwo Chalimoniuk
731,UM/2024/00731,1183,2024-04-18,2024-05-08,2024-01-16,266362.85,PLN,zakończona,pani Lidia Grzela
732,UM/2023/00732,1653,2023-05-01,2023-05-10,2024-06-22,456354.87,PLN,w przygotowaniu,Agnieszka Karczmarz
733,UM/2023/00733,1794,2023-01-17,2023-01-26,2024-07-11,78072.53,PLN,w przygotowaniu,Tadeusz Polasik
734,UM/2022/00734,97,2022-04-20,2022-04-25,2023-06-04,64464.92,PLN,zakończona,pan Wojciech Gawliczek
735,UM/2021/00735,1714,2021-12-10,2021-12-19,2022-03-26,452353.41,PLN,zakończona,pani Kamila Opoka
736,UM/2021/00736,664,2021-10-04,2021-10-16,2024-08-08,170887.17,PLN,w przygotowaniu,pani Liwia Fudalej
737,UM/2021/00737,1142,2021-11-10,2021-11-26,2022-09-30,231202.84,PLN,aktywna,Marianna Bejm
738,UM/2025/00738,1849,2025-01-11,2025-01-18,2027-08-08,220121.42,PLN,zakończona,Alex Obuchowicz
739,UM/2021/00739,978,2021-09-24,2021-09-29,2022-04-19,487147.05,PLN,w przygotowaniu,Wojciech Latoszek
740,UM/2024/00740,1597,2024-09-19,2024-10-08,2026-12-08,98368.69,PLN,aktywna,Angelika Walo
741,UM/2021/00741,5,2021-11-08,2021-11-21,2024-03-26,364415.89,PLN,aktywna,Agnieszka Łabuś
742,UM/2023/00742,1591,2023-09-23,2023-10-13,2027-03-19,57643.69,PLN,w przygotowaniu,Grzegorz Karłowicz
743,UM/2025/00743,1039,2025-11-03,2025-11-11,2027-12-28,335051.54,PLN,aktywna,pani Ewelina Idzi
744,UM/2022/00744,1025,2022-09-23,2022-10-11,,453576.92,PLN,aktywna,Jerzy Ruszczak
745,UM/2022/00745,137,2022-02-14,2022-02-19,2022-07-14,17560.49,PLN,w przygotowaniu,pani Angelika Ziętal
746,UM/2023/00746,1655,2023-08-29,2023-08-30,2026-08-30,149440.47,PLN ,zakończona,pani Anastazja Folta
747,UM/2022/00747,764,2022-05-10,2022-05-13,2023-12-25,418417.05,PLN,aktywna,pan Borys Ziegler
748,UM/2025/00748,1291,2025-06-15,2025-06-18,2028-04-27,301545.93,PLN,zakończona,Rafał Luks
749,UM/2024/00749,1671,2024-11-12,2024-11-12,2026-02-11,169324.47,PLN,zakończona,Liwia Franc
750,UM/2023/00750,331,2023-07-09,2023-07-17,,339693.45,PLN,aktywna,Tymon Gmur
751,UM/2023/00751,736,2023-01-26,2023-01-27,2024-04-25,248136.16,PLN,aktywna,Ewa Ograbek
752,UM/2023/00752,323,2023-03-01,2023-03-02,2024-08-17,465953.37,PLN,zakończona,Klara Bittner
753,UM/2022/00753,588,2022-06-15,2022-07-02,2023-09-04,233924.56,PLN,w przygotowaniu,pani Aurelia Suszko
754,UM/2024/00754,2076,2024-11-09,2024-11-27,2027-01-06,97046.76,PLN,zakończona,Julian Jakubiuk
755,UM/2024/00755,674,2024-03-28,2024-04-14,2026-03-05,364083.33,PLN,aktywna,Emil Misiaszek
756,UM/2022/00756,1606,2021-12-18,2022-01-07,2024-12-27,236114.46,PLN,w przygotowaniu,Kazimierz Puch
757,UM/2024/00757,2059,2024-01-15,2024-01-31,2023-11-30,29619.54,PLN,aktywna,Inga Jonik
758,UM/2021/00758,136,2021-11-10,2021-11-30,2023-04-27,175685.5,PLN,w przygotowaniu,Jędrzej Kazimierczuk
759,UM/2024/00759,852,2024-10-07,2024-10-23,2025-11-25,112038.13,pln,aktywna,Borys Kidoń
760,UM/2022/00760,1907,2022-05-06,2022-05-21,2023-10-23,168377.32,PLN,zakończona,Kamila Borkowicz
761,UM/2023/00761,123,2023-02-17,2023-03-01,2026-05-07,326840.1,PLN,w przygotowaniu,pani Adrianna Skalik
762,UM/2022/00762,1142,2022-07-24,2022-08-10,2024-05-01,340950.78,zł,zakończona,Marek Anders
763,UM/2024/00763,1679,2024-08-19,2024-08-20,2026-04-14,140091.23,PLN,aktywna,pani Nicole Buksa
764,UM/2025/00764,1713,2025-07-19,2025-07-22,2026-10-01,198612.3,PLN,w przygotowaniu,pani Monika Osial
765,UM/2023/00765,1274,2023-08-08,2023-08-12,2025-09-05,234074.45,PLN,aktywna,Jakub Ochota
766,UM/2022/00766,1921,2022-08-28,2022-08-29,2026-08-06,67005.06,PLN,zakończona,Ignacy Lejk
767,UM/2025/00767,318,2025-04-13,2025-04-25,2027-09-12,306715.84,PLN,w przygotowaniu,Jerzy Kunka
768,UM/2025/00768,1278,2025-10-07,2025-10-22,2026-04-01,335026.87,PLN,aktywna,pan Alex Kazberuk
769,UM/2021/00769,1751,2021-10-14,2021-11-03,2022-12-02,324948.03,PLN,zakończona,Patryk Ceran
770,UM/2023/00770,339,2022-12-26,2023-01-13,2024-12-04,374367.21,PLN,zakończona,pan Mariusz Kostek
771,UM/2022/00771,1905,2022-09-01,2022-09-02,2025-08-29,84311.55,PLN,w przygotowaniu,pan Adam Tatarczyk
772,UM/2023/00772,135,2023-11-08,2023-11-18,2026-09-11,6294.59,PLN,zakończona,Cyprian Imiołczyk
773,UM/2023/00773,974,2023-11-02,2023-11-16,2025-01-23,408943.31,PLN,zakończona,Bianka Płocharczyk
774,UM/2023/00774,1100,2023-10-04,2023-10-14,2027-10-10,491098.93,PLN,zakończona,Bruno Stein
775,UM/2021/00775,1464,2021-08-09,2021-08-11,2023-07-04,43428.8,PLN,w przygotowaniu,pan Artur Monkiewicz
776,UM/2021/00776,1312,2021-09-13,2021-09-25,2024-03-31,366292.35,PLN,aktywna,pani Angelika Siekierka
777,UM/2026/00777,1656,2026-05-07,2026-05-22,2027-09-05,302995.84,PLN,aktywna,pan Emil Gleba
778,UM/2021/00778,2084,2021-12-17,2021-12-27,2024-12-27,57912.77,PLN,zakończona,pani Malwina Damian
779,UM/2024/00779,1861,2024-12-03,2024-12-08,2026-02-21,398461.49,PLN,w przygotowaniu,Anastazja Ceynowa
780,UM/2021/00780,1193,2021-12-24,2021-12-28,2024-07-05,381617.19,PLN,aktywna,Sylwia Jaskóła
781,UM/2026/00781,582,2026-06-18,2026-06-29,2030-02-20,124134.43,PLN,zakończona,Krzysztof Żbik
782,UM/2021/00782,1815,2021-12-04,2021-12-14,,395530.95,PLN,zakończona,pani Gaja Tondera
783,UM/2023/00783,2007,2023-09-18,2023-09-30,2024-06-23,187809.02,PLN,zakończona,Albert Fronczyk
784,UM/2022/00784,1059,2022-06-08,2022-06-19,2023-08-10,420485.51,PLN,w przygotowaniu,Witold Leżoń
785,UM/2026/00785,2415,2026-05-11,2026-05-24,2027-12-17,8016.35,PLN,w przygotowaniu,Ada Myk
786,UM/2024/00786,963,2024-09-02,2024-09-11,2026-02-25,24777.89,PLN,aktywna,Albert Sądej
787,UM/2025/00787,2476,2025-08-16,2025-09-01,,109852.4,PLN,w przygotowaniu,pan Robert Smela
788,UM/2022/00788,748,2022-02-26,2022-03-10,2024-05-28,207909.37,PLN,zakończona,Radosław Hołubowicz
789,UM/2023/00789,97,2023-08-28,2023-09-14,2027-07-24,472335.57,PLN,zakończona,Nataniel Zander
790,UM/2024/00790,1709,2024-10-30,2024-11-09,2027-03-05,120052.23,PLN,aktywna,Maks Towarek
791,UM/2021/00791,587,2021-10-17,2021-11-01,2023-02-15,499385.37,PLN,aktywna,Józef Zasępa
792,UM/2025/00792,1676,2025-01-04,2025-01-04,2026-05-22,141175.8,PLN,aktywna,Leonard Pancerz
793,UM/2025/00793,147,2025-01-03,2025-01-10,2026-02-22,447496.81,PLN,zakończona,Sonia Sorbian
794,UM/2026/00794,1085,2026-01-15,2026-01-19,2026-10-14,341425.26,PLN,aktywna,Leonard Wawszczak
795,UM/2026/00795,1183,2026-01-11,2026-01-25,2028-12-17,412184.95,PLN,zakończona,Kamila Skotarczak
796,UM/2026/00796,933,2026-02-24,2026-03-14,2029-08-19,88536.65,PLN,aktywna,Natasza Łodej
797,UM/2025/00797,2062,2025-05-07,2025-05-26,2027-12-06,139882.44,PLN,w przygotowaniu,pani Marianna Jancewicz
798,UM/2023/00798,647,2023-05-10,2023-05-25,2025-02-05,411790.25,PLN,w przygotowaniu,Aniela Kurnik
799,UM/2026/00799,1010,2026-06-14,2026-06-21,2027-06-03,470004.36,PLN,w przygotowaniu,Klara Para
800,UM/2024/00800,878,2024-10-06,2024-10-10,2027-11-20,376250.02,PLN,aktywna,Ernest Szlachcic
801,UM/2025/00801,713,2025-04-27,2025-05-13,2028-04-02,43650.72,PLN,w przygotowaniu,Marcel Zubowicz
802,UM/2026/00802,2058,2026-03-13,2026-03-16,2028-05-21,315681.79,PLN,w przygotowaniu,Ida Siewert
803,UM/2023/00803,2053,2023-11-22,2023-11-22,2024-07-23,295172.83,PLN,w przygotowaniu,Ignacy Januszko
804,UM/2026/00804,256,2026-02-16,2026-02-24,2026-07-27,10687.08,PLN,aktywna,Justyna Paździora
805,UM/2022/00805,725,2022-10-25,2022-11-08,,74149.44,PLN,zakończona,Julianna Januszewicz
806,UM/2025/00806,1349,2025-11-27,2025-12-01,2027-11-09,93653.53,PLN,zakończona,Julianna Widłak
807,UM/2024/00807,558,2024-11-25,2024-12-07,,244774.45,PLN,aktywna,Dagmara Rohde
808,UM/2025/00808,736,2025-05-30,2025-06-04,2028-05-20,447929.81,PLN,aktywna,pan Szymon Kretowicz
809,UM/2026/00809,1427,2026-01-10,2026-01-17,2028-01-22,73856.98,PLN,aktywna,Łukasz Zadka
810,UM/2025/00810,1608,2025-11-11,2025-11-30,2026-09-13,432680.16,PLN,aktywna,Alan Anioła
811,UM/2025/00811,1813,2025-11-22,2025-11-30,2025-05-25,181384.28,PLN,aktywna,Mieszko Broniek
812,UM/2025/00812,1617,2025-06-25,2025-07-05,2029-06-26,407591.69,PLN,aktywna,pan Andrzej Kozień
813,UM/2023/00813,1635,2023-11-29,2023-12-04,2024-03-11,387682.27,PLN,zakończona,pan Maciej Lang
814,UM/2026/00814,1332,2026-03-22,2026-03-25,2029-10-19,113144.28,PLN,w przygotowaniu,pan Nataniel Karkut
815,UM/2023/00815,20,2023-11-30,2023-12-10,2023-10-25,414142.56,PLN,zakończona,Oskar Trybus
816,UM/2026/00816,1664,2026-04-04,2026-04-16,2027-05-16,372191.56,pln,zakończona,pani Bianka Bacia
817,UM/2021/00817,2098,2021-12-02,2021-12-04,2022-09-11,106886.19,PLN,aktywna,Norbert Witko
818,UM/2025/00818,2291,2025-03-28,2025-04-01,2025-07-07,97460.96,PLN,w przygotowaniu,Marika Olearczyk
819,UM/2022/00819,358,2022-03-06,2022-03-23,2025-09-26,132281.45,PLN,zakończona,Alex Paluszak
820,UM/2023/00820,223,2023-05-16,2023-05-29,2025-09-12,468693.53,PLN,zakończona,pani Sylwia Mostek
821,UM/2024/00821,2084,2024-10-13,2024-10-23,2028-10-12,498451.02,PLN,aktywna,Tola Karol
822,UM/2023/00822,1723,2023-08-16,2023-09-05,2026-06-29,437129.61,PLN,zakończona,Krystian Janowiak
823,UM/2025/00823,309,2024-12-24,2025-01-12,2028-09-30,190167.13,PLN,zakończona,pani Sara Gęsiarz
824,UM/2024/00824,1663,2024-11-01,2024-11-02,2027-07-26,370579.29,PLN,aktywna,Tadeusz Liss
825,UM/2022/00825,1126,2022-08-22,2022-08-31,2022-05-15,286478.3,PLN,w przygotowaniu,pan Dariusz Potaczek
826,UM/2026/00826,427,2025-12-24,2026-01-02,2028-03-13,118013.76,PLN,w przygotowaniu,Maks Orman
827,UM/2021/00827,808,2021-07-24,2021-08-01,2023-05-03,486943.72,PLN,zakończona,Anastazja Błażejczak
828,UM/2024/00828,1713,2024-12-13,2024-12-17,2025-10-15,215482.78,PLN,aktywna,Kaja Tekieli
829,UM/2024/00829,1923,2024-04-28,2024-05-06,2027-03-20,354392.99,PLN,zakończona,Anna Maria Żołnierczyk
830,UM/2022/00830,595,2022-05-18,2022-05-21,2023-08-24,429065.11,PLN,w przygotowaniu,pan Grzegorz Macheta
831,UM/2023/00831,442,2023-03-14,2023-04-01,2024-03-24,420859.57,PLN,aktywna,Bianka Świerszcz
832,UM/2024/00832,116,2024-06-01,2024-06-08,2024-01-26,129429.44,PLN,aktywna,Marika Fugiel
833,UM/2022/00833,1339,2022-02-17,2022-02-20,2024-12-05,16596.24,PLN,aktywna,pan Juliusz Raźny
834,UM/2024/00834,969,2024-10-28,2024-11-14,2027-03-02,164137.04,PLN,w przygotowaniu,Sonia Kosałka
835,UM/2025/00835,964,2025-09-01,2025-09-06,2027-01-30,237503.64,PLN,aktywna,Mariusz Żmija
836,UM/2023/00836,849,2023-03-16,2023-03-26,2025-03-28,44700.85,PLN,aktywna,pani Sara Grupa
837,UM/2023/00837,1747,2023-04-28,2023-05-04,2023-02-17,492367.07,PLN,w przygotowaniu,Mariusz Bartkowicz
838,UM/2023/00838,2361,2023-03-04,2023-03-18,2024-09-19,481555.89,PLN,w przygotowaniu,pan Dawid Ciężka
839,UM/2025/00839,265,2025-04-20,2025-05-02,2029-02-15,115886.45,PLN,aktywna,Piotr Miecznik
840,UM/2025/00840,1070,2025-10-11,2025-10-25,2028-01-06,314480.94,PLN,w przygotowaniu,Ksawery Hamera
841,UM/2023/00841,865,2023-07-20,2023-07-27,2025-04-10,468456.46,PLN,w przygotowaniu,Juliusz Strawa
842,UM/2024/00842,1326,2024-05-15,2024-05-24,2025-07-28,54768.44,PLN,zakończona,Krystian Baumgart
843,UM/2024/00843,577,2024-08-07,2024-08-11,,17270.25,PLN,w przygotowaniu,pan Stefan Stojak
844,UM/2022/00844,1044,2022-04-11,2022-04-21,2025-09-28,386475.3,PLN,w przygotowaniu,Janina Dylik
845,UM/2021/00845,2099,2021-10-07,2021-10-16,2023-01-04,173939.27,PLN,aktywna,Nikodem Nyk
846,UM/2025/00846,1711,2025-04-15,2025-05-03,2028-09-14,477122.34,PLN,aktywna,Piotr Piegza
847,UM/2025/00847,2107,2025-10-17,2025-10-19,2029-03-17,214182.88,PLN,aktywna,Andrzej Dulemba
848,UM/2023/00848,801,2023-08-15,2023-08-18,2025-07-08,460220.23,PLN,zakończona,pan Michał Piekarek
849,UM/2022/00849,1388,2022-12-11,2022-12-14,2025-07-17,100953.87,PLN,w przygotowaniu,Liwia Grys
850,UM/2023/00850,914,2023-12-15,2023-12-28,2024-11-09,233506.95,PLN,zakończona,pan Oliwier Tylec
851,UM/2026/00851,335,2026-04-13,2026-04-26,2028-09-22,51133.05,PLN,aktywna,pani Justyna Sypek
852,UM/2023/00852,988,2023-04-29,2023-05-06,2025-02-12,226884.94,PLN,aktywna,Mikołaj Nabiałek
853,UM/2024/00853,971,2024-03-28,2024-04-09,2028-04-06,235340.42,PLN,aktywna,Krystyna Dziadowicz
854,UM/2024/00854,1982,2024-05-08,2024-05-08,2026-01-19,209384.54,PLN,zakończona,Malwina Korek
855,UM/2022/00855,714,2022-11-22,2022-11-25,2023-08-01,227261.41,PLN,w przygotowaniu,Oliwier Dadej
856,UM/2026/00856,1240,2026-02-16,2026-02-16,2025-11-09,331859.78,PLN,zakończona,Olga Mosur
857,UM/2025/00857,576,2024-12-28,2025-01-16,2027-10-26,213665.86,PLN,aktywna,Aleks Karkocha
858,UM/2026/00858,1118,2026-05-05,2026-05-07,2026-11-20,277751.04,PLN,aktywna,pani Nela Mitek
859,UM/2024/00859,267,2024-12-10,2024-12-29,2026-05-03,378200.19,PLN,aktywna,Hubert Pusz
860,UM/2025/00860,1818,2025-02-15,2025-03-04,2027-07-14,462879.79,PLN,w przygotowaniu,Karol Sulich
861,UM/2024/00861,1578,2024-01-27,2024-02-04,2026-02-05,246208.24,PLN,zakończona,pan Leon Grochowina
862,UM/2021/00862,590,2021-08-01,2021-08-21,2022-07-16,182447.45,PLN,aktywna,Nicole Semenowicz
863,UM/2026/00863,1856,2026-06-13,2026-06-23,2027-05-26,163775.77,PLN,aktywna,Monika Ścibior
864,UM/2023/00864,422,2022-12-25,2023-01-07,2025-06-15,56985.06,PLN,w przygotowaniu,Jędrzej Matejczyk
865,UM/2022/00865,1114,2022-11-13,2022-11-14,2026-02-24,114120.53,PLN,zakończona,pan Olgierd Mroczko
866,UM/2022/00866,1953,2022-03-27,2022-04-06,2024-08-18,141389.47,PLN,zakończona,Róża Kubiaczyk
867,UM/2023/00867,236,2023-11-08,2023-11-26,2027-06-14,147842.03,PLN,zakończona,Wojciech Kiszczak
868,UM/2022/00868,254,2022-03-26,2022-04-14,2024-07-10,176964.42,PLN,aktywna,Bruno Plich
869,UM/2023/00869,894,2023-10-21,2023-11-06,2024-05-29,165714.47,PLN,zakończona,pani Malwina Powązka
870,UM/2022/00870,763,2022-06-10,2022-06-16,2025-07-18,58827.19,PLN,aktywna,Krzysztof Petrus
871,UM/2022/00871,2576,2022-05-08,2022-05-23,2026-02-06,256359.48,PLN,zakończona,pani Malwina Domżał
872,UM/2022/00872,1495,2022-08-23,2022-09-11,2024-12-14,289895.77,PLN,w przygotowaniu,Róża Boruc
873,UM/2024/00873,1677,2024-02-19,2024-02-26,2027-01-05,256610.95,PLN,w przygotowaniu,Jeremi Juroszek
874,UM/2023/00874,607,2023-09-29,2023-10-03,2027-09-08,167718.14,PLN,w przygotowaniu,Rafał Zapadka
875,UM/2025/00875,929,2025-06-05,2025-06-20,2027-03-24,346465.2,PLN,aktywna,pani Bianka Nicewicz
876,UM/2023/00876,724,2023-11-16,2023-12-02,2026-06-08,249164.69,PLN,aktywna,Daniel Omiotek
877,UM/2024/00877,1791,2024-02-12,2024-02-23,2025-01-15,430745.96,PLN,w przygotowaniu,Konrad Bzymek
878,UM/2023/00878,1364,2023-06-13,2023-06-24,2027-01-26,488637.87,PLN,w przygotowaniu,Kalina Młotek
879,UM/2023/00879,196,2023-01-12,2023-01-25,2025-05-20,333073.84,PLN,w przygotowaniu,Róża Furgał
880,UM/2025/00880,2059,2024-12-30,2025-01-03,2027-02-21,303851.31,PLN,w przygotowaniu,pani Ewa Fierek
881,UM/2023/00881,251,2023-10-27,2023-11-15,2025-06-09,287294.25,PLN,zakończona,Olaf Kudłacz
882,UM/2025/00882,1367,2025-06-23,2025-07-03,,347545.8,PLN,zakończona,Cezary Florian
883,UM/2022/00883,838,2022-03-09,2022-03-28,2024-12-26,150302.29,PLN,aktywna,Stanisław Martyn
884,UM/2022/00884,487,2022-01-05,2022-01-13,2024-01-12,80285.4,PLN,aktywna,Kacper Szyndler
885,UM/2023/00885,1270,2023-07-21,2023-07-22,2025-03-19,290317.17,PLN,zakończona,Ada Bidas
886,UM/2026/00886,603,2026-04-04,2026-04-13,2028-09-16,454980.2,PLN,w przygotowaniu,pan Fabian Twardzik
887,UM/2023/00887,1072,2023-07-30,2023-07-31,2026-08-06,155309.59,PLN,zakończona,pani Julita Popielarczyk
888,UM/2022/00888,2476,2022-06-13,2022-06-13,2025-05-31,101328.93,PLN,zakończona,Jakub Szczypek
889,UM/2024/00889,1558,2024-02-16,2024-02-23,2026-10-22,25946.07,PLN,zakończona,Dorota Cydzik
890,UM/2025/00890,1809,2025-12-07,2025-12-25,2029-12-03,406152.59,PLN,zakończona,Oliwier Okraska
891,UM/2023/00891,2,2023-04-22,2023-05-10,2024-01-12,15051.34,PLN,w przygotowaniu,Julianna Ambrożewicz
892,UM/2025/00892,404,2025-03-07,2025-03-26,2027-06-18,425564.3,PLN,aktywna,pani Natasza Mol
893,UM/2024/00893,936,2024-04-08,2024-04-16,2025-06-27,475355.04,PLN,zakończona,Nela Steuer
894,UM/2022/00894,172,2022-02-10,2022-02-18,2024-05-30,60053.42,PLN,w przygotowaniu,Oskar Strzyż
895,UM/2021/00895,205,2021-11-12,2021-11-28,2024-12-14,77317.09,PLN,aktywna,pani Blanka Niewola
896,UM/2022/00896,588,2022-04-23,2022-05-03,2022-11-16,44932.35,PLN,w przygotowaniu,Radosław Podgórny
897,UM/2022/00897,117,2022-09-27,2022-09-27,2026-06-14,90488.96,PLN,w przygotowaniu,pani Olga Czuryło
898,UM/2023/00001,263,2023-07-19,2023-07-21,2024-01-18,152621.34,PLN,zakończona,Klara Kinder
899,UM/2025/00899,723,2025-04-15,2025-05-04,2028-01-31,286522.79,PLN,w przygotowaniu,Ernest Wojnicz
900,UM/2023/00900,1319,2023-06-30,2023-07-04,2025-10-29,121078.29,PLN,w przygotowaniu,Józef Szaj
901,UM/2022/00901,2613,2022-08-03,2022-08-11,2026-04-27,306985.38,PLN,zakończona,Urszula Przewoźnik
902,UM/2023/00902,1200,2023-06-19,2023-06-29,2026-06-06,188995.0,PLN,w przygotowaniu,Kajetan Trznadel
903,UM/2023/00903,559,2023-02-10,2023-02-22,2024-12-23,116713.32,PLN,aktywna,Cyprian Tabisz
904,UM/2026/00904,1260,2026-02-20,2026-03-05,2027-10-19,171982.18,PLN,w przygotowaniu,Tobiasz Misiuk
905,UM/2021/00905,1192,2021-09-30,2021-10-17,2023-03-15,100715.3,PLN,aktywna,Julian Mordak
906,UM/2024/00906,1207,2024-09-08,2024-09-10,2025-09-17,105018.34,PLN,aktywna,Nicole Bienia
907,UM/2023/00907,1662,2023-11-26,2023-12-04,2024-06-11,331079.01,PLN,w przygotowaniu,Marika Mateńko
908,UM/2023/00908,169,2023-01-06,2023-01-12,2026-07-16,183704.03,PLN,w przygotowaniu,Sara Wojak
909,UM/2024/00909,1191,2024-09-21,2024-09-24,2026-05-04,482630.2,PLN,w przygotowaniu,Olaf Mazik
910,UM/2024/00910,797,2024-04-03,2024-04-09,2028-01-09,143068.0,PLN,w przygotowaniu,Ernest Barcz
911,UM/2025/00911,174,2025-03-04,2025-03-18,2026-10-07,56404.28,PLN,w przygotowaniu,pani Apolonia Woronko
912,UM/2026/00912,410,2026-02-01,2026-02-21,2027-03-29,425473.21,PLN,aktywna,Franciszek Litewka
913,UM/2022/00913,70,2022-01-14,2022-01-27,2024-06-19,332910.57,PLN,w przygotowaniu,Witold Polewka
914,UM/2022/00914,275,2022-06-09,2022-06-25,,464378.77,PLN,zakończona,Mikołaj Kiełbik
915,UM/2025/00915,465,2025-02-10,2025-02-12,2029-02-04,331047.08,PLN,aktywna,pani Marika Warczak
916,UM/2024/00916,632,2024-08-03,2024-08-10,2025-03-12,459283.94,PLN,w przygotowaniu,pani Kalina Kuliberda
917,UM/2022/00917,1965,2022-11-28,2022-11-28,2022-08-14,385407.12,PLN,aktywna,Kajetan Pajda
918,UM/2026/00918,1843,2025-12-23,2026-01-11,2028-04-08,441493.37,PLN,aktywna,Leon Jeske
919,UM/2025/00919,1733,2025-12-02,2025-12-11,2028-03-12,135945.51,PLN,aktywna,Ada Reszke
920,UM/2021/00920,776,2021-12-01,2021-12-12,2025-08-03,146698.49,PLN,zakończona,Krzysztof Noculak
921,UM/2025/00921,1601,2025-06-06,2025-06-13,2026-09-24,296324.91,PLN,w przygotowaniu,Natan Zaniewicz
922,UM/2025/00922,666,2025-06-19,2025-06-28,2027-12-08,403818.81,PLN,w przygotowaniu,Karol Hadała
923,UM/2022/00923,2058,2022-06-01,2022-06-09,2023-12-25,483953.35,PLN,aktywna,pani Sandra Zimoląg
924,UM/2021/00924,289,2021-11-02,2021-11-17,2023-05-22,317204.07,PLN,w przygotowaniu,Konrad Sadownik
925,UM/2021/00925,1314,2021-12-24,2021-12-24,2023-09-10,303995.14,PLN,w przygotowaniu,Olgierd Jędra
926,UM/2025/00926,784,2025-02-09,2025-02-28,2025-07-16,337766.74,PLN,zakończona,Sebastian Trybała
927,UM/2022/00927,1542,2022-04-13,2022-05-02,2025-07-02,121523.27,PLN,zakończona,pani Lidia Graś
928,UM/2022/00928,368,2022-11-17,2022-11-17,2026-05-10,192089.9,PLN,w przygotowaniu,pani Nela Kazberuk
929,UM/2024/00929,902,2024-03-27,2024-04-02,2025-10-07,459919.02,PLN,aktywna,Mariusz Fugiel
930,UM/2024/00930,2400,2024-01-13,2024-01-19,2023-12-15,474069.96,PLN,zakończona,pan Ryszard Mejer
931,UM/2024/00931,730,2024-07-24,2024-08-02,2025-02-15,288664.66,PLN,zakończona,pani Aurelia Młocek
932,UM/2024/00932,702,2024-06-17,2024-06-24,,481460.05,zł,zakończona,Tola Domian
933,UM/2024/00933,1357,2024-08-12,2024-08-17,2026-10-22,14582.16,PLN,aktywna,Karol Nocek
934,UM/2025/00934,1492,2025-05-06,2025-05-15,2026-03-30,152065.69,PLN,zakończona,Paweł Polnik
935,UM/2024/00935,2013,2024-08-04,2024-08-23,2026-08-17,71460.95,PLN,zakończona,Damian Wojewodzic
936,UM/2023/00936,1501,2023-01-26,2023-01-29,2023-08-23,399470.48,PLN,w przygotowaniu,Nela Staniaszek
937,UM/2024/00937,58,2024-08-15,2024-08-21,2027-07-01,339582.72,PLN,aktywna,Kamil Fit
938,UM/2022/00938,1852,2022-02-04,2022-02-18,2026-01-12,164774.4,PLN,w przygotowaniu,Karol Kieszek
939,UM/2021/00939,1411,2021-11-03,2021-11-11,2022-11-10,374358.54,zł,w przygotowaniu,pani Ewelina Galon
940,UM/2024/00940,988,2024-11-08,2024-11-26,2028-02-13,38145.56,PLN,aktywna,Elżbieta Łapacz
941,UM/2022/00941,1124,2022-07-15,2022-07-18,2022-10-28,361829.56,PLN,aktywna,Alan Procek
942,UM/2025/00942,538,2025-02-06,2025-02-22,2028-02-13,381207.54,PLN,aktywna,pani Kamila Pizoń
943,UM/2022/00943,1860,2022-05-21,2022-05-26,,298124.2,PLN,zakończona,Antoni Budner
944,UM/2023/00001,469,2023-05-19,2023-05-23,2025-08-21,216227.87,PLN,zakończona,pan Michał Leszczyk
945,UM/2021/00945,229,2021-10-30,2021-11-14,2025-09-22,381553.8,PLN,zakończona,Dorota Koperek
946,UM/2025/00946,867,2025-11-10,2025-11-16,2029-10-17,351271.57,PLN,aktywna,Norbert Dziarmaga
947,UM/2022/00947,424,2022-05-29,2022-06-12,2024-08-24,194175.81,PLN,zakończona,Olga Nagel
948,UM/2026/00948,714,2026-03-27,2026-03-30,2029-06-22,453144.52,PLN,zakończona,Inga Bródka
949,UM/2023/00949,657,2023-02-25,2023-02-28,2025-09-30,426786.95,PLN,aktywna,Marcelina Matela
950,UM/2023/00950,1424,2023-03-18,2023-04-04,,89364.87,PLN,w przygotowaniu,Witold Maligłówka
951,UM/2023/00951,1436,2023-08-02,2023-08-14,2026-02-03,80649.87,PLN,w przygotowaniu,Róża Bartoszczyk
952,UM/2022/00952,1336,2022-06-19,2022-07-08,2026-02-11,17405.94,PLN,w przygotowaniu,pani Anastazja Mierzwiak
953,UM/2024/00953,1217,2024-09-23,2024-09-25,2026-09-07,375602.24,PLN,zakończona,Aurelia Topa
954,UM/2023/00954,1799,2023-07-26,2023-08-08,2025-01-05,423139.65,PLN,zakończona,pani Julianna Halama
955,UM/2025/00955,719,2025-10-17,2025-10-28,2029-03-08,480698.21,zł,zakończona,Melania Żyto
956,UM/2025/00956,1450,2025-10-29,2025-11-15,2028-12-19,214776.96,PLN,zakończona,Patryk Mikosz
957,UM/2024/00957,1711,2024-04-19,2024-05-07,2027-01-16,179692.9,PLN,w przygotowaniu,Stanisław Wydmuch
958,UM/2023/00958,1992,2023-05-16,2023-05-16,2026-05-27,161456.9,PLN,w przygotowaniu,pani Sara Kazek
959,UM/2023/00959,215,2023-10-22,2023-11-03,2026-02-18,232515.59,PLN,w przygotowaniu,pani Anna Maria Biesaga
960,UM/2025/00960,1694,2025-11-16,2025-11-24,2029-05-27,432288.51,PLN,aktywna,Marek Stelmasiak
961,UM/2022/00961,22,2022-02-01,2022-02-11,2021-09-26,308506.25,PLN,zakończona,Inga Roczniak
962,UM/2023/00962,1870,2023-11-15,2023-11-15,2026-12-09,155892.91,PLN,aktywna,Hubert Skała
963,UM/2023/00963,1548,2023-11-20,2023-12-09,2025-08-27,250260.07,PLN,zakończona,Ewa Juras
964,UM/2021/00964,193,2021-10-16,2021-10-25,2025-02-13,344632.22,PLN,zakończona,Malwina Jażdżyk
965,UM/2026/00965,1597,2026-03-30,2026-04-06,2026-07-18,254101.82,PLN,aktywna,Andrzej Tarach
966,UM/2024/00966,130,2024-05-12,2024-05-21,2026-09-18,52003.14,PLN,aktywna,Mateusz Lalak
967,UM/2025/00967,1353,2025-11-01,2025-11-01,2028-09-07,429603.09,PLN,w przygotowaniu,pani Elżbieta Sztuczka
968,UM/2025/00968,114,2025-02-01,2025-02-21,2026-04-20,307657.52,PLN,aktywna,Damian Dybiec
969,UM/2023/00969,451,2023-06-03,2023-06-08,2024-08-28,383210.7,PLN,aktywna,Monika Potok
970,UM/2024/00970,715,2024-08-27,2024-09-14,2025-01-07,408691.02,PLN,w przygotowaniu,Adrianna Kubanek
971,UM/2023/00971,1566,2023-02-15,2023-02-19,2024-11-13,449116.35,PLN,zakończona,Antoni Biegała
972,UM/2022/00972,393,2022-11-24,2022-12-03,2024-12-25,256235.97,PLN,zakończona,Konrad Ładniak
973,UM/2024/00973,376,2024-11-02,2024-11-12,2027-10-03,335515.29,PLN,aktywna,pan Maks Drobik
974,UM/2025/00974,1347,2025-04-23,2025-05-01,2028-12-04,185481.76,PLN,w przygotowaniu,pan Szymon Brojek
975,UM/2024/00975,1283,2024-11-22,2024-11-29,2026-07-04,448885.52,PLN,aktywna,pan Krzysztof Drabczyk
976,UM/2023/00976,1202,2023-05-14,2023-06-01,2026-06-19,304943.57,PLN,w przygotowaniu,Adrianna Cierpka
977,UM/2025/00977,273,2025-05-07,2025-05-20,2029-01-26,295604.45,PLN,aktywna,pani Julianna Rusiniak
978,UM/2023/00978,1392,2023-07-02,2023-07-06,2027-05-17,67601.73,PLN,w przygotowaniu,Michał Gębura
979,UM/2024/00979,1318,2024-03-16,2024-03-18,2028-02-11,65745.01,PLN,aktywna,Piotr Morawiak
980,UM/2024/00980,270,2024-09-18,2024-10-05,2025-04-03,45817.54,PLN,w przygotowaniu,pani Ewa Wesoła
981,UM/2023/00981,1874,2023-03-26,2023-04-02,2026-09-20,383307.1,PLN,aktywna,pan Julian Mostek
982,UM/2022/00982,1734,2021-12-25,2022-01-01,,105765.19,PLN,aktywna,pan Tymoteusz Klimko
983,UM/2024/00983,395,2024-09-20,2024-09-21,2028-01-05,157939.91,PLN,aktywna,Kornelia Duszczyk
984,UM/2023/00984,1596,2023-01-31,2023-02-20,2025-03-10,424950.52,PLN,w przygotowaniu,Wiktor Szulim
985,UM/2025/00985,1103,2025-03-23,2025-03-24,2028-01-04,14971.31,PLN,w przygotowaniu,Tola Latoszek
986,UM/2023/00986,2011,2023-07-23,2023-08-03,2027-04-17,388494.63,PLN,aktywna,pan Albert Gałach
987,UM/2023/00987,1465,2022-12-22,2023-01-10,2024-11-25,367964.92,PLN,aktywna,Elżbieta Szulist
988,UM/2022/00988,1228,2022-01-16,2022-01-21,2022-05-24,9331.08,PLN,w przygotowaniu,pani Adrianna Zwara
989,UM/2023/00989,2105,2023-03-12,2023-03-17,2023-12-15,273126.35,PLN,zakończona,Bianka Dziewit
990,UM/2023/00990,148,2023-04-26,2023-05-10,2025-02-13,274047.7,PLN,aktywna,Fryderyk Skolik
991,UM/2023/00991,143,2023-05-07,2023-05-18,2025-06-19,156105.31,PLN,zakończona,Leon Kyc
992,UM/2026/00992,198,2026-06-25,2026-07-13,2027-06-15,103325.79,PLN,zakończona,pan Robert Szkoda
993,UM/2026/00993,1909,2026-03-28,2026-03-28,2028-12-28,491170.06,PLN,zakończona,pan Sebastian Jagieło
994,UM/2026/00994,1553,2026-03-15,2026-03-15,2029-09-11,493487.66,PLN,w przygotowaniu,Maks Rajtar
995,UM/2023/00995,1736,2023-10-06,2023-10-24,2024-07-29,138521.75,PLN,aktywna,Maksymilian Zastawny
996,UM/2025/00996,412,2025-10-22,2025-10-27,2028-02-11,408755.73,PLN,zakończona,pani Kalina Grześków
997,UM/2025/00997,840,2025-12-11,2025-12-23,2029-05-05,424068.42,PLN,zakończona,Marianna Delikat
998,UM/2025/00998,1493,2025-11-12,2025-11-29,2028-03-05,484731.19,PLN,zakończona,Maksymilian Drwięga
999,UM/2024/00999,1677,2024-02-08,2024-02-26,2024-09-29,310071.45,PLN,aktywna,Alex Chodak
1000,UM/2026/01000,1704,2026-06-22,2026-07-11,2027-07-15,419563.49,PLN,aktywna,Roksana Słonka
1001,UM/2026/01001,1592,2026-02-09,2026-02-27,2028-07-03,336737.27,PLN,zakończona,Mieszko Słupek
1002,UM/2024/01002,1782,2024-11-28,2024-11-28,2025-04-25,425609.19,PLN,w przygotowaniu,pan Witold Majos
1003,UM/2022/01003,1740,2022-07-19,2022-07-22,2025-08-03,10699.1,PLN,aktywna,pani Anita Dułak
1004,UM/2025/01004,1451,2025-07-17,2025-07-19,2027-01-21,329352.77,PLN,aktywna,Sylwia Podpora
1005,UM/2025/01005,1497,2025-01-02,2025-01-20,2026-10-02,354526.75,PLN,zakończona,Konrad Derek
1006,UM/2024/01006,1370,2024-10-15,2024-10-30,2025-09-09,103541.93,PLN,zakończona,pani Ada Jonik
1007,UM/2024/01007,798,2024-11-17,2024-12-04,2026-08-21,173698.34,PLN,w przygotowaniu,Urszula Stochmal
1008,UM/2025/01008,821,2025-03-30,2025-04-05,2027-11-17,238851.2,PLN,w przygotowaniu,Marek Oleksa
1009,UM/2026/01009,1101,2026-05-14,2026-06-01,2029-07-13,346662.04,PLN,aktywna,Arkadiusz Ciesielka
1010,UM/2025/01010,1940,2025-08-14,2025-08-30,2028-12-09,249508.14,PLN,aktywna,pani Inga Panasewicz
1011,UM/2022/01011,2113,2022-03-09,2022-03-11,2025-08-01,315310.62,PLN,w przygotowaniu,Bianka Aleksander
1012,UM/2025/01012,492,2025-05-26,2025-06-02,2026-02-26,117590.99,PLN,zakończona,pani Aurelia Siwa
1013,UM/2024/01013,655,2024-12-17,2024-12-23,2027-01-19,101816.34,PLN,zakończona,Leonard Sypuła
1014,UM/2022/01014,1129,2022-11-14,2022-11-16,2024-01-20,315119.96,PLN,zakończona,pani Urszula Hyjek
1015,UM/2021/01015,1906,2021-08-14,2021-08-17,,73131.18,PLN,w przygotowaniu,Filip Klepka
1016,UM/2024/01016,1705,2024-04-04,2024-04-11,2027-11-24,123596.98,PLN,w przygotowaniu,pani Malwina Pałgan
1017,UM/2024/01017,168,2024-03-26,2024-04-11,2027-12-24,362602.84,PLN,aktywna,Elżbieta Stroka
1018,UM/2025/01018,708,2025-05-04,2025-05-05,2026-07-21,415438.0,PLN,aktywna,Maks Chwała
1019,UM/2022/01019,1251,2022-07-19,2022-07-28,2023-02-13,260010.56,PLN,w przygotowaniu,Szymon Wittbrodt
1020,UM/2026/01020,1303,2026-02-11,2026-02-14,2027-09-16,302258.43,PLN,w przygotowaniu,Sonia Franik
1021,UM/2025/01021,402,2025-11-15,2025-11-28,2029-04-21,440472.99,PLN,w przygotowaniu,pani Melania Ragan
1022,UM/2023/01022,457,2023-07-15,2023-07-16,2026-06-14,400806.22,PLN,aktywna,Olaf Rezmer
1023,UM/2025/01023,70,2025-04-22,2025-04-22,2027-06-18,351948.1,PLN,w przygotowaniu,pani Lidia Daniec
1024,UM/2023/00001,1207,2022-08-03,2022-08-08,2025-09-17,67422.47,PLN,aktywna,Iwo Bobak
1025,UM/2024/01025,510,2024-04-22,2024-05-09,2024-11-04,400558.19,PLN,w przygotowaniu,pan Witold Krokosz
1026,UM/2026/01026,392,2026-03-10,2026-03-17,2027-09-15,247717.74,PLN,w przygotowaniu,Julian Słoń
1027,UM/2023/01027,1055,2023-02-06,2023-02-07,2024-07-10,112858.38,PLN,aktywna,Łukasz Getka
1028,UM/2026/01028,1938,2026-03-20,2026-04-07,2028-06-04,86112.75,PLN,w przygotowaniu,pan Michał Such
1029,UM/2026/01029,373,2026-01-15,2026-01-30,2029-11-28,112392.31,PLN,aktywna,Tymoteusz Kieszek
1030,UM/2023/01030,472,2023-06-27,2023-07-04,2026-09-02,204844.39,PLN,aktywna,Sebastian Wiciak
1031,UM/2025/01031,193,2025-10-24,2025-10-26,2026-12-22,314457.16,PLN,zakończona,Monika Pakosz
1032,UM/2026/01032,1993,2026-04-23,2026-05-12,2027-06-25,209809.57,PLN,zakończona,Maks Siewert
1033,UM/2023/01033,720,2023-03-02,2023-03-04,2025-09-06,47114.36,PLN,zakończona,Sara Pędrak
1034,UM/2021/01034,220,2021-07-27,2021-08-09,2025-05-28,82900.21,PLN,w przygotowaniu,pani Gaja Engler
1035,UM/2022/01035,544,2022-04-21,2022-04-29,2023-03-01,5918.98,PLN,w przygotowaniu,Miłosz Krzyszczak
1036,UM/2023/01036,1166,2023-08-15,2023-09-04,2026-05-07,318431.81,PLN,w przygotowaniu,pani Aniela Siciarz
1037,UM/2023/00001,1593,2026-02-16,2026-02-20,2027-07-31,414237.1,PLN,aktywna,pan Piotr Malcher
1038,UM/2022/01038,1363,2022-03-17,2022-03-18,2023-10-31,316860.09,PLN,aktywna,Gabriel Kamieniarz
1039,UM/2022/01039,1110,2022-02-14,2022-02-22,2023-09-26,462083.86,PLN,zakończona,Kacper Szott
1040,UM/2024/01040,1337,2024-08-05,2024-08-05,2028-02-03,295360.42,PLN,w przygotowaniu,Miłosz Karłowicz
1041,UM/2022/01041,1169,2021-12-23,2022-01-08,2025-03-21,470308.7,PLN,w przygotowaniu,Kornelia Sudnik
1042,UM/2022/01042,1113,2022-12-12,2022-12-30,2025-03-28,139724.82,PLN,w przygotowaniu,pani Melania Borzych
1043,UM/2024/01043,1441,2023-12-30,2024-01-08,2025-01-20,233631.17,PLN,aktywna,Szymon Dubel
1044,UM/2025/01044,1184,2025-03-18,2025-04-02,2025-10-21,126102.45,PLN,zakończona,Apolonia Kara
1045,UM/2022/01045,1835,2022-03-26,2022-04-06,2023-02-10,206550.99,PLN,w przygotowaniu,Andrzej Mysior
1046,UM/2023/00001,8,2022-12-23,2022-12-31,2022-06-16,406841.14,PLN,zakończona,Radosław Matyjaszek
1047,UM/2022/01047,2229,2022-02-06,2022-02-14,2023-12-16,153275.6,PLN,w przygotowaniu,pani Melania Grądziel
1048,UM/2026/01048,2461,2026-01-09,2026-01-18,2028-04-30,258888.92,PLN ,zakończona,Adrian Miszkiewicz
1049,UM/2025/01049,656,2025-09-03,2025-09-13,2027-09-24,68180.63,PLN,w przygotowaniu,Emil Kłysz
1050,UM/2025/01050,1614,2025-10-09,2025-10-18,2028-11-27,190074.42,PLN,aktywna,Szymon Gronkiewicz
1051,UM/2026/01051,940,2026-07-09,2026-07-09,,125751.12,PLN,aktywna,Adrianna Bulanda
1052,UM/2024/01052,1204,2024-03-19,2024-03-23,2027-08-07,39143.95,PLN,w przygotowaniu,Eliza Owczarczak
1053,UM/2022/01053,1790,2022-01-20,2022-02-08,2023-08-10,309109.61,PLN,zakończona,Wiktor Golak
1054,UM/2023/01054,897,2023-05-31,2023-06-19,2025-03-03,108113.1,PLN,zakończona,pan Kazimierz Droś
1055,UM/2024/01055,1808,2024-04-05,2024-04-08,2024-02-22,499319.87,PLN,zakończona,Daniel Banek
1056,UM/2026/01056,669,2026-03-22,2026-03-30,2027-05-04,58677.22,PLN,zakończona,Ryszard Sykała
1057,UM/2025/01057,834,2025-10-15,2025-10-31,2025-04-15,339022.52,PLN,zakończona,pan Paweł Kopała
1058,UM/2025/01058,763,2025-10-11,2025-10-20,2026-08-06,237928.58,PLN,aktywna,Michał Beśka
1059,UM/2022/01059,599,2022-11-04,2022-11-05,2025-08-23,222829.15,PLN ,aktywna,Fabian Leszczak
1060,UM/2024/01060,1416,2024-11-25,2024-12-01,2027-11-15,411726.64,PLN,aktywna,pan Dominik Gadzina
1061,UM/2025/01061,1760,2025-04-27,2025-05-04,2025-11-16,81436.28,PLN,w przygotowaniu,Norbert Raczkiewicz
1062,UM/2024/01062,2006,2024-11-27,2024-12-11,2028-04-24,105658.85,PLN,zakończona,Paweł Andrzejuk
1063,UM/2022/01063,3,2022-05-29,2022-06-14,2023-03-29,171394.1,PLN,w przygotowaniu,Olgierd Ciepłuch
1064,UM/2022/01064,1885,2022-08-03,2022-08-14,,178832.56,PLN,w przygotowaniu,Michał Kozar
1065,UM/2025/01065,1701,2025-12-10,2025-12-17,2027-03-19,80399.46,PLN,aktywna,Jakub Szelest
1066,UM/2024/01066,1152,2024-06-26,2024-07-07,2028-02-23,439630.86,PLN,w przygotowaniu,Aleks Suszko
1067,UM/2021/01067,1420,2021-11-08,2021-11-24,2025-04-07,282396.84,PLN,w przygotowaniu,Marcel Nowotnik
1068,UM/2024/01068,383,2024-10-03,2024-10-19,2027-12-09,62110.65,PLN,aktywna,pani Lidia Skup
1069,UM/2026/01069,1108,2026-01-09,2026-01-14,2029-08-28,281119.53,PLN,zakończona,pan Krzysztof Laszuk
1070,UM/2026/01070,964,2026-02-13,2026-02-22,2029-07-13,68316.64,PLN,w przygotowaniu,pan Cyprian Furmankiewicz
1071,UM/2021/01071,1046,2021-07-21,2021-07-27,2024-02-15,101036.64,PLN,w przygotowaniu,Jerzy Niksa
1072,UM/2025/01072,1308,2025-09-16,2025-09-26,2029-08-29,94849.03,PLN,zakończona,pani Elżbieta Siewert
1073,UM/2022/01073,1163,2022-08-09,2022-08-27,2023-12-14,338918.18,PLN,w przygotowaniu,pan Kornel Leśko
1074,UM/2022/01074,1822,2022-02-06,2022-02-10,2025-09-12,313097.3,PLN,zakończona,pan Tobiasz Fiedorczuk
1075,UM/2021/01075,884,2021-10-29,2021-11-03,2025-04-03,146229.26,pln,zakończona,pan Andrzej Sypek
1076,UM/2025/01076,131,2025-11-26,2025-11-26,2027-04-01,306841.46,PLN,aktywna,pan Daniel Kosznik
1077,UM/2025/01077,922,2025-05-14,2025-05-17,2028-03-13,188713.83,PLN,aktywna,Przemysław Sass
1078,UM/2022/01078,932,2022-04-22,2022-04-22,2024-03-12,329172.06,PLN,w przygotowaniu,pan Kornel Flaga
1079,UM/2026/01079,2040,2026-01-03,2026-01-08,2029-12-29,153584.89,pln,zakończona,Bruno Fronczyk
1080,UM/2024/01080,117,2024-05-02,2024-05-17,2025-12-17,60296.86,PLN,aktywna,Ewelina Pasiak
1081,UM/2022/01081,1499,2021-12-26,2022-01-10,2023-03-18,310092.19,PLN,w przygotowaniu,Agnieszka Bernatek
1082,UM/2024/01082,320,2024-11-07,2024-11-08,2027-07-10,74098.05,PLN,aktywna,Maciej Grunt
1083,UM/2024/01083,734,2024-09-15,2024-09-30,2027-10-25,382852.89,PLN,zakończona,pan Kacper Latek
1084,UM/2023/01084,1475,2023-03-05,2023-03-10,2027-02-01,499787.93,PLN,zakończona,pani Julita Rzeszutko
1085,UM/2023/01085,316,2023-09-06,2023-09-17,2027-02-26,72529.38,PLN,w przygotowaniu,pani Aurelia Dawiec
1086,UM/2022/01086,369,2022-09-09,2022-09-27,2023-06-18,232292.57,PLN,w przygotowaniu,Apolonia Pietrewicz
1087,UM/2024/01087,438,2024-10-02,2024-10-15,2027-01-13,203439.29,PLN,aktywna,Agnieszka Sugier
1088,UM/2022/01088,198,2022-02-25,2022-02-26,2025-05-26,186844.83,PLN,zakończona,Konstanty Kuryłowicz
1089,UM/2021/01089,1912,2021-08-20,2021-09-03,2022-09-22,195536.35,PLN,aktywna,Sonia Ciesielka
1090,UM/2025/01090,911,2025-04-12,2025-04-15,2026-03-29,195092.39,PLN,zakończona,Fabian Rode
1091,UM/2026/01091,1507,2026-04-13,2026-04-15,2029-03-05,13227.28,PLN,aktywna,Witold Domek
1092,UM/2021/01092,1581,2021-08-18,2021-08-31,2023-02-13,375450.13,PLN,zakończona,Nataniel Westfal
1093,UM/2024/01093,980,2024-02-25,2024-03-14,2026-03-13,389585.11,PLN,zakończona,pan Juliusz Basa
1094,UM/2025/01094,1107,2025-02-14,2025-02-28,2026-09-25,485794.77,PLN,aktywna,Nicole Baszak
1095,UM/2025/01095,1104,2025-09-14,2025-09-25,2029-01-16,251957.04,PLN,zakończona,pani Dagmara Ziemann
1096,UM/2022/01096,723,2022-10-27,2022-10-30,2022-05-31,87844.06,PLN,aktywna,Filip Nalazek
1097,UM/2023/00001,787,2024-07-11,2024-07-24,2025-09-12,97653.58,PLN,zakończona,Norbert Czuj
1098,UM/2022/01098,464,2022-04-21,2022-04-23,2024-05-28,70533.83,PLN,w przygotowaniu,Marek Han
1099,UM/2024/01099,843,2024-06-22,2024-06-24,,27306.31,PLN,zakończona,Adrianna Sacharczuk
1100,UM/2022/01100,1805,2022-06-01,2022-06-01,2023-12-19,182101.46,PLN,zakończona,pani Ewa Senator
1101,UM/2025/01101,1208,2025-11-24,2025-12-11,2028-09-26,361627.98,PLN,aktywna,Eliza Bartel
1102,UM/2025/01102,656,2025-05-04,2025-05-08,2027-07-24,288303.57,PLN,zakończona,Agnieszka Wicha
1103,UM/2023/01103,1379,2023-02-11,2023-02-19,2025-08-02,247661.74,PLN,aktywna,Mikołaj Jamroz
1104,UM/2026/01104,1772,2026-01-21,2026-02-09,2026-10-14,47028.97,PLN,zakończona,pan Ernest Kreczmer
1105,UM/2023/01105,220,2023-07-11,2023-07-17,2027-02-14,193053.81,PLN,aktywna,Róża Waloch
1106,UM/2023/01106,650,2023-07-14,2023-07-20,2025-05-17,221043.13,PLN,zakończona,Daniel Subocz
1107,UM/2024/01107,1851,2023-12-22,2024-01-03,2026-08-18,372932.66,PLN,aktywna,pani Melania Kosman
1108,UM/2022/01108,1974,2022-06-18,2022-06-30,2025-01-13,37863.88,PLN,zakończona,pani Elżbieta Rup
1109,UM/2025/01109,49,2025-02-22,2025-03-02,2027-11-18,402568.57,PLN,zakończona,pani Marcelina Banek
1110,UM/2022/01110,1206,2022-06-23,2022-06-28,2023-07-15,346349.93,PLN,zakończona,Aniela Gemza
1111,UM/2024/01111,1068,2024-11-23,2024-11-27,2027-07-19,183744.22,PLN,w przygotowaniu,Agnieszka Zapiór
1112,UM/2024/01112,216,2024-01-18,2024-01-30,2027-04-24,136635.14,PLN,zakończona,Łukasz Fitrzyk
1113,UM/2022/01113,1631,2022-01-08,2022-01-09,2025-09-24,347607.44,PLN,aktywna,Filip Gal
1114,UM/2023/01114,1990,2023-03-02,2023-03-09,2026-04-19,35478.3,PLN,zakończona,Agnieszka Bas
1115,UM/2021/01115,1426,2021-10-14,2021-10-26,2022-10-02,423089.62,PLN,aktywna,Mateusz Perczak
1116,UM/2026/01116,1518,2026-07-10,2026-07-15,2029-12-15,463563.75,PLN,aktywna,Fabian Pruchnik
1117,UM/2025/01117,1303,2025-11-12,2025-11-20,2029-09-19,406075.3,PLN,zakończona,Marcel Derek
1118,UM/2021/01118,1423,2021-08-01,2021-08-01,2022-05-09,338619.34,PLN,zakończona,Gustaw Makurat
1119,UM/2022/01119,1906,2022-09-14,2022-10-03,2026-08-02,487889.03,PLN,aktywna,Sara Banyś
1120,UM/2025/01120,1704,2025-06-16,2025-07-03,2028-09-09,14348.36,PLN,w przygotowaniu,pan Sebastian Grzelczyk
1121,UM/2022/01121,1513,2022-11-17,2022-11-28,2025-01-19,493032.21,PLN,w przygotowaniu,Fabian Zaborek
1122,UM/2022/01122,1069,2022-10-15,2022-10-25,2025-06-15,132192.45,PLN,w przygotowaniu,Kalina Szczepaniec
1123,UM/2024/01123,1839,2024-01-09,2024-01-27,2026-05-30,283012.08,PLN,w przygotowaniu,Angelika Szram
1124,UM/2024/01124,545,2024-03-27,2024-04-07,2025-12-20,367091.72,PLN,aktywna,Jeremi Szurek
1125,UM/2025/01125,237,2025-01-28,2025-02-06,2028-08-08,107285.12,PLN,w przygotowaniu,Hubert Duras
1126,UM/2022/01126,1338,2022-06-19,2022-07-01,2025-06-02,258050.57,PLN,w przygotowaniu,Radosław Startek
1127,UM/2024/01127,1343,2024-04-30,2024-05-01,2027-07-16,403592.85,PLN,zakończona,pan Nataniel Bekus
1128,UM/2024/01128,1766,2024-06-12,2024-06-27,2028-04-29,463277.43,PLN,zakończona,Natasza Malarczyk
1129,UM/2022/01129,2096,2022-11-08,2022-11-11,2023-06-05,167441.72,PLN,aktywna,Kacper Pyć
1130,UM/2024/01130,1799,2024-07-23,2024-08-08,2027-02-11,337657.09,PLN,w przygotowaniu,pan Tobiasz Kusyk
1131,UM/2023/01131,444,2023-01-06,2023-01-09,2022-07-29,423211.68,PLN,w przygotowaniu,Andrzej Szczerbiak
1132,UM/2022/01132,1161,2022-10-08,2022-10-21,2023-12-10,241685.76,PLN,w przygotowaniu,pani Janina Kałek
1133,UM/2025/01133,633,2025-07-10,2025-07-24,2029-05-29,168765.59,PLN,aktywna,Gustaw Wojtak
1134,UM/2024/01134,84,2024-01-08,2024-01-08,2024-11-09,362204.67,PLN,w przygotowaniu,Marcelina Bieleń
1135,UM/2026/01135,1508,2025-12-21,2026-01-09,2029-10-05,320674.24,PLN,aktywna,Norbert Machniak
1136,UM/2023/00001,1991,2023-04-24,2023-05-05,2024-01-01,226745.76,PLN,zakończona,Kaja Wygoda
1137,UM/2022/01137,171,2022-08-26,2022-09-13,2023-12-17,359445.7,PLN,zakończona,pan Radosław Mudlaff
1138,UM/2021/01138,83,2021-12-24,2021-12-26,2023-06-22,144966.88,PLN,zakończona,Bruno Luberda
1139,UM/2023/01139,1976,2023-01-29,2023-02-03,2023-12-11,355311.96,PLN,w przygotowaniu,Robert Pajdak
1140,UM/2023/01140,235,2023-02-28,2023-03-06,2023-10-27,214257.01,PLN,zakończona,Ida Smętek
1141,UM/2024/01141,2478,2024-06-25,2024-07-13,2024-11-09,390545.21,PLN,aktywna,pan Fabian Lichoń
1142,UM/2022/01142,1091,2022-06-01,2022-06-02,,36352.01,PLN,aktywna,Robert Bodek
1143,UM/2024/01143,777,2024-02-11,2024-02-12,2024-10-17,375460.03,PLN,w przygotowaniu,Ryszard Pancerz
1144,UM/2024/01144,1884,2024-04-07,2024-04-10,2024-09-04,264984.44,PLN,zakończona,Ryszard Niewola
1145,UM/2026/01145,234,2026-03-09,2026-03-26,2029-01-18,233165.11,PLN,w przygotowaniu,Paweł Malcharek
1146,UM/2022/01146,886,2022-10-25,2022-11-14,2025-10-13,53683.49,PLN,zakończona,Stanisław Gruszczyk
1147,UM/2026/01147,587,2026-01-06,2026-01-20,2029-07-02,173173.1,PLN,aktywna,Stefan Dreszer
1148,UM/2024/01148,1695,2024-04-21,2024-04-22,2026-04-15,43083.48,PLN,aktywna,Witold Damps
1149,UM/2023/01149,2139,2023-10-04,2023-10-19,2027-08-14,146736.19,PLN,aktywna,Maurycy Błażejewicz
1150,UM/2024/01150,226,2024-11-19,2024-11-21,,257303.38,PLN,aktywna,Mariusz Rzucidło
1151,UM/2023/01151,1632,2023-08-08,2023-08-20,2027-05-30,372090.9,PLN,aktywna,Leon Roj
1152,UM/2024/01152,1548,2024-08-07,2024-08-10,2024-11-25,2613.23,PLN,zakończona,pani Gaja Cimoch
1153,UM/2025/01153,1859,2025-12-18,2025-12-19,2027-07-31,4230.12,PLN,aktywna,Michał Słobodzian
1154,UM/2026/01154,411,2026-03-17,2026-03-17,,459689.51,PLN,aktywna,Tadeusz Gemza
1155,UM/2022/01155,694,2022-04-08,2022-04-20,2023-03-15,280241.87,PLN,aktywna,pan Oskar Sarosiek
1156,UM/2026/01156,172,2026-06-06,2026-06-16,2030-02-22,48803.41,PLN,w przygotowaniu,Maks Sakwa
1157,UM/2021/01157,314,2021-09-17,2021-10-04,2022-09-08,454423.65,PLN,w przygotowaniu,Natasza Szczesiak
1158,UM/2023/01158,803,2023-08-29,2023-09-06,2027-02-06,363414.2,PLN,aktywna,Kornel Mol
1159,UM/2021/01159,1898,2021-07-20,2021-08-02,2023-12-22,308381.91,PLN,zakończona,Sebastian Pułka
1160,UM/2026/01160,163,2026-04-11,2026-04-14,2026-11-22,141524.63,PLN,zakończona,Marcin Fronczek
1161,UM/2022/01161,1744,2021-12-25,2022-01-01,2022-09-15,418136.88,PLN ,w przygotowaniu,Wojciech Swacha
1162,UM/2022/01162,1487,2022-05-22,2022-05-25,2023-06-29,284142.48,zł,zakończona,pani Urszula Melaniuk
1163,UM/2025/01163,2603,2025-11-06,2025-11-22,2026-11-23,315929.99,PLN,aktywna,Oliwier Huber
1164,UM/2023/01164,2587,2023-12-23,2023-12-26,,32393.7,PLN,zakończona,Sebastian Jop
1165,UM/2021/01165,1339,2021-08-24,2021-09-01,2022-10-15,427045.43,PLN,w przygotowaniu,Mateusz Szatanik
1166,UM/2023/01166,1339,2023-09-29,2023-09-30,2025-10-06,486058.61,PLN ,w przygotowaniu,Witold Cuch
1167,UM/2023/00001,343,2023-01-22,2023-02-07,2024-03-23,332024.4,PLN,aktywna,Janina Węgrzynowicz
1168,UM/2023/01168,207,2023-05-10,2023-05-20,2025-02-07,347962.73,PLN,zakończona,Filip Kanik
1169,UM/2025/01169,9,2025-01-03,2025-01-08,2027-02-10,147905.24,PLN,zakończona,Kajetan Buczko
1170,UM/2025/01170,1716,2025-03-10,2025-03-16,2026-03-24,123308.84,PLN,zakończona,Błażej Sumera
1171,UM/2022/01171,473,2022-07-11,2022-07-25,2024-01-31,315049.13,PLN,zakończona,Monika Kala
1172,UM/2024/01172,2039,2024-05-15,2024-05-18,2027-02-08,422088.24,PLN,aktywna,Dariusz Rozumek
1173,UM/2022/01173,634,2022-06-02,2022-06-02,2022-09-04,200909.34,PLN,w przygotowaniu,Melania Żurawik
1174,UM/2022/01174,534,2022-09-18,2022-09-18,2026-05-30,118317.8,PLN,w przygotowaniu,Jędrzej Berek
1175,UM/2023/01175,1743,2023-11-06,2023-11-20,2026-08-26,140757.23,PLN,w przygotowaniu,Ignacy Topa
1176,UM/2026/01176,2526,2026-06-22,2026-07-08,2026-01-27,373034.7,PLN,w przygotowaniu,Dominik Trawka
1177,UM/2021/01177,800,2021-07-26,2021-08-14,,31828.74,PLN,zakończona,pani Róża Balcewicz
1178,UM/2024/01178,944,2024-12-26,2024-12-27,2027-08-29,349286.4,PLN,zakończona,Klara Jenek
1179,UM/2023/01179,1840,2023-11-11,2023-11-24,2026-05-03,88142.72,PLN,zakończona,Ewelina Kurzydło
1180,UM/2021/01180,642,2021-09-06,2021-09-25,2025-07-11,424650.27,PLN,w przygotowaniu,pani Sara Jaźwiec
1181,UM/2023/01181,288,2023-04-02,2023-04-22,2026-12-21,21740.11,PLN,w przygotowaniu,pani Marika Świt
1182,UM/2024/01182,1700,2024-04-18,2024-04-27,2025-04-03,411047.91,PLN,w przygotowaniu,Leonard Jędruch
1183,UM/2023/01183,1314,2023-05-05,2023-05-25,2025-01-30,251562.65,PLN,zakończona,Jeremi Kielczyk
1184,UM/2025/01184,1668,2025-08-20,2025-08-31,2027-08-14,234419.33,PLN,w przygotowaniu,Filip Janiuk
1185,UM/2022/01185,1845,2022-03-18,2022-03-21,2023-11-03,172941.62,PLN,zakończona,Łukasz Gasik
1186,UM/2022/01186,2057,2022-06-12,2022-06-30,2025-05-08,106737.45,PLN,aktywna,pani Julita Bastek
1187,UM/2024/01187,881,2024-06-20,2024-06-24,2027-04-30,468704.51,PLN,aktywna,pani Sylwia Wałęsa
1188,UM/2026/01188,1547,2026-01-15,2026-01-28,2028-12-12,480471.16,PLN,zakończona,pani Eliza Trybała
1189,UM/2025/01189,1186,2025-10-14,2025-10-18,2029-01-14,250310.08,PLN,zakończona,Natan Faryna
1190,UM/2025/01190,1187,2025-10-30,2025-11-12,2029-06-10,344607.96,PLN,zakończona,pan Michał Jeżyna
1191,UM/2025/01191,241,2025-01-23,2025-01-29,2026-11-13,446223.75,PLN,aktywna,pan Aleks Oczko
1192,UM/2025/01192,637,2025-07-16,2025-08-05,2025-12-30,50962.47,PLN,zakończona,pan Grzegorz Wolan
1193,UM/2022/01193,1703,2022-11-03,2022-11-13,2025-04-08,378646.2,PLN,w przygotowaniu,Adrian Gabara
1194,UM/2023/01194,825,2023-02-27,2023-03-16,2023-01-02,495042.82,PLN,aktywna,Konstanty Imiołczyk
1195,UM/2022/01195,1020,2022-09-27,2022-10-06,2023-10-10,394941.81,PLN,zakończona,pan Andrzej Mroczko
1196,UM/2025/01196,895,2025-08-01,2025-08-12,2027-03-26,194411.03,PLN,w przygotowaniu,Stefan Komisarek
1197,UM/2026/01197,543,2026-01-18,2026-02-03,2027-03-31,299736.54,PLN,w przygotowaniu,Sylwia Szwiec
1198,UM/2025/01198,1495,2025-10-22,2025-11-06,2028-06-03,335751.55,PLN,zakończona,Julianna Bryzek
1199,UM/2024/01199,610,2024-12-12,2024-12-12,2028-10-01,486623.97,PLN,aktywna,Norbert Klekot
1200,UM/2026/01200,2294,2026-04-07,2026-04-10,2029-12-19,101715.41,PLN,w przygotowaniu,Mikołaj Wejman
1201,UM/2024/01201,1625,2024-03-02,2024-03-04,2028-01-01,396376.6,PLN,aktywna,Mateusz Bartkowicz
1202,UM/2023/01202,1974,2023-08-10,2023-08-10,2026-05-31,50550.03,PLN,zakończona,Tobiasz Brudny
1203,UM/2026/01203,472,2026-06-20,2026-06-22,2027-03-21,178711.61,PLN,w przygotowaniu,Hubert Pędrak
1204,UM/2022/01204,1559,2022-02-25,2022-03-01,,106720.07,PLN,zakończona,pan Grzegorz Dryka
1205,UM/2022/01205,1120,2022-11-28,2022-12-03,2026-08-02,274858.09,PLN,aktywna,Sonia Gryska
1206,UM/2023/01206,1896,2023-07-14,2023-07-26,2023-01-20,169601.22,zł,w przygotowaniu,Melania Szyguła
1207,UM/2025/01207,1542,2025-11-21,2025-11-27,2026-07-06,449282.08,PLN,zakończona,Fryderyk Legutko
1208,UM/2026/01208,1493,2026-06-30,2026-06-30,2030-04-25,185192.82,pln,zakończona,Sebastian Hajduga
1209,UM/2026/01209,562,2026-02-23,2026-02-26,2029-10-18,436004.9,PLN,zakończona,Juliusz Drywa
1210,UM/2021/01210,379,2021-11-30,2021-12-01,2022-05-18,16183.36,PLN,w przygotowaniu,pan Grzegorz Żołądź
1211,UM/2026/01211,1208,2026-05-01,2026-05-08,2028-01-30,8550.12,PLN,aktywna,pani Rozalia Nazarewicz
1212,UM/2024/01212,923,2024-02-14,2024-02-18,,375257.46,PLN,w przygotowaniu,Tomasz Nieścioruk
1213,UM/2023/01213,1627,2023-08-12,2023-08-30,2025-10-15,145261.18,PLN,zakończona,Stanisław Sasak
1214,UM/2025/01214,773,2025-02-12,2025-03-01,2027-09-22,5251.88,PLN,w przygotowaniu,Julian Miecznik
1215,UM/2024/01215,1568,2024-06-28,2024-07-04,2025-09-21,467185.41,PLN,zakończona,Roksana Bachanek
1216,UM/2026/01216,1709,2026-01-29,2026-02-05,2028-11-02,347793.09,PLN,aktywna,pan Konrad Margol
1217,UM/2022/01217,1010,2022-01-16,2022-01-18,2024-01-11,373555.26,PLN,zakończona,pani Nicole Kapuścik
1218,UM/2023/01218,2061,2023-06-03,2023-06-18,2024-12-27,496258.43,PLN,zakończona,Ksawery Kołton
1219,UM/2022/01219,762,2022-02-17,2022-03-02,2023-11-27,360882.23,zł,zakończona,Adam Łosiewicz
1220,UM/2022/01220,905,2022-04-23,2022-04-23,2025-11-15,397264.49,PLN,w przygotowaniu,Mariusz Rycerz
1221,UM/2026/01221,1563,2026-01-15,2026-01-18,2027-09-26,141362.53,PLN,aktywna,Janina Pielka
1222,UM/2024/01222,2074,2024-05-22,2024-05-24,2025-10-09,207101.91,PLN,zakończona,Gaja Doruch
1223,UM/2025/01223,1282,2025-07-04,2025-07-13,2026-07-13,436164.23,PLN,zakończona,Cezary Pociask
1224,UM/2024/01224,1944,2024-07-09,2024-07-17,2026-05-20,123816.43,PLN,w przygotowaniu,pan Igor Rychcik
1225,UM/2023/01225,1377,2023-03-10,2023-03-14,2026-03-08,398434.84,PLN,w przygotowaniu,Marianna Stefanik
1226,UM/2024/01226,1251,2024-03-30,2024-04-09,2025-06-04,408604.1,PLN,zakończona,pan Ryszard Krężołek
1227,UM/2024/01227,732,2024-09-14,2024-09-19,2028-01-30,462958.15,PLN,zakończona,Natan Machowiak
1228,UM/2023/01228,1209,2023-06-19,2023-06-19,2025-08-23,364314.09,PLN,zakończona,Maks Mytnik
1229,UM/2022/01229,88,2022-05-29,2022-05-29,2023-05-04,57269.85,PLN,w przygotowaniu,pani Anita Krystkowiak
1230,UM/2024/01230,1637,2024-11-12,2024-11-15,2028-07-18,55648.37,PLN,zakończona,Tymoteusz Zagozda
1231,UM/2024/01231,1318,2024-01-13,2024-01-21,2027-04-03,186510.66,PLN,w przygotowaniu,Dominik Pupek
1232,UM/2025/01232,129,2025-09-02,2025-09-13,2029-08-01,220652.56,PLN,w przygotowaniu,Julian Sabała
1233,UM/2024/01233,1575,2024-08-11,2024-08-15,2026-12-31,488258.47,PLN,zakończona,Liwia Proch
1234,UM/2024/01234,881,2024-11-14,2024-11-21,2026-02-15,283692.61,PLN,aktywna,Tymon Pietrusiewicz
1235,UM/2025/01235,134,2025-08-08,2025-08-28,2025-12-13,447494.55,PLN,w przygotowaniu,Szymon Jarema
1236,UM/2023/01236,2210,2023-06-13,2023-07-02,2025-09-18,168002.73,PLN,w przygotowaniu,Nikodem Nieszporek
1237,UM/2022/01237,1513,2022-07-21,2022-08-02,2026-06-01,346903.44,PLN,zakończona,Lidia Goss
1238,UM/2026/01238,894,2026-04-10,2026-04-13,2029-04-05,88679.75,PLN,zakończona,Marcelina Stasica
1239,UM/2022/01239,1484,2022-05-26,2022-06-11,2024-06-07,359976.89,PLN,zakończona,Antoni Obarzanek
1240,UM/2026/01240,2311,2026-01-23,2026-01-30,2026-07-04,499906.75,PLN,w przygotowaniu,Maciej Batóg
1241,UM/2026/01241,257,2026-01-31,2026-02-14,2027-01-09,176176.71,PLN,zakończona,Natan Mordak
1242,UM/2022/01242,845,2022-11-10,2022-11-21,2026-11-16,279034.88,zł,zakończona,pani Klara Gierak
1243,UM/2022/01243,723,2022-05-06,2022-05-09,2024-03-31,169114.2,PLN,zakończona,Jerzy Andrejczuk
1244,UM/2023/01244,1266,2023-12-09,2023-12-18,2027-06-16,110918.88,PLN,zakończona,Marcel Oleszko
1245,UM/2026/01245,1949,2026-07-09,2026-07-11,2029-11-03,229347.25,PLN,aktywna,pani Kaja Leoniak
1246,UM/2022/01246,884,2022-10-28,2022-11-08,2024-11-29,448127.2,PLN,w przygotowaniu,Ewelina Czenczek
1247,UM/2024/01247,344,2024-06-07,2024-06-08,2027-12-17,457077.26,PLN,zakończona,Piotr Kapuścik
1248,UM/2024/01248,1355,2024-07-16,2024-07-29,2025-10-18,80365.58,PLN,zakończona,Natan Koczara
1249,UM/2022/01249,1739,2022-09-24,2022-10-02,2026-06-04,100354.47,PLN,aktywna,pani Julianna Hankiewicz
1250,UM/2026/01250,1764,2026-05-08,2026-05-10,,383855.19,PLN,aktywna,Sara Żabierek
1251,UM/2025/01251,579,2025-02-14,2025-03-03,2028-10-10,210928.72,PLN,w przygotowaniu,Marika Szymańczak
1252,UM/2025/01252,1202,2025-04-03,2025-04-07,2028-03-06,333654.4,PLN,zakończona,Grzegorz Wałęsa
1253,UM/2024/01253,422,2024-03-24,2024-04-03,2026-05-09,111894.06,zł,w przygotowaniu,Alex Łachacz
1254,UM/2024/01254,194,2023-12-22,2024-01-09,2025-01-13,220352.65,PLN,w przygotowaniu,Przemysław Dziurla
1255,UM/2023/01255,2478,2023-07-05,2023-07-17,2023-12-27,308362.88,PLN,aktywna,Agnieszka Solarczyk
1256,UM/2025/01256,527,2025-05-06,2025-05-23,2029-03-27,157550.83,PLN,w przygotowaniu,Monika Proć
1257,UM/2023/01257,1351,2023-09-23,2023-10-11,2026-12-04,430746.64,PLN,zakończona,Sandra Duras
1258,UM/2021/01258,1170,2021-12-13,2021-12-31,2024-08-07,119050.01,PLN,aktywna,Maksymilian Ławniczek
1259,UM/2025/01259,357,2025-10-28,2025-11-07,2026-07-26,191378.85,PLN,w przygotowaniu,pani Blanka Bałazy
1260,UM/2025/01260,1302,2025-07-01,2025-07-10,2028-10-21,482191.6,PLN,aktywna,Fryderyk Krzysiek
1261,UM/2023/01261,408,2023-09-07,2023-09-23,2024-09-03,21602.65,PLN,w przygotowaniu,pan Albert Pastuszko
1262,UM/2025/01262,41,2025-06-04,2025-06-11,2029-05-15,375347.25,PLN,zakończona,Juliusz Mendak
1263,UM/2022/01263,946,2022-12-05,2022-12-16,2024-02-26,370111.98,zł,w przygotowaniu,Angelika Łosiak
1264,UM/2023/01264,593,2023-05-01,2023-05-20,2024-08-03,329928.3,PLN,zakończona,Cyprian Betlej
1265,UM/2026/01265,1635,2026-02-22,2026-02-24,2028-05-19,100435.77,PLN,aktywna,pan Grzegorz Dyszy
1266,UM/2026/01266,985,2026-03-13,2026-04-01,2028-12-17,258264.66,PLN,zakończona,pan Adam Kwasek
1267,UM/2021/01267,1192,2021-12-14,2021-12-30,2025-11-16,145275.9,PLN,zakończona,pani Kamila Frydrychowicz
1268,UM/2023/01268,815,2023-01-28,2023-01-28,2025-01-17,2984.21,PLN,w przygotowaniu,Wiktor Romankiewicz
1269,UM/2023/01269,1847,2023-02-26,2023-03-13,2025-05-01,234969.83,PLN,zakończona,pan Bartek Bartman
1270,UM/2022/01270,1203,2022-03-15,2022-03-28,2026-02-12,411092.84,PLN,w przygotowaniu,pani Apolonia Rochowiak
1271,UM/2026/01271,411,2026-02-20,2026-03-08,2028-05-15,105773.69,pln,zakończona,Jerzy Pancerz
1272,UM/2022/01272,717,2022-11-24,2022-12-05,2022-11-15,111623.83,PLN ,aktywna,pan Mikołaj Włodarz
1273,UM/2025/01273,807,2025-07-06,2025-07-07,2028-03-10,166926.6,pln,w przygotowaniu,pan Sebastian Juszczuk
1274,UM/2023/01274,2072,2023-07-04,2023-07-16,2026-05-19,202528.26,PLN,aktywna,Eliza Barłóg
1275,UM/2024/01275,766,2024-01-27,2024-02-06,2024-09-02,12590.89,PLN,w przygotowaniu,Damian Frymus
1276,UM/2023/01276,1748,2023-09-11,2023-09-12,2026-05-04,468235.26,PLN,w przygotowaniu,pan Emil Naumiuk
1277,UM/2025/01277,79,2025-02-08,2025-02-24,2024-12-25,468311.54,PLN,w przygotowaniu,Anna Maria Litwiniuk
1278,UM/2022/01278,336,2022-05-21,2022-05-22,2025-01-09,211009.73,PLN,w przygotowaniu,Inga Zawodnik
1279,UM/2023/01279,1418,2023-11-03,2023-11-09,2026-03-10,68836.59,PLN,zakończona,Jakub Bartela
1280,UM/2024/01280,440,2024-04-14,2024-05-04,,354860.12,PLN,aktywna,Natasza Dawidczyk
1281,UM/2022/01281,58,2022-07-19,2022-07-27,2024-05-04,98551.69,PLN,zakończona,Antoni Domka
1282,UM/2024/01282,2109,2024-06-16,2024-06-22,2026-04-23,159858.04,PLN,zakończona,pan Maksymilian Sado
1283,UM/2021/01283,22,2021-10-31,2021-11-02,2022-02-14,276534.62,PLN,w przygotowaniu,Angelika Stawczyk
1284,UM/2022/01284,2104,2022-05-22,2022-06-06,2022-09-19,53731.79,PLN,w przygotowaniu,Mieszko Cader
1285,UM/2022/01285,499,2022-09-21,2022-10-09,2025-12-29,108546.49,PLN,w przygotowaniu,Gaja Bernatek
1286,UM/2024/01286,595,2024-10-11,2024-10-26,2028-08-09,41530.59,PLN,aktywna,pani Janina Wdowczyk
1287,UM/2024/01287,903,2024-05-07,2024-05-24,2027-12-18,420663.34,PLN,aktywna,Marek Kansy
1288,UM/2024/01288,1958,2024-12-05,2024-12-24,2028-03-22,65159.13,PLN ,zakończona,Arkadiusz Teter
1289,UM/2023/01289,399,2023-05-18,2023-06-03,2023-09-06,477593.98,PLN,zakończona,pan Adam Nalewajek
1290,UM/2025/01290,1871,2025-08-27,2025-09-09,2027-12-19,372489.27,PLN,aktywna,pani Julianna Namysł
1291,UM/2024/01291,1766,2024-05-21,2024-06-04,2024-11-06,342153.54,PLN,zakończona,Konrad Klinkosz
1292,UM/2025/01292,2435,2025-09-21,2025-10-04,2026-09-15,66452.54,PLN,w przygotowaniu,Bartek Tatarczyk
1293,UM/2025/01293,1368,2025-12-07,2025-12-11,2026-09-04,343376.1,PLN,w przygotowaniu,Justyna Tałaj
1294,UM/2022/01294,2091,2022-10-23,2022-10-26,2024-01-03,453582.48,PLN,zakończona,Ryszard Samul
1295,UM/2023/00001,1381,2026-06-11,2026-06-13,2029-02-20,244258.9,PLN,zakończona,pan Jan Dziewit
1296,UM/2022/01296,845,2022-09-05,2022-09-07,2023-05-14,423029.15,PLN,zakończona,Marcel Michniak
1297,UM/2023/01297,1008,2023-03-05,2023-03-08,2026-08-15,120405.42,PLN,aktywna,Franciszek Leśny
1298,UM/2025/01298,1748,2025-07-17,2025-07-22,2028-07-17,391926.25,PLN,zakończona,Anastazja Gramza
1299,UM/2023/01299,1012,2023-06-09,2023-06-24,2027-03-08,212113.6,PLN,zakończona,pani Natasza Ignatiuk
1300,UM/2021/01300,523,2021-11-18,2021-11-28,2022-09-04,219209.66,PLN,zakończona,pani Julita Stempniak
1301,UM/2025/01301,452,2025-01-13,2025-01-25,2027-03-17,108034.53,PLN,aktywna,Emil Giezek
1302,UM/2024/01302,1921,2024-02-08,2024-02-11,2025-04-23,383866.49,PLN,zakończona,Gustaw Łakota
1303,UM/2024/01303,1694,2024-07-17,2024-07-22,2025-11-21,267967.19,PLN,w przygotowaniu,pan Marcel Suszka
1304,UM/2022/01304,498,2022-08-19,2022-08-26,2024-07-04,392322.03,PLN,aktywna,Aleks Przewłoka
1305,UM/2022/01305,1161,2022-07-30,2022-08-11,2023-12-27,7175.25,PLN,zakończona,Hubert Olma
1306,UM/2023/01306,1704,2023-04-01,2023-04-21,2026-11-14,480640.71,PLN,zakończona,Nela Ofiara
1307,UM/2023/01307,1236,2023-05-01,2023-05-21,2026-02-17,372705.8,PLN,zakończona,pani Anna Maria Tomaszczyk
1308,UM/2025/01308,1248,2025-06-17,2025-06-25,2027-06-30,269884.04,PLN,aktywna,Łukasz Kotlarek
1309,UM/2024/01309,892,2024-05-24,2024-06-12,2027-06-07,490312.91,PLN,w przygotowaniu,Artur Pieszak
1310,UM/2022/01310,521,2022-07-10,2022-07-20,2023-05-22,452842.62,pln,w przygotowaniu,Kazimierz Jankowicz
1311,UM/2024/01311,1930,2024-07-31,2024-08-08,2027-08-05,410885.74,PLN,zakończona,Blanka Tofil
1312,UM/2021/01312,267,2021-11-08,2021-11-18,2023-05-08,34077.65,PLN,zakończona,Ada Wacławiak
1313,UM/2025/01313,1554,2025-10-23,2025-11-03,2029-10-25,27889.43,PLN,w przygotowaniu,Robert Kinal
1314,UM/2025/01314,1324,2025-03-28,2025-04-10,2027-11-07,310209.94,PLN,zakończona,Gustaw Węgrzynek
1315,UM/2025/01315,2464,2025-05-27,2025-06-04,2026-11-24,147284.56,PLN,zakończona,Anita Kasper
1316,UM/2021/01316,1262,2021-12-28,2021-12-30,2023-07-10,83505.18,PLN,w przygotowaniu,Kaja Gierasimiuk
1317,UM/2022/01317,1020,2022-11-15,2022-11-23,2026-09-26,432095.84,PLN ,aktywna,Adrianna Wiaderek
1318,UM/2021/01318,1510,2021-08-30,2021-09-13,2024-04-28,413677.72,PLN,aktywna,Sara Romankiewicz
1319,UM/2024/01319,1825,2024-12-12,2024-12-25,2028-09-16,419598.1,PLN,zakończona,Sylwia Pitura
1320,UM/2023/01320,175,2023-11-20,2023-12-03,2025-01-17,409178.81,PLN,w przygotowaniu,pani Nela Pogorzelec
1321,UM/2021/01321,955,2021-10-25,2021-10-31,2023-05-27,489501.23,PLN,zakończona,Dawid Bruzda
1322,UM/2026/01322,2231,2026-04-30,2026-05-08,2029-04-29,156385.32,PLN,aktywna,Justyna Barej
1323,UM/2021/01323,1032,2021-09-23,2021-09-29,2025-02-14,293119.44,PLN,aktywna,Marianna Wojciech
1324,UM/2025/01324,762,2025-10-03,2025-10-04,2026-08-19,451151.41,PLN,aktywna,Dorota Jędrak
1325,UM/2025/01325,145,2025-04-08,2025-04-27,2027-02-09,368133.41,PLN,zakończona,Elżbieta Chyb
1326,UM/2025/01326,751,2025-08-25,2025-09-09,2028-10-19,368267.01,PLN,aktywna,pani Dorota Czak
1327,UM/2026/01327,812,2026-06-30,2026-07-04,2029-06-22,407952.16,PLN,aktywna,Wojciech Chmielak
1328,UM/2022/01328,45,2022-09-15,2022-09-28,2023-06-08,199293.33,PLN,zakończona,Aurelia Piegza
1329,UM/2024/01329,396,2023-12-16,2024-01-01,2026-04-06,466115.5,PLN,zakończona,Kornelia Cyrulik
1330,UM/2024/01330,2042,2024-05-09,2024-05-29,2027-07-03,311473.92,PLN,w przygotowaniu,Maurycy Kocaj
1331,UM/2024/01331,1248,2024-08-09,2024-08-20,2027-10-02,426922.97,PLN,w przygotowaniu,Robert Kościelak
1332,UM/2025/01332,1457,2025-06-20,2025-07-04,,350584.68,PLN,zakończona,pan Łukasz Szumiło
1333,UM/2022/01333,1198,2021-12-25,2022-01-13,2022-11-01,44215.36,PLN,w przygotowaniu,Aleks Rejniak
1334,UM/2026/01334,1707,2026-04-11,2026-04-13,2028-03-04,324005.8,PLN,w przygotowaniu,pan Eryk Natanek
1335,UM/2021/01335,725,2021-11-03,2021-11-10,2021-04-26,319669.9,PLN,w przygotowaniu,Apolonia Wosiak
1336,UM/2026/01336,395,2026-01-22,2026-01-22,2028-04-16,269915.66,PLN ,w przygotowaniu,pan Konrad Ceran
1337,UM/2026/01337,545,2026-04-25,2026-05-10,2027-09-30,335634.26,PLN,zakończona,Kornelia Karczmarek
1338,UM/2023/01338,1744,2023-09-17,2023-10-04,2026-12-02,485611.81,PLN,w przygotowaniu,Franciszek Jażdżyk
1339,UM/2024/01339,1236,2024-10-01,2024-10-05,2027-12-14,9852.39,PLN,aktywna,Damian Mulawa
1340,UM/2022/01340,1356,2022-08-09,2022-08-10,2025-01-05,321096.9,PLN,aktywna,Cyprian Pyc
1341,UM/2026/01341,573,2026-06-17,2026-06-25,2028-07-02,47797.42,PLN,zakończona,pan Wojciech Litwinowicz
1342,UM/2025/01342,162,2025-10-02,2025-10-16,2026-12-24,498848.9,PLN,zakończona,Karina Kurach
1343,UM/2026/01343,914,2026-04-10,2026-04-16,2027-01-25,169317.17,PLN,w przygotowaniu,Marcin Ruman
1344,UM/2023/01344,1531,2023-02-06,2023-02-21,2026-10-02,219184.1,PLN,aktywna,Jan Łuszczak
1345,UM/2025/01345,1711,2025-07-18,2025-07-20,2029-05-01,496918.84,PLN,w przygotowaniu,pani Dagmara Małocha
1346,UM/2023/01346,675,2023-01-09,2023-01-27,2026-11-12,239448.87,PLN,zakończona,pani Karina Sztaba
1347,UM/2025/01347,844,2025-11-05,2025-11-21,2027-11-30,478499.4,PLN,w przygotowaniu,Norbert Bączkiewicz
1348,UM/2024/01348,287,2024-01-14,2024-01-18,2026-07-11,347682.19,PLN,w przygotowaniu,pani Ada Krzempek
1349,UM/2024/01349,2011,2024-01-15,2024-01-27,2026-08-16,77017.16,PLN,w przygotowaniu,Elżbieta Tusk
1350,UM/2026/01350,1374,2026-05-04,2026-05-13,2027-09-16,315879.74,PLN,zakończona,Józef Waszczyk
1351,UM/2025/01351,1150,2025-09-30,2025-10-07,2026-05-24,493584.42,PLN,aktywna,Kalina Wosiek
1352,UM/2023/01352,2098,2023-06-08,2023-06-28,2024-11-03,96393.32,PLN,zakończona,Gabriel Malewicz
1353,UM/2024/01353,1486,2024-09-01,2024-09-08,2028-07-11,489950.36,PLN,aktywna,Cezary Kijas
1354,UM/2022/01354,131,2022-07-07,2022-07-23,2023-02-01,383215.31,PLN,w przygotowaniu,Olga Kurpisz
1355,UM/2021/01355,196,2021-10-18,2021-10-18,2023-10-16,433957.31,PLN,zakończona,Hubert Szczypiór
1356,UM/2022/01356,132,2022-02-14,2022-02-20,2024-11-29,202822.15,PLN ,zakończona,pani Anita Klejna
1357,UM/2022/01357,2011,2022-07-26,2022-08-02,2024-03-12,109646.85,PLN,aktywna,Sara Dzwonnik
1358,UM/2023/01358,611,2023-03-18,2023-03-27,2027-01-12,32240.52,PLN,w przygotowaniu,pan Leonard Kobak
1359,UM/2024/01359,2100,2023-12-22,2024-01-09,2024-12-17,449403.63,PLN,zakończona,Marianna Sych
1360,UM/2023/00001,1968,2022-06-05,2022-06-20,2023-02-18,303165.94,PLN,w przygotowaniu,Sonia Adamaszek
1361,UM/2026/01361,578,2026-01-26,2026-02-15,2028-01-08,305239.61,PLN,aktywna,Oskar Stwora
1362,UM/2021/01362,2028,2021-09-28,2021-10-02,2022-07-31,248369.06,PLN,zakończona,Tadeusz Wylegała
1363,UM/2024/01363,332,2024-07-26,2024-08-05,2025-08-03,446797.34,PLN,zakończona,pan Szymon Gosik
1364,UM/2025/01364,82,2025-10-25,2025-11-09,2027-12-29,342244.35,PLN,zakończona,Tola Stypa
1365,UM/2022/01365,922,2022-11-14,2022-11-18,2023-07-30,137655.73,PLN,aktywna,pan Julian Kubisz
1366,UM/2025/01366,1596,2025-04-07,2025-04-09,2027-01-21,311536.25,PLN,zakończona,Melania Myszor
1367,UM/2025/01367,1307,2025-06-21,2025-06-23,2029-05-01,305554.4,PLN,zakończona,Fryderyk Kurc
1368,UM/2022/01368,377,2022-07-01,2022-07-09,2025-06-18,176099.16,PLN,aktywna,pan Tomasz Sołtan
1369,UM/2023/01369,1776,2023-11-22,2023-12-08,2025-12-15,218501.71,PLN,aktywna,Maurycy Franiak
1370,UM/2024/01370,2413,2023-12-30,2024-01-13,2027-02-23,231782.43,PLN,w przygotowaniu,pan Krystian Ogrodowicz
1371,UM/2026/01371,504,2026-07-02,2026-07-07,2026-05-09,33851.4,PLN,w przygotowaniu,Arkadiusz Geisler
1372,UM/2024/01372,354,2024-09-18,2024-10-03,2026-02-04,190462.41,PLN,w przygotowaniu,pani Sonia Smutek
1373,UM/2024/01373,2005,2024-03-08,2024-03-28,2024-06-28,6642.64,PLN,aktywna,Aleks Parkitna
1374,UM/2022/01374,1797,2022-06-20,2022-07-08,2026-05-22,431042.27,PLN,aktywna,pan Filip Buszka
1375,UM/2025/01375,1254,2025-08-29,2025-09-08,2027-06-26,92336.23,PLN,w przygotowaniu,Marika Małocha
1376,UM/2026/01376,803,2026-04-24,2026-04-24,2028-03-08,349998.17,PLN,aktywna,pani Krystyna Nurek
1377,UM/2022/01377,2036,2022-09-29,2022-10-15,2026-06-07,318926.3,PLN,aktywna,Dominik Pitek
1378,UM/2023/01378,1736,2023-11-20,2023-11-30,2025-10-07,416913.75,PLN,zakończona,pan Nikodem Magier
1379,UM/2025/01379,360,2025-08-24,2025-09-10,2029-04-14,207891.09,PLN,w przygotowaniu,Anita Liśkiewicz
1380,UM/2025/01380,2094,2025-08-16,2025-08-31,2027-08-13,348780.37,PLN,w przygotowaniu,Miłosz Kopa
1381,UM/2025/01381,731,2025-07-16,2025-07-16,2026-11-14,105550.63,PLN,w przygotowaniu,Borys Wyskiel
1382,UM/2022/01382,1549,2022-04-21,2022-05-08,,429629.81,PLN,zakończona,Marcel Bartel
1383,UM/2024/01383,105,2024-04-24,2024-05-14,2027-04-03,342839.9,PLN,zakończona,Bartek Bazyluk
1384,UM/2023/01384,2012,2023-07-27,2023-08-13,2025-12-12,184651.62,PLN,zakończona,Bruno Schwarz
1385,UM/2023/01385,1584,2023-05-15,2023-05-25,2023-01-03,107967.48,PLN,w przygotowaniu,Jan Bartoś
1386,UM/2022/01386,1715,2022-05-03,2022-05-12,2024-01-25,103356.58,PLN,w przygotowaniu,Apolonia Bekus
1387,UM/2022/01387,529,2022-03-04,2022-03-08,2023-09-04,87478.88,PLN,zakończona,pani Dorota Jezior
1388,UM/2023/01388,1060,2023-08-19,2023-08-21,2023-12-28,69923.72,PLN,zakończona,pan Grzegorz Ciechowicz
1389,UM/2023/01389,978,2023-09-25,2023-10-06,2025-09-21,365729.36,PLN,aktywna,Kamil Daniec
1390,UM/2024/01390,1292,2024-09-25,2024-10-06,2026-08-02,483882.13,PLN,w przygotowaniu,pan Eryk Słupek
1391,UM/2025/01391,952,2025-02-28,2025-03-03,2027-11-26,143948.63,PLN,w przygotowaniu,Jędrzej Grycz
1392,UM/2022/01392,1737,2022-05-14,2022-05-27,2026-05-06,89480.49,PLN,w przygotowaniu,Aurelia Goś
1393,UM/2022/01393,1796,2022-12-10,2022-12-23,2025-12-23,2218.01,PLN,w przygotowaniu,Blanka Rychcik
1394,UM/2022/01394,244,2022-05-15,2022-05-30,2025-06-21,480937.53,PLN,aktywna,Leonard Wawrzyńczyk
1395,UM/2021/01395,1045,2021-10-21,2021-10-31,2022-11-20,263283.34,PLN,w przygotowaniu,Marika Wołodźko
1396,UM/2024/01396,1118,2024-07-05,2024-07-08,2027-03-02,314851.68,PLN,w przygotowaniu,pan Daniel Łudzik
1397,UM/2024/01397,1594,2024-10-19,2024-11-07,2026-06-10,239690.18,PLN,aktywna,pan Eryk Masłoń
1398,UM/2025/01398,917,2025-03-12,2025-03-31,2029-01-29,383134.38,PLN,aktywna,Karina Nieszporek
1399,UM/2024/01399,803,2024-05-07,2024-05-23,2025-09-25,223607.76,PLN,zakończona,Melania Bulak
1400,UM/2024/01400,862,2024-08-13,2024-08-30,2027-10-13,360140.87,PLN,zakończona,Mateusz Sass
1401,UM/2024/01401,613,2024-06-15,2024-06-26,2027-12-27,256850.07,zł,zakończona,pani Julita Gnyp
1402,UM/2022/01402,1777,2022-09-09,2022-09-26,2026-02-08,52145.63,PLN,zakończona,Kornel Zadworny
1403,UM/2023/01403,582,2023-06-29,2023-07-06,2024-10-07,166977.94,PLN,zakończona,pani Kalina Waszczyk
1404,UM/2026/01404,966,2026-01-18,2026-02-02,2029-11-23,272166.6,PLN,zakończona,pani Marcelina Blaut
1405,UM/2022/01405,1475,2022-11-07,2022-11-11,2026-08-25,57889.1,PLN,w przygotowaniu,pan Gustaw Duniec
1406,UM/2024/01406,1544,2024-06-11,2024-06-27,2024-03-31,128570.13,PLN,w przygotowaniu,pan Jerzy Kanik
1407,UM/2023/01407,807,2023-10-22,2023-10-28,2024-03-28,464653.19,PLN,aktywna,Jacek Kosz
1408,UM/2024/01408,1438,2024-11-20,2024-11-21,2028-08-05,271050.11,PLN,zakończona,Jan Graś
1409,UM/2022/01409,1673,2022-05-14,2022-06-03,2023-07-13,217526.19,PLN,w przygotowaniu,Bianka Nalazek
1410,UM/2022/01410,1842,2022-01-07,2022-01-19,2022-08-12,220743.04,PLN,w przygotowaniu,Urszula Kieca
1411,UM/2024/01411,1693,2024-01-04,2024-01-18,2027-04-24,335673.65,PLN,aktywna,Gaja Pudełek
1412,UM/2025/01412,1975,2025-06-26,2025-06-28,2029-02-09,266854.43,PLN,aktywna,pan Kazimierz Front
1413,UM/2024/01413,1470,2024-11-30,2024-12-20,2025-06-20,288537.13,PLN,zakończona,Jacek Bielas
1414,UM/2023/01414,933,2023-12-15,2023-12-21,2027-01-10,17467.51,PLN,aktywna,Fryderyk Nitkiewicz
1415,UM/2025/01415,1150,2025-06-08,2025-06-09,2028-05-29,334647.96,PLN,aktywna,pan Marcin Sołek
1416,UM/2022/01416,1589,2022-12-26,2022-12-29,2024-01-10,28610.8,PLN,aktywna,Ksawery Stempin
1417,UM/2022/01417,1146,2022-11-12,2022-11-29,2024-01-03,346768.11,PLN,zakończona,Andrzej Budkiewicz
1418,UM/2022/01418,1435,2022-08-08,2022-08-11,2025-01-14,264547.62,PLN,zakończona,Juliusz Kalarus
1419,UM/2025/01419,455,2025-11-17,2025-12-06,2029-07-28,268724.05,PLN,zakończona,Eryk Stojak
1420,UM/2025/01420,333,2025-10-08,2025-10-14,2028-03-27,71474.3,PLN,zakończona,Nicole Grześków
1421,UM/2021/01421,976,2021-08-24,2021-09-04,2024-03-01,485900.3,PLN,aktywna,Tadeusz Grześków
1422,UM/2023/01422,1651,2023-01-09,2023-01-15,2025-11-26,300109.74,PLN,zakończona,Maksymilian Siekierka
1423,UM/2024/01423,1626,2024-03-07,2024-03-23,2025-04-18,162078.08,PLN,aktywna,Apolonia Bobryk
1424,UM/2024/01424,1225,2024-02-23,2024-03-01,2025-03-12,254552.9,zł,w przygotowaniu,Blanka Materek
1425,UM/2025/01425,34,2025-06-14,2025-06-14,2027-09-08,289892.26,PLN,w przygotowaniu,Nela Gryciuk
1426,UM/2024/01426,1777,2024-05-16,2024-06-03,2027-01-27,81362.22,PLN,w przygotowaniu,pani Angelika Krakowczyk
1427,UM/2023/01427,1283,2023-01-22,2023-01-22,2026-12-02,464958.42,PLN,aktywna,pani Kaja Pryk
1428,UM/2026/01428,118,2026-06-02,2026-06-11,2028-03-09,252107.06,PLN,zakończona,Maurycy Poleszak
1429,UM/2025/01429,1413,2025-09-12,2025-10-01,2027-04-01,244399.23,PLN,zakończona,Paweł Kaszkowiak
1430,UM/2023/00001,1318,2022-10-21,2022-10-28,2024-09-04,495707.79,PLN,zakończona,Jacek Handzel
1431,UM/2025/01431,1605,2025-01-06,2025-01-09,2028-06-09,358191.86,PLN,zakończona,Róża Matejczuk
1432,UM/2024/01432,1822,2024-04-26,2024-05-10,2027-10-27,72067.44,PLN,aktywna,pani Nicole Sapała
1433,UM/2022/01433,1260,2022-04-26,2022-05-08,2025-01-01,365500.42,PLN,aktywna,Alex Kupidura
1434,UM/2025/01434,992,2025-10-11,2025-10-18,2025-07-14,474951.83,PLN,aktywna,pan Arkadiusz Wypchło
1435,UM/2022/01435,46,2022-05-17,2022-05-21,2025-06-01,230646.99,PLN,zakończona,pan Kornel Frankowicz
1436,UM/2025/01436,1951,2025-09-06,2025-09-19,2026-04-19,402661.36,PLN,w przygotowaniu,pani Marika Mosiołek
1437,UM/2024/01437,997,2024-02-24,2024-03-12,2026-11-21,346247.98,PLN,zakończona,Witold Langier
1438,UM/2022/01438,1468,2022-02-22,2022-03-01,2023-10-28,435548.87,PLN,zakończona,Rozalia Lisoń
1439,UM/2025/01439,41,2025-03-10,2025-03-13,,465392.0,PLN,w przygotowaniu,pani Dagmara Suda
1440,UM/2026/01440,635,2026-07-20,2026-07-21,2027-03-12,249481.56,PLN,aktywna,Marcelina Wosiek
1441,UM/2021/01441,1649,2021-10-23,2021-11-11,2022-04-01,429477.2,PLN,w przygotowaniu,Arkadiusz Pyrz
1442,UM/2025/01442,1426,2025-05-12,2025-05-23,2026-02-02,265341.55,PLN,zakończona,Aleksander Przybyś
1443,UM/2024/01443,643,2024-09-25,2024-09-29,2026-03-21,433448.39,PLN,zakończona,Janina Bereda
1444,UM/2023/01444,1787,2023-04-26,2023-05-06,2025-08-01,92185.95,PLN,aktywna,Adrian Gorgol
1445,UM/2022/01445,1244,2022-03-23,2022-04-09,2023-01-20,492818.55,PLN,zakończona,Norbert Wojtaszak
1446,UM/2023/01446,777,2023-01-27,2023-02-15,2023-11-03,401046.59,PLN,w przygotowaniu,pan Maks Rozum
1447,UM/2024/01447,2408,2024-09-27,2024-10-11,2027-02-13,201611.16,PLN,w przygotowaniu,Kamila Hałka
1448,UM/2022/01448,2451,2022-08-27,2022-09-03,2024-02-02,276264.42,PLN,zakończona,Sebastian Janc
1449,UM/2023/01449,1340,2023-12-10,2023-12-28,2027-07-05,456169.58,PLN,zakończona,pani Ida Szmalec
1450,UM/2021/01450,1784,2021-07-31,2021-08-19,2023-11-02,185296.98,PLN,aktywna,pan Przemysław Wielądek
1451,UM/2021/01451,855,2021-08-05,2021-08-18,2024-04-17,451821.58,PLN,w przygotowaniu,Tomasz Jamrożek
1452,UM/2025/01452,575,2025-12-01,2025-12-17,2026-07-25,425945.85,PLN,zakończona,Adrian Rompa
1453,UM/2021/01453,464,2021-10-13,2021-10-15,2024-11-07,227235.45,PLN,aktywna,pan Emil Gemza
1454,UM/2021/01454,939,2021-08-26,2021-09-11,,73487.46,PLN,zakończona,Jędrzej Kalista
1455,UM/2023/01455,1806,2023-04-11,2023-04-27,2024-04-22,291920.04,PLN,w przygotowaniu,Mateusz Mrózek
1456,UM/2026/01456,1625,2026-07-13,2026-07-17,2029-12-15,253151.55,PLN,aktywna,pan Franciszek Koman
1457,UM/2021/01457,767,2021-07-21,2021-08-07,2025-06-11,144162.03,PLN,zakończona,Dariusz Pochroń
1458,UM/2022/01458,2059,2022-05-03,2022-05-14,2023-01-12,24620.07,PLN,zakończona,Anita Podsiadła
1459,UM/2026/01459,2375,2026-05-25,2026-05-28,2026-12-10,285907.13,PLN,aktywna,Maks Hamerla
1460,UM/2025/01460,219,2025-03-12,2025-03-20,2027-10-02,351145.38,PLN,w przygotowaniu,Alan Sibiga
1461,UM/2023/01461,1725,2023-07-07,2023-07-17,2026-09-30,132458.8,PLN,w przygotowaniu,Jeremi Litewka
1462,UM/2021/01462,1114,2021-12-01,2021-12-09,2025-04-04,480704.12,PLN,w przygotowaniu,Krystian Michalczak
1463,UM/2026/01463,1753,2026-06-05,2026-06-16,2028-01-22,495038.44,PLN,zakończona,Kamila Cyman
1464,UM/2021/01464,765,2021-11-27,2021-12-12,2025-09-06,321091.8,PLN,aktywna,Kalina Szarejko
1465,UM/2025/01465,1039,2025-05-14,2025-05-30,2027-09-30,229221.98,PLN,w przygotowaniu,Bruno Gajcy
1466,UM/2024/01466,1378,2024-03-03,2024-03-15,2024-08-27,190900.91,PLN,aktywna,pani Angelika Sulik
1467,UM/2021/01467,1522,2021-09-05,2021-09-17,2022-03-22,498297.55,PLN ,w przygotowaniu,Rafał Wypiór
1468,UM/2025/01468,1115,2025-02-20,2025-03-12,2027-03-04,196277.21,PLN,aktywna,Ernest Kuran
1469,UM/2023/01469,399,2023-07-27,2023-07-31,,420186.68,PLN,w przygotowaniu,pani Melania Lamch
1470,UM/2025/01470,1371,2025-12-02,2025-12-03,2027-05-29,209107.88,PLN,w przygotowaniu,Jacek Lejman
1471,UM/2023/01471,1773,2023-08-28,2023-08-29,2026-01-05,423373.65,PLN,zakończona,Mikołaj Bernatek
1472,UM/2021/01472,86,2021-09-04,2021-09-20,2023-12-03,426433.02,PLN,w przygotowaniu,pan Damian Niewola
1473,UM/2023/01473,1754,2023-08-15,2023-08-25,2026-06-17,242865.38,PLN,w przygotowaniu,Wiktor Keler
1474,UM/2022/01474,1019,2022-09-13,2022-10-01,2025-08-31,49013.59,PLN,w przygotowaniu,Damian Makaruk
1475,UM/2023/01475,1092,2023-04-08,2023-04-15,,231372.9,PLN,w przygotowaniu,Ryszard Bytner
1476,UM/2026/01476,171,2026-04-09,2026-04-15,2029-11-10,163477.62,PLN,aktywna,Rafał Szumacher
1477,UM/2022/01477,1588,2022-01-08,2022-01-08,,296652.39,PLN,aktywna,pani Ida Korkosz
1478,UM/2022/01478,1731,2022-04-23,2022-05-01,2025-02-17,249047.89,PLN,zakończona,pani Elżbieta Pasieczna
1479,UM/2022/01479,934,2022-08-05,2022-08-10,2024-04-05,41249.19,PLN,aktywna,Witold Wiencek
1480,UM/2026/01480,202,2026-02-08,2026-02-12,2029-11-28,218990.68,pln,zakończona,Janina Foit
1481,UM/2025/01481,961,2025-10-15,2025-10-30,2026-10-28,225558.95,PLN,w przygotowaniu,pan Krzysztof Listwan
1482,UM/2024/01482,898,2024-08-19,2024-08-26,2025-07-05,4710.58,PLN,w przygotowaniu,Jan Miętus
1483,UM/2022/01483,1078,2022-11-22,2022-12-03,2023-09-19,489140.1,PLN,aktywna,Dawid Słomian
1484,UM/2024/01484,54,2024-04-17,2024-04-23,2027-07-20,155035.66,pln,aktywna,Roksana Poczta
1485,UM/2026/01485,741,2025-12-31,2026-01-16,2025-08-29,222044.46,PLN,w przygotowaniu,Dagmara Oleszczak
1486,UM/2022/01486,1708,2022-05-23,2022-06-02,2024-09-15,202302.29,pln,w przygotowaniu,Kornel Pawliszyn
1487,UM/2023/01487,140,2023-09-25,2023-10-05,2026-04-29,460161.5,PLN,aktywna,Adrian Golisz
1488,UM/2021/01488,1476,2021-09-08,2021-09-25,2022-04-04,288308.27,PLN,zakończona,pan Jędrzej Bernatek
1489,UM/2026/01489,475,2026-06-20,2026-06-30,2027-12-12,235090.66,PLN,zakończona,Marika Zaniewicz
1490,UM/2026/01490,380,2026-05-19,2026-05-29,2026-12-13,135509.85,PLN,w przygotowaniu,pani Agnieszka Stępak
1491,UM/2024/01491,1860,2024-07-23,2024-08-09,2026-09-20,54161.12,PLN,w przygotowaniu,Wiktor Myszor
1492,UM/2021/01492,1860,2021-10-13,2021-11-01,2024-10-10,483348.51,PLN,w przygotowaniu,Sara Maksimowicz
1493,UM/2026/01493,437,2026-01-07,2026-01-16,2027-10-28,440076.66,PLN,w przygotowaniu,pan Alan Filek
1494,UM/2026/01494,1424,2026-05-22,2026-06-11,2027-05-01,491314.88,PLN,aktywna,Dagmara Szczypek
1495,UM/2023/01495,1752,2023-03-06,2023-03-19,2024-12-23,47235.72,PLN ,w przygotowaniu,Roksana Kręcisz
1496,UM/2025/01496,1398,2025-03-23,2025-03-31,2028-10-27,56150.33,PLN,aktywna,Tobiasz Tomys
1497,UM/2021/01497,1666,2021-09-22,2021-10-03,2022-01-08,208097.95,PLN,aktywna,Dominik Elsner
1498,UM/2023/01498,1754,2023-09-24,2023-10-11,2026-03-19,277089.09,PLN,zakończona,Elżbieta Szarejko
1499,UM/2026/01499,2177,2026-05-05,2026-05-12,2028-05-13,388861.3,PLN,w przygotowaniu,Cezary Filus
1500,UM/2025/01500,901,2025-05-10,2025-05-25,2027-11-18,465649.25,PLN ,zakończona,pan Krzysztof Fornalik
1501,UM/2023/01501,1477,2023-11-22,2023-12-11,2026-08-14,310739.09,PLN,zakończona,pani Bianka Mikosz
1502,UM/2025/01502,187,2025-01-04,2025-01-09,2028-08-18,331690.55,PLN,zakończona,Juliusz Borzych
1503,UM/2023/01503,955,2023-02-02,2023-02-19,2024-02-15,52038.87,PLN,zakończona,Witold Trojanek
1504,UM/2022/01504,1562,2022-07-15,2022-07-28,2023-11-07,486272.23,PLN,w przygotowaniu,Justyna Budniak
1505,UM/2026/01505,442,2026-04-05,2026-04-21,2028-04-14,324416.59,PLN,aktywna,pan Iwo Troć
1506,UM/2023/01506,657,2023-04-06,2023-04-23,2025-09-17,258846.32,PLN,zakończona,Adrianna Wojtczuk
1507,UM/2022/01507,245,2022-10-01,2022-10-12,2024-11-26,376181.52,PLN,aktywna,Przemysław Mysior
1508,UM/2022/01508,1478,2022-01-14,2022-01-16,,315344.17,pln,aktywna,Adrian Pernak
1509,UM/2025/01509,1416,2025-04-27,2025-05-10,2026-09-15,57727.66,PLN,aktywna,Borys Mirończuk
1510,UM/2024/01510,672,2024-01-03,2024-01-18,2024-04-26,253871.07,PLN,zakończona,Kamil Kramer
1511,UM/2022/01511,1257,2022-07-28,2022-08-11,2024-07-09,489037.04,PLN,w przygotowaniu,pan Radosław Brózda
1512,UM/2025/01512,1826,2025-12-19,2025-12-24,2027-04-20,374325.1,PLN,aktywna,pani Dorota Grund
1513,UM/2025/01513,452,2025-10-31,2025-11-15,2029-08-06,382063.54,PLN,aktywna,Stefan Dziurdzia
1514,UM/2024/01514,658,2024-12-18,2024-12-23,2027-07-05,173775.87,PLN,w przygotowaniu,Karol Garbacik
1515,UM/2023/01515,1120,2023-06-15,2023-06-21,2027-06-14,60939.94,PLN,w przygotowaniu,Sandra Plizga
1516,UM/2025/01516,2030,2025-06-27,2025-07-06,2027-07-09,8538.12,PLN,zakończona,Kajetan Kielan
1517,UM/2023/01517,1122,2023-04-13,2023-04-13,2026-01-12,432762.63,PLN,aktywna,Arkadiusz Cieplucha
1518,UM/2024/01518,621,2024-12-05,2024-12-23,2027-11-24,314601.98,PLN,aktywna,Aleksander Smoter
1519,UM/2025/01519,1423,2025-09-14,2025-09-27,2028-09-18,171432.91,PLN,zakończona,Iwo Darul
1520,UM/2024/01520,228,2024-10-30,2024-11-11,2028-04-24,63227.97,PLN,aktywna,Iwo Waluk
1521,UM/2025/01521,1076,2025-09-13,2025-09-17,2027-07-31,165072.6,PLN,aktywna,Kamila Łyjak
1522,UM/2024/01522,1296,2024-05-16,2024-05-24,2024-11-06,167537.64,PLN,aktywna,Iwo Kuświk
1523,UM/2024/01523,517,2024-10-24,2024-11-02,2028-10-18,53130.77,PLN,aktywna,Sylwia Pietrewicz
1524,UM/2024/01524,971,2024-05-31,2024-06-09,2027-02-08,274028.69,PLN,aktywna,Julianna Jamroży
1525,UM/2021/01525,357,2021-11-22,2021-12-06,2024-07-25,24929.37,PLN,w przygotowaniu,Tymon Stosio
1526,UM/2025/01526,1032,2025-04-01,2025-04-20,2027-09-06,455151.03,PLN,zakończona,Adam Spychaj
1527,UM/2023/01527,870,2023-04-03,2023-04-10,2025-05-05,246634.87,zł,zakończona,Leon Stark
1528,UM/2026/01528,83,2026-04-11,2026-04-14,2027-07-15,409680.16,PLN,zakończona,pan Maurycy Sass
1529,UM/2024/01529,1131,2024-12-16,2024-12-29,2025-10-10,470450.82,PLN,aktywna,Alex Szczerbiak
1530,UM/2023/01530,314,2023-08-28,2023-09-08,2025-08-09,440664.23,PLN,aktywna,pan Jędrzej Krasa
1531,UM/2022/01531,1743,2022-07-26,2022-08-11,2025-07-09,135794.28,PLN,w przygotowaniu,pan Józef Pastuszek
1532,UM/2025/01532,826,2025-01-02,2025-01-10,2025-10-08,36779.48,PLN,zakończona,Adam Stuglik
1533,UM/2024/01533,64,2024-05-06,2024-05-25,2025-01-10,3877.5,PLN,aktywna,Rafał Dudkowiak
1534,UM/2024/01534,1974,2024-09-20,2024-10-10,2027-02-13,51964.16,pln,zakończona,pani Blanka Makieła
1535,UM/2023/01535,1277,2023-06-11,2023-06-29,2024-04-22,179858.11,PLN,zakończona,Julianna Andrzejuk
1536,UM/2024/01536,1472,2024-10-17,2024-10-27,2024-05-01,266576.0,PLN,aktywna,Kaja Leszkiewicz
1537,UM/2024/01537,872,2024-07-26,2024-08-07,2027-07-29,274973.25,PLN,zakończona,Cyprian Wasążnik
1538,UM/2022/01538,1615,2022-07-03,2022-07-16,2026-02-13,363510.62,PLN,w przygotowaniu,Lidia Krzan
1539,UM/2021/01539,1054,2021-10-25,2021-11-01,2025-01-29,447502.8,PLN,w przygotowaniu,pani Marika Milcarz
1540,UM/2026/01540,1568,2026-06-22,2026-07-09,2027-02-24,156156.04,PLN,aktywna,Ignacy Majos
1541,UM/2026/01541,696,2026-05-08,2026-05-14,2029-03-28,326417.8,PLN,aktywna,Bianka Pieczarka
1542,UM/2026/01542,129,2026-02-18,2026-03-04,2029-10-01,464097.83,PLN,zakończona,Marcelina Giża
1543,UM/2025/01543,1129,2025-08-04,2025-08-12,2028-01-07,170852.21,PLN,aktywna,Tadeusz Capała
1544,UM/2021/01544,29,2021-08-24,2021-09-05,2025-08-22,336111.84,pln,zakończona,Sandra Bajko
1545,UM/2023/01545,2151,2023-07-09,2023-07-25,2023-03-28,42738.35,PLN,w przygotowaniu,Borys Drzał
1546,UM/2024/01546,865,2024-03-29,2024-03-30,2025-10-13,15234.6,PLN,zakończona,Albert Materek
1547,UM/2025/01547,980,2025-02-14,2025-02-18,2027-07-01,404077.61,PLN,zakończona,Liwia Szyda
1548,UM/2022/01548,847,2022-07-18,2022-08-02,2023-10-06,111769.42,PLN,zakończona,Józef Łuszczyk
1549,UM/2024/01549,243,2024-12-21,2024-12-29,2027-01-21,415743.15,PLN,aktywna,Ksawery Gołoś
1550,UM/2025/01550,184,2025-03-03,2025-03-13,2027-08-10,292983.78,PLN,zakończona,Roksana Bojczuk
1551,UM/2024/01551,1461,2024-02-22,2024-02-28,2025-09-18,164358.23,PLN,aktywna,pan Damian Gołota
1552,UM/2022/01552,2616,2022-06-16,2022-06-24,2025-01-25,295262.93,PLN,aktywna,Ida Waleczek
1553,UM/2026/01553,857,2025-12-16,2026-01-03,2028-03-07,234650.76,PLN,aktywna,Sonia Tylman
1554,UM/2025/01554,1513,2025-11-10,2025-11-13,2025-10-18,98174.65,PLN,w przygotowaniu,Maurycy Imiołczyk
1555,UM/2023/01555,1780,2023-06-24,2023-07-03,2023-05-22,73388.27,PLN,aktywna,pani Natasza Imiela
1556,UM/2025/01556,254,2025-02-09,2025-02-09,2027-06-26,305421.64,PLN,w przygotowaniu,Bartek Kargol
1557,UM/2025/01557,641,2025-06-25,2025-07-09,2028-05-02,128374.42,PLN,aktywna,Borys Jędrak
1558,UM/2025/01558,368,2025-06-18,2025-06-26,2027-06-29,327707.86,PLN,aktywna,pani Justyna Trojanek
1559,UM/2022/01559,1192,2022-03-12,2022-03-14,2024-08-12,395771.69,PLN,w przygotowaniu,Jeremi Wisz
1560,UM/2025/01560,820,2024-12-20,2025-01-02,2025-10-01,184226.34,PLN,zakończona,Sebastian Kaczan
1561,UM/2025/01561,641,2025-07-19,2025-07-30,2026-02-06,462180.11,PLN,aktywna,Sylwia Golus
1562,UM/2023/01562,173,2023-12-03,2023-12-16,2023-08-05,64455.74,PLN,w przygotowaniu,Hubert Grygorowicz
1563,UM/2024/01563,751,2024-10-07,2024-10-12,2028-09-20,95480.31,PLN,zakończona,Błażej Gryga
1564,UM/2022/01564,1895,2022-08-25,2022-09-13,2024-12-18,456691.1,PLN,aktywna,pani Julita Wojtaszak
1565,UM/2024/01565,1308,2024-07-10,2024-07-28,,151005.41,PLN,w przygotowaniu,pani Dorota Walocha
1566,UM/2024/01566,638,2024-09-12,2024-09-22,2025-11-28,32834.44,PLN,zakończona,Olaf Jaszcz
1567,UM/2023/01567,1320,2023-02-08,2023-02-13,2026-02-02,298646.96,PLN,w przygotowaniu,Klara Hermanowicz
1568,UM/2024/01568,1456,2024-01-08,2024-01-20,2026-11-13,183742.64,PLN,aktywna,Krzysztof Wendt
1569,UM/2022/01569,2102,2022-06-01,2022-06-20,2025-08-07,335967.18,PLN,zakończona,Marianna Siemek
1570,UM/2022/01570,771,2022-08-27,2022-09-09,2025-12-09,245735.94,PLN,zakończona,Adam Bareja
1571,UM/2023/01571,239,2023-06-27,2023-07-03,2026-04-17,41061.89,PLN,aktywna,pan Jeremi Choroś
1572,UM/2021/01572,523,2021-12-10,2021-12-30,2023-03-08,36621.83,PLN,aktywna,Ada Czupryna
1573,UM/2025/01573,2020,2025-02-19,2025-03-02,2025-01-06,393227.07,PLN,w przygotowaniu,Tola Stożek
1574,UM/2025/01574,732,2025-11-28,2025-11-30,2027-08-18,151351.82,PLN,w przygotowaniu,Marcel Marcol
1575,UM/2024/01575,1376,2024-05-26,2024-06-04,2025-11-15,338272.88,PLN,zakończona,Olgierd Szumiec
1576,UM/2025/01576,1182,2025-09-27,2025-10-15,,253733.78,PLN,w przygotowaniu,Fabian Andrukiewicz
1577,UM/2025/01577,1741,2025-01-14,2025-01-30,2026-08-16,485321.48,PLN,w przygotowaniu,Marcin Granat
1578,UM/2025/01578,1483,2025-06-07,2025-06-11,2026-05-27,186452.45,PLN,zakończona,pani Klara Zawodnik
1579,UM/2022/01579,788,2022-09-26,2022-10-06,2023-03-18,344935.12,PLN,zakończona,Nicole Nieszporek
1580,UM/2022/01580,1442,2022-07-10,2022-07-12,,245603.38,PLN,w przygotowaniu,Dagmara Skowyra
1581,UM/2023/01581,1721,2023-03-01,2023-03-01,2025-07-15,470222.87,PLN,zakończona,Róża Nyc
1582,UM/2024/01582,622,2024-07-09,2024-07-17,2028-01-03,235637.47,PLN,zakończona,Tola Gapys
1583,UM/2024/01583,1701,2024-03-20,2024-03-23,2026-04-09,9575.39,PLN,aktywna,pani Rozalia Majdak
1584,UM/2025/01584,160,2025-04-07,2025-04-13,2025-12-16,409807.13,PLN,aktywna,pan Kornel Wincenciak
1585,UM/2022/01585,573,2022-07-19,2022-07-25,2023-05-21,291481.9,PLN,zakończona,Sonia Helman
1586,UM/2022/01586,396,2022-02-13,2022-02-26,2023-05-28,298559.62,PLN,aktywna,pan Szymon Korpal
1587,UM/2022/01587,628,2022-04-11,2022-04-28,2023-08-22,178189.69,PLN,zakończona,Fabian Kojder
1588,UM/2022/01588,519,2022-02-05,2022-02-10,2023-10-29,205232.79,PLN,aktywna,Kornelia Kapka
1589,UM/2025/01589,1690,2025-01-24,2025-01-28,2026-01-25,57781.86,PLN,zakończona,Fabian Wesoła
1590,UM/2023/01590,1945,2023-05-05,2023-05-08,2024-09-24,168701.73,PLN,aktywna,Kornelia Jasica
1591,UM/2023/01591,511,2023-01-01,2023-01-20,2022-11-07,196989.89,PLN,w przygotowaniu,Sylwia Zybura
1592,UM/2026/01592,2023,2026-05-06,2026-05-23,2029-02-08,250520.67,PLN,aktywna,Nikodem Trybała
1593,UM/2025/01593,511,2025-10-18,2025-11-07,2026-07-15,177123.3,PLN,w przygotowaniu,Dorota Szuta
1594,UM/2022/01594,732,2022-01-31,2022-02-13,2023-07-14,268829.64,PLN,aktywna,pani Angelika Loska
1595,UM/2022/01595,1611,2022-08-21,2022-08-27,,169508.92,PLN,zakończona,pani Lidia Wac
1596,UM/2023/01596,167,2023-11-12,2023-11-18,2027-07-20,96934.92,PLN,zakończona,Leon Zasępa
1597,UM/2026/01597,772,2026-03-01,2026-03-03,2029-07-27,18513.65,PLN,zakończona,pan Rafał Ciećko
1598,UM/2024/01598,1864,2024-01-12,2024-01-19,2024-10-04,88818.21,PLN,w przygotowaniu,Nikodem Zawartka
1599,UM/2024/01599,1451,2024-08-09,2024-08-18,2025-06-09,171026.49,PLN,aktywna,Arkadiusz Frelek
1600,UM/2024/01600,1923,2024-01-25,2024-02-07,2027-06-26,319781.57,PLN,aktywna,Ada Dreszer
1601,UM/2025/01601,28,2025-01-28,2025-02-02,2027-06-22,439542.24,PLN,zakończona,Klara Dudkowiak
1602,UM/2023/01602,90,2023-12-01,2023-12-19,2025-10-21,117128.87,PLN,w przygotowaniu,Lidia Bakun
1603,UM/2024/01603,1776,2024-12-11,2024-12-27,2028-09-08,303909.97,PLN,aktywna,Roksana Aleksandrzak
1604,UM/2024/01604,51,2024-11-17,2024-12-02,2027-04-05,348235.58,PLN,zakończona,Tadeusz Żołądź
1605,UM/2024/01605,1606,2024-04-14,2024-05-02,2027-10-09,286145.07,PLN,w przygotowaniu,Kornelia Żołnierczyk
1606,UM/2022/01606,444,2022-09-23,2022-10-11,,499096.67,PLN,aktywna,Paweł Jankowicz
1607,UM/2026/01607,1190,2026-06-26,2026-07-13,2030-04-18,485046.18,PLN,w przygotowaniu,pani Roksana Pierzak
1608,UM/2024/01608,1593,2024-02-17,2024-02-20,2025-11-29,87489.39,PLN,w przygotowaniu,Dawid Oleksa
1609,UM/2022/01609,36,2022-01-08,2022-01-09,2025-08-16,71867.94,PLN,aktywna,Albert Dietrich
1610,UM/2023/01610,2341,2023-07-19,2023-08-03,2025-09-20,424195.22,PLN,zakończona,Alan Szmaj
1611,UM/2024/01611,892,2024-06-07,2024-06-21,2026-12-09,106160.48,PLN,aktywna,Angelika Juraszczyk
1612,UM/2022/01612,1940,2022-09-10,2022-09-11,2023-11-14,66152.1,PLN,w przygotowaniu,pan Łukasz Roczniak
1613,UM/2024/01613,1673,2024-11-29,2024-12-12,2027-06-12,251309.66,PLN,w przygotowaniu,Kacper Kuszyk
1614,UM/2023/01614,1101,2023-08-11,2023-08-17,2026-11-23,35729.15,PLN,zakończona,Olgierd Igras
1615,UM/2022/01615,244,2022-06-06,2022-06-18,2023-01-31,177911.13,PLN,aktywna,Kazimierz Litewka
1616,UM/2023/01616,1037,2023-03-25,2023-04-08,2026-12-19,104165.84,PLN,w przygotowaniu,Olaf Małż
1617,UM/2023/01617,1189,2023-10-19,2023-10-25,2026-02-05,40007.73,PLN,zakończona,Jeremi Kałek
1618,UM/2023/01618,2029,2023-07-15,2023-07-17,2026-03-31,331843.9,PLN,aktywna,Marek Tywoniuk
1619,UM/2025/01619,590,2025-05-02,2025-05-16,2025-12-04,165937.44,PLN,zakończona,Inga Powązka
1620,UM/2021/01620,1355,2021-09-28,2021-10-15,2025-02-27,192139.02,PLN,zakończona,Marcel Drobik
1621,UM/2024/01621,1359,2024-12-02,2024-12-18,2026-04-09,150397.11,PLN,zakończona,Cezary Bracha
1622,UM/2022/01622,409,2022-06-09,2022-06-17,2023-10-05,284118.58,PLN,zakończona,Janina Gajdzik
1623,UM/2022/01623,692,2022-06-19,2022-06-30,2023-04-23,353893.37,PLN,w przygotowaniu,Gabriel Stój
1624,UM/2023/01624,1738,2023-12-23,2023-12-27,2024-06-26,321705.52,PLN,aktywna,pan Jędrzej Ligas
1625,UM/2025/01625,2098,2025-10-16,2025-10-19,2029-07-19,276226.61,PLN,w przygotowaniu,Tomasz Smykała
1626,UM/2023/01626,2457,2023-01-22,2023-02-01,2022-09-03,62940.83,PLN,zakończona,Damian Skiepko
1627,UM/2025/01627,1196,2025-09-26,2025-09-26,2026-07-25,179778.32,PLN,aktywna,Igor Karkut
1628,UM/2024/01628,59,2024-09-06,2024-09-08,2024-04-09,352313.63,PLN,w przygotowaniu,Patryk Frącz
1629,UM/2023/01629,1118,2023-01-14,2023-01-19,2025-12-25,485167.73,PLN,w przygotowaniu,pani Ewa Kucz
1630,UM/2023/01630,1699,2023-10-15,2023-10-23,2025-04-13,37009.42,PLN,aktywna,Tadeusz Ryznar
1631,UM/2022/01631,1242,2022-06-25,2022-07-09,2025-01-27,68692.89,PLN,w przygotowaniu,Dariusz Madera
1632,UM/2023/01632,731,2023-01-11,2023-01-20,2024-07-11,170945.41,PLN,w przygotowaniu,Wojciech Gasik
1633,UM/2025/01633,54,2025-08-04,2025-08-13,2028-02-03,64120.12,PLN,aktywna,Ewa Melaniuk
1634,UM/2024/01634,1858,2024-07-17,2024-07-26,2025-04-13,354210.74,PLN,zakończona,Krzysztof Jeske
1635,UM/2022/01635,2549,2022-04-14,2022-05-02,2024-08-21,349947.99,PLN,w przygotowaniu,Tola Jędrys
1636,UM/2026/01636,1383,2026-01-06,2026-01-26,2028-07-23,93686.42,PLN,zakończona,Maksymilian Szczechowicz
1637,UM/2024/01637,79,2024-04-30,2024-05-18,2025-08-13,49850.65,PLN,w przygotowaniu,pan Tomasz Szyca
1638,UM/2024/01638,678,2024-08-16,2024-08-20,2025-06-15,154023.5,PLN,zakończona,Krystyna Lichoń
1639,UM/2023/01639,1064,2023-09-24,2023-09-29,2024-09-04,389892.54,PLN,w przygotowaniu,Karina Wojnicz
1640,UM/2021/01640,2286,2021-10-11,2021-10-11,2025-06-01,81537.19,PLN,w przygotowaniu,Kamil Janiuk
1641,UM/2025/01641,63,2025-10-11,2025-10-30,2028-09-12,218225.57,PLN,aktywna,pani Aniela Rodzeń
1642,UM/2023/01642,1304,2023-07-07,2023-07-26,2024-05-18,39627.12,PLN,zakończona,pan Alex Gregorowicz
1643,UM/2023/01643,874,2023-06-15,2023-06-22,2027-05-11,59531.79,PLN,aktywna,Aurelia Brachaczek
1644,UM/2022/01644,835,2022-04-19,2022-04-26,2024-07-11,249929.95,PLN,zakończona,Jan Łachacz
1645,UM/2021/01645,1595,2021-07-25,2021-07-26,2024-10-16,154881.56,PLN,w przygotowaniu,Paweł Bacia
1646,UM/2022/01646,1961,2022-11-06,2022-11-17,2025-09-29,275619.99,PLN,aktywna,Marcelina Kruszona
1647,UM/2025/01647,813,2025-10-30,2025-11-13,2028-03-05,44121.9,PLN,aktywna,pani Gaja Ropiak
1648,UM/2021/01648,1325,2021-09-26,2021-10-03,2022-08-24,120823.05,pln,aktywna,Gustaw Pazoła
1649,UM/2021/01649,764,2021-07-28,2021-08-07,2022-12-18,475582.55,PLN,w przygotowaniu,Liwia Kurc
1650,UM/2026/01650,1113,2026-01-18,2026-02-01,2028-08-30,381983.34,PLN,aktywna,Przemysław Gierasimiuk
1651,UM/2022/01651,287,2022-08-14,2022-08-17,2024-03-12,179034.34,PLN,w przygotowaniu,pan Daniel Młyńczak
1652,UM/2023/01652,929,2023-10-31,2023-11-19,2026-12-13,146049.23,PLN,w przygotowaniu,pani Anita Sobków
1653,UM/2025/01653,647,2025-10-03,2025-10-07,2027-09-13,206714.06,PLN,zakończona,Justyna Jama
1654,UM/2022/01654,1508,2022-08-22,2022-08-31,2023-05-25,441776.62,PLN,aktywna,Oliwier Białous
1655,UM/2024/01655,121,2024-11-12,2024-11-18,2028-07-29,321373.49,PLN,w przygotowaniu,Bianka Sośniak
1656,UM/2023/01656,482,2023-04-14,2023-04-21,2026-09-26,38961.02,PLN,zakończona,Łukasz Mroczko
1657,UM/2025/01657,803,2025-02-11,2025-02-23,2027-04-25,216619.4,PLN,aktywna,Ewelina Dadej
1658,UM/2022/01658,1254,2022-09-07,2022-09-20,2025-03-19,440952.22,PLN,w przygotowaniu,Juliusz Lesisz
1659,UM/2022/01659,342,2022-08-18,2022-08-27,2024-09-28,163085.81,PLN,aktywna,Marek Moczko
1660,UM/2024/01660,556,2024-06-05,2024-06-11,2028-04-09,70463.66,PLN,zakończona,Inga Białasik
1661,UM/2025/01661,1265,2025-05-13,2025-05-29,2026-11-13,330314.46,PLN,w przygotowaniu,Ryszard Surmiak
1662,UM/2022/01662,1831,2022-07-21,2022-08-09,2026-03-10,284494.92,PLN,w przygotowaniu,Kajetan Członka
1663,UM/2023/00001,1665,2022-12-17,2022-12-28,,486787.99,PLN,zakończona,Leon Mikusek
1664,UM/2023/01664,983,2023-04-09,2023-04-29,2026-08-26,111381.93,PLN,aktywna,Bartek Kluczek
1665,UM/2022/01665,2033,2022-03-24,2022-03-24,2026-03-23,489663.01,PLN,zakończona,pani Justyna Bobrowicz
1666,UM/2023/01666,1775,2023-03-08,2023-03-17,2023-06-28,45078.91,PLN,aktywna,Inga Molak
1667,UM/2025/01667,313,2025-05-30,2025-06-09,2029-04-11,141164.0,PLN,aktywna,Nataniel Lenda
1668,UM/2023/01668,1886,2023-03-30,2023-04-15,2024-12-30,102981.69,PLN,zakończona,pan Maksymilian Zegar
1669,UM/2026/01669,60,2026-07-16,2026-07-19,2028-08-31,200539.89,PLN,aktywna,Maciej Wojczuk
1670,UM/2024/01670,86,2024-04-30,2024-05-06,2028-02-24,325719.97,PLN,w przygotowaniu,Dawid Zimniak
1671,UM/2022/01671,419,2022-03-15,2022-03-15,2023-11-12,338204.97,PLN,aktywna,Oskar Toborek
1672,UM/2023/01672,1626,2023-09-04,2023-09-10,2027-05-01,410745.45,PLN,zakończona,pan Olgierd Portka
1673,UM/2023/01673,1903,2023-03-20,2023-03-24,2023-01-11,365447.6,PLN,aktywna,Liwia Stebel
1674,UM/2023/00001,1072,2026-06-06,2026-06-16,2028-12-23,470630.26,PLN,aktywna,Leon Kieca
1675,UM/2023/01675,1713,2023-09-08,2023-09-24,2026-09-14,324288.79,PLN,zakończona,Anastazja Słowiak
1676,UM/2024/01676,1962,2024-12-16,2024-12-25,2027-08-29,195544.93,PLN,w przygotowaniu,Oskar Breś
1677,UM/2026/01677,1583,2026-04-21,2026-05-10,2027-08-23,257397.24,PLN,w przygotowaniu,Blanka Krzan
1678,UM/2022/01678,365,2022-08-18,2022-08-25,2022-12-02,103855.71,PLN,aktywna,Kamil Młocek
1679,UM/2024/01679,553,2024-04-14,2024-04-17,2027-12-27,415100.9,PLN,aktywna,Roksana Kolka
1680,UM/2022/01680,1709,2022-06-23,2022-07-08,2026-05-10,61192.26,PLN,w przygotowaniu,Łukasz Detka
1681,UM/2023/01681,1215,2023-08-31,2023-09-19,2024-05-10,142274.92,PLN,aktywna,Kajetan Kuryś
1682,UM/2026/01682,1442,2026-05-10,2026-05-13,2029-08-21,154789.4,PLN,zakończona,Józef Walus
1683,UM/2023/01683,505,2023-07-06,2023-07-19,2026-02-28,369769.19,PLN,aktywna,Juliusz Kuszyk
1684,UM/2024/01684,1337,2024-08-07,2024-08-11,2026-06-11,199765.52,PLN,zakończona,Kornelia Bartuś
1685,UM/2024/01685,646,2024-05-27,2024-06-12,2025-09-21,229751.33,PLN,zakończona,Kacper Forma
1686,UM/2025/01686,294,2025-07-08,2025-07-17,,389559.77,PLN,aktywna,Maciej Jantos
1687,UM/2024/01687,1567,2024-09-21,2024-09-23,2027-02-08,336534.71,PLN,zakończona,Karol Wawak
1688,UM/2025/01688,779,2024-12-28,2025-01-02,2026-03-15,366127.29,PLN,zakończona,pani Bianka Berdzik
1689,UM/2024/01689,189,2024-06-20,2024-07-07,2028-02-13,252835.72,PLN,aktywna,Ryszard Piekacz
1690,UM/2023/01690,62,2023-12-01,2023-12-07,2027-05-14,28368.41,PLN,w przygotowaniu,Olgierd Kaletka
1691,UM/2026/01691,2176,2026-06-11,2026-06-26,2027-12-23,368618.4,PLN,w przygotowaniu,Igor Kurcz
1692,UM/2025/01692,321,2025-10-24,2025-10-29,2026-06-21,25583.82,PLN,zakończona,Igor Juśkiewicz
1693,UM/2022/01693,570,2022-09-24,2022-10-01,2023-02-18,436760.5,PLN,w przygotowaniu,pani Nela Konstanty
1694,UM/2026/01694,1354,2026-02-13,2026-02-16,2028-05-28,347421.04,PLN,aktywna,pani Angelika Radzio
1695,UM/2024/01695,632,2024-11-16,2024-11-17,2028-08-20,232883.93,PLN,aktywna,pani Liwia Jeske
1696,UM/2022/01696,839,2022-08-23,2022-08-30,2023-03-01,186475.76,PLN,w przygotowaniu,Marika Fras
1697,UM/2022/01697,919,2022-05-08,2022-05-26,2023-11-22,270930.5,PLN,w przygotowaniu,Jerzy Kilar
1698,UM/2023/01698,433,2023-07-25,2023-07-28,2024-03-12,478696.23,PLN,w przygotowaniu,pan Przemysław Terka
1699,UM/2025/01699,2037,2025-10-20,2025-11-04,2029-07-25,459754.98,PLN,aktywna,pan Dariusz Słupek
1700,UM/2024/01700,1875,2024-07-16,2024-08-04,2028-07-18,79509.68,PLN,w przygotowaniu,Szymon Polnik
1701,UM/2024/01701,1793,2024-02-19,2024-03-07,2026-08-12,410990.97,PLN,aktywna,pan Łukasz Dawidek
1702,UM/2023/01702,1201,2023-09-27,2023-10-02,2024-01-15,65988.05,PLN,zakończona,Maciej Boba
1703,UM/2026/01703,1348,2026-02-02,2026-02-05,2028-08-18,152990.44,PLN,w przygotowaniu,Kazimierz Dworniczak
1704,UM/2023/01704,1544,2022-12-27,2023-01-06,2026-02-11,230295.1,PLN,aktywna,Karol Klęczar
1705,UM/2021/01705,636,2021-09-09,2021-09-09,2024-03-12,191679.93,PLN,aktywna,Sara Komuda
1706,UM/2023/01706,1224,2023-03-30,2023-04-17,2026-08-29,307587.97,PLN,aktywna,pan Marcel Bazela
1707,UM/2024/01707,1799,2024-11-03,2024-11-07,,26128.94,PLN,w przygotowaniu,Krystyna Wojnicz
1708,UM/2024/01708,258,2024-06-03,2024-06-09,2025-02-16,6038.38,PLN,aktywna,Ignacy Kurzaj
1709,UM/2024/01709,974,2024-05-28,2024-06-17,2026-03-25,110007.04,PLN,aktywna,Adrian Działak
1710,UM/2023/01710,476,2023-03-06,2023-03-08,2023-11-25,350674.49,PLN,w przygotowaniu,pani Klara Karpiak
1711,UM/2024/01711,1681,2023-12-30,2024-01-06,2027-07-29,446518.78,PLN,aktywna,Wiktor Rajczak
1712,UM/2025/01712,6,2025-01-10,2025-01-24,2027-03-16,376767.83,PLN,zakończona,Juliusz Jop
1713,UM/2024/01713,217,2024-09-26,2024-10-05,2026-11-29,142153.2,PLN,aktywna,Konrad Reimann
1714,UM/2024/01714,681,2023-12-25,2024-01-12,2023-10-19,279666.18,PLN,w przygotowaniu,Ewelina Bachanek
1715,UM/2021/01715,2304,2021-07-15,2021-08-04,2022-08-19,132587.26,PLN,aktywna,Gaja Kotlarek
1716,UM/2026/01716,355,2025-12-27,2026-01-08,2028-07-24,296359.45,PLN,w przygotowaniu,pani Justyna Świerkosz
1717,UM/2023/01717,1119,2023-11-05,2023-11-06,2023-09-05,260293.07,PLN,w przygotowaniu,Blanka Skrzecz
1718,UM/2025/01718,470,2025-10-20,2025-11-09,2027-12-15,326195.14,PLN,aktywna,Wiktor Krzosek
1719,UM/2022/01719,2073,2022-04-17,2022-04-20,,98710.12,PLN,aktywna,pan Marek Florian
1720,UM/2025/01720,1978,2025-08-29,2025-09-07,2027-09-22,39152.5,PLN,aktywna,Dawid Kubasiewicz
1721,UM/2024/01721,651,2024-03-18,2024-03-23,2026-10-10,207783.56,PLN,w przygotowaniu,Kamila Glazer
1722,UM/2023/01722,1097,2023-06-05,2023-06-08,2027-01-18,359642.67,PLN,aktywna,pani Ewelina Gnyp
1723,UM/2023/01723,862,2023-07-14,2023-07-30,2026-10-25,175611.44,PLN,zakończona,Eryk Kornak
1724,UM/2022/01724,2020,2022-10-29,2022-11-14,2024-11-17,37562.36,PLN,aktywna,Miłosz Głowienka
1725,UM/2023/01725,1139,2023-10-30,2023-11-12,2025-09-11,205860.52,PLN,w przygotowaniu,Adam Frelek
1726,UM/2023/01726,436,2023-01-30,2023-02-05,2026-01-10,86133.51,PLN,w przygotowaniu,Norbert Szałkiewicz
1727,UM/2021/01727,242,2021-11-15,2021-11-20,2022-09-11,416192.46,PLN,w przygotowaniu,Inga Buszta
1728,UM/2022/01728,1397,2022-02-11,2022-02-14,2024-04-07,419689.9,PLN,w przygotowaniu,Witold Sydor
1729,UM/2023/00001,2423,2023-08-11,2023-08-14,2026-10-23,413493.72,PLN,aktywna,Aurelia Witos
1730,UM/2022/01730,1573,2022-01-30,2022-01-31,,66690.12,PLN,w przygotowaniu,Oskar Szumacher
1731,UM/2023/01731,2345,2023-08-01,2023-08-21,2025-04-13,392929.66,PLN,zakończona,Józef Mironiuk
1732,UM/2024/01732,2090,2024-05-13,2024-05-31,2025-07-28,8358.23,PLN,zakończona,Sonia Czulak
1733,UM/2021/01733,466,2021-10-25,2021-10-29,2025-02-01,346931.68,PLN,zakończona,Marcelina Świerkot
1734,UM/2023/01734,2539,2023-12-06,2023-12-18,2025-06-26,248094.19,PLN,zakończona,Wojciech Stawczyk
1735,UM/2023/01735,586,2023-09-26,2023-10-10,2024-04-17,48445.13,PLN,w przygotowaniu,pani Róża Sopata
1736,UM/2024/01736,1898,2024-10-13,2024-10-29,2026-01-30,448162.11,PLN,w przygotowaniu,Antoni Hampel
1737,UM/2024/01737,1920,2024-08-18,2024-09-03,2026-06-17,385964.77,PLN,zakończona,pan Ryszard Faruga
1738,UM/2022/01738,315,2022-01-03,2022-01-22,2025-05-12,100180.16,PLN,w przygotowaniu,Aniela Maciejko
1739,UM/2022/01739,2043,2022-10-22,2022-11-05,2024-10-24,373838.65,PLN,zakończona,Kornel Drabczyk
1740,UM/2022/01740,1047,2022-01-05,2022-01-20,2022-05-15,117064.52,PLN,aktywna,pan Fryderyk Machowiak
1741,UM/2025/01741,126,2025-01-22,2025-01-27,2028-06-06,498932.64,PLN,aktywna,Adrian Stanclik
1742,UM/2022/01742,466,2022-01-30,2022-02-01,2023-07-17,348925.43,PLN,w przygotowaniu,Gabriel Hawro
1743,UM/2022/01743,379,2022-07-02,2022-07-11,2024-07-07,369244.7,PLN,aktywna,Iwo Dyda
1744,UM/2023/01744,1267,2023-01-23,2023-02-04,2024-12-30,283975.6,PLN,w przygotowaniu,pani Roksana Terka
1745,UM/2025/01745,1216,2025-01-22,2025-01-26,2028-08-13,398407.15,PLN,w przygotowaniu,Monika Nalewajek
1746,UM/2023/01746,1231,2023-10-28,2023-11-15,2025-05-10,466093.43,PLN,aktywna,Kazimierz Kurzac
1747,UM/2025/01747,375,2025-10-09,2025-10-27,2026-03-09,226344.57,PLN,w przygotowaniu,Krystian Zeman
1748,UM/2025/01748,927,2025-07-29,2025-08-05,2029-04-03,139102.45,PLN,aktywna,pani Anna Maria Parafiniuk
1749,UM/2021/01749,426,2021-11-06,2021-11-25,2023-08-06,182651.22,PLN,w przygotowaniu,pan Grzegorz Białach
1750,UM/2022/01750,180,2022-01-10,2022-01-16,2023-05-26,14137.88,PLN,zakończona,pan Olaf Niemczuk
1751,UM/2026/01751,289,2026-05-02,2026-05-17,2028-10-22,3073.29,PLN,w przygotowaniu,Przemysław Kociemba
1752,UM/2022/01752,1647,2022-02-08,2022-02-25,2024-07-28,367125.2,PLN,zakończona,pani Melania Surmiak
1753,UM/2023/01753,555,2023-03-31,2023-04-20,2026-07-25,486964.76,PLN,w przygotowaniu,Miłosz Hasiak
1754,UM/2024/01754,519,2024-06-10,2024-06-26,2027-06-21,155451.41,PLN,w przygotowaniu,Antoni Głowienka
1755,UM/2026/01755,2097,2026-03-22,2026-03-25,2026-11-15,267742.16,PLN,w przygotowaniu,Aurelia Ułanowicz
1756,UM/2023/01756,573,2023-09-29,2023-10-06,2027-05-25,390589.83,PLN,zakończona,Kaja Sierota
1757,UM/2022/01757,1338,2022-12-18,2022-12-29,2023-07-21,220526.68,PLN,zakończona,Ernest Kinder
1758,UM/2024/01758,701,2024-05-06,2024-05-08,2027-03-08,395649.53,PLN,w przygotowaniu,Cezary Samiec
1759,UM/2023/01759,1654,2023-11-05,2023-11-09,2025-03-14,13775.21,PLN,w przygotowaniu,pan Aleks Majdan
1760,UM/2021/01760,32,2021-12-14,2021-12-22,2024-07-04,292522.49,PLN,zakończona,Alex Myga
1761,UM/2022/01761,646,2022-02-26,2022-03-04,2025-02-03,35067.81,PLN,w przygotowaniu,Mieszko Strzała
1762,UM/2021/01762,1798,2021-09-18,2021-09-19,2022-04-25,349679.05,PLN,zakończona,Igor Lewek
1763,UM/2023/01763,1540,2023-11-30,2023-12-07,2027-02-18,409057.27,PLN,aktywna,Agnieszka Polasik
1764,UM/2022/01764,1487,2022-01-26,2022-02-12,2025-06-03,288405.23,PLN,zakończona,Marcin Wojtczuk
1765,UM/2024/01765,209,2024-05-30,2024-06-08,2026-01-31,241230.16,PLN,zakończona,Józef Różewicz
1766,UM/2025/01766,362,2025-06-07,2025-06-12,2028-04-02,416019.34,PLN,zakończona,Marek Błasik
1767,UM/2023/01767,1574,2023-09-18,2023-09-26,2025-12-03,51318.0,PLN,zakończona,Jakub Szwiec
1768,UM/2023/01768,1597,2023-04-17,2023-04-30,2025-10-15,229317.69,PLN,zakończona,Adam Cichos
1769,UM/2024/01769,341,2024-02-13,2024-02-16,2024-12-31,71033.77,PLN,zakończona,Klara Mosiołek
1770,UM/2021/01770,73,2021-08-18,2021-08-28,2022-06-28,313376.09,PLN,w przygotowaniu,Andrzej Bździuch
1771,UM/2022/01771,1732,2022-08-04,2022-08-19,2024-12-08,315942.13,PLN,aktywna,Oliwier Owczarczak
1772,UM/2026/01772,748,2026-01-13,2026-01-24,2028-08-09,360997.45,zł,zakończona,Tomasz Maszczyk
1773,UM/2022/01773,1886,2022-04-17,2022-04-30,2024-07-04,40012.42,PLN,aktywna,Konrad Maszota
1774,UM/2025/01774,769,2025-07-07,2025-07-18,2027-02-14,436004.94,PLN,w przygotowaniu,pani Anastazja Leszkiewicz
1775,UM/2026/01775,2103,2025-12-23,2026-01-12,2029-10-19,129818.69,PLN,aktywna,Alan Skiepko
1776,UM/2026/01776,1712,2026-04-07,2026-04-09,2029-05-29,252486.27,PLN,w przygotowaniu,Grzegorz Bartoszczyk
1777,UM/2025/01777,2116,2025-10-20,2025-10-26,2029-10-25,376167.75,PLN,zakończona,Eryk Kukuczka
1778,UM/2022/01778,595,2022-09-09,2022-09-14,2024-07-08,296741.05,PLN,w przygotowaniu,pan Julian Wajdzik
1779,UM/2026/01779,1531,2026-04-04,2026-04-10,2029-04-19,66259.18,PLN,aktywna,Dariusz Powałka
1780,UM/2025/01780,265,2025-05-31,2025-06-07,2025-09-11,110280.55,PLN,w przygotowaniu,Norbert Kopciuch
1781,UM/2024/01781,890,2024-08-10,2024-08-10,2028-01-09,282985.15,PLN,zakończona,Aleks Chaber
1782,UM/2021/01782,1013,2021-07-23,2021-08-07,2022-02-10,466219.99,PLN,zakończona,Igor Szlęk
1783,UM/2023/01783,1267,2023-06-10,2023-06-28,2026-11-03,331033.65,PLN,aktywna,pan Adrian Soczówka
1784,UM/2022/01784,174,2022-02-15,2022-02-25,2024-02-07,216893.12,PLN,w przygotowaniu,Gustaw Adamiuk
1785,UM/2021/01785,1442,2021-07-09,2021-07-23,2022-08-20,274585.57,PLN,aktywna,pani Bianka Jerzyk
1786,UM/2025/01786,191,2025-04-11,2025-04-30,2028-12-04,163127.86,PLN,aktywna,Maksymilian Uzar
1787,UM/2022/01787,29,2022-05-03,2022-05-11,2025-03-10,196064.31,PLN,zakończona,Kajetan Demiańczuk
1788,UM/2024/01788,457,2024-11-26,2024-12-12,2025-07-29,382756.25,PLN,w przygotowaniu,Albert John
1789,UM/2023/01789,769,2023-11-18,2023-11-30,2025-08-27,67407.81,PLN,w przygotowaniu,Dariusz Ślęczka
1790,UM/2023/01790,1692,2023-11-13,2023-11-19,2024-07-28,195037.37,PLN,zakończona,Kamil Becker
1791,UM/2025/01791,273,2025-04-14,2025-04-28,2028-03-25,458671.02,PLN,zakończona,Jeremi Dzienniak
1792,UM/2023/01792,1684,2023-04-17,2023-05-05,2024-08-16,353595.95,PLN,w przygotowaniu,pan Hubert Andryszczyk
1793,UM/2025/01793,1576,2025-12-05,2025-12-24,2027-03-27,50535.32,PLN,zakończona,Stefan Kubowicz
1794,UM/2025/01794,1893,2025-06-23,2025-07-10,2028-10-18,272552.27,PLN,aktywna,pan Hubert Rutowicz
1795,UM/2025/01795,1085,2025-04-25,2025-04-28,2029-02-19,345388.55,PLN,zakończona,Kazimierz Neska
1796,UM/2023/01796,1822,2023-05-10,2023-05-25,2024-07-23,18688.01,PLN,aktywna,pan Fryderyk Dyjas
1797,UM/2026/01797,1936,2025-12-22,2026-01-01,2029-03-28,466077.74,PLN,aktywna,Olgierd Chlipała
1798,UM/2023/01798,668,2023-05-05,2023-05-13,2026-01-07,148350.81,pln,w przygotowaniu,Stanisław Cholewka
1799,UM/2022/01799,1579,2021-12-20,2022-01-03,2025-04-20,258780.86,PLN,w przygotowaniu,pani Agnieszka Frost
1800,UM/2025/01800,103,2025-07-24,2025-07-27,2027-11-17,113639.91,PLN,w przygotowaniu,Liwia Zimniak
1801,UM/2022/01801,823,2022-02-23,2022-03-11,2025-09-02,231189.22,PLN,zakończona,Malwina Garczyk
1802,UM/2023/01802,1224,2023-02-08,2023-02-13,2023-10-26,11953.65,PLN,aktywna,Marek Wejman
1803,UM/2023/01803,1269,2023-02-03,2023-02-09,2026-11-06,276500.89,PLN,w przygotowaniu,pani Gaja Orpel
1804,UM/2022/01804,308,2022-07-06,2022-07-15,2025-11-03,9308.68,PLN,zakończona,Robert Golenia
1805,UM/2022/01805,1945,2022-07-03,2022-07-20,2024-07-17,219295.04,PLN,w przygotowaniu,Igor Siara
1806,UM/2022/01806,1803,2022-08-23,2022-08-28,2024-11-27,108615.58,PLN,w przygotowaniu,Sebastian Helak
1807,UM/2022/01807,931,2022-06-13,2022-06-20,2025-05-31,24664.65,PLN,w przygotowaniu,Radosław Kamieniarz
1808,UM/2024/01808,2598,2024-09-24,2024-10-03,2025-01-24,159934.68,PLN,zakończona,pan Karol Indyk
1809,UM/2023/01809,2049,2023-04-09,2023-04-18,2025-10-06,401938.47,PLN,aktywna,Franciszek Filusz
1810,UM/2025/01810,258,2025-10-28,2025-10-29,2027-01-27,432773.51,PLN,w przygotowaniu,Cezary Siedlarz
1811,UM/2023/01811,1586,2023-04-26,2023-05-13,2025-04-08,209877.59,PLN,zakończona,Bartek Wójt
1812,UM/2024/01812,771,2024-02-20,2024-02-21,2028-02-12,391128.25,PLN ,zakończona,Tola Bogdał
1813,UM/2024/01813,312,2024-09-06,2024-09-24,2024-12-29,305807.08,PLN,w przygotowaniu,Szymon Maleszka
1814,UM/2025/01814,1143,2025-03-07,2025-03-19,2028-04-07,223512.01,PLN,aktywna,Andrzej Bittner
1815,UM/2024/01815,1525,2024-02-28,2024-03-02,2024-07-09,47243.81,PLN,aktywna,pan Emil Kazek
1816,UM/2022/01816,1655,2022-10-02,2022-10-07,2024-12-24,159938.24,PLN,w przygotowaniu,Wiktor Madziar
1817,UM/2023/01817,283,2023-10-14,2023-10-15,2024-10-11,489670.08,zł,w przygotowaniu,pan Eryk Kurpisz
1818,UM/2025/01818,138,2025-01-20,2025-01-24,2028-08-24,263809.88,PLN,zakończona,Kaja Choroś
1819,UM/2024/01819,1407,2024-01-27,2024-02-07,2027-08-29,12629.24,PLN,aktywna,Monika Damps
1820,UM/2025/01820,1220,2025-10-29,2025-11-06,2027-07-14,37775.73,PLN,zakończona,pani Urszula Froń
1821,UM/2023/00001,976,2026-04-30,2026-05-01,2028-09-19,472610.53,PLN,zakończona,Alex Szymula
1822,UM/2025/01822,641,2025-08-05,2025-08-20,2028-05-25,187107.14,PLN,aktywna,Rafał Jaroszuk
1823,UM/2026/01823,90,2026-01-15,2026-01-20,,57693.07,PLN,zakończona,Aleksander Iwańczyk
1824,UM/2024/01824,733,2024-07-17,2024-08-03,2028-01-08,106844.29,PLN,w przygotowaniu,Mikołaj Wolff
1825,UM/2021/01825,795,2021-08-22,2021-09-05,2023-09-21,15589.78,zł,w przygotowaniu,pan Konstanty Mudlaff
1826,UM/2022/01826,1959,2022-10-18,2022-10-30,2026-09-03,351502.08,PLN,aktywna,Apolonia Lenik
1827,UM/2025/01827,757,2025-04-15,2025-04-15,2028-02-03,336214.5,PLN,aktywna,Kamil Fedorczyk
1828,UM/2022/01828,792,2022-05-27,2022-05-31,2024-03-22,114485.65,PLN,zakończona,Bianka Palak
1829,UM/2026/01829,1498,2026-07-09,2026-07-22,2029-07-02,246275.04,PLN,w przygotowaniu,Błażej Piestrzeniewicz
1830,UM/2023/01830,1590,2023-01-11,2023-01-28,2025-06-05,163268.02,PLN,aktywna,Julian Doroszkiewicz
1831,UM/2023/01831,1203,2023-01-25,2023-02-10,2024-01-05,142176.31,PLN,zakończona,Marcelina Łakota
1832,UM/2025/01832,2082,2025-02-25,2025-03-14,2028-08-05,364353.0,PLN ,zakończona,Fryderyk Senger
1833,UM/2024/01833,1951,2023-12-23,2024-01-12,2026-04-16,467723.37,PLN,zakończona,pan Maksymilian Feret
1834,UM/2026/01834,1388,2025-12-19,2026-01-02,2028-03-07,275023.11,PLN,zakończona,Krzysztof Koleśnik
1835,UM/2026/01835,1502,2026-02-27,2026-03-01,2028-02-01,388088.75,PLN ,w przygotowaniu,Konstanty Srokosz
1836,UM/2022/01836,564,2022-07-11,2022-07-25,2024-05-12,284342.51,PLN,zakończona,Łukasz Fabiszak
1837,UM/2023/01837,522,2023-09-01,2023-09-21,2026-12-26,308844.24,PLN,w przygotowaniu,Bartek Soczewka
1838,UM/2023/01838,1633,2023-07-25,2023-08-05,2024-05-07,73050.57,PLN,w przygotowaniu,pan Andrzej Mueller
1839,UM/2024/01839,852,2024-06-14,2024-06-24,2027-06-23,54825.05,PLN,w przygotowaniu,Ewelina Szachniewicz
1840,UM/2024/01840,1611,2024-02-27,2024-03-05,2027-02-12,130534.25,PLN,w przygotowaniu,Maks Ciesielka
1841,UM/2021/01841,1166,2021-11-22,2021-12-09,2023-09-20,451238.62,PLN,w przygotowaniu,pani Angelika Osojca
1842,UM/2024/01842,1232,2024-03-28,2024-04-11,2026-12-30,470440.39,PLN,aktywna,pani Dorota Malara
1843,UM/2024/01843,317,2024-10-31,2024-10-31,2027-07-30,97440.19,PLN,w przygotowaniu,pan Dominik Andreasik
1844,UM/2024/01844,734,2024-07-11,2024-07-26,2027-04-10,243739.11,PLN,w przygotowaniu,pan Gustaw Olchawa
1845,UM/2023/01845,1679,2023-11-09,2023-11-26,2024-06-15,253252.65,PLN,w przygotowaniu,Cyprian Śliz
1846,UM/2025/01846,1795,2025-04-15,2025-04-24,2027-09-13,365482.8,PLN,aktywna,pan Stefan Gradek
1847,UM/2021/01847,125,2021-07-31,2021-08-10,2023-09-15,235861.99,PLN,zakończona,Tobiasz Panicz
1848,UM/2023/01848,591,2023-10-25,2023-10-27,2025-01-18,203219.82,PLN,zakończona,Kacper Gradek
1849,UM/2025/01849,1354,2025-11-17,2025-11-19,2028-05-30,266104.35,PLN,zakończona,Oskar Szyc
1850,UM/2026/01850,465,2026-05-03,2026-05-14,2028-05-24,117125.57,PLN,aktywna,pani Rozalia Wiesiołek
1851,UM/2021/01851,294,2021-11-23,2021-11-30,2023-10-21,356434.11,PLN,aktywna,Alex Kondej
1852,UM/2025/01852,2056,2025-01-10,2025-01-30,2028-10-12,421035.13,PLN,w przygotowaniu,Olaf Sadlak
1853,UM/2021/01853,1762,2021-10-11,2021-10-27,2025-01-17,214177.25,PLN ,aktywna,Marek Gogola
1854,UM/2025/01854,1789,2025-02-07,2025-02-20,2026-10-22,404077.8,PLN,aktywna,Szymon Szarpak
1855,UM/2024/01855,1434,2024-04-12,2024-04-30,2024-08-26,119226.74,PLN,zakończona,Liwia Grabczak
1856,UM/2024/01856,439,2024-02-16,2024-02-26,2024-08-09,185426.39,PLN,aktywna,Ernest Barszczak
1857,UM/2022/01857,1263,2022-08-01,2022-08-03,2025-01-02,369244.69,pln,zakończona,Sandra Kostera
1858,UM/2023/01858,1372,2023-09-17,2023-09-21,2026-01-24,344451.43,PLN,w przygotowaniu,pani Melania Zapiór
1859,UM/2024/01859,1992,2024-11-18,2024-12-05,2027-03-14,226716.46,PLN,aktywna,Kacper Niemira
1860,UM/2023/01860,1554,2023-04-16,2023-05-03,2024-03-22,120003.52,PLN,aktywna,pani Tola Niemczuk
1861,UM/2026/01861,652,2026-02-04,2026-02-18,2027-05-22,358583.88,PLN,aktywna,Adam Janasik
1862,UM/2022/01862,331,2022-09-18,2022-10-04,2026-08-30,26045.74,PLN,aktywna,Adrian Rubacha
1863,UM/2022/01863,211,2022-01-06,2022-01-07,2023-10-28,360188.31,PLN,w przygotowaniu,Sebastian Dorobisz
1864,UM/2022/01864,1291,2022-12-15,2022-12-25,2025-09-16,180594.77,PLN,w przygotowaniu,Stefan Uliasz
1865,UM/2024/01865,1189,2024-03-24,2024-04-13,2025-11-29,109081.42,PLN,w przygotowaniu,Adrian Seweryniak
1866,UM/2022/01866,280,2022-07-21,2022-07-27,2024-02-05,64569.68,PLN,w przygotowaniu,Mieszko Tolak
1867,UM/2025/01867,988,2025-06-25,2025-07-08,2026-02-18,195723.27,PLN,w przygotowaniu,Stanisław Tarasek
1868,UM/2023/01868,2120,2023-01-04,2023-01-11,2026-10-09,179805.46,PLN,w przygotowaniu,pani Natasza Plebanek
1869,UM/2025/01869,1113,2025-02-13,2025-02-25,2025-06-15,300611.03,PLN,zakończona,pani Lidia Budniak
1870,UM/2022/01870,1857,2022-09-08,2022-09-18,2023-09-26,255727.05,PLN,zakończona,Andrzej Graj
1871,UM/2023/01871,1943,2023-12-11,2023-12-14,2024-12-28,450454.33,PLN,aktywna,pan Kacper Capiga
1872,UM/2024/01872,589,2024-02-24,2024-03-03,2024-09-18,457467.89,PLN,zakończona,pan Cyprian Kranc
1873,UM/2026/01873,1134,2026-04-16,2026-04-27,2029-12-26,282418.21,PLN,w przygotowaniu,pani Adrianna Sędek
1874,UM/2025/01874,2121,2025-08-06,2025-08-18,2026-01-14,200216.95,PLN,aktywna,Melania Jeka
1875,UM/2024/01875,1915,2024-09-23,2024-10-09,2026-09-07,100019.87,PLN,aktywna,pani Lidia Karpiel
1876,UM/2026/01876,603,2026-02-05,2026-02-18,2028-09-18,146216.34,PLN,w przygotowaniu,Alan Folta
1877,UM/2023/01877,2047,2023-05-28,2023-06-02,2026-06-24,492990.68,PLN,zakończona,Sandra Wasilewicz
1878,UM/2025/01878,1593,2025-10-17,2025-10-24,2027-09-29,41971.26,PLN,w przygotowaniu,Karol Dawidek
1879,UM/2024/01879,573,2024-07-11,2024-07-12,2026-05-06,290030.32,zł,aktywna,pan Ernest Kapral
1880,UM/2024/01880,2248,2024-01-30,2024-02-17,2026-02-02,413778.13,PLN,w przygotowaniu,Malwina Kuczak
1881,UM/2023/00001,328,2024-06-09,2024-06-13,2025-03-18,70055.66,PLN,aktywna,Jacek Zbrożek
1882,UM/2025/01882,1398,2025-09-19,2025-10-09,2026-06-07,49076.76,PLN,aktywna,Arkadiusz Sabak
1883,UM/2025/01883,1450,2025-03-03,2025-03-05,2028-04-07,105896.0,PLN,w przygotowaniu,Nikodem Bryczek
1884,UM/2023/01884,1330,2023-02-05,2023-02-14,2023-07-19,420268.4,PLN,w przygotowaniu,Sonia Gula
1885,UM/2023/01885,1360,2023-09-20,2023-09-25,2027-09-24,498126.18,PLN,zakończona,Julian Saj
1886,UM/2021/01886,1852,2021-07-24,2021-08-08,,238576.58,PLN,aktywna,Eliza Elsner
1887,UM/2025/01887,2146,2024-12-26,2025-01-01,2025-07-20,88776.78,zł,w przygotowaniu,Piotr Myszor
1888,UM/2023/01888,1949,2023-12-15,2023-12-22,2024-05-14,144182.58,PLN,zakończona,Stanisław Hass
1889,UM/2024/01889,983,2024-05-26,2024-05-31,2026-04-08,213651.46,PLN,zakończona,Dawid Czupryn
1890,UM/2026/01890,1269,2026-06-17,2026-06-30,2025-12-12,136810.37,PLN,w przygotowaniu,Hubert Małyszek
1891,UM/2022/01891,254,2022-10-08,2022-10-14,2023-06-19,71023.41,PLN,aktywna,Urszula Superson
1892,UM/2024/01892,1450,2024-08-03,2024-08-11,2028-07-30,122110.37,PLN,w przygotowaniu,pani Natasza Cieloch
1893,UM/2023/01893,968,2023-12-29,2023-12-30,2026-12-09,373747.66,PLN,w przygotowaniu,pani Nicole Danisz
1894,UM/2023/01894,713,2023-06-23,2023-06-25,2026-09-28,310864.49,PLN,w przygotowaniu,pan Maks Powązka
1895,UM/2023/01895,1719,2023-01-25,2023-02-11,2025-04-09,75111.03,PLN,zakończona,pani Inga Fit
1896,UM/2022/01896,558,2022-09-15,2022-09-17,2023-06-24,75478.79,PLN,zakończona,Wojciech Kordus
1897,UM/2024/01897,801,2024-04-25,2024-05-14,2027-06-05,85032.34,PLN,aktywna,Justyna Nitek
1898,UM/2021/01898,490,2021-08-26,2021-09-03,2024-08-05,56422.84,PLN,zakończona,Michał Kafel
1899,UM/2024/01899,1690,2024-02-21,2024-03-06,2024-07-16,451597.36,PLN,zakończona,Apolonia Dytko
1900,UM/2024/01900,764,2024-04-29,2024-05-08,2028-01-27,127575.25,PLN,w przygotowaniu,Michał Joszko
1901,UM/2026/01901,1231,2026-02-07,2026-02-22,2028-04-25,163614.04,PLN,w przygotowaniu,Gabriel Marciniszyn
1902,UM/2024/01902,423,2023-12-30,2024-01-06,2024-08-25,419984.83,PLN,zakończona,Igor Fornalik
1903,UM/2026/01903,1993,2026-01-27,2026-02-02,2028-08-30,59441.04,PLN,aktywna,pan Patryk Śliż
1904,UM/2022/01904,645,2022-04-04,2022-04-16,,402359.01,PLN,zakończona,Angelika Wierzchoń
1905,UM/2024/01905,946,2024-11-17,2024-12-05,2027-08-01,472918.46,PLN,zakończona,Nataniel Minkina
1906,UM/2024/01906,1521,2024-06-23,2024-07-09,2026-05-17,107649.11,PLN,aktywna,Przemysław Domurad
1907,UM/2026/01907,60,2026-01-25,2026-01-31,2026-05-26,428588.67,PLN,w przygotowaniu,Stefan Kazek
1908,UM/2025/01908,2063,2025-04-29,2025-05-14,2027-07-19,68485.39,PLN,aktywna,Karina Leśko
1909,UM/2025/01909,1940,2025-05-07,2025-05-18,2026-09-03,18198.11,PLN ,aktywna,Franciszek Bryzek
1910,UM/2024/01910,291,2024-04-04,2024-04-23,2028-02-10,78152.42,PLN,zakończona,Jerzy Paliga
1911,UM/2022/01911,28,2022-07-30,2022-08-04,2023-06-16,118430.44,PLN,zakończona,pani Marcelina Śmieszek
1912,UM/2026/01912,2115,2026-01-28,2026-02-14,2027-04-12,16474.41,PLN,aktywna,Witold Giedrojć
1913,UM/2023/01913,1260,2023-12-12,2023-12-30,2026-07-25,482192.95,PLN,aktywna,Mikołaj Byzdra
1914,UM/2023/01914,1282,2023-08-19,2023-09-06,2027-07-25,355495.15,PLN,aktywna,Kacper Mieloch
1915,UM/2025/01915,480,2025-08-04,2025-08-22,2029-06-03,411012.98,PLN,w przygotowaniu,Dawid Miękus
1916,UM/2025/01916,904,2025-01-27,2025-02-03,2026-11-02,173400.58,PLN,aktywna,pan Dariusz Kwak
1917,UM/2022/01917,1366,2022-08-13,2022-08-13,2026-02-13,86908.99,PLN,aktywna,Filip Miszkurka
1918,UM/2026/01918,2084,2026-05-08,2026-05-23,2027-04-25,3679.51,PLN,aktywna,Urszula Stachów
1919,UM/2021/01919,574,2021-07-26,2021-07-31,2022-01-19,64786.43,PLN,aktywna,Sonia Barej
1920,UM/2023/01920,538,2023-07-23,2023-07-28,2025-02-19,22214.93,PLN,w przygotowaniu,pan Ignacy Henke
1921,UM/2022/01921,1472,2022-11-04,2022-11-16,2026-05-08,492958.38,PLN,aktywna,Cyprian Ziniewicz
1922,UM/2024/01922,125,2024-07-01,2024-07-10,2027-12-21,212909.13,PLN,aktywna,pan Marcin Maksimowicz
1923,UM/2026/01923,478,2026-04-27,2026-04-27,2029-01-26,432379.69,PLN,zakończona,pani Lidia Szpyt
1924,UM/2024/01924,743,2024-03-03,2024-03-11,2027-06-12,404615.31,PLN,zakończona,Nikodem Supeł
1925,UM/2023/00001,409,2024-09-19,2024-09-22,2024-04-07,452376.03,PLN,aktywna,Kornel Kujda
1926,UM/2024/01926,1607,2024-09-14,2024-09-27,2025-03-26,162773.43,PLN,w przygotowaniu,Ksawery Budzyń
1927,UM/2023/01927,2059,2023-10-15,2023-10-26,,231562.09,PLN,zakończona,Dominik Wawrzynowicz
1928,UM/2025/01928,749,2025-11-20,2025-12-04,2026-05-22,474126.68,PLN,aktywna,Fryderyk Delekta
1929,UM/2022/01929,82,2022-03-21,2022-03-28,,414747.05,pln,zakończona,Anita Puto
1930,UM/2021/01930,1251,2021-10-29,2021-11-08,2022-12-17,8789.37,PLN,aktywna,pani Aniela Labocha
1931,UM/2022/01931,250,2022-03-28,2022-04-08,2025-02-09,78087.05,PLN,zakończona,Julita Pawela
1932,UM/2022/01932,1751,2021-12-31,2022-01-19,2026-01-01,407008.05,PLN,w przygotowaniu,Eryk Frania
1933,UM/2025/01933,1767,2025-09-13,2025-09-22,2027-09-24,191414.25,zł,zakończona,Rafał Fąferek
1934,UM/2023/01934,1625,2023-08-17,2023-09-06,2026-07-18,466252.57,PLN,w przygotowaniu,Gabriel Brejnak
1935,UM/2025/01935,1687,2025-06-30,2025-07-19,2027-03-21,428601.75,PLN,aktywna,Fabian Rompa
1936,UM/2023/01936,2069,2023-02-03,2023-02-12,2024-04-16,5171.03,PLN,aktywna,pani Aurelia Mućko
1937,UM/2023/00001,450,2026-03-23,2026-03-29,2026-07-24,380260.92,PLN,zakończona,Marcelina Nowek
1938,UM/2023/01938,1833,2022-12-27,2023-01-12,2024-05-07,136339.23,PLN,w przygotowaniu,Albert Suda
1939,UM/2022/01939,1945,2022-01-31,2022-02-07,2022-06-12,254312.59,PLN,aktywna,Kornelia Kuśka
1940,UM/2022/01940,604,2022-08-07,2022-08-17,2023-11-19,423693.24,PLN,w przygotowaniu,Bartek Karkut
1941,UM/2025/01941,914,2025-05-19,2025-05-26,2028-09-07,240959.52,PLN,aktywna,pan Maurycy Baszak
1942,UM/2025/01942,857,2025-02-20,2025-02-27,2026-03-13,135016.89,PLN,aktywna,pani Aurelia Ławniczek
1943,UM/2022/01943,1131,2022-03-13,2022-03-16,2024-05-15,235886.72,PLN,zakończona,Norbert Hadaś
1944,UM/2023/01944,1727,2023-08-04,2023-08-17,2026-06-17,40175.06,PLN,w przygotowaniu,pan Maksymilian Łaszcz
1945,UM/2025/01945,147,2025-03-18,2025-03-18,2025-09-27,443706.23,zł,w przygotowaniu,Stefan Gabrych
1946,UM/2022/01946,1562,2022-01-10,2022-01-15,2022-12-22,322416.33,PLN,zakończona,Juliusz Węgrzyk
1947,UM/2024/01947,978,2024-04-22,2024-05-11,2028-01-06,108408.05,PLN,aktywna,Agnieszka Duchnik
1948,UM/2023/01948,350,2023-03-23,2023-04-01,2026-05-05,28990.13,PLN,zakończona,pan Szymon Juras
1949,UM/2024/01949,1593,2024-11-02,2024-11-09,2028-09-14,44011.42,PLN,zakończona,Mikołaj Szulim
1950,UM/2025/01950,1438,2025-06-08,2025-06-24,2027-09-03,24872.86,PLN,aktywna,pani Kornelia Matyszczak
1951,UM/2024/01951,1518,2024-05-03,2024-05-18,2027-04-27,386389.59,PLN,zakończona,Filip Budniak
1952,UM/2023/01952,869,2023-05-23,2023-05-26,2024-03-12,254974.26,PLN,aktywna,Olgierd Krasa
1953,UM/2025/01953,557,2025-08-31,2025-09-06,2029-01-07,246110.89,PLN,w przygotowaniu,Agnieszka Szaruga
1954,UM/2025/01954,1151,2025-09-11,2025-09-19,2028-12-22,128804.25,PLN,w przygotowaniu,Miłosz Pleśniak
1955,UM/2025/01955,68,2025-02-16,2025-02-19,2027-03-05,334144.8,PLN,w przygotowaniu,Julita Dykas
1956,UM/2024/01956,1002,2024-07-20,2024-08-05,2025-05-01,184067.72,PLN ,w przygotowaniu,Tola Ryguła
1957,UM/2023/01957,1265,2023-03-20,2023-03-25,2024-02-01,308453.06,PLN,aktywna,Maurycy Bohdanowicz
1958,UM/2023/01958,1324,2023-10-12,2023-10-26,2025-08-19,23921.23,PLN,zakończona,Józef Niewiara
1959,UM/2026/01959,1023,2026-05-15,2026-05-22,2026-05-05,420643.86,PLN,zakończona,Janina Mazik
1960,UM/2025/01960,274,2025-04-05,2025-04-06,2025-09-20,211695.47,PLN,aktywna,pani Dagmara Zioła
1961,UM/2023/01961,1418,2023-10-14,2023-10-23,2024-04-20,395178.78,PLN,w przygotowaniu,Kornelia Gubernat
1962,UM/2024/01962,754,2024-03-30,2024-04-14,2024-12-29,289224.16,PLN,aktywna,pani Aniela Madajczyk
1963,UM/2025/01963,639,2025-01-15,2025-01-27,2025-07-13,83349.18,PLN,w przygotowaniu,Antoni Ryczko
1964,UM/2024/01964,1285,2024-03-20,2024-04-02,2027-02-14,424808.52,PLN,w przygotowaniu,Leonard Kapral
1965,UM/2024/01965,2,2024-11-15,2024-11-28,2028-07-20,347898.33,PLN,zakończona,Marcin Zys
1966,UM/2022/01966,1777,2022-02-26,2022-03-17,2025-04-15,410557.22,PLN,aktywna,Anastazja Lamch
1967,UM/2024/01967,1574,2024-12-12,2024-12-24,2027-03-30,432065.14,PLN,aktywna,pani Agnieszka Galek
1968,UM/2022/01968,766,2021-12-26,2022-01-12,2025-05-24,289024.82,PLN,aktywna,Krzysztof Szmaj
1969,UM/2025/01969,1970,2025-06-28,2025-07-08,2025-11-10,251828.66,PLN,zakończona,pan Radosław Bugno
1970,UM/2022/01970,973,2022-10-15,2022-10-15,2025-01-21,292995.26,PLN,zakończona,pani Sandra Odrzywołek
1971,UM/2022/01971,1546,2022-10-17,2022-10-23,2024-03-01,57329.19,PLN,zakończona,Albert Dulas
1972,UM/2024/01972,2165,2024-09-29,2024-10-19,2025-10-19,296279.14,PLN,w przygotowaniu,Olaf Sypek
1973,UM/2022/01973,1656,2022-01-29,2022-02-01,2025-03-23,329973.5,PLN,zakończona,pan Fryderyk Soczewka
1974,UM/2025/01974,1770,2025-03-02,2025-03-08,2027-08-23,125919.29,PLN,zakończona,pani Aurelia Kuran
1975,UM/2025/01975,1565,2025-03-26,2025-04-03,2027-01-15,334084.27,PLN,aktywna,Adam Sierpień
1976,UM/2022/01976,1705,2022-06-23,2022-07-11,2022-12-06,445540.79,PLN,w przygotowaniu,Igor Zbylut
1977,UM/2025/01977,1386,2025-04-03,2025-04-13,2026-05-21,264825.68,PLN,aktywna,pan Alex Judek
1978,UM/2021/01978,812,2021-10-31,2021-11-11,2022-03-03,267816.23,PLN,w przygotowaniu,Jeremi Sornat
1979,UM/2025/01979,1885,2025-06-20,2025-07-01,2028-11-02,203452.1,PLN,aktywna,Maciej Beck
1980,UM/2022/01980,397,2022-12-24,2022-12-25,2024-11-07,253971.66,PLN,zakończona,Dominik Rzeszut
1981,UM/2026/01981,1189,2026-03-28,2026-04-14,2027-11-01,457494.51,PLN,aktywna,Borys Mordak
1982,UM/2022/01982,764,2021-12-30,2022-01-13,2025-09-09,362650.61,PLN,aktywna,Bartek Gąszczak
1983,UM/2024/01983,2073,2024-01-30,2024-02-05,2026-10-28,144989.56,PLN,zakończona,pan Cyprian Pasieczna
1984,UM/2024/01984,770,2024-10-24,2024-10-28,2028-07-31,469932.52,PLN,w przygotowaniu,Ernest Machowicz
1985,UM/2021/01985,365,2021-12-19,2021-12-31,2025-05-14,331411.99,PLN,aktywna,Nataniel Wielądek
1986,UM/2024/01986,385,2024-04-20,2024-04-23,2027-02-02,4376.59,PLN,zakończona,pani Ida Łapaj
1987,UM/2021/01987,219,2021-10-05,2021-10-20,2023-01-10,435989.74,PLN,zakończona,Kajetan Krywult
1988,UM/2021/01988,1274,2021-11-25,2021-12-05,2024-12-19,228046.9,PLN,zakończona,Hubert Parkitna
1989,UM/2022/01989,272,2022-02-08,2022-02-24,2025-01-19,136725.39,PLN,w przygotowaniu,Marika Bugno
1990,UM/2021/01990,255,2021-08-03,2021-08-03,2021-12-07,376081.19,PLN,aktywna,pani Malwina Malcharek
1991,UM/2022/01991,242,2022-10-12,2022-11-01,2024-06-02,85087.49,PLN,aktywna,Kaja Stanclik
1992,UM/2023/01992,76,2023-01-31,2023-02-08,2026-06-03,457938.78,PLN,aktywna,Angelika Dymarczyk
1993,UM/2022/01993,663,2022-01-27,2022-01-30,2023-09-18,178257.45,PLN,w przygotowaniu,Mieszko Andruszko
1994,UM/2024/01994,615,2024-08-25,2024-09-08,2025-05-15,384162.43,PLN,aktywna,pan Mieszko Stanuch
1995,UM/2023/01995,1024,2022-12-30,2023-01-19,2024-11-30,224696.25,PLN,zakończona,pani Melania Sobstyl
1996,UM/2023/01996,1546,2023-03-04,2023-03-06,2025-03-25,259336.32,PLN,w przygotowaniu,Sandra Fidos
1997,UM/2026/01997,1747,2026-06-16,2026-07-03,2028-06-27,287131.44,PLN,aktywna,Aleksander Pera
1998,UM/2023/01998,804,2023-08-20,2023-08-26,2027-06-17,456140.13,PLN,zakończona,Sandra Hak
1999,UM/2025/01999,1268,2024-12-30,2025-01-14,2027-10-08,442096.76,PLN,w przygotowaniu,Tobiasz Matuszyk
2000,UM/2024/02000,1194,2024-10-28,2024-11-13,2025-09-12,231231.55,PLN,w przygotowaniu,Bartek Larysz
2001,UM/2022/02001,759,2022-03-04,2022-03-23,2025-11-07,377185.96,PLN,w przygotowaniu,pani Sandra Durczok
2002,UM/2025/02002,913,2025-12-07,2025-12-23,2027-06-25,444113.18,PLN,w przygotowaniu,Oliwier Tałaj
2003,UM/2023/02003,1729,2023-08-28,2023-08-31,2025-11-09,283715.31,PLN,w przygotowaniu,Borys Magier
2004,UM/2025/02004,1551,2025-01-26,2025-02-12,2028-08-14,443568.39,PLN,aktywna,pani Monika Wojnicz
2005,UM/2023/02005,1686,2023-08-15,2023-09-03,2026-03-06,290555.3,PLN,zakończona,Robert Olkowicz
2006,UM/2025/02006,647,2025-08-11,2025-08-25,2029-02-10,434776.99,PLN,w przygotowaniu,Apolonia Dukat
2007,UM/2021/02007,1739,2021-09-03,2021-09-15,2024-10-07,178188.66,PLN,zakończona,pani Rozalia Wujec
2008,UM/2024/02008,1521,2024-07-11,2024-07-30,2027-03-15,225509.62,PLN,w przygotowaniu,Tola Koman
2009,UM/2023/02009,1901,2023-04-23,2023-05-08,2026-12-17,217408.96,PLN,aktywna,Tymon Walocha
2010,UM/2025/02010,2077,2025-06-08,2025-06-08,2029-05-30,20579.33,PLN,zakończona,Nicole Kosałka
2011,UM/2023/02011,1686,2023-04-19,2023-05-05,2023-10-11,67420.66,PLN,w przygotowaniu,Dagmara Nastaj
2012,UM/2025/02012,1946,2025-08-21,2025-08-28,2027-04-18,419093.42,PLN,aktywna,Elżbieta Niemira
2013,UM/2024/02013,1143,2024-09-10,2024-09-24,2026-04-26,386391.77,PLN,w przygotowaniu,Anna Maria Sommer
2014,UM/2022/02014,720,2022-01-17,2022-01-30,2026-01-19,249880.23,PLN,w przygotowaniu,Konrad Konsek
2015,UM/2023/02015,1839,2023-10-28,2023-10-29,2025-12-18,223931.64,PLN,w przygotowaniu,Artur Franczuk
2016,UM/2026/02016,1508,2026-02-16,2026-02-24,2029-06-13,420217.49,PLN,aktywna,pani Ida Surmiak
2017,UM/2025/02017,637,2025-09-21,2025-09-23,2027-12-28,486552.35,PLN,aktywna,Robert Chadaj
2018,UM/2022/02018,1019,2022-04-20,2022-04-26,2022-12-08,2512.81,PLN,zakończona,Tobiasz Polewka
2019,UM/2024/02019,686,2024-05-20,2024-06-09,2027-02-22,254450.88,PLN,aktywna,Grzegorz Stupak
2020,UM/2022/02020,1420,2022-06-14,2022-06-24,2023-08-08,388832.03,PLN,zakończona,pani Sonia Suda
2021,UM/2023/02021,893,2023-10-15,2023-10-16,2027-07-03,256521.65,PLN,w przygotowaniu,Marek Bitner
2022,UM/2022/02022,131,2022-09-22,2022-10-06,2022-08-29,299628.68,PLN,w przygotowaniu,Łukasz Łokaj
2023,UM/2025/02023,42,2025-08-04,2025-08-17,2026-04-04,64571.23,PLN,w przygotowaniu,Olga Szwałek
2024,UM/2025/02024,341,2025-03-29,2025-04-09,2029-02-26,370701.38,PLN,aktywna,Kamil Zagożdżon
2025,UM/2025/02025,1203,2025-11-02,2025-11-21,2027-11-08,40289.27,PLN,zakończona,Gabriel Budner
2026,UM/2023/02026,13,2023-03-30,2023-04-19,2026-02-02,273430.59,PLN,zakończona,Anita Żuberek
2027,UM/2024/02027,1999,2024-08-01,2024-08-04,2027-01-24,56789.43,PLN,zakończona,Andrzej Gwara
2028,UM/2025/02028,1201,2025-09-26,2025-10-15,2026-12-03,264687.13,PLN,zakończona,Anna Maria Sip
2029,UM/2026/02029,1545,2026-03-09,2026-03-16,2029-09-25,128793.59,PLN,zakończona,pani Tola Wódka
2030,UM/2023/02030,1027,2023-08-24,2023-08-27,2024-02-29,209357.54,zł,aktywna,Sandra Oczkowicz
2031,UM/2025/02031,1865,2025-01-30,2025-02-04,2027-07-16,133732.33,PLN,w przygotowaniu,Tymoteusz Handzel
2032,UM/2024/02032,2290,2024-11-29,2024-12-16,2027-05-02,332699.76,PLN,aktywna,Klara Kolarz
2033,UM/2022/02033,585,2022-01-06,2022-01-09,2023-08-27,186720.51,PLN,zakończona,pani Apolonia Wałęsa
2034,UM/2023/02034,254,2023-12-06,2023-12-08,2026-09-12,338781.57,PLN,w przygotowaniu,pani Dorota Szyjka
2035,UM/2021/02035,1906,2021-12-23,2021-12-26,2025-02-04,232918.83,PLN,aktywna,Aleks Granat
2036,UM/2023/02036,651,2023-01-21,2023-01-22,2025-03-05,238686.71,PLN,aktywna,Wiktor Cierpisz
2037,UM/2024/02037,92,2024-06-09,2024-06-13,2028-02-08,87064.5,PLN,aktywna,Mateusz Wosiak
2038,UM/2022/02038,1629,2022-02-21,2022-02-22,2025-07-03,157276.81,PLN,aktywna,Przemysław Niewola
2039,UM/2023/02039,447,2023-04-03,2023-04-23,2025-09-17,45851.06,PLN,aktywna,Natasza Łukowiak
2040,UM/2023/02040,1977,2023-03-11,2023-03-19,2023-12-18,455733.27,PLN,zakończona,Przemysław Dzienniak
2041,UM/2023/02041,1492,2023-10-26,2023-11-04,2026-01-09,164503.39,PLN,aktywna,Norbert Łabaj
2042,UM/2022/02042,1394,2022-11-30,2022-12-11,2024-05-06,293916.18,PLN,zakończona,Sara Wlaźlak
2043,UM/2026/02043,357,2025-12-23,2026-01-03,2025-07-18,328284.18,PLN,zakończona,Gabriel Kozok
2044,UM/2022/02044,805,2022-08-11,2022-08-23,2023-01-08,100704.71,PLN,w przygotowaniu,pani Melania Bystrek
2045,UM/2023/02045,2085,2023-11-01,2023-11-13,2025-11-02,167054.18,PLN,aktywna,Cyprian Pałęga
2046,UM/2024/02046,1073,2024-01-17,2024-01-23,2025-12-16,163462.33,PLN,zakończona,Maksymilian Lindner
2047,UM/2026/02047,6,2026-04-21,2026-04-23,,491326.11,PLN,aktywna,Bartek Pelka
2048,UM/2023/02048,947,2023-11-04,2023-11-16,2026-03-04,130564.76,PLN,aktywna,Marianna Berdzik
2049,UM/2026/02049,1783,2026-01-11,2026-01-30,2028-07-12,214074.48,PLN,w przygotowaniu,pani Kaja Stąpor
2050,UM/2025/02050,1989,2025-11-19,2025-12-05,2028-11-11,312907.14,PLN,aktywna,Melania Herba
2051,UM/2023/02051,1266,2023-01-06,2023-01-16,2023-08-26,75702.23,PLN,zakończona,Wiktor Puch
2052,UM/2024/02052,1126,2024-07-30,2024-08-17,2027-04-21,33349.16,PLN,zakończona,Patryk Długozima
2053,UM/2022/02053,101,2022-09-20,2022-10-08,2024-12-14,9637.91,PLN,zakończona,Nela Roda
2054,UM/2022/02054,311,2022-08-13,2022-08-29,2024-11-15,139366.37,PLN,zakończona,Roksana Nowotka
2055,UM/2022/02055,629,2022-09-04,2022-09-23,2026-04-30,355849.96,PLN,w przygotowaniu,Nikodem Czajor
2056,UM/2025/02056,1491,2025-08-26,2025-08-29,2028-03-03,390050.78,PLN,aktywna,Kaja Siwczak
2057,UM/2022/02057,352,2022-05-14,2022-05-15,2025-03-03,18234.71,pln,w przygotowaniu,Olaf Kapka
2058,UM/2025/02058,2209,2025-03-21,2025-03-26,,215201.98,PLN,zakończona,Malwina Przewoźna
2059,UM/2025/02059,2116,2025-10-03,2025-10-11,2027-05-06,378415.89,pln,w przygotowaniu,Witold Kwak
2060,UM/2021/02060,402,2021-08-26,2021-09-13,2025-05-14,400618.77,PLN,w przygotowaniu,Arkadiusz Buczma
2061,UM/2021/02061,200,2021-08-08,2021-08-27,2023-12-07,48437.36,PLN,zakończona,Natan Maciocha
2062,UM/2026/02062,980,2026-04-28,2026-05-16,2027-10-20,338394.41,PLN,aktywna,Ksawery Maron
2063,UM/2025/02063,1602,2025-03-29,2025-04-02,2026-11-12,159597.66,PLN,aktywna,pan Maurycy Wilusz
2064,UM/2022/02064,1756,2022-04-12,2022-04-23,2025-08-26,245309.15,PLN,aktywna,Antoni Michel
2065,UM/2022/02065,692,2022-02-26,2022-03-07,2025-10-31,489325.02,pln,w przygotowaniu,Marika Sadlik
2066,UM/2022/02066,2093,2022-02-23,2022-03-01,,2297.3,PLN,aktywna,Mieszko Grygorcewicz
2067,UM/2023/02067,979,2023-11-28,2023-12-15,2025-03-03,57224.7,PLN,aktywna,Dominik Czerkies
2068,UM/2025/02068,697,2025-03-18,2025-03-26,2028-12-20,182663.07,PLN,zakończona,Marcin Palej
2069,UM/2024/02069,366,2024-04-14,2024-04-29,2027-10-09,225622.37,PLN,aktywna,Cyprian Chruszcz
2070,UM/2025/02070,1789,2025-05-19,2025-05-19,2028-11-02,246235.46,PLN,aktywna,pan Nikodem Dulas
2071,UM/2022/02071,577,2022-01-14,2022-02-02,2024-12-25,474461.94,PLN,aktywna,Janina Fitas
2072,UM/2022/02072,1337,2022-11-02,2022-11-20,2024-05-30,62312.13,PLN,w przygotowaniu,pani Gaja Hutyra
2073,UM/2022/02073,845,2022-09-23,2022-09-25,2025-01-02,452970.62,PLN,aktywna,Mikołaj Rudowicz
2074,UM/2023/02074,687,2023-06-27,2023-07-14,2026-03-14,429267.9,PLN,w przygotowaniu,Nela Gawliczek
2075,UM/2022/02075,1451,2022-04-10,2022-04-30,2024-04-26,11966.48,PLN,zakończona,Agnieszka Garbacik
2076,UM/2025/02076,1040,2025-07-30,2025-08-02,2025-12-27,133962.9,PLN,zakończona,Hubert Sornat
2077,UM/2025/02077,369,2025-04-02,2025-04-15,2028-04-25,275755.03,PLN,w przygotowaniu,Kornel Miodek
2078,UM/2025/02078,710,2025-04-15,2025-04-17,2028-12-16,268545.29,PLN,aktywna,Aleks Dyjach
2079,UM/2023/02079,1582,2023-02-20,2023-03-09,2025-01-11,81363.2,PLN,aktywna,Nela Grabczak
2080,UM/2023/00001,1538,2023-10-16,2023-10-20,2025-02-19,299348.3,PLN,aktywna,Dorota Fleszar
2081,UM/2022/02081,1767,2022-09-10,2022-09-30,2025-12-04,143135.99,PLN,w przygotowaniu,Jan Grzywnowicz
2082,UM/2026/02082,1799,2026-07-15,2026-07-22,2030-07-02,71613.87,PLN,w przygotowaniu,Arkadiusz Pizoń
2083,UM/2022/02083,570,2022-06-16,2022-06-20,2023-12-07,126848.12,PLN,zakończona,Julianna Tekieli
2084,UM/2023/00001,880,2022-08-24,2022-09-05,2025-06-18,256710.11,PLN,aktywna,pan Gabriel Wyrostek
2085,UM/2022/02085,1030,2022-06-09,2022-06-12,2024-08-07,147510.65,PLN,aktywna,Andrzej Żuchowicz
2086,UM/2024/02086,1148,2024-06-09,2024-06-24,2027-06-12,174238.31,PLN,aktywna,Kalina Berdzik
2087,UM/2023/02087,1908,2023-02-02,2023-02-11,2024-10-21,348600.9,PLN,zakończona,pani Anastazja Orawiec
2088,UM/2023/02088,880,2023-11-30,2023-12-08,2025-12-06,135157.63,PLN,aktywna,pani Eliza Płoskonka
2089,UM/2023/02089,1227,2023-06-26,2023-06-27,2026-04-20,193968.36,PLN,zakończona,Tobiasz Siekierka
2090,UM/2022/02090,889,2022-07-26,2022-07-31,2024-10-14,289934.3,PLN,w przygotowaniu,pani Nicole Torbus
2091,UM/2022/02091,2228,2022-04-03,2022-04-11,2024-01-10,331716.09,PLN,aktywna,Adrian Zbrożek
2092,UM/2023/00001,487,2023-01-24,2023-02-11,2025-06-16,475321.15,PLN,zakończona,Melania Kiepas
2093,UM/2023/02093,1842,2023-04-22,2023-05-07,2023-08-15,159749.08,PLN,zakończona,Elżbieta Komisarek
2094,UM/2024/02094,496,2024-04-19,2024-04-29,,334733.7,PLN,aktywna,Rafał Uliczka
2095,UM/2023/02095,729,2023-12-05,2023-12-16,2026-07-30,396060.18,PLN,aktywna,Alex Podgórny
2096,UM/2022/02096,710,2022-02-15,2022-02-20,2024-10-15,14112.42,PLN,aktywna,pan Konrad Fiedorczuk
2097,UM/2025/02097,1817,2025-03-31,2025-04-03,,130265.12,PLN,zakończona,Rozalia Klejna
2098,UM/2024/02098,676,2024-08-09,2024-08-18,2027-07-18,259478.82,PLN ,w przygotowaniu,Cyprian Mętel
2099,UM/2022/02099,480,2022-04-02,2022-04-13,2024-12-07,86776.77,PLN,w przygotowaniu,pani Janina Drobisz
2100,UM/2026/02100,24,2026-06-01,2026-06-11,2028-01-08,375986.77,PLN,w przygotowaniu,Janina Langiewicz
2101,UM/2022/02101,193,2022-04-06,2022-04-22,2022-11-03,88622.3,pln,w przygotowaniu,Leonard Sieg
2102,UM/2024/02102,2058,2024-03-19,2024-03-19,2028-01-21,297390.58,PLN,w przygotowaniu,pani Aurelia Panicz
2103,UM/2022/02103,148,2022-07-13,2022-07-31,2023-10-14,413765.1,PLN,zakończona,Julian Wlizło
2104,UM/2022/02104,472,2022-07-20,2022-07-20,2026-04-22,323724.34,PLN,w przygotowaniu,pani Ada Zemanek
2105,UM/2023/02105,2303,2023-01-14,2023-02-03,2024-02-23,173406.55,PLN,zakończona,Oliwier Szmuc
2106,UM/2024/02106,336,2024-04-17,2024-04-23,2027-09-21,25770.3,PLN,aktywna,Dawid Golda
2107,UM/2024/02107,536,2024-04-03,2024-04-21,2027-10-22,423090.48,PLN ,w przygotowaniu,pan Nikodem Noculak
2108,UM/2021/02108,1291,2021-08-13,2021-08-15,2022-10-22,12352.27,PLN,w przygotowaniu,Melania Berek
2109,UM/2022/02109,1963,2022-06-12,2022-07-01,2023-09-10,281154.29,PLN,aktywna,pani Anastazja Loba
2110,UM/2026/02110,1899,2026-03-29,2026-04-16,2028-07-23,487920.89,PLN,w przygotowaniu,pan Borys Nabiałek
2111,UM/2026/02111,1015,2026-03-05,2026-03-15,2029-04-27,394623.31,PLN,w przygotowaniu,Sebastian Wojtyna
2112,UM/2026/02112,1027,2026-01-29,2026-02-04,2030-01-30,85250.17,PLN,aktywna,Bruno Cieniuch
2113,UM/2022/02113,700,2022-11-01,2022-11-10,2024-02-07,25533.6,PLN,aktywna,Krzysztof Boruc
2114,UM/2026/02114,1917,2026-04-25,2026-05-10,2030-03-28,321276.66,PLN,aktywna,Aurelia Senger
2115,UM/2022/02115,427,2022-10-28,2022-11-12,2025-10-22,53794.77,PLN,zakończona,Ewa Sorbian
2116,UM/2021/02116,1343,2021-10-27,2021-10-31,2024-03-16,147549.45,PLN,aktywna,pan Kamil Ryfa
2117,UM/2024/02117,1513,2024-05-06,2024-05-24,2027-07-02,81663.77,PLN,w przygotowaniu,Kacper Glanc
2118,UM/2021/02118,1338,2021-10-30,2021-11-02,,473088.2,PLN,aktywna,pan Tymon Dziwak
2119,UM/2025/02119,575,2025-11-17,2025-12-07,2027-03-24,430197.03,PLN,zakończona,Nela Szyja
2120,UM/2023/02120,89,2023-08-28,2023-09-15,2024-03-16,292106.8,pln,w przygotowaniu,Olgierd Dębosz
2121,UM/2024/02121,1150,2024-02-10,2024-02-13,2025-12-27,52297.49,PLN,zakończona,pan Olaf Działa
2122,UM/2022/02122,256,2022-02-26,2022-03-05,2024-07-06,203472.02,PLN,w przygotowaniu,Elżbieta Gromala
2123,UM/2025/02123,1017,2025-07-22,2025-08-06,2028-07-31,63790.13,PLN,zakończona,Mieszko Lejk
2124,UM/2024/02124,88,2024-12-27,2024-12-30,2028-12-16,73849.51,PLN,w przygotowaniu,pani Tola Weremczuk
2125,UM/2024/02125,2074,2024-10-06,2024-10-14,2027-06-03,261047.96,PLN,aktywna,Julianna Drela
2126,UM/2023/02126,555,2023-01-07,2023-01-25,2024-08-06,465695.34,PLN,w przygotowaniu,pan Kacper Pianka
2127,UM/2024/02127,1747,2023-12-24,2024-01-13,2027-04-24,245628.97,PLN,zakończona,Kamila Żółkiewicz
2128,UM/2023/02128,755,2023-04-05,2023-04-23,2027-03-28,345252.51,PLN,zakończona,pan Radosław Ćwierz
2129,UM/2025/02129,1328,2025-04-16,2025-05-01,2029-01-21,41778.86,PLN ,w przygotowaniu,Kamila Gubernat
2130,UM/2023/02130,2035,2023-04-01,2023-04-02,2025-12-16,23189.09,PLN,aktywna,Tola Kawulok
2131,UM/2024/02131,193,2024-11-26,2024-12-03,2025-08-20,183885.52,PLN,aktywna,pani Sonia Głowienka
2132,UM/2023/02132,1431,2023-10-04,2023-10-23,2025-04-21,75124.73,PLN,w przygotowaniu,pan Maurycy Węgrzyk
2133,UM/2024/02133,828,2024-03-03,2024-03-11,2025-06-11,6491.45,PLN,zakończona,Maks Wydmuch
2134,UM/2025/02134,355,2025-10-01,2025-10-12,2029-07-25,160946.4,PLN,w przygotowaniu,Ewelina Uryga
2135,UM/2024/02135,1778,2024-07-26,2024-08-08,2028-06-20,124553.96,PLN,aktywna,Miłosz Panuś
2136,UM/2025/02136,1115,2025-03-25,2025-04-01,2029-02-18,271443.22,PLN,aktywna,Patryk Engel
2137,UM/2023/02137,264,2023-08-20,2023-08-30,2024-07-10,152645.88,PLN,aktywna,Kaja Orawiec
2138,UM/2022/02138,2049,2022-02-19,2022-03-10,2025-05-11,403137.23,PLN,w przygotowaniu,Hubert Klatka
2139,UM/2022/02139,470,2022-12-11,2022-12-30,2026-08-04,74825.35,PLN,w przygotowaniu,Anastazja Gąsienica
2140,UM/2023/02140,1376,2023-09-19,2023-09-22,2025-10-17,238455.0,PLN,aktywna,Filip Torbus
2141,UM/2023/02141,1598,2023-09-24,2023-10-07,,153430.33,PLN,aktywna,pani Roksana Romańczyk
2142,UM/2023/02142,362,2023-02-07,2023-02-13,2024-08-12,394720.5,PLN,zakończona,Gustaw Chwalisz
2143,UM/2021/02143,381,2021-08-21,2021-09-08,2021-12-08,273861.98,PLN,aktywna,Jędrzej Kurcz
2144,UM/2026/02144,20,2026-02-25,2026-03-10,2027-01-14,124760.24,PLN,aktywna,pan Michał Ziemkiewicz
2145,UM/2022/02145,1112,2022-07-22,2022-07-29,2024-05-09,80297.22,PLN,zakończona,Elżbieta Pastuła
2146,UM/2025/02146,1288,2025-11-20,2025-11-22,2027-08-17,333347.41,PLN,w przygotowaniu,Filip Kunka
2147,UM/2025/02147,2053,2025-01-20,2025-01-23,2028-12-27,321224.78,PLN,zakończona,Eliza Lemanowicz
2148,UM/2024/02148,1354,2024-05-03,2024-05-13,2028-04-11,33464.36,PLN,zakończona,pani Marika Rutowicz
2149,UM/2024/02149,1419,2024-11-19,2024-11-28,2025-10-14,436384.55,PLN,zakończona,Fabian Komander
2150,UM/2024/02150,168,2024-10-01,2024-10-21,2028-03-06,449215.53,PLN,zakończona,pan Marcel Usarek
2151,UM/2023/02151,1051,2023-07-27,2023-08-13,2027-03-28,477748.17,PLN,aktywna,Anita Hanke
2152,UM/2021/02152,1118,2021-09-18,2021-09-19,2023-07-21,262731.66,PLN,w przygotowaniu,Bianka Damian
2153,UM/2026/02153,138,2026-06-26,2026-06-26,2027-02-13,208783.18,PLN,zakończona,Paweł Karpik
2154,UM/2023/02154,383,2023-10-02,2023-10-21,2027-06-27,268356.0,PLN,aktywna,Aurelia Materka
2155,UM/2022/02155,352,2022-07-31,2022-08-12,2023-12-05,235848.46,PLN,aktywna,pani Ida Miszkiewicz
2156,UM/2023/02156,1180,2023-09-28,2023-09-28,2026-02-22,381363.76,PLN,w przygotowaniu,Julian Gieroń
2157,UM/2022/02157,1831,2022-11-10,2022-11-21,2023-05-28,2454.16,PLN,w przygotowaniu,Bartek Janisz
2158,UM/2026/02158,111,2026-02-03,2026-02-23,2029-08-12,473241.18,PLN,zakończona,Hubert Bujas
2159,UM/2021/02159,473,2021-09-02,2021-09-03,2024-10-23,188379.36,PLN,aktywna,Tymoteusz Andruszko
2160,UM/2021/02160,429,2021-11-03,2021-11-17,2025-05-08,312299.7,PLN,zakończona,Paweł Bodziony
2161,UM/2022/02161,1336,2022-01-20,2022-02-08,2022-06-14,81946.3,PLN,aktywna,Konrad Nieścioruk
2162,UM/2024/02162,1345,2024-07-27,2024-08-02,2026-12-23,362437.27,PLN,zakończona,pani Aurelia Makieła
2163,UM/2023/00001,1450,2024-10-10,2024-10-21,2026-07-29,356685.42,PLN,aktywna,Leon Muzyk
2164,UM/2024/02164,349,2024-11-04,2024-11-20,2026-03-10,182795.71,PLN,w przygotowaniu,Wiktor Windak
2165,UM/2023/02165,1361,2023-12-22,2023-12-30,2026-05-26,442308.99,PLN,aktywna,Jędrzej Sobiło
2166,UM/2022/02166,2090,2022-12-25,2022-12-28,2025-10-29,396731.35,PLN,zakończona,pan Dariusz Olszowa
2167,UM/2024/02167,2106,2024-06-13,2024-06-16,2027-10-11,4605.51,PLN,w przygotowaniu,Sebastian Kościelak
2168,UM/2026/02168,1540,2025-12-21,2026-01-10,2029-10-21,336140.4,PLN,aktywna,pan Jerzy Bogdał
2169,UM/2021/02169,1902,2021-11-19,2021-11-20,2022-08-02,314461.05,PLN,aktywna,Piotr Mitera
2170,UM/2021/02170,495,2021-08-24,2021-09-07,2024-09-05,369552.61,PLN,aktywna,Leon Stempel
2171,UM/2022/02171,1340,2022-12-06,2022-12-16,2024-03-03,458956.23,PLN,w przygotowaniu,pani Monika Panasewicz
2172,UM/2022/02172,477,2022-03-08,2022-03-13,2022-12-01,369124.92,PLN,zakończona,Kacper Sołoducha
2173,UM/2023/02173,1486,2023-11-24,2023-11-27,2024-09-13,273213.76,PLN,zakończona,Sylwia Chaberek
2174,UM/2024/02174,1275,2024-05-13,2024-05-17,2026-02-10,132365.96,PLN,zakończona,pan Cezary Bazyluk
2175,UM/2023/02175,251,2023-12-22,2023-12-30,2024-05-07,435039.57,PLN,aktywna,Aleks Łachut
2176,UM/2026/02176,1818,2026-01-12,2026-01-25,2028-03-31,158467.79,PLN,aktywna,Michał Zach
2177,UM/2022/02177,1052,2022-07-25,2022-08-03,2024-09-24,437381.76,PLN,w przygotowaniu,Apolonia Pazera
2178,UM/2023/02178,1446,2023-03-30,2023-04-01,2025-12-18,297947.81,PLN,aktywna,Tadeusz Linkiewicz
2179,UM/2022/02179,74,2022-12-23,2022-12-25,2026-06-11,493193.81,PLN,w przygotowaniu,Adrianna Buchholz
2180,UM/2025/02180,115,2025-06-15,2025-07-03,2027-03-26,478463.76,PLN,zakończona,Grzegorz Siwczak
2181,UM/2023/02181,1232,2023-03-27,2023-04-05,2027-02-13,428147.73,PLN,zakończona,Andrzej Herdzik
2182,UM/2022/02182,1533,2022-07-02,2022-07-06,,414299.38,PLN,zakończona,Jan Opyrchał
2183,UM/2023/02183,1871,2023-07-02,2023-07-08,2025-02-21,397283.92,PLN,w przygotowaniu,Nataniel Fiołka
2184,UM/2021/02184,1654,2021-10-17,2021-10-29,2024-08-20,371774.75,PLN,zakończona,Bianka Kopyto
2185,UM/2023/02185,1052,2023-07-03,2023-07-23,2024-08-26,149455.76,PLN,aktywna,Borys Kochman
2186,UM/2026/02186,426,2026-04-04,2026-04-14,2027-11-17,240927.4,PLN,w przygotowaniu,Igor Jamrożek
2187,UM/2024/02187,1657,2024-04-18,2024-04-29,2024-08-15,392014.48,PLN,aktywna,pan Antoni Drobek
2188,UM/2022/02188,1137,2022-02-06,2022-02-17,2023-02-10,378795.36,PLN,zakończona,pan Ksawery Penar
2189,UM/2024/02189,958,2023-12-23,2024-01-05,2027-05-06,112645.41,PLN,aktywna,pan Piotr Cacko
2190,UM/2025/02190,1727,2025-04-20,2025-05-06,2029-02-01,25356.27,PLN,aktywna,Melania Pleban
2191,UM/2024/02191,600,2024-09-15,2024-09-29,2025-10-08,60761.36,PLN,zakończona,Filip Szarpak
2192,UM/2023/02192,846,2023-11-01,2023-11-20,2025-02-02,323422.85,PLN,zakończona,Stanisław Herbut
2193,UM/2022/02193,6,2022-07-25,2022-07-27,2025-03-02,231095.07,PLN,w przygotowaniu,pan Borys Kalisiak
2194,UM/2024/02194,1707,2024-01-15,2024-01-25,2025-04-14,168549.49,PLN,aktywna,Maurycy Pich
2195,UM/2026/02195,521,2026-03-21,2026-04-03,2027-08-23,50195.58,PLN,zakończona,Marek Słowiak
2196,UM/2025/02196,560,2025-03-12,2025-03-26,2026-12-08,460291.3,PLN,aktywna,Nikodem Grycz
2197,UM/2022/02197,525,2022-01-01,2022-01-07,2025-05-09,101924.49,PLN,aktywna,Albert Mila
2198,UM/2025/02198,236,2025-03-01,2025-03-02,2028-12-06,83869.63,PLN,w przygotowaniu,pan Adam Paluszak
2199,UM/2022/02199,1129,2022-10-10,2022-10-22,2023-04-18,236052.02,PLN,zakończona,Cezary Andziak
2200,UM/2021/02200,2181,2021-08-09,2021-08-26,2024-06-09,462122.97,PLN,w przygotowaniu,pan Rafał Malara
2201,UM/2026/02201,902,2026-01-01,2026-01-08,2028-05-09,57483.25,PLN,aktywna,pani Kalina Kral
2202,UM/2023/02202,1209,2023-06-03,2023-06-19,2025-12-21,110740.62,PLN,zakończona,Ryszard Wyskiel
2203,UM/2022/02203,1888,2022-07-11,2022-07-21,2025-11-29,97470.01,PLN,aktywna,Malwina Bekus
2204,UM/2025/02204,1060,2025-11-12,2025-11-29,2029-01-04,466881.64,PLN,aktywna,pani Sylwia Stebel
2205,UM/2022/02205,1179,2022-11-03,2022-11-21,2025-04-04,76184.5,PLN,zakończona,Jędrzej Kosela
2206,UM/2022/02206,1700,2022-05-18,2022-05-26,2025-12-08,182558.08,PLN,w przygotowaniu,pan Fryderyk Nagórka
2207,UM/2024/02207,1550,2024-02-22,2024-03-05,2024-10-10,97859.06,PLN,w przygotowaniu,pani Anita Mendyka
2208,UM/2022/02208,2198,2022-09-20,2022-09-24,2023-03-29,81330.46,PLN,zakończona,Eliza Gryciuk
2209,UM/2025/02209,2104,2025-10-21,2025-10-22,2029-02-23,233709.37,PLN,aktywna,Kazimierz Lalak
2210,UM/2024/02210,343,2024-05-26,2024-06-05,2025-07-19,168772.42,PLN,zakończona,Anita Bugla
2211,UM/2023/00001,549,2026-01-30,2026-02-10,2026-11-06,51114.71,PLN,aktywna,Angelika Tasarz
2212,UM/2024/02212,781,2024-08-05,2024-08-11,2027-12-02,145892.69,PLN,w przygotowaniu,Paweł Tatarczyk
2213,UM/2021/02213,297,2021-12-11,2021-12-29,2024-11-13,450867.57,PLN,zakończona,Jędrzej Miętka
2214,UM/2025/02214,1498,2025-06-05,2025-06-20,2027-08-19,447857.03,PLN,w przygotowaniu,Lidia Odrzywołek
2215,UM/2023/02215,1544,2023-09-22,2023-09-26,2027-03-30,172567.59,PLN,zakończona,Jerzy Kutek
2216,UM/2024/02216,420,2024-01-18,2024-02-02,2024-11-29,62297.66,PLN,aktywna,pani Natasza Bojarczuk
2217,UM/2021/02217,1250,2021-10-08,2021-10-19,2023-04-29,345292.4,PLN,zakończona,Stefan Łupina
2218,UM/2025/02218,501,2025-05-20,2025-06-09,2027-03-10,489776.62,PLN,zakończona,Anastazja Janowiak
2219,UM/2023/02219,1412,2023-06-01,2023-06-20,2025-11-05,360837.64,PLN,aktywna,pani Dagmara Rzeszut
2220,UM/2022/02220,194,2022-09-18,2022-09-22,2023-01-01,93272.87,PLN,aktywna,Inga Garncarek
2221,UM/2022/02221,1844,2022-04-11,2022-04-13,2023-10-28,201806.91,PLN,zakończona,Krzysztof Malecha
2222,UM/2023/02222,890,2023-04-15,2023-04-21,2024-10-28,368244.92,PLN,w przygotowaniu,Robert Witko
2223,UM/2023/02223,1850,2023-07-01,2023-07-21,,372106.23,PLN,aktywna,pani Justyna Banek
2224,UM/2021/02224,2223,2021-12-01,2021-12-05,,479327.38,PLN,w przygotowaniu,pan Juliusz Skotarek
2225,UM/2022/02225,36,2022-05-31,2022-06-19,2025-03-10,465644.13,PLN,w przygotowaniu,Witold Korgul
2226,UM/2022/02226,1728,2022-09-15,2022-09-30,2023-04-21,215052.94,PLN,zakończona,Mieszko Klaus
2227,UM/2022/02227,478,2022-04-04,2022-04-06,2022-10-10,249833.0,PLN,w przygotowaniu,Tadeusz Chabior
2228,UM/2026/02228,308,2026-05-24,2026-05-25,2028-01-07,39818.74,PLN,w przygotowaniu,Rozalia Mijas
2229,UM/2026/02229,127,2026-05-28,2026-06-05,2027-04-25,196788.06,PLN,aktywna,Andrzej Kubiaczyk
2230,UM/2026/02230,762,2026-02-07,2026-02-27,2028-04-06,461834.49,PLN,zakończona,pani Róża Kulus
2231,UM/2024/02231,1586,2024-10-20,2024-11-02,2026-12-29,267886.69,PLN,zakończona,pani Olga Matraszek
2232,UM/2025/02232,365,2025-07-16,2025-07-16,2027-09-23,100917.85,PLN,w przygotowaniu,Alex Tałaj
2233,UM/2023/02233,1935,2023-07-06,2023-07-26,2023-04-09,91609.22,PLN,zakończona,pani Angelika Wojsław
2234,UM/2025/02234,943,2025-11-03,2025-11-21,2029-02-07,453014.22,PLN,w przygotowaniu,Olga Mędrala
2235,UM/2024/02235,683,2024-11-23,2024-12-03,2024-10-06,394829.12,PLN,aktywna,Ksawery Gęca
2236,UM/2023/02236,92,2023-03-29,2023-04-13,2025-01-10,386703.32,PLN,zakończona,Cezary Przewłoka
2237,UM/2024/02237,1462,2024-11-15,2024-11-29,2027-08-08,237085.55,zł,zakończona,Marcelina Watras
2238,UM/2023/02238,874,2023-04-10,2023-04-28,,176901.41,PLN,w przygotowaniu,Kamil Bartman
2239,UM/2022/02239,410,2022-06-16,2022-06-24,2025-10-30,212428.59,PLN,aktywna,Miłosz Klorek
2240,UM/2023/00001,1211,2022-06-18,2022-06-28,2026-05-31,342182.36,PLN,zakończona,Elżbieta Bociek
2241,UM/2024/02241,270,2024-02-04,2024-02-06,2025-10-23,203698.74,PLN,w przygotowaniu,Karina Feluś
2242,UM/2024/02242,1907,2024-05-14,2024-05-31,2026-02-23,340669.67,PLN,aktywna,Przemysław Mitera
2243,UM/2024/02243,594,2024-09-02,2024-09-07,2025-10-25,107527.93,PLN,w przygotowaniu,pan Paweł Frymus
2244,UM/2023/02244,1187,2023-01-11,2023-01-19,2024-10-25,227595.37,PLN,w przygotowaniu,pani Apolonia Hass
2245,UM/2026/02245,1245,2025-12-24,2026-01-09,2027-12-18,178196.15,PLN,w przygotowaniu,pan Gabriel Daraż
2246,UM/2023/02246,1272,2023-10-01,2023-10-10,2027-06-29,485349.47,PLN,aktywna,Anita Godzwon
2247,UM/2025/02247,726,2025-06-21,2025-06-24,2027-03-13,315031.26,PLN,zakończona,Marcel Woda
2248,UM/2022/02248,382,2022-04-28,2022-05-06,2026-01-26,67121.0,PLN,w przygotowaniu,Kajetan Gałach
2249,UM/2021/02249,264,2021-11-06,2021-11-13,2024-10-20,102287.62,PLN,w przygotowaniu,Tomasz Hrabia
2250,UM/2022/02250,960,2021-12-27,2022-01-13,2023-10-17,65694.3,PLN,zakończona,Artur Lalak
2251,UM/2025/02251,1625,2025-12-15,2025-12-18,2027-10-15,470971.16,PLN,aktywna,Kamila Moździerz
2252,UM/2022/02252,1441,2022-09-19,2022-09-29,2026-05-12,132702.07,PLN,w przygotowaniu,pani Melania Siarkiewicz
2253,UM/2025/02253,1373,2025-01-30,2025-02-17,2026-03-15,389361.17,PLN,aktywna,Patryk Tarasek
2254,UM/2024/02254,43,2023-12-31,2024-01-13,2025-03-31,397192.23,PLN,zakończona,pani Lidia Łabno
2255,UM/2025/02255,892,2025-02-18,2025-02-19,2029-02-14,471961.59,PLN,w przygotowaniu,Wiktor Flisek
2256,UM/2024/02256,109,2024-02-14,2024-02-21,2027-07-15,426615.39,PLN,w przygotowaniu,Alex Głuszko
2257,UM/2025/02257,1046,2025-08-03,2025-08-15,2027-01-24,280094.52,PLN,aktywna,Karol Jakiel
2258,UM/2021/02258,1408,2021-10-29,2021-11-04,2024-10-09,282019.69,PLN,w przygotowaniu,Mikołaj Kieca
2259,UM/2022/02259,780,2021-12-31,2022-01-17,2025-12-27,466380.62,PLN,w przygotowaniu,Mieszko Mizak
2260,UM/2025/02260,344,2025-05-07,2025-05-23,2028-10-19,420438.73,PLN,aktywna,Antoni Naczk
2261,UM/2026/02261,54,2026-06-22,2026-07-06,2028-07-21,118878.86,PLN,w przygotowaniu,Dorota Dawidczyk
2262,UM/2023/02262,1319,2023-03-26,2023-04-05,2026-06-27,6439.26,PLN,aktywna,Lidia Chomiak
2263,UM/2023/02263,488,2023-09-21,2023-10-02,2026-11-08,47867.8,PLN,aktywna,pani Inga Zysk
2264,UM/2023/02264,546,2023-01-02,2023-01-16,2025-08-11,484623.24,PLN,zakończona,Adrianna Sygut
2265,UM/2023/02265,1667,2023-10-05,2023-10-10,2027-07-30,36627.92,PLN,w przygotowaniu,Olgierd Ryfa
2266,UM/2025/02266,664,2025-09-29,2025-10-13,2025-06-16,437897.08,PLN,aktywna,Marianna Sugier
2267,UM/2023/02267,2071,2023-04-15,2023-04-18,2024-10-30,479229.75,PLN,zakończona,Sebastian Trybuś
2268,UM/2023/02268,1678,2023-01-14,2023-01-25,2025-05-06,42558.44,PLN,zakończona,Tymon Bidas
2269,UM/2024/02269,1853,2024-11-07,2024-11-17,2028-07-02,102597.33,PLN,aktywna,pani Angelika Feluś
2270,UM/2021/02270,1064,2021-11-30,2021-12-12,2023-11-08,375046.46,PLN,aktywna,Rozalia Martynowicz
2271,UM/2024/02271,1317,2024-07-31,2024-08-10,2026-04-27,142675.21,PLN,aktywna,pani Marcelina Miozga
2272,UM/2022/02272,583,2022-01-17,2022-01-21,2023-01-02,37624.28,PLN,w przygotowaniu,Radosław Korpal
2273,UM/2025/02273,2060,2025-05-20,2025-05-29,2028-07-29,280361.74,PLN,aktywna,Franciszek Woronko
2274,UM/2021/02274,220,2021-12-20,2021-12-31,2022-12-18,438122.32,PLN,aktywna,Nikodem Sidorczuk
2275,UM/2021/02275,960,2021-11-14,2021-11-14,,498602.13,PLN,w przygotowaniu,Olgierd Witan
2276,UM/2022/02276,760,2022-05-26,2022-05-30,2026-04-27,356413.55,PLN,aktywna,pan Robert Cieplucha
2277,UM/2025/02277,283,2025-07-16,2025-07-31,2027-07-23,213935.1,PLN,w przygotowaniu,Ewa Tekieli
2278,UM/2024/02278,1655,2023-12-22,2024-01-07,2024-07-08,101459.76,PLN,w przygotowaniu,Kamila Oślizło
2279,UM/2023/00001,675,2022-06-01,2022-06-13,2025-10-16,354037.47,PLN,zakończona,Ewa Garncarek
2280,UM/2023/02280,76,2023-03-07,2023-03-07,2023-10-06,299570.02,pln,w przygotowaniu,Kacper Dąbal
2281,UM/2024/02281,907,2024-03-23,2024-04-02,2027-03-26,345710.95,PLN,zakończona,Tobiasz Kargol
2282,UM/2024/02282,1678,2024-10-18,2024-10-23,2028-09-30,183308.3,PLN,w przygotowaniu,Natasza Budniak
2283,UM/2023/02283,75,2023-07-06,2023-07-09,2027-01-29,71419.04,PLN,aktywna,Krystian Chylak
2284,UM/2023/02284,774,2023-08-06,2023-08-07,2025-09-15,59964.35,PLN,zakończona,Marek Działo
2285,UM/2022/02285,814,2022-10-07,2022-10-20,2024-06-18,364701.2,PLN,zakończona,Fabian Heleniak
2286,UM/2023/02286,912,2023-12-05,2023-12-19,2027-06-21,31706.28,PLN,zakończona,Ida Bejnarowicz
2287,UM/2025/02287,1781,2025-02-02,2025-02-11,2027-03-15,145944.68,PLN,aktywna,Sonia Hornik
2288,UM/2025/02288,1098,2025-01-16,2025-02-01,2025-10-25,88567.46,PLN,aktywna,Tomasz Matyjas
2289,UM/2021/02289,1067,2021-12-11,2021-12-21,2025-09-09,476287.89,PLN,w przygotowaniu,Juliusz Oziębło
2290,UM/2024/02290,78,2024-04-18,2024-04-29,2025-08-01,188114.46,PLN,aktywna,Filip Proch
2291,UM/2022/02291,1625,2022-06-01,2022-06-21,2023-04-13,453238.62,PLN,w przygotowaniu,Stanisław Frukacz
2292,UM/2026/02292,1441,2026-03-28,2026-04-07,2028-04-30,1398.2,PLN,zakończona,Tobiasz Zugaj
2293,UM/2026/02293,1168,2026-02-23,2026-03-06,2029-10-06,7858.07,PLN,w przygotowaniu,Albert Janc
2294,UM/2026/02294,1605,2026-02-17,2026-02-18,2027-07-20,231828.34,PLN,aktywna,Julian Koziarz
2295,UM/2024/02295,1155,2024-08-25,2024-09-12,2027-10-06,288725.65,PLN,w przygotowaniu,Olgierd Grotek
2296,UM/2022/02296,1665,2022-05-13,2022-05-25,2025-08-16,253214.14,PLN ,w przygotowaniu,pani Kalina Portka
2297,UM/2021/02297,2432,2021-08-09,2021-08-21,2022-06-07,316582.07,PLN,zakończona,Ewelina Wyrwich
2298,UM/2025/02298,1412,2025-11-04,2025-11-13,2027-02-14,477570.91,PLN,w przygotowaniu,pani Inga Czosnyka
2299,UM/2022/02299,1287,2022-08-22,2022-08-27,2023-01-29,330460.87,PLN,w przygotowaniu,Krystian Przewoźnik
2300,UM/2023/02300,1043,2023-12-07,2023-12-10,2024-10-06,216652.63,PLN,aktywna,pani Elżbieta Żal
2301,UM/2025/02301,74,2025-03-06,2025-03-20,2027-12-16,319353.94,PLN,zakończona,Jakub Knapek
2302,UM/2023/02302,120,2023-01-06,2023-01-07,2024-01-17,437601.15,PLN,w przygotowaniu,Anna Maria Kołak
2303,UM/2026/02303,1432,2026-07-11,2026-07-12,2030-05-07,92419.38,PLN,w przygotowaniu,Piotr Ostafin
2304,UM/2023/02304,1813,2023-02-26,2023-03-16,2023-06-23,307268.39,PLN,aktywna,Aleksander Kremer
2305,UM/2024/02305,1941,2024-11-20,2024-12-07,2027-08-30,256787.03,PLN,aktywna,Grzegorz Szyma
2306,UM/2023/00001,2081,2021-10-16,2021-10-27,2023-07-16,293263.43,PLN,zakończona,Jan Szambelan
2307,UM/2025/02307,102,2025-11-09,2025-11-20,2029-06-25,432276.34,PLN ,aktywna,Tola Boś
2308,UM/2026/02308,1832,2026-06-17,2026-07-03,2028-05-29,142008.89,PLN,aktywna,Sara Owczarczak
2309,UM/2023/02309,1259,2023-03-31,2023-04-15,2024-02-13,483948.34,PLN,zakończona,pani Eliza Kut
2310,UM/2021/02310,1897,2021-07-20,2021-08-04,2024-09-16,407586.98,PLN,zakończona,Fryderyk Glica
2311,UM/2026/02311,1325,2026-04-10,2026-04-22,2026-12-26,305328.01,PLN,aktywna,Fabian Lang
2312,UM/2022/02312,470,2022-04-03,2022-04-23,2025-11-14,100564.91,PLN,w przygotowaniu,Szymon Sobstyl
2313,UM/2025/02313,139,2025-10-22,2025-11-11,2029-05-16,32470.02,PLN,w przygotowaniu,Marika Cydzik
2314,UM/2024/02314,57,2024-06-20,2024-06-29,2026-04-27,349685.95,PLN,zakończona,Alex Graj
2315,UM/2025/02315,942,2025-06-04,2025-06-04,2026-12-28,390568.02,PLN,w przygotowaniu,Tymon Karpiel
2316,UM/2024/02316,1929,2024-10-06,2024-10-26,2026-10-20,298588.91,PLN ,zakończona,Nataniel Wołczyk
2317,UM/2022/02317,762,2022-02-01,2022-02-17,2024-02-20,151687.4,PLN,zakończona,Jacek Furgała
2318,UM/2026/02318,2009,2026-06-14,2026-06-28,2028-11-12,139803.54,PLN,zakończona,Anna Maria Kukawka
2319,UM/2023/02319,1822,2023-06-03,2023-06-11,2025-01-16,458900.08,PLN,w przygotowaniu,Mieszko Merchel
2320,UM/2023/02320,1408,2023-08-17,2023-08-30,2026-05-18,103782.02,PLN ,zakończona,Bartek Kubasiewicz
2321,UM/2022/02321,1215,2022-02-08,2022-02-15,2024-06-27,199137.58,PLN,w przygotowaniu,Krzysztof Majtyka
2322,UM/2025/02322,387,2025-06-25,2025-07-07,2026-05-25,402754.2,PLN,zakończona,Marcelina Laszkiewicz
2323,UM/2024/02323,567,2024-10-29,2024-11-07,2027-03-07,36362.61,PLN,zakończona,Eliza Zadora
2324,UM/2022/02324,2024,2022-03-11,2022-03-20,2024-11-15,245854.34,PLN,aktywna,Alan Krefta
2325,UM/2023/02325,1016,2023-04-20,2023-04-28,2025-11-06,366317.36,PLN,aktywna,Mieszko Naumiuk
2326,UM/2022/02326,360,2022-07-12,2022-07-12,2024-08-04,62156.99,PLN,aktywna,Kaja Bajak
2327,UM/2021/02327,832,2021-09-13,2021-09-16,2022-11-19,392688.55,PLN,w przygotowaniu,pan Hubert Sommerfeld
2328,UM/2023/00001,1106,2025-04-16,2025-04-18,2025-12-02,27559.94,PLN ,aktywna,pani Adrianna Langier
2329,UM/2025/02329,187,2025-09-16,2025-09-18,2026-09-07,323827.22,PLN,zakończona,Marcel Zadka
2330,UM/2024/02330,382,2024-02-25,2024-03-06,2025-11-14,343585.65,PLN,w przygotowaniu,Juliusz Ćmiel
2331,UM/2024/02331,1123,2023-12-29,2024-01-02,2024-10-15,95220.58,PLN,w przygotowaniu,pani Agnieszka Mycek
2332,UM/2021/02332,278,2021-11-10,2021-11-15,2023-03-01,129518.9,PLN,w przygotowaniu,Alan Zbroszczyk
2333,UM/2024/02333,1076,2024-07-15,2024-07-30,2025-09-08,375016.17,PLN,w przygotowaniu,Aleks Narożny
2334,UM/2021/02334,177,2021-08-25,2021-09-12,2024-09-26,91040.32,PLN,w przygotowaniu,Damian Masiak
2335,UM/2025/02335,1838,2025-02-22,2025-03-02,,366394.78,PLN,zakończona,Dorota Pastuła
2336,UM/2025/02336,671,2025-06-03,2025-06-13,2027-04-24,137981.33,PLN,w przygotowaniu,Maurycy Ceran
2337,UM/2023/02337,249,2023-04-13,2023-04-18,2026-02-16,193699.35,PLN,aktywna,Franciszek Peszko
2338,UM/2025/02338,1197,2025-01-19,2025-01-31,2027-02-12,203439.66,PLN,w przygotowaniu,pani Sandra Tryc
2339,UM/2025/02339,7,2025-01-09,2025-01-24,2026-01-18,387776.81,PLN,aktywna,pan Jacek Staś
2340,UM/2024/02340,611,2024-10-01,2024-10-05,2027-08-01,392065.76,PLN,aktywna,Damian Litewka
2341,UM/2025/02341,1793,2025-06-27,2025-06-27,2026-05-20,254877.89,PLN,zakończona,Leon Rezler
2342,UM/2025/02342,853,2025-05-31,2025-06-09,2027-01-13,377697.92,PLN,zakończona,Arkadiusz Dering
2343,UM/2023/02343,1801,2023-06-29,2023-07-10,2025-01-22,437191.58,PLN,aktywna,Malwina Drobisz
2344,UM/2024/02344,2414,2024-08-14,2024-08-20,2025-11-06,477250.24,PLN,w przygotowaniu,Łukasz Widłak
2345,UM/2023/02345,2055,2023-05-12,2023-05-13,2025-10-16,478231.06,PLN,w przygotowaniu,Jerzy Więcławek
2346,UM/2023/02346,8,2023-03-31,2023-04-04,2025-01-23,225917.05,PLN,aktywna,Tadeusz Piórek
2347,UM/2023/02347,1551,2023-11-12,2023-11-29,2024-11-23,484802.03,PLN,w przygotowaniu,Alan Tasarz
2348,UM/2023/02348,1213,2023-02-05,2023-02-08,2026-10-25,342641.01,PLN,w przygotowaniu,Alan Młodzik
2349,UM/2026/02349,1876,2026-06-13,2026-07-02,2028-05-22,28560.07,PLN,zakończona,Ewa Obiała
2350,UM/2024/02350,336,2024-01-31,2024-02-11,2026-03-10,117983.97,PLN,zakończona,Tadeusz Zubowicz
2351,UM/2025/02351,683,2025-01-27,2025-02-08,2028-09-30,447082.06,PLN,aktywna,Dorota Bujko
2352,UM/2026/02352,87,2026-03-15,2026-04-01,2028-11-29,385367.25,PLN,aktywna,Franciszek Grzesiek
2353,UM/2022/02353,601,2022-12-15,2022-12-15,2026-02-06,479043.82,PLN,aktywna,Karina Hynek
2354,UM/2021/02354,706,2021-08-01,2021-08-20,2025-06-13,236821.39,PLN,aktywna,Maks Linka
2355,UM/2023/02355,1974,2023-11-15,2023-12-02,2027-09-28,70321.01,PLN,zakończona,Gaja Stempin
2356,UM/2023/02356,2286,2023-11-28,2023-12-04,2025-12-06,3378.46,PLN,aktywna,Marcin Jakóbiak
2357,UM/2022/02357,697,2022-05-21,2022-05-24,2023-08-27,64763.91,PLN,w przygotowaniu,pani Monika Zyguła
2358,UM/2022/02358,86,2022-02-13,2022-02-19,2024-08-13,397632.96,PLN,zakończona,Angelika Ryszkiewicz
2359,UM/2026/02359,890,2026-02-20,2026-02-25,2029-05-28,358729.65,PLN,aktywna,Patryk Sądej
2360,UM/2022/02360,2028,2022-10-28,2022-11-01,2024-01-05,113525.49,PLN,zakończona,Andrzej Grymuza
2361,UM/2022/02361,293,2022-04-20,2022-05-02,2024-01-30,424979.95,PLN,w przygotowaniu,Tola Kosman
2362,UM/2022/02362,2225,2022-09-26,2022-10-04,2026-02-14,378963.89,PLN,w przygotowaniu,Ida Lorens
2363,UM/2025/02363,1111,2025-02-22,2025-03-11,2028-10-09,468870.78,PLN,aktywna,Józef Żbik
2364,UM/2025/02364,880,2025-04-20,2025-04-26,2026-06-26,64325.09,PLN,w przygotowaniu,Apolonia Pyzel
2365,UM/2025/02365,1741,2025-08-08,2025-08-20,2027-07-27,60611.29,PLN,w przygotowaniu,pan Leon Prokopiak
2366,UM/2024/02366,333,2024-09-25,2024-09-26,2027-06-23,254649.78,PLN,aktywna,Jędrzej Piaścik
2367,UM/2025/02367,1639,2025-11-01,2025-11-07,2028-12-13,74206.74,zł,aktywna,Bruno Gwara
2368,UM/2022/02368,929,2022-11-12,2022-11-26,2026-10-03,468449.44,PLN,w przygotowaniu,pan Mikołaj Mejer
2369,UM/2023/02369,331,2023-04-27,2023-05-05,2024-08-02,173025.1,PLN,zakończona,Karina Matejczuk
2370,UM/2026/02370,1055,2026-02-23,2026-03-09,2028-02-15,66482.09,zł,zakończona,Juliusz Graj
2371,UM/2021/02371,1082,2021-09-02,2021-09-18,2022-04-01,454158.42,PLN,w przygotowaniu,Nicole Łaszcz
2372,UM/2025/02372,2017,2025-02-08,2025-02-16,2028-11-03,386363.57,PLN,aktywna,Natasza Tomaszczyk
2373,UM/2022/02373,1406,2022-06-27,2022-07-16,2026-06-21,341768.07,PLN,zakończona,pan Maurycy Patora
2374,UM/2022/02374,895,2022-08-22,2022-09-06,2022-07-07,127279.9,PLN,zakończona,Ksawery Puch
2375,UM/2025/02375,869,2025-02-24,2025-03-10,2025-09-22,420081.48,PLN,aktywna,Maurycy Kandora
2376,UM/2022/02376,214,2022-05-04,2022-05-16,2022-11-25,329712.98,PLN,w przygotowaniu,Liwia Pituła
2377,UM/2025/02377,1010,2025-12-10,2025-12-10,2029-04-10,319890.7,PLN,zakończona,pani Elżbieta Majorek
2378,UM/2024/02378,1781,2024-04-04,2024-04-16,2025-11-25,242009.58,PLN,zakończona,pan Tobiasz Batóg
2379,UM/2024/02379,1810,2024-05-12,2024-05-27,2026-08-23,477529.83,PLN,w przygotowaniu,Olga Glegoła
2380,UM/2025/02380,1917,2025-08-26,2025-09-02,2027-09-11,113916.41,PLN,zakończona,Sara Szpila
2381,UM/2022/02381,2586,2022-10-06,2022-10-21,2025-11-11,383166.28,PLN,w przygotowaniu,Kamila Bodzak
2382,UM/2021/02382,1011,2021-09-20,2021-10-07,2023-01-17,361960.12,PLN,w przygotowaniu,Aleks Kozień
2383,UM/2024/02383,230,2024-11-06,2024-11-16,2026-10-03,218972.62,PLN,w przygotowaniu,pan Mikołaj Kramer
2384,UM/2023/02384,1556,2023-03-04,2023-03-07,2025-12-30,476020.52,PLN,aktywna,Dagmara Pindor
2385,UM/2024/02385,491,2024-02-22,2024-02-26,2027-05-05,371824.55,PLN,aktywna,Eryk Walusiak
2386,UM/2024/02386,1642,2024-02-18,2024-02-22,,140652.01,PLN,aktywna,Nela Jaśkowiec
2387,UM/2026/02387,1447,2026-06-22,2026-06-27,2029-12-14,80788.21,PLN,w przygotowaniu,Maurycy Machniak
2388,UM/2022/02388,1343,2022-04-08,2022-04-21,2025-02-04,58805.04,PLN,zakończona,Ewelina Franaszek
2389,UM/2025/02389,1830,2025-07-25,2025-07-29,2027-03-13,28129.2,PLN,zakończona,Jan Kohut
2390,UM/2026/02390,261,2026-04-28,2026-05-01,2026-09-14,223657.8,PLN,w przygotowaniu,Elżbieta Kościelak
2391,UM/2023/02391,1604,2023-05-16,2023-05-30,2025-07-09,230352.33,PLN,zakończona,pani Marika Gniewek
2392,UM/2024/02392,1509,2024-03-28,2024-03-31,2025-11-18,22524.76,PLN,zakończona,Ewa Tadeusiak
2393,UM/2024/02393,2261,2024-01-29,2024-02-06,2023-09-20,346134.66,PLN,w przygotowaniu,pani Nela Ścibior
2394,UM/2025/02394,174,2025-12-12,2025-12-27,2029-01-30,474648.92,PLN,w przygotowaniu,Kornelia Milej
2395,UM/2023/02395,2014,2023-10-01,2023-10-17,2026-10-10,448200.59,PLN,w przygotowaniu,Melania Irzyk
2396,UM/2025/02396,215,2025-07-12,2025-07-19,2028-09-06,10055.6,PLN,aktywna,Oskar Gerlach
2397,UM/2023/02397,556,2023-02-22,2023-03-01,2026-08-20,337580.68,PLN,w przygotowaniu,Blanka Moniuszko
2398,UM/2021/02398,879,2021-07-19,2021-07-26,,152019.3,PLN ,w przygotowaniu,Róża Puto
2399,UM/2024/02399,1312,2024-03-21,2024-03-31,2025-03-02,395213.98,PLN,aktywna,Robert Fraszczyk
2400,UM/2026/02400,796,2026-02-02,2026-02-03,2027-06-09,388871.32,PLN,aktywna,Witold Kurpisz
2401,UM/2024/02401,780,2024-05-20,2024-05-31,2024-09-18,135466.96,PLN,aktywna,Ada Łosiak
2402,UM/2026/02402,1807,2026-03-05,2026-03-12,2027-11-02,55556.83,PLN,w przygotowaniu,Damian Różak
2403,UM/2024/02403,119,2024-09-26,2024-10-04,2027-01-28,275864.41,PLN,w przygotowaniu,Borys Chmara
2404,UM/2025/02404,444,2025-01-07,2025-01-26,2028-05-17,271016.79,PLN,w przygotowaniu,Maurycy Seidel
2405,UM/2023/02405,1895,2023-08-02,2023-08-09,2027-01-07,69925.38,PLN,aktywna,pani Aurelia Nawrotek
2406,UM/2025/02406,546,2025-02-12,2025-02-27,2028-09-03,263066.27,zł,w przygotowaniu,Maciej Margas
2407,UM/2024/02407,964,2024-10-26,2024-11-13,2025-12-01,422102.68,PLN,zakończona,pani Justyna Kożuszek
2408,UM/2022/02408,386,2022-09-07,2022-09-27,2026-03-23,20457.78,PLN,aktywna,pan Tymon Osojca
2409,UM/2021/02409,1757,2021-09-10,2021-09-24,2023-07-12,281335.23,PLN,aktywna,Tomasz Niechciał
2410,UM/2021/02410,261,2021-10-01,2021-10-13,2023-04-11,289821.27,PLN,w przygotowaniu,Marika Płodzień
2411,UM/2025/02411,1610,2025-09-30,2025-10-15,2027-06-24,20494.08,PLN,w przygotowaniu,Agnieszka Ciak
2412,UM/2023/02412,1667,2023-08-31,2023-09-08,2027-05-14,137010.29,PLN,zakończona,Marika Danisz
2413,UM/2024/02413,492,2024-10-19,2024-11-05,,176179.7,PLN,aktywna,pan Kacper Kucharz
2414,UM/2022/02414,1077,2022-02-19,2022-02-24,2024-04-26,220735.37,PLN,aktywna,Aurelia Litewka
2415,UM/2023/02415,1882,2023-05-08,2023-05-15,2025-06-27,8351.75,PLN,aktywna,pan Emil Lament
2416,UM/2024/02416,2025,2024-05-16,2024-05-20,2024-11-21,169394.17,PLN,zakończona,pani Lidia Jędraszek
2417,UM/2022/02417,68,2022-07-13,2022-07-17,2024-01-17,81519.75,PLN,w przygotowaniu,pan Oliwier Sarniak
2418,UM/2024/02418,1986,2024-03-11,2024-03-22,2025-06-23,79957.64,PLN,w przygotowaniu,Patryk Żabierek
2419,UM/2023/02419,1996,2023-06-23,2023-06-27,,121450.22,PLN,aktywna,Ksawery Nijak
2420,UM/2025/02420,908,2025-06-18,2025-06-27,2027-03-24,34826.37,PLN,zakończona,Michał Misiarz
2421,UM/2023/02421,650,2023-09-03,2023-09-16,2025-04-06,231544.32,PLN,zakończona,pan Ksawery Macheta
2422,UM/2026/02422,1799,2026-01-01,2026-01-05,2029-07-11,233096.8,PLN,zakończona,Mikołaj Madziar
2423,UM/2022/02423,2085,2022-02-24,2022-03-04,2026-01-30,204288.67,PLN ,zakończona,Gustaw Turoń
2424,UM/2022/02424,1615,2022-08-03,2022-08-13,2024-07-19,319570.01,PLN,zakończona,Sonia Burdach
2425,UM/2023/02425,1561,2023-02-12,2023-03-01,,116901.29,PLN,w przygotowaniu,pani Inga Luberda
2426,UM/2025/02426,1789,2025-02-16,2025-03-08,2028-06-03,298135.8,PLN,zakończona,Bruno Domżał
2427,UM/2022/02427,1190,2022-01-19,2022-01-31,2021-11-28,394529.43,PLN,w przygotowaniu,pan Mikołaj Władyka
2428,UM/2022/02428,383,2022-03-22,2022-04-06,2025-09-03,240663.48,PLN,aktywna,pan Filip Nytko
2429,UM/2023/02429,1334,2023-09-21,2023-09-28,2024-02-04,378310.31,PLN,w przygotowaniu,Aurelia Szczypiór
2430,UM/2021/02430,264,2021-07-25,2021-07-27,2024-11-11,391266.08,PLN,aktywna,Tobiasz Gregorowicz
2431,UM/2021/02431,1929,2021-09-09,2021-09-26,2024-09-07,118991.41,PLN,aktywna,pan Oliwier Siudek
2432,UM/2026/02432,641,2026-03-18,2026-03-31,2029-05-25,102476.94,PLN,w przygotowaniu,Norbert Fabiańczyk
2433,UM/2022/02433,1986,2022-12-16,2022-12-17,2023-08-08,104680.44,PLN,aktywna,Ignacy Płaneta
2434,UM/2022/02434,232,2022-07-22,2022-08-07,2024-08-16,45139.92,PLN,aktywna,Julita Palica
2435,UM/2022/02435,615,2022-11-02,2022-11-07,2026-08-07,237895.48,PLN,zakończona,pani Liwia Drążyk
2436,UM/2025/02436,1513,2025-03-04,2025-03-12,2027-01-27,330245.83,PLN,zakończona,Aniela Suszko
2437,UM/2025/02437,1160,2025-08-03,2025-08-18,2027-06-19,473652.98,PLN,zakończona,Ernest Dworniczak
2438,UM/2024/02438,716,2024-06-10,2024-06-19,2027-06-26,142062.47,PLN,zakończona,pan Jacek Paczos
2439,UM/2026/02439,2315,2026-02-05,2026-02-19,2028-12-16,156593.72,zł,zakończona,Bianka Szymajda
2440,UM/2023/02440,1588,2023-09-19,2023-10-03,2027-02-16,284657.13,PLN,w przygotowaniu,Leon Rejmak
2441,UM/2025/02441,515,2025-09-27,2025-09-27,2027-06-13,340836.67,PLN,zakończona,pan Arkadiusz Ciereszko
2442,UM/2022/02442,1935,2022-03-14,2022-03-27,2023-09-15,305029.13,PLN,w przygotowaniu,Aurelia Piekacz
2443,UM/2026/02443,783,2026-05-22,2026-06-05,2027-08-07,188541.94,PLN,w przygotowaniu,Olga Siara
2444,UM/2022/02444,837,2022-04-17,2022-04-17,2024-04-25,272758.04,PLN,w przygotowaniu,Oskar Wikło
2445,UM/2026/02445,120,2026-04-29,2026-05-18,2029-05-23,35923.43,PLN,w przygotowaniu,pani Karina Śmieja
2446,UM/2021/02446,338,2021-12-22,2021-12-27,2023-03-22,449242.66,zł,aktywna,pan Antoni Wiewiórka
2447,UM/2023/02447,458,2023-04-20,2023-05-01,2026-09-09,217729.23,PLN,aktywna,Bruno Symonowicz
2448,UM/2021/02448,1593,2021-09-24,2021-09-29,2022-12-17,86064.4,zł,zakończona,Gabriel Stanisławczyk
2449,UM/2025/02449,819,2025-10-12,2025-10-18,2026-08-13,159143.65,PLN,aktywna,pani Ewelina Dydo
2450,UM/2026/02450,1181,2026-01-01,2026-01-10,2029-02-12,115679.45,PLN,w przygotowaniu,pan Witold Swacha
2451,UM/2022/02451,753,2022-07-17,2022-08-02,2025-11-12,127816.53,PLN,w przygotowaniu,Justyna Karpiak
2452,UM/2022/02452,1454,2022-02-07,2022-02-11,2023-04-20,30126.72,PLN,zakończona,Juliusz Łasica
2453,UM/2022/02453,191,2022-11-19,2022-12-07,2022-08-10,490148.38,PLN,w przygotowaniu,Jeremi Bodych
2454,UM/2022/02454,483,2022-06-04,2022-06-08,2025-06-26,146523.49,PLN,w przygotowaniu,Jakub Furgał
2455,UM/2023/02455,1716,2023-10-01,2023-10-14,2027-09-21,455935.72,PLN,w przygotowaniu,Jeremi Szołtysik
2456,UM/2024/02456,845,2024-03-04,2024-03-04,,97180.98,PLN,aktywna,pan Gabriel Hermanowicz
2457,UM/2024/02457,1092,2024-04-20,2024-04-21,2025-07-02,307900.98,PLN,aktywna,Tadeusz Dziwak
2458,UM/2026/02458,1435,2026-06-18,2026-06-20,2029-05-18,107346.46,PLN,zakończona,Mikołaj Hajdasz
2459,UM/2026/02459,1057,2026-06-26,2026-07-12,2029-10-09,57053.9,zł,w przygotowaniu,Fabian Wykręt
2460,UM/2023/00001,1560,2025-03-06,2025-03-21,2026-01-13,282117.33,PLN,aktywna,Sara Sporysz
2461,UM/2024/02461,1337,2024-09-02,2024-09-04,2026-07-21,312200.66,PLN,aktywna,pan Aleks Podsiedlik
2462,UM/2024/02462,1748,2024-05-18,2024-05-29,2026-03-06,125619.38,PLN,w przygotowaniu,Kajetan Kostorz
2463,UM/2023/02463,1075,2023-06-10,2023-06-11,2024-03-13,187231.8,PLN,zakończona,pani Marianna Fal
2464,UM/2024/02464,1422,2024-07-12,2024-08-01,2026-06-15,403439.11,PLN,w przygotowaniu,Cezary Bekus
2465,UM/2026/02465,1033,2026-04-22,2026-04-23,2027-10-03,467948.06,PLN,aktywna,pan Daniel Kaźmierczyk
2466,UM/2021/02466,1490,2021-10-22,2021-10-27,2024-08-27,274850.44,PLN,w przygotowaniu,pan Gabriel Martynowicz
2467,UM/2026/02467,1941,2026-02-08,2026-02-13,2029-10-10,70456.48,PLN,zakończona,pani Nela Kupś
2468,UM/2024/02468,1315,2024-03-15,2024-03-16,2028-02-22,65251.29,PLN,aktywna,pani Liwia Budrewicz
2469,UM/2023/02469,1018,2023-06-08,2023-06-11,2027-02-23,331382.56,PLN,aktywna,Karina Samul
2470,UM/2024/02470,1528,2024-03-13,2024-03-21,2025-05-30,440244.86,PLN,w przygotowaniu,Kazimierz Sendor
2471,UM/2025/02471,1499,2025-11-24,2025-12-04,2029-05-14,312973.02,PLN,aktywna,Maks Sołoducha
2472,UM/2025/02472,1856,2025-04-29,2025-05-17,2025-09-11,159281.79,PLN,aktywna,Kornelia Kurz
2473,UM/2023/02473,1753,2023-05-15,2023-05-30,2025-01-23,483419.44,PLN,aktywna,pan Stanisław Duniec
2474,UM/2022/02474,1537,2022-11-07,2022-11-21,2026-08-09,333816.91,PLN,w przygotowaniu,pani Nicole Kurp
2475,UM/2022/02475,45,2022-08-04,2022-08-18,2026-01-13,160351.19,PLN,aktywna,Dominik Zbróg
2476,UM/2023/02476,19,2023-10-22,2023-11-03,2025-03-19,213680.14,PLN,zakończona,Artur Gawłowicz
2477,UM/2025/02477,1225,2025-10-15,2025-10-15,2025-05-23,304832.7,PLN,w przygotowaniu,Juliusz Paliga
2478,UM/2026/02478,1881,2026-03-25,2026-03-31,2026-09-15,233905.76,PLN,aktywna,Nataniel Glegoła
2479,UM/2022/02479,457,2022-06-20,2022-07-05,2026-03-20,195694.63,PLN,w przygotowaniu,Aleksander Raszkiewicz
2480,UM/2021/02480,1639,2021-08-20,2021-08-22,2023-02-08,143569.41,PLN,w przygotowaniu,Ksawery Gładka
2481,UM/2025/02481,1244,2025-11-07,2025-11-15,2028-02-11,13663.96,PLN,w przygotowaniu,Kalina Chojak
2482,UM/2022/02482,328,2022-07-12,2022-07-31,2026-02-28,181671.3,PLN,zakończona,Anastazja Bobko
2483,UM/2021/02483,1331,2021-08-15,2021-08-31,2025-08-22,141107.52,PLN,zakończona,pani Apolonia Pęciak
2484,UM/2021/02484,1112,2021-11-27,2021-12-15,2025-10-14,90621.86,PLN,aktywna,Monika Suszko
2485,UM/2024/02485,1344,2024-07-16,2024-07-28,2026-01-27,17938.83,PLN,aktywna,Adrianna Cal
2486,UM/2022/02486,959,2022-04-14,2022-04-25,2025-11-20,451420.22,PLN,aktywna,pan Borys Jas
2487,UM/2025/02487,1230,2025-03-26,2025-04-11,2028-04-03,317736.12,PLN,aktywna,Arkadiusz Zysk
2488,UM/2023/02488,994,2023-11-03,2023-11-20,2027-08-14,367898.57,PLN,zakończona,Gustaw Domian
2489,UM/2024/02489,1605,2024-07-29,2024-07-30,2026-03-30,237812.17,PLN,w przygotowaniu,pan Ryszard Lula
2490,UM/2026/02490,938,2025-12-25,2026-01-04,,335613.01,zł,aktywna,Gustaw Karpik
2491,UM/2024/02491,785,2024-04-13,2024-04-15,2026-08-20,219329.78,PLN,zakończona,Ada Tymczyszyn
2492,UM/2026/02492,137,2026-05-21,2026-06-07,2027-01-17,336996.89,PLN,zakończona,Marcelina Kaliciak
2493,UM/2023/02493,824,2023-05-02,2023-05-22,2025-11-10,39125.27,PLN,zakończona,Leon Bystroń
2494,UM/2024/02494,1627,2024-01-21,2024-01-24,2027-08-17,383459.62,PLN,zakończona,pan Wojciech Lemiesz
2495,UM/2023/02495,1993,2023-05-30,2023-06-10,2023-12-19,498500.09,PLN,w przygotowaniu,pani Aniela Bereś
2496,UM/2026/02496,797,2026-01-30,2026-02-14,2028-02-29,295632.45,PLN,w przygotowaniu,Jerzy Lizurej
2497,UM/2024/02497,2096,2024-03-23,2024-03-25,2027-07-01,213501.59,PLN,zakończona,Alex Białczyk
2498,UM/2024/02498,177,2024-05-23,2024-06-11,2028-04-01,202926.16,PLN,aktywna,Sandra Wakuła
2499,UM/2022/02499,2079,2022-02-05,2022-02-22,2025-08-11,223247.83,PLN,w przygotowaniu,pan Leon Oleksik
2500,UM/2023/02500,796,2023-03-30,2023-04-04,2026-03-01,42664.71,PLN,w przygotowaniu,Ryszard Cylwik
2501,UM/2024/02501,1323,2024-01-26,2024-02-04,2027-03-12,159705.48,PLN,zakończona,pan Arkadiusz Orman
2502,UM/2024/02502,96,2024-03-13,2024-03-25,2027-01-25,20789.36,PLN,w przygotowaniu,Justyna Biesek
2503,UM/2026/02503,1390,2025-12-19,2026-01-05,2028-03-05,361092.64,PLN,w przygotowaniu,Kamila Doktor
2504,UM/2022/02504,1529,2022-08-04,2022-08-17,2024-08-15,142505.04,PLN,w przygotowaniu,Alex Puch
2505,UM/2022/02505,1911,2022-10-29,2022-11-09,2024-01-14,154780.48,PLN ,aktywna,pani Dagmara Dywan
2506,UM/2025/02506,1745,2025-08-06,2025-08-17,2027-09-04,76017.55,PLN,zakończona,Kamila Kijanka
2507,UM/2021/02507,1411,2021-10-23,2021-11-04,2022-07-24,81765.95,PLN ,zakończona,Juliusz Rzońca
2508,UM/2026/02508,333,2026-06-28,2026-07-15,2030-04-12,29361.97,PLN,zakończona,pan Aleksander Kaluga
2509,UM/2022/02509,613,2022-04-06,2022-04-06,2025-01-12,23498.67,PLN,zakończona,Marcin Suchojad
2510,UM/2022/02510,976,2022-12-23,2022-12-26,2025-06-18,211761.8,PLN,zakończona,Kornelia Cylwik
2511,UM/2025/02511,161,2025-07-10,2025-07-22,2028-02-04,487749.78,PLN,zakończona,pan Ksawery Jędrasiak
2512,UM/2025/02512,824,2025-02-06,2025-02-11,2027-02-03,120138.25,PLN,zakończona,Jan Golenia
2513,UM/2023/02513,863,2023-05-11,2023-05-27,2026-09-01,260836.37,PLN,w przygotowaniu,Kajetan Grunt
2514,UM/2026/02514,929,2025-12-31,2026-01-20,2027-07-24,45360.0,PLN,w przygotowaniu,Oliwier Domurad
2515,UM/2022/02515,634,2022-12-03,2022-12-14,2026-11-05,425618.94,PLN,w przygotowaniu,Sylwia Lang
2516,UM/2023/02516,675,2023-05-02,2023-05-18,2026-11-11,400778.35,PLN,w przygotowaniu,Józef Szyja
2517,UM/2022/02517,1614,2022-07-01,2022-07-14,2022-10-28,217951.28,PLN,aktywna,Nela Skubała
2518,UM/2023/02518,1837,2023-01-01,2023-01-03,2026-01-20,18447.37,PLN,aktywna,Wojciech Kowara
2519,UM/2021/02519,338,2021-09-04,2021-09-04,2022-10-09,20585.9,PLN,aktywna,Dariusz Wszoła
2520,UM/2022/02520,1636,2022-06-18,2022-07-01,2025-02-01,424691.31,PLN,zakończona,Tadeusz Szulczyk
2521,UM/2024/02521,2082,2024-08-28,2024-09-13,2025-01-07,412673.1,PLN,zakończona,Józef Hadam
2522,UM/2023/02522,285,2023-04-03,2023-04-15,2027-01-13,486466.54,PLN,aktywna,Daniel Lindner
2523,UM/2024/02523,1696,2024-04-19,2024-04-30,2027-04-20,2755.07,PLN,w przygotowaniu,Albert Sztuba
2524,UM/2023/00001,663,2024-12-10,2024-12-21,2026-11-15,32151.87,PLN,aktywna,pan Tymon Błażejczak
2525,UM/2022/02525,477,2022-05-23,2022-06-03,2023-05-31,478360.56,PLN,zakończona,pani Kaja Semik
2526,UM/2022/02526,1343,2022-08-24,2022-09-11,2025-07-01,490116.87,PLN,aktywna,Jędrzej Murach
2527,UM/2024/02527,1901,2024-03-22,2024-04-03,2024-11-28,372910.05,PLN,aktywna,Monika Godyń
2528,UM/2023/02528,1183,2023-08-27,2023-08-31,2024-11-05,303412.59,zł,aktywna,pani Ida Wicha
2529,UM/2022/02529,102,2022-09-28,2022-10-01,2025-12-20,410265.76,PLN,aktywna,pani Inga Ścibior
2530,UM/2025/02530,183,2025-10-31,2025-11-03,2028-09-29,219825.61,PLN,zakończona,Melania Frelich
2531,UM/2023/02531,81,2023-03-29,2023-04-15,,111303.43,PLN,w przygotowaniu,pan Tymon Samol
2532,UM/2023/02532,2156,2023-08-15,2023-08-30,,371939.33,PLN,aktywna,Rafał Kaszkowiak
2533,UM/2024/02533,829,2024-02-08,2024-02-11,2027-06-06,464396.02,PLN,aktywna,Tymoteusz Jędruszczak
2534,UM/2022/02534,1307,2022-10-14,2022-10-21,2023-09-12,137082.46,PLN,zakończona,Gaja Krysik
2535,UM/2023/02535,423,2023-08-19,2023-09-03,2024-11-20,144072.93,PLN,w przygotowaniu,Witold Grabara
2536,UM/2021/02536,907,2021-09-08,2021-09-22,2025-07-18,174869.65,PLN,zakończona,Szymon Rajczyk
2537,UM/2022/02537,1148,2022-02-09,2022-02-26,2024-07-12,366680.49,PLN,zakończona,Daniel Herba
2538,UM/2025/02538,2513,2025-06-08,2025-06-14,2027-11-08,305161.27,PLN,zakończona,pani Karina Pietryga
2539,UM/2025/02539,536,2025-04-19,2025-05-03,2026-08-30,265056.42,PLN,aktywna,pan Mieszko Powałka
2540,UM/2022/02540,1188,2022-05-26,2022-06-14,2025-08-23,469494.6,PLN,zakończona,Janina Warwas
2541,UM/2022/02541,1501,2022-09-26,2022-10-07,,328105.67,PLN,aktywna,pan Gustaw Pacholak
2542,UM/2021/02542,272,2021-11-20,2021-12-09,2022-12-23,335725.91,PLN,w przygotowaniu,Krzysztof Wawrzyk
2543,UM/2026/02543,1076,2026-01-16,2026-02-03,2026-10-16,357729.56,PLN,zakończona,Agnieszka Sysło
2544,UM/2022/02544,2553,2022-04-03,2022-04-13,2024-04-30,288769.12,PLN,aktywna,Cezary Ziniewicz
2545,UM/2021/02545,1588,2021-07-27,2021-08-07,2022-04-25,136516.83,PLN,w przygotowaniu,Józef Świt
2546,UM/2024/02546,1380,2024-03-29,2024-04-17,2024-11-11,430064.36,PLN,zakończona,Wiktor Zębik
2547,UM/2023/02547,411,2023-07-23,2023-07-31,,157210.61,PLN,aktywna,pan Mieszko Jarosik
2548,UM/2021/02548,154,2021-07-12,2021-08-01,2022-08-06,380837.04,PLN,w przygotowaniu,Konrad Paściak
2549,UM/2024/02549,1952,2024-08-12,2024-08-12,2028-08-05,316159.23,PLN,aktywna,Dawid Pilich
2550,UM/2022/02550,1760,2022-12-10,2022-12-10,2022-08-27,423981.48,pln,aktywna,Albert Tomalak
2551,UM/2021/02551,407,2021-12-06,2021-12-06,2022-12-20,17911.59,PLN,zakończona,pani Sylwia Ślipek
2552,UM/2024/02552,1932,2024-07-24,2024-08-04,2027-07-23,72990.22,PLN,aktywna,Józef Krekora
2553,UM/2021/02553,1165,2021-11-06,2021-11-23,2025-02-02,216374.41,PLN,zakończona,Julian Szymańczyk
2554,UM/2022/02554,1357,2022-07-04,2022-07-17,2024-09-24,470562.95,PLN,w przygotowaniu,Aniela Rejniak
2555,UM/2023/02555,749,2023-09-11,2023-09-16,2024-10-01,309048.06,PLN ,w przygotowaniu,Jakub Łaszcz
2556,UM/2025/02556,1091,2025-02-20,2025-03-01,2027-03-20,403392.04,PLN,zakończona,Liwia Frania
2557,UM/2022/02557,1423,2022-01-08,2022-01-20,2022-05-26,249440.94,PLN,w przygotowaniu,Leon Sadowy
2558,UM/2025/02558,887,2025-08-10,2025-08-30,2026-09-18,206333.41,PLN,w przygotowaniu,pan Norbert Dułak
2559,UM/2026/02559,1908,2026-03-29,2026-03-29,2026-09-02,416770.18,zł,zakończona,Aleksander Dziwak
2560,UM/2025/02560,2018,2025-05-10,2025-05-14,,357751.71,PLN,zakończona,Witold Klin
2561,UM/2025/02561,770,2025-10-06,2025-10-23,2028-12-30,316722.52,PLN,w przygotowaniu,Bianka Hapka
2562,UM/2025/02562,1368,2025-04-16,2025-04-18,2029-03-29,231597.05,PLN,zakończona,Łukasz Głowienka
2563,UM/2025/02563,223,2025-02-04,2025-02-13,2026-02-22,232857.93,PLN,aktywna,Ida Malesza
2564,UM/2021/02564,801,2021-10-12,2021-10-12,2023-09-29,343861.9,PLN,zakończona,pan Jan Rode
2565,UM/2023/02565,1893,2023-09-24,2023-10-01,2024-09-20,438952.64,PLN,zakończona,Angelika Jargiło
2566,UM/2023/02566,646,2023-06-11,2023-06-25,2024-12-02,421453.43,PLN,zakończona,Kazimierz Syldatk
2567,UM/2022/02567,960,2022-10-04,2022-10-08,2026-02-22,348681.0,PLN,zakończona,Kornel Ruman
2568,UM/2025/02568,523,2025-10-21,2025-10-31,2026-12-25,30132.41,PLN,aktywna,Inga Pizoń
2569,UM/2023/02569,864,2023-03-23,2023-04-06,2023-01-25,118581.13,PLN,w przygotowaniu,Kacper Hennig
2570,UM/2025/02570,950,2025-05-15,2025-05-15,2026-05-20,36583.37,PLN,zakończona,Ryszard Królikiewicz
2571,UM/2022/02571,1978,2022-12-19,2022-12-30,2025-08-14,463793.39,PLN,aktywna,Cyprian Kuciel
2572,UM/2022/02572,231,2022-11-25,2022-12-14,2026-03-03,488949.0,PLN,w przygotowaniu,Franciszek Matraszek
2573,UM/2023/02573,1292,2023-03-14,2023-03-19,2023-12-08,31787.22,PLN,w przygotowaniu,Borys Drobek
2574,UM/2024/02574,179,2024-04-28,2024-05-01,2025-03-02,346378.68,PLN,aktywna,Tola Szczap
2575,UM/2023/02575,887,2023-02-02,2023-02-08,2024-11-12,18891.23,PLN,aktywna,Daniel Pindor
2576,UM/2024/02576,219,2024-10-12,2024-10-30,2028-02-06,294140.95,PLN,aktywna,Krzysztof Kręcisz
2577,UM/2026/02577,169,2026-02-08,2026-02-26,2027-10-29,419563.86,PLN,w przygotowaniu,Urszula Pawełko
2578,UM/2021/02578,1970,2021-08-20,2021-09-01,2022-03-22,252408.7,PLN,w przygotowaniu,Sandra Galik
2579,UM/2024/02579,1531,2024-06-25,2024-07-05,2026-12-15,261187.68,zł,zakończona,Igor Patrzałek
2580,UM/2022/02580,1440,2022-06-01,2022-06-06,2023-08-03,424912.54,PLN,zakończona,Kornelia Brząkała
2581,UM/2023/02581,1441,2023-09-16,2023-09-30,2026-12-03,168449.71,PLN,w przygotowaniu,Robert Klama
2582,UM/2023/02582,1277,2023-12-26,2023-12-30,2025-11-19,291076.88,PLN,zakończona,Krystian Buchholz
2583,UM/2024/02583,95,2024-04-27,2024-04-29,2026-06-26,301898.37,PLN,aktywna,pani Marika Klemczak
2584,UM/2026/02584,535,2026-01-11,2026-01-24,2028-04-29,412538.43,pln,zakończona,Mikołaj Holc
2585,UM/2024/02585,564,2024-12-17,2024-12-22,2026-10-15,381753.27,PLN,aktywna,Apolonia Startek
2586,UM/2022/02586,1579,2022-01-22,2022-01-23,2024-09-08,306943.57,zł,zakończona,Janina Pacholczak
2587,UM/2022/02587,2086,2022-07-12,2022-07-15,2023-11-07,487784.59,PLN,w przygotowaniu,pani Justyna Prażmo
2588,UM/2024/02588,311,2024-08-08,2024-08-17,2027-05-25,91632.12,PLN,aktywna,Elżbieta Dukat
2589,UM/2025/02589,1304,2025-08-14,2025-08-28,2027-02-24,440710.68,PLN,zakończona,Andrzej Młynarz
2590,UM/2025/02590,493,2025-01-13,2025-01-18,2026-07-13,127470.81,PLN,zakończona,Robert Stebel
2591,UM/2024/02591,2120,2024-10-30,2024-11-11,2026-06-26,355888.19,PLN,aktywna,Leonard Krzysztofek
2592,UM/2023/02592,939,2023-08-28,2023-08-30,2024-09-23,460017.7,PLN,zakończona,pani Nicole Misiurek
2593,UM/2025/02593,836,2025-02-15,2025-02-21,2027-05-11,365931.42,PLN,aktywna,Sandra Suszka
2594,UM/2025/02594,1979,2025-01-22,2025-02-05,2027-01-05,325439.17,PLN,aktywna,pani Eliza Uzar
2595,UM/2021/02595,1312,2021-11-10,2021-11-27,2024-08-02,178662.88,PLN,aktywna,Bruno Drozda
2596,UM/2024/02596,1459,2024-01-29,2024-02-07,2026-10-06,461970.06,PLN,w przygotowaniu,Aurelia Krzyżostaniak
2597,UM/2026/02597,278,2025-12-26,2026-01-06,2028-06-09,338254.43,zł,w przygotowaniu,pani Roksana Brodowicz
2598,UM/2024/02598,898,2024-09-12,2024-10-02,2027-09-29,15237.81,pln,aktywna,Aleks Januszewicz
2599,UM/2025/02599,2090,2025-07-11,2025-07-21,2028-07-21,499733.18,PLN,aktywna,Ewa Pogorzelec
2600,UM/2023/02600,2195,2023-01-03,2023-01-23,2027-01-22,432214.55,PLN,w przygotowaniu,pani Angelika Karkut
2601,UM/2024/02601,1673,2024-06-13,2024-06-30,2025-11-10,234263.42,PLN,aktywna,Sylwia Niedojadło
2602,UM/2025/02602,1885,2025-01-11,2025-01-21,2025-06-03,12768.0,PLN,zakończona,pani Julianna Wielgo
2603,UM/2021/02603,1422,2021-12-19,2021-12-30,2022-10-19,182542.73,PLN,aktywna,Hubert Kopiczko
2604,UM/2021/02604,1225,2021-09-30,2021-10-19,,313168.89,PLN,aktywna,Michał Opyrchał
2605,UM/2024/02605,1645,2024-08-28,2024-09-16,2027-11-17,436603.89,PLN,aktywna,Jeremi Nurkiewicz
2606,UM/2022/02606,113,2022-01-13,2022-01-15,2024-05-16,244511.02,PLN,w przygotowaniu,pan Hubert Lesik
2607,UM/2024/02607,517,2024-04-29,2024-05-17,2027-01-29,228659.33,PLN,aktywna,Klara Hajda
2608,UM/2026/02608,763,2026-02-20,2026-03-05,2026-11-12,253999.15,PLN,w przygotowaniu,Nicole Litwinowicz
2609,UM/2022/02609,1663,2022-03-14,2022-03-19,2024-06-15,324422.12,PLN,zakończona,pani Agnieszka Salawa
2610,UM/2022/02610,1599,2022-08-07,2022-08-08,2023-03-09,187767.23,PLN,aktywna,Ignacy Krępa
2611,UM/2025/02611,1654,2025-11-13,2025-12-02,2026-09-15,384356.49,PLN,zakończona,Kazimierz Nesterowicz
2612,UM/2023/02612,44,2023-11-14,2023-11-24,2027-07-25,133566.07,PLN,zakończona,Aurelia Ambrożewicz
2613,UM/2025/02613,1661,2025-10-17,2025-11-03,2026-12-09,393831.47,PLN,w przygotowaniu,Piotr Sito
2614,UM/2025/02614,1219,2025-11-13,2025-11-27,2026-07-12,42697.26,PLN,w przygotowaniu,Leonard Gmur
2615,UM/2021/02615,1013,2021-07-20,2021-07-25,2022-07-18,248799.55,PLN,aktywna,Julian Owsiany
2616,UM/2021/02616,1010,2021-09-22,2021-09-26,2024-08-21,170705.25,PLN,zakończona,pan Ryszard Cydzik
2617,UM/2023/02617,574,2023-08-07,2023-08-10,2027-05-07,469226.88,PLN,aktywna,Julianna Liśkiewicz
2618,UM/2026/02618,831,2026-01-31,2026-02-09,2026-07-22,254848.73,PLN ,w przygotowaniu,Kornelia Chaberek
2619,UM/2025/02619,252,2025-10-22,2025-11-01,2029-08-25,205446.59,PLN,zakończona,Mariusz Kasak
2620,UM/2026/02620,335,2026-01-01,2026-01-15,2027-06-07,69700.07,PLN,aktywna,Kajetan Kościołek
2621,UM/2025/02621,1147,2025-08-28,2025-09-09,2026-04-04,105556.28,PLN,aktywna,Julian Łapot
2622,UM/2025/02622,1583,2025-12-13,2025-12-27,2026-08-19,435901.99,PLN,w przygotowaniu,Miłosz Karczmarz
2623,UM/2021/02623,2028,2021-11-19,2021-12-06,2025-05-08,469850.14,PLN,aktywna,Urszula Cudzich
2624,UM/2023/02624,1309,2023-06-30,2023-07-09,2023-11-16,461109.91,PLN,zakończona,Karol Hutyra
2625,UM/2025/02625,448,2024-12-25,2025-01-11,2026-05-04,54195.04,PLN,aktywna,Natasza Jessa
2626,UM/2022/02626,1198,2022-05-09,2022-05-23,2024-08-25,2777.11,PLN,w przygotowaniu,Juliusz Fraś
2627,UM/2024/02627,791,2024-10-15,2024-10-23,2027-11-10,411719.62,PLN,aktywna,Mieszko Kózka
2628,UM/2023/02628,88,2023-07-15,2023-07-25,2027-06-17,139871.64,PLN,aktywna,pan Maksymilian Ochwat
2629,UM/2024/02629,1042,2024-01-14,2024-01-29,2026-08-19,55674.93,PLN,w przygotowaniu,Ida Boś
2630,UM/2026/02630,533,2026-03-11,2026-03-31,2028-08-24,294063.32,PLN,aktywna,Agnieszka Klinger
2631,UM/2023/02631,454,2023-11-01,2023-11-07,2027-03-03,44986.68,PLN,zakończona,Szymon Dębosz
2632,UM/2022/02632,1153,2022-10-28,2022-11-14,2026-07-26,325380.36,PLN,zakończona,Sylwia Szambelan
2633,UM/2026/02633,93,2026-03-06,2026-03-20,2027-03-18,382485.19,PLN,zakończona,pani Kaja Galuba
2634,UM/2025/02634,1135,2025-08-14,2025-08-24,2027-11-02,268309.83,PLN,aktywna,Anita Kinder
2635,UM/2022/02635,662,2022-07-06,2022-07-20,2023-07-15,360166.87,PLN,zakończona,Agnieszka Kochman
2636,UM/2023/00001,531,2025-05-24,2025-05-27,2025-09-05,277449.6,PLN,aktywna,pani Róża Armata
2637,UM/2023/02637,1987,2023-12-03,2023-12-07,2026-08-11,168538.55,PLN,zakończona,Witold Milewczyk
2638,UM/2024/02638,1163,2024-11-05,2024-11-13,2026-03-11,451232.76,PLN,zakończona,Antoni Katana
2639,UM/2026/02639,157,2026-07-05,2026-07-17,2027-06-23,220586.56,PLN,zakończona,Daniel Kurc
2640,UM/2025/02640,268,2025-02-24,2025-02-24,2026-03-15,425515.93,PLN,w przygotowaniu,Liwia Raźniak
2641,UM/2022/02641,1704,2022-08-14,2022-08-20,2022-12-18,362171.46,PLN,zakończona,Roksana Błasik
2642,UM/2022/02642,422,2022-09-05,2022-09-05,2025-09-02,341763.13,PLN,w przygotowaniu,Kaja Midura
2643,UM/2022/02643,1359,2022-12-15,2022-12-29,2024-03-05,437813.7,PLN,zakończona,pan Marek Saczuk
2644,UM/2023/02644,939,2023-01-12,2023-01-26,2024-05-09,491745.97,PLN,zakończona,Mikołaj Kamieniak
2645,UM/2022/02645,1869,2022-09-23,2022-09-27,2024-06-06,488839.78,PLN,w przygotowaniu,Maksymilian Maligłówka
2646,UM/2023/02646,2088,2023-11-08,2023-11-28,2027-01-26,325402.45,PLN,aktywna,Gustaw Iwańczyk
2647,UM/2022/02647,1362,2022-06-20,2022-06-27,2023-08-21,168986.76,PLN,aktywna,Apolonia Suda
2648,UM/2022/02648,1827,2022-07-22,2022-07-30,2025-05-01,325871.37,PLN,w przygotowaniu,Roksana Preuss
2649,UM/2024/02649,789,2024-10-14,2024-10-21,2025-02-03,259393.35,PLN,zakończona,Kamila Wożniak
2650,UM/2026/02650,900,2026-06-02,2026-06-17,2027-04-29,443543.59,PLN,zakończona,Inga Durlej
2651,UM/2024/02651,2012,2024-06-28,2024-07-08,2027-07-14,71051.79,PLN,aktywna,pan Fabian Szumacher
2652,UM/2025/02652,657,2025-12-23,2025-12-24,2026-09-08,17741.11,PLN,zakończona,pani Monika Różewicz
2653,UM/2021/02653,616,2021-08-11,2021-08-17,2025-06-05,331202.81,PLN,zakończona,Julian Marcińczyk
2654,UM/2022/02654,769,2022-04-14,2022-04-21,2022-10-24,339269.85,PLN,w przygotowaniu,pani Julita Twardosz
2655,UM/2023/00001,864,2024-03-12,2024-03-29,2028-01-29,151553.68,PLN,aktywna,Łukasz Gorgol
2656,UM/2023/02656,223,2023-07-24,2023-07-28,2024-01-01,49391.27,PLN,w przygotowaniu,Olgierd Machowicz
2657,UM/2025/02657,983,2025-08-04,2025-08-21,2028-03-10,99934.87,PLN,zakończona,pan Artur Dumin
2658,UM/2023/02658,1147,2023-10-31,2023-11-20,2027-04-21,377980.21,PLN,zakończona,Agnieszka Sterna
2659,UM/2026/02659,2080,2026-05-30,2026-06-11,,365640.65,PLN,zakończona,Olgierd Krzan
2660,UM/2025/02660,1965,2024-12-19,2025-01-05,2025-08-28,347670.61,PLN ,zakończona,pani Kornelia Łój
2661,UM/2026/02661,901,2026-04-12,2026-05-02,2027-03-21,448186.64,PLN,zakończona,pani Klara Dziechciarz
2662,UM/2026/02662,1314,2026-01-12,2026-01-19,2028-01-24,348433.6,PLN,w przygotowaniu,Anna Maria Fiołka
2663,UM/2023/02663,2038,2023-09-23,2023-09-29,2026-10-12,246309.39,PLN,zakończona,Filip Franc
2664,UM/2024/02664,640,2024-10-08,2024-10-25,2026-10-23,105286.2,PLN,w przygotowaniu,Rafał Materka
2665,UM/2025/02665,1614,2025-03-06,2025-03-09,2028-06-24,199383.17,PLN,zakończona,Janina Michalkiewicz
2666,UM/2023/02666,999,2023-10-11,2023-10-20,2025-05-02,93201.06,PLN,w przygotowaniu,Ewelina Sajda
2667,UM/2026/02667,335,2026-02-03,2026-02-06,2026-07-17,170245.15,PLN,w przygotowaniu,Kajetan Mudlaff
2668,UM/2022/02668,2092,2022-03-05,2022-03-10,2024-07-23,148367.84,PLN,zakończona,Stefan Szaruga
2669,UM/2024/02669,1460,2024-02-04,2024-02-12,2024-05-23,333767.85,PLN,aktywna,pani Karina Nastały
2670,UM/2021/02670,130,2021-12-01,2021-12-14,2023-08-29,186251.56,PLN,zakończona,Adrianna Żołądkiewicz
2671,UM/2024/02671,1448,2024-04-26,2024-04-29,2026-10-18,488635.97,PLN,zakończona,pan Eryk Wyskiel
2672,UM/2024/02672,1121,2024-03-18,2024-04-06,2028-02-06,445734.51,PLN,zakończona,Julianna Nagórka
2673,UM/2023/02673,1428,2023-07-20,2023-07-23,2025-01-25,100952.04,PLN,aktywna,pani Kaja Dyjas
2674,UM/2023/02674,1693,2023-01-02,2023-01-07,2025-04-24,410946.38,PLN,aktywna,Krystian Sularz
2675,UM/2022/02675,1333,2022-10-05,2022-10-18,2024-09-25,423057.16,PLN,aktywna,Kalina Sacharczuk
2676,UM/2023/02676,629,2023-06-04,2023-06-08,2026-08-30,352771.6,PLN,aktywna,Lidia Giel
2677,UM/2026/02677,1227,2026-04-05,2026-04-20,2026-11-03,201155.91,PLN,zakończona,Klara Hak
2678,UM/2023/00001,1833,2024-09-14,2024-09-27,2027-05-19,490253.23,PLN,zakończona,pan Błażej Krauz
2679,UM/2025/02679,344,2025-04-20,2025-04-25,2027-12-27,137307.5,PLN,w przygotowaniu,Angelika Wawrzeńczyk
2680,UM/2025/02680,943,2025-05-13,2025-05-22,2026-11-10,129862.47,PLN,zakończona,Przemysław Krywult
2681,UM/2023/02681,1575,2023-08-26,2023-09-13,2023-05-04,366258.95,PLN,aktywna,Maksymilian Humeniuk
2682,UM/2023/00001,614,2024-05-19,2024-05-30,2027-12-13,336450.42,PLN,w przygotowaniu,Anita Matejczyk
2683,UM/2022/02683,917,2022-01-30,2022-02-14,2023-12-22,477889.57,PLN,zakończona,Arkadiusz Opalach
2684,UM/2025/02684,654,2025-02-02,2025-02-21,2029-01-16,24798.6,PLN,aktywna,Wiktor Kaźmierczyk
2685,UM/2022/02685,1601,2021-12-26,2022-01-11,2022-09-22,211483.22,PLN,w przygotowaniu,pani Justyna Olchawa
2686,UM/2023/02686,1836,2022-12-29,2023-01-14,2024-10-04,493460.71,PLN,w przygotowaniu,pani Klara Jama
2687,UM/2024/02687,538,2024-01-31,2024-01-31,2025-06-12,229298.68,PLN,w przygotowaniu,Róża Drobnik
2688,UM/2022/02688,1655,2021-12-28,2022-01-16,2022-10-31,127375.28,PLN,aktywna,pan Stefan Gregorek
2689,UM/2025/02689,587,2025-03-30,2025-04-11,2028-08-06,376702.54,PLN,zakończona,Blanka Gabryelczyk
2690,UM/2025/02690,2066,2025-04-09,2025-04-23,2026-01-06,343574.02,PLN,w przygotowaniu,Dorota Hein
2691,UM/2022/02691,936,2022-02-23,2022-03-13,2024-05-13,278495.09,pln,zakończona,Maks Rusiniak
2692,UM/2023/02692,1437,2023-01-15,2023-01-23,2023-06-04,39545.25,PLN,aktywna,pan Ryszard Szczudło
2693,UM/2024/02693,1226,2024-10-09,2024-10-28,,267569.27,PLN,zakończona,pan Krzysztof Sidorczuk
2694,UM/2025/02694,501,2025-03-13,2025-03-28,2026-03-01,145040.17,PLN,zakończona,Krystyna Gasek
2695,UM/2022/02695,537,2021-12-29,2022-01-02,,447107.31,PLN,zakończona,Michał Kubek
2696,UM/2021/02696,1466,2021-09-17,2021-09-19,2023-08-17,492729.59,PLN,aktywna,Patryk Maras
2697,UM/2024/02697,2054,2024-06-11,2024-06-29,2026-08-01,322119.63,PLN,aktywna,Kajetan Jonik
2698,UM/2025/02698,123,2025-02-25,2025-03-14,2028-01-10,58520.55,PLN ,w przygotowaniu,Urszula Zbrzeźniak
2699,UM/2022/02699,1856,2022-11-10,2022-11-18,2025-01-23,112666.22,PLN,aktywna,Ewa Pałac
2700,UM/2024/02700,478,2024-09-03,2024-09-04,2028-02-06,15762.01,PLN,w przygotowaniu,pani Natasza Górnisiewicz
2701,UM/2026/02701,735,2026-05-28,2026-06-05,2029-12-08,201607.0,PLN,aktywna,pani Urszula Żołądź
2702,UM/2026/02702,1470,2026-07-09,2026-07-17,2027-08-19,334092.68,PLN,w przygotowaniu,Sylwia Kubów
2703,UM/2024/02703,1875,2024-10-07,2024-10-12,2028-08-12,200773.67,PLN,aktywna,Sara Mikosz
2704,UM/2022/02704,2582,2022-02-12,2022-02-13,2026-01-08,256481.95,PLN,aktywna,Apolonia Lorenz
2705,UM/2024/02705,1792,2024-08-15,2024-08-29,2027-05-06,420530.12,PLN,zakończona,Błażej Gadzała
2706,UM/2025/02706,1471,2025-04-23,2025-05-07,2026-04-26,299786.87,PLN,aktywna,pani Justyna Wakuła
2707,UM/2023/02707,189,2023-05-01,2023-05-13,2025-03-03,136159.17,PLN ,w przygotowaniu,Tymoteusz Romejko
2708,UM/2025/02708,651,2025-03-14,2025-03-21,2028-06-04,426278.75,PLN,w przygotowaniu,Julianna Nieszporek
2709,UM/2026/02709,1147,2026-04-08,2026-04-25,2029-05-14,251861.21,PLN,zakończona,Nataniel Imiołczyk
2710,UM/2023/02710,323,2023-09-29,2023-10-16,2027-07-12,359312.32,PLN,zakończona,Radosław Stoltmann
2711,UM/2023/02711,1157,2023-02-19,2023-02-21,2026-04-17,495357.06,PLN,aktywna,Aleksander Łapaj
2712,UM/2022/02712,1154,2022-05-05,2022-05-23,2023-12-21,190409.76,PLN,zakończona,Agnieszka Kołton
2713,UM/2024/02713,837,2024-11-22,2024-12-07,2028-10-14,22132.08,PLN,zakończona,pan Mariusz Morek
2714,UM/2022/02714,587,2022-05-11,2022-05-18,2025-03-22,167705.21,zł,zakończona,Grzegorz Jancewicz
2715,UM/2023/02715,1563,2023-01-25,2023-01-27,2024-06-29,56331.8,PLN,w przygotowaniu,Juliusz Zarzeczna
2716,UM/2026/02716,1943,2026-01-05,2026-01-06,2029-04-03,354002.58,PLN,zakończona,Arkadiusz Hanke
2717,UM/2022/02717,663,2022-01-30,2022-02-18,2024-10-20,253946.97,PLN,zakończona,Marcelina Dydak
2718,UM/2025/02718,1239,2025-08-15,2025-08-31,2028-01-03,246950.22,PLN,aktywna,pan Witold Kuska
2719,UM/2025/02719,1764,2025-09-04,2025-09-12,,206517.68,PLN,zakończona,Iwo Serzysko
2720,UM/2023/02720,1146,2023-08-14,2023-08-30,2027-02-14,123161.13,PLN,w przygotowaniu,Tobiasz Welenc
2721,UM/2026/02721,1444,2026-05-28,2026-06-09,2026-04-10,361506.98,PLN,aktywna,pani Natasza Wawryniuk
2722,UM/2023/02722,2061,2023-12-20,2023-12-30,2026-08-11,277395.72,PLN,zakończona,Krzysztof Zysk
2723,UM/2024/02723,1364,2024-02-01,2024-02-08,2026-10-25,366924.04,PLN,zakończona,Tola Myszor
2724,UM/2025/02724,1377,2025-01-02,2025-01-08,2027-10-17,306965.78,PLN,aktywna,Juliusz Szlaga
2725,UM/2022/02725,1601,2022-10-28,2022-10-30,2026-09-02,437376.19,PLN,w przygotowaniu,pan Piotr Broszkiewicz
2726,UM/2024/02726,516,2024-09-06,2024-09-18,2026-02-17,366031.3,PLN,aktywna,Apolonia Glapiak
2727,UM/2025/02727,1627,2025-12-12,2025-12-15,2029-03-28,316558.16,PLN,w przygotowaniu,Karol Bujas
2728,UM/2024/02728,1169,2024-01-02,2024-01-06,2027-11-11,433841.02,PLN,w przygotowaniu,Karina Miecznik
2729,UM/2022/02729,2535,2022-07-31,2022-08-14,2025-01-24,368514.63,PLN,aktywna,Kamila Gros
2730,UM/2025/02730,1852,2025-05-02,2025-05-04,,234186.19,PLN,w przygotowaniu,Sonia Michel
2731,UM/2023/02731,88,2023-12-13,2023-12-27,2026-01-14,143164.64,PLN,zakończona,Lidia Warych
2732,UM/2025/02732,601,2025-12-11,2025-12-12,2026-11-05,126417.56,PLN,zakończona,Róża Hinca
2733,UM/2023/02733,1338,2023-06-02,2023-06-14,2025-05-23,159441.23,PLN,zakończona,Aleks Wojtiuk
2734,UM/2022/02734,860,2022-10-06,2022-10-18,2025-03-15,98319.08,PLN,w przygotowaniu,Leonard Wasiewicz
2735,UM/2024/02735,465,2024-08-20,2024-08-26,2028-08-21,458302.48,PLN,aktywna,Nela Wincenciak
2736,UM/2026/02736,576,2026-01-03,2026-01-08,2029-12-19,106191.07,PLN,aktywna,Franciszek Walkusz
2737,UM/2023/02737,397,2023-02-23,2023-02-24,2024-06-02,116223.17,PLN,w przygotowaniu,Nataniel Świć
2738,UM/2025/02738,762,2025-10-05,2025-10-05,2029-03-16,151818.0,PLN,w przygotowaniu,Tobiasz Hirsch
2739,UM/2024/02739,881,2024-01-07,2024-01-22,,361795.94,PLN,aktywna,pani Karina Kopyto
2740,UM/2022/02740,823,2022-07-05,2022-07-15,2024-01-30,386269.76,PLN,w przygotowaniu,pan Andrzej Szczubełek
2741,UM/2024/02741,2025,2024-09-10,2024-09-30,2026-03-19,236104.23,PLN,w przygotowaniu,pani Apolonia Hass
2742,UM/2023/02742,29,2023-07-01,2023-07-03,2027-02-04,90185.18,PLN,aktywna,Adam Stąpor
2743,UM/2024/02743,532,2024-10-23,2024-11-11,2028-08-03,78230.13,PLN,aktywna,pan Robert Przeklasa
2744,UM/2021/02744,857,2021-11-25,2021-12-09,2023-07-01,8228.91,PLN,zakończona,Gaja Macioł
2745,UM/2023/02745,1095,2023-05-11,2023-05-11,2026-04-06,331368.61,PLN,zakończona,pan Łukasz Mizia
2746,UM/2021/02746,1216,2021-10-13,2021-11-01,2024-09-23,319616.91,PLN,aktywna,Wojciech Frycz
2747,UM/2022/02747,637,2022-10-11,2022-10-28,2026-06-15,68113.83,PLN,zakończona,Dawid Skowyra
2748,UM/2024/02748,1279,2024-10-03,2024-10-22,2027-06-04,120531.17,PLN,aktywna,Olga Mydlak
2749,UM/2025/02749,919,2025-11-20,2025-11-22,2028-07-25,120054.32,PLN,aktywna,Dominik Stypka
2750,UM/2025/02750,894,2025-05-24,2025-05-31,2025-10-07,281479.35,PLN,aktywna,Kajetan Siewert
2751,UM/2023/02751,814,2023-12-16,2023-12-28,2026-10-16,36008.97,PLN,w przygotowaniu,pan Konrad Nawrotek
2752,UM/2021/02752,2044,2021-11-14,2021-11-27,2023-09-29,39195.89,PLN,zakończona,Juliusz Kustosz
2753,UM/2026/02753,1723,2026-07-07,2026-07-09,2028-10-23,453196.75,PLN,w przygotowaniu,Janina Sobisz
2754,UM/2023/02754,442,2023-04-22,2023-05-08,2026-08-07,56492.39,PLN,aktywna,Natan Gendek
2755,UM/2021/02755,1182,2021-08-11,2021-08-15,2024-02-06,399575.35,PLN,w przygotowaniu,Przemysław Szybiak
2756,UM/2022/02756,967,2022-08-02,2022-08-04,2023-10-04,371495.49,PLN,zakończona,Kamila Warwas
2757,UM/2025/02757,1405,2025-09-06,2025-09-22,2028-10-19,494990.02,PLN,aktywna,Tymon Niedbał
2758,UM/2025/02758,603,2025-03-02,2025-03-03,2029-01-21,33061.72,PLN,aktywna,Mikołaj Pałyga
2759,UM/2025/02759,308,2025-05-15,2025-05-15,2028-10-01,240908.3,PLN,aktywna,Tobiasz Bek
2760,UM/2023/00001,2039,2022-05-12,2022-05-21,2023-06-05,498270.81,PLN,zakończona,Adrianna Białczyk
2761,UM/2024/02761,142,2024-06-17,2024-06-19,2026-01-15,312816.86,PLN,zakończona,pan Krystian Orawiec
2762,UM/2023/02762,25,2023-01-05,2023-01-21,2023-12-30,473311.06,PLN ,aktywna,Tomasz Turlej
2763,UM/2023/02763,1026,2023-04-08,2023-04-12,2025-01-12,170305.56,PLN,zakończona,pani Sylwia Osipowicz
2764,UM/2023/02764,1093,2023-02-21,2023-03-12,2024-03-19,379278.28,PLN,aktywna,pan Emil Ciochoń
2765,UM/2026/02765,2053,2026-01-21,2026-01-31,2029-02-09,274916.96,PLN,zakończona,pani Apolonia Kociemba
2766,UM/2023/00001,178,2025-09-29,2025-10-03,2028-10-19,108357.16,PLN,aktywna,Gaja Zaucha
2767,UM/2024/02767,778,2024-05-24,2024-05-26,2028-03-27,28588.19,PLN,aktywna,Monika Kubasiewicz
2768,UM/2023/02768,281,2023-08-09,2023-08-28,2026-05-13,433188.62,PLN,aktywna,pan Leon Kanik
2769,UM/2023/02769,984,2023-02-23,2023-03-13,2027-01-14,222873.17,PLN,w przygotowaniu,Eliza Dyja
2770,UM/2025/02770,983,2025-06-24,2025-07-03,2026-09-24,450236.32,PLN,aktywna,Lidia Strzyż
2771,UM/2025/02771,1233,2025-04-20,2025-04-24,2026-05-31,174750.39,PLN,zakończona,Julianna Tomal
2772,UM/2024/02772,833,2024-12-13,2024-12-16,2027-05-23,28938.93,PLN,zakończona,Patryk Matejczyk
2773,UM/2025/02773,1736,2025-10-14,2025-10-31,2026-12-17,147422.08,PLN,aktywna,Krystyna Janiuk
2774,UM/2024/02774,1918,2024-08-05,2024-08-18,2027-07-03,417128.59,PLN,w przygotowaniu,pan Szymon Moczko
2775,UM/2024/02775,359,2024-12-10,2024-12-25,2027-07-22,463209.1,PLN,w przygotowaniu,Anita Kalarus
2776,UM/2024/02776,766,2024-07-01,2024-07-19,2027-04-01,478594.99,PLN,aktywna,Paweł Hutnik
2777,UM/2025/02777,1235,2025-08-08,2025-08-13,2025-12-21,384428.47,PLN,zakończona,Kamila Łyp
2778,UM/2023/02778,361,2023-08-12,2023-08-13,2026-12-03,474656.17,PLN,w przygotowaniu,Natasza Dulik
2779,UM/2026/02779,260,2026-07-20,2026-07-21,2028-07-12,361478.71,PLN,w przygotowaniu,Sandra Krzempek
2780,UM/2025/02780,1410,2025-08-02,2025-08-20,2026-09-21,318094.92,PLN,aktywna,Wiktor Breguła
2781,UM/2021/02781,1412,2021-10-24,2021-10-27,2024-03-27,58786.6,PLN,zakończona,Inga Wiercigroch
2782,UM/2024/02782,1332,2024-09-03,2024-09-06,2025-10-30,160671.97,PLN,aktywna,Igor Gamoń
2783,UM/2026/02783,2105,2026-01-04,2026-01-04,2029-02-01,492635.22,pln,zakończona,pan Maciej Kurz
2784,UM/2024/02784,2122,2024-12-09,2024-12-20,2027-07-21,137876.5,PLN,w przygotowaniu,Krzysztof Front
2785,UM/2021/02785,177,2021-08-25,2021-09-10,,150984.13,PLN,w przygotowaniu,Tymoteusz Gierat
2786,UM/2024/02786,357,2024-10-21,2024-11-05,2026-12-19,374325.54,PLN,aktywna,pani Anita Sypień
2787,UM/2023/00001,204,2022-12-26,2023-01-04,2023-12-17,240204.61,PLN,aktywna,pani Elżbieta Leśko
2788,UM/2026/02788,1803,2026-07-02,2026-07-19,2029-09-23,271973.06,PLN,zakończona,pan Józef Knysak
2789,UM/2023/02789,1584,2023-05-25,2023-06-01,2024-05-15,81370.86,PLN,w przygotowaniu,pani Marianna Gabryel
2790,UM/2024/02790,1211,2024-06-23,2024-06-26,2026-02-26,117232.77,PLN,w przygotowaniu,pani Kaja Jakóbik
2791,UM/2022/02791,224,2022-08-15,2022-08-20,2024-09-06,341980.88,PLN,aktywna,pani Dagmara Siara
2792,UM/2021/02792,1968,2021-11-07,2021-11-22,2023-05-07,8522.38,PLN,aktywna,Eryk Masiak
2793,UM/2022/02793,1302,2022-11-06,2022-11-23,2024-05-05,70558.58,PLN,zakończona,Tymon Nieścior
2794,UM/2026/02794,1789,2026-01-20,2026-01-25,2026-06-12,234755.12,PLN ,w przygotowaniu,Artur Sierpień
2795,UM/2022/02795,1939,2022-01-07,2022-01-08,2024-05-04,447046.18,PLN,w przygotowaniu,Maurycy Szymajda
2796,UM/2022/02796,2079,2022-08-28,2022-09-09,2023-11-15,426595.95,PLN,zakończona,pan Mikołaj Ludwiniak
2797,UM/2022/02797,410,2022-01-26,2022-02-04,2024-06-22,113150.65,PLN,zakończona,Nataniel Rolek
2798,UM/2022/02798,460,2022-09-26,2022-10-16,2024-09-28,352917.78,PLN,w przygotowaniu,Radosław Nowotka
2799,UM/2022/02799,1418,2022-05-18,2022-05-28,2024-05-16,226852.64,PLN,zakończona,Klara Front
2800,UM/2025/02800,1209,2025-03-10,2025-03-17,2027-10-24,98731.67,PLN,aktywna,Sonia Merchel
2801,UM/2021/02801,66,2021-11-09,2021-11-15,2023-08-24,450307.79,PLN,aktywna,Jacek Kocaj
2802,UM/2025/02802,1389,2025-03-31,2025-04-17,2029-04-08,388940.23,pln,w przygotowaniu,pani Blanka Freitag
2803,UM/2022/02803,2104,2022-03-11,2022-03-22,2024-06-26,118864.74,PLN,aktywna,Angelika Ambrożewicz
2804,UM/2026/02804,514,2026-04-19,2026-05-08,2029-01-02,76847.63,PLN,w przygotowaniu,Mateusz Becker
2805,UM/2025/02805,1131,2025-03-23,2025-04-11,2025-09-16,32442.23,PLN,w przygotowaniu,pani Angelika Styrna
2806,UM/2025/02806,984,2025-03-10,2025-03-24,2026-11-19,467454.47,PLN,aktywna,Rozalia Zubel
2807,UM/2022/02807,722,2022-09-14,2022-10-03,2023-05-18,435999.97,PLN,w przygotowaniu,pani Aurelia Kędziorek
2808,UM/2024/02808,1446,2024-07-03,2024-07-13,2026-11-30,202086.07,PLN,w przygotowaniu,pani Aurelia Kuban
2809,UM/2023/02809,243,2023-06-16,2023-06-21,2027-05-27,445827.95,PLN,aktywna,pani Bianka Rykała
2810,UM/2025/02810,74,2025-02-08,2025-02-19,2028-05-12,95806.44,PLN,w przygotowaniu,pani Urszula Iwańczyk
2811,UM/2023/02811,627,2023-03-09,2023-03-23,2026-04-01,297432.17,PLN,aktywna,Ada Paluszak
2812,UM/2022/02812,1147,2022-09-18,2022-09-30,2024-01-10,163321.5,PLN,w przygotowaniu,pan Hubert Zadka
2813,UM/2022/02813,408,2022-08-05,2022-08-13,2024-12-07,217949.21,PLN,w przygotowaniu,Maksymilian Szczypiór
2814,UM/2022/02814,469,2022-06-22,2022-06-30,2022-12-28,21274.69,PLN,zakończona,Adrianna Madura
2815,UM/2024/02815,925,2024-11-03,2024-11-11,2027-12-13,10094.55,PLN,zakończona,Albert Lemieszek
2816,UM/2023/00001,310,2026-02-09,2026-03-01,,211158.59,PLN,aktywna,Gustaw Wota
2817,UM/2022/02817,903,2022-02-09,2022-02-12,2022-07-15,427370.38,PLN,zakończona,pani Adrianna Sztaba
2818,UM/2026/02818,1266,2026-01-07,2026-01-26,2027-09-02,363390.15,PLN,zakończona,Sara Samulak
2819,UM/2022/02819,391,2022-08-31,2022-09-11,2023-12-03,180341.12,zł,w przygotowaniu,Anita Ziarnik
2820,UM/2025/02820,1902,2025-10-18,2025-10-28,2027-06-03,101818.89,PLN,zakończona,Konrad Huczek
2821,UM/2023/02821,1539,2023-05-21,2023-05-24,2024-05-16,398129.29,PLN,w przygotowaniu,Marcin Raba
2822,UM/2022/02822,95,2022-05-23,2022-06-12,2024-02-15,335699.12,PLN,aktywna,Alan Szmaj
2823,UM/2022/02823,809,2022-04-09,2022-04-24,2024-04-23,419739.9,PLN,zakończona,Igor Matyszczak
2824,UM/2026/02824,343,2026-04-25,2026-05-12,2029-08-19,114756.34,PLN,aktywna,Grzegorz Kowaluk
2825,UM/2025/02825,758,2025-02-16,2025-02-20,2025-08-21,280757.75,PLN,w przygotowaniu,pan Paweł Słysz
2826,UM/2023/02826,2012,2023-01-10,2023-01-21,2023-05-17,490459.67,PLN,zakończona,pan Julian Rudzik
2827,UM/2025/02827,1070,2025-06-28,2025-07-02,2028-08-23,457724.61,PLN,zakończona,Kazimierz Ciereszko
2828,UM/2022/02828,156,2021-12-31,2022-01-05,2025-10-12,402483.09,PLN,zakończona,Aleks Pawliczek
2829,UM/2022/02829,1236,2022-07-11,2022-07-29,2023-06-10,70603.41,PLN,w przygotowaniu,pani Agnieszka Wojtczuk
2830,UM/2025/02830,1217,2025-07-12,2025-07-14,2028-08-22,194440.18,PLN,aktywna,Urszula Januszko
2831,UM/2026/02831,1170,2026-07-07,2026-07-22,2028-05-12,234706.69,PLN,w przygotowaniu,pan Maksymilian Kastelik
2832,UM/2022/02832,2172,2022-07-21,2022-08-09,2025-07-27,393539.45,PLN,w przygotowaniu,Jeremi Idec
2833,UM/2026/02833,618,2026-05-01,2026-05-01,2027-09-10,173624.49,PLN,aktywna,pan Ignacy Dąbrówka
2834,UM/2026/02834,1906,2026-03-30,2026-03-30,2028-07-18,395351.91,PLN,zakończona,Kacper Kukawka
2835,UM/2026/02835,947,2026-06-03,2026-06-03,2027-09-22,145435.81,PLN,zakończona,pani Rozalia Ogonek
2836,UM/2025/02836,458,2025-01-08,2025-01-19,2026-10-28,452190.49,PLN,w przygotowaniu,Monika Karpiak
2837,UM/2024/02837,1594,2024-05-19,2024-06-04,2025-06-21,235753.15,PLN,zakończona,Ada Lula
2838,UM/2022/02838,2018,2022-10-11,2022-10-17,2024-05-18,56585.5,PLN,zakończona,Tobiasz Dziarmaga
2839,UM/2025/02839,585,2025-01-15,2025-02-03,2025-05-27,11525.36,PLN,aktywna,pani Inga Krzyszczak
2840,UM/2021/02840,436,2021-11-03,2021-11-03,2025-02-21,111818.68,PLN,aktywna,pani Tola Długajczyk
2841,UM/2021/02841,1228,2021-12-13,2021-12-13,2022-11-05,246295.91,PLN,zakończona,pani Nela Hermann
2842,UM/2024/02842,1790,2024-09-29,2024-10-04,2027-08-18,36855.67,PLN,zakończona,Kamil Skiepko
2843,UM/2022/02843,2073,2022-09-27,2022-10-06,2024-06-03,370002.57,PLN,zakończona,Błażej Czerwionka
2844,UM/2022/02844,1367,2022-11-08,2022-11-14,2023-06-13,151273.01,PLN,zakończona,Wiktor Nazarewicz
2845,UM/2023/00001,1962,2025-10-01,2025-10-11,2025-07-30,446350.51,PLN,aktywna,Sylwia Gregorowicz
2846,UM/2026/02846,606,2025-12-25,2026-01-01,2029-02-18,277747.61,PLN,w przygotowaniu,Natan Wojewódka
2847,UM/2025/02847,400,2025-01-31,2025-02-12,2028-05-09,41011.52,PLN,zakończona,Malwina Sutor
2848,UM/2023/00001,1340,2025-03-05,2025-03-21,2025-12-10,268154.93,PLN,aktywna,pan Ignacy Jaźwiec
2849,UM/2024/02849,588,2024-04-07,2024-04-22,2024-02-07,61898.23,PLN,zakończona,Maksymilian Kosz
2850,UM/2022/02850,1406,2022-10-14,2022-10-23,2025-01-04,72106.34,PLN,zakończona,Dorota Buszka
2851,UM/2023/02851,1697,2023-12-24,2023-12-30,2027-02-26,380696.04,PLN,w przygotowaniu,pan Daniel Fogel
2852,UM/2025/02852,1819,2025-07-19,2025-07-24,2028-11-07,27233.91,PLN,aktywna,Maksymilian Hołota
2853,UM/2022/02853,914,2022-08-31,2022-09-04,2025-11-12,376296.74,PLN,zakończona,pan Daniel Sobków
2854,UM/2021/02854,1072,2021-11-17,2021-11-24,2023-11-23,438437.2,PLN,aktywna,Hubert Józefczak
2855,UM/2024/02855,117,2024-03-20,2024-03-25,2026-02-12,190497.15,zł,zakończona,Gaja Szyc
2856,UM/2024/02856,740,2024-08-13,2024-08-21,2024-03-20,183986.53,PLN,aktywna,Stanisław Malara
2857,UM/2022/02857,1016,2022-06-23,2022-06-26,2024-01-19,15536.21,PLN,aktywna,Alex Jaszczyszyn
2858,UM/2024/02858,1145,2024-05-03,2024-05-20,2026-08-13,365154.69,PLN,zakończona,pani Nela Bastek
2859,UM/2023/00001,1037,2025-09-21,2025-09-28,2026-07-05,330038.48,PLN,w przygotowaniu,Kazimierz Galica
2860,UM/2025/02860,1941,2025-07-09,2025-07-16,2026-10-09,244549.33,PLN,zakończona,pani Blanka Kolber
2861,UM/2024/02861,1062,2024-10-11,2024-10-19,,249179.16,PLN,aktywna,Anita Młynarz
2862,UM/2024/02862,271,2024-07-14,2024-07-20,2028-05-23,413561.56,PLN,aktywna,Emil Bareja
2863,UM/2023/02863,1665,2023-03-17,2023-03-21,2023-09-05,441896.72,PLN,w przygotowaniu,Kalina Kiszczak
2864,UM/2023/02864,389,2023-02-19,2023-02-26,2025-09-10,109087.95,PLN,zakończona,pan Krzysztof Kulisz
2865,UM/2024/02865,1013,2023-12-21,2024-01-05,2025-04-26,30348.77,PLN,zakończona,Witold Garczyk
2866,UM/2023/02866,1601,2023-05-07,2023-05-13,2025-07-21,146104.82,PLN,w przygotowaniu,Kalina Droździk
2867,UM/2022/02867,470,2022-03-05,2022-03-25,,177395.84,PLN,zakończona,Ksawery Doroszkiewicz
2868,UM/2025/02868,232,2025-03-30,2025-04-13,2026-02-23,457705.32,PLN,w przygotowaniu,Leonard Block
2869,UM/2022/02869,773,2022-04-06,2022-04-25,2023-05-14,420870.34,PLN,zakończona,pan Aleks Bernard
2870,UM/2023/02870,1498,2023-07-28,2023-07-31,2024-08-03,319787.21,PLN,aktywna,Anita Tylman
2871,UM/2024/02871,2100,2024-11-14,2024-11-19,2025-02-17,383992.47,PLN,zakończona,Nela Lisik
2872,UM/2023/02872,1854,2023-02-04,2023-02-12,2025-02-20,187196.15,PLN,zakończona,Gaja Dydo
2873,UM/2026/02873,616,2026-05-01,2026-05-12,2029-11-12,9881.82,PLN,zakończona,Anna Maria Kołsut
2874,UM/2026/02874,2143,2026-05-26,2026-06-10,2027-10-02,416023.61,PLN,aktywna,pan Alex Graj
2875,UM/2023/02875,2420,2023-11-09,2023-11-20,2025-09-30,378105.32,PLN,aktywna,Lidia Kidoń
2876,UM/2024/02876,741,2024-04-29,2024-05-02,2025-03-17,146715.16,PLN,aktywna,pan Marcel Aleksiejuk
2877,UM/2021/02877,246,2021-10-19,2021-11-08,2024-11-24,432121.47,zł,w przygotowaniu,pan Kamil Krzyśko
2878,UM/2023/02878,2178,2023-05-27,2023-05-27,2026-08-15,129403.7,PLN,w przygotowaniu,Justyna Ptok
2879,UM/2026/02879,889,2026-07-14,2026-07-18,2028-12-27,120623.79,PLN,aktywna,Klara Sprawka
2880,UM/2022/02880,1471,2022-07-10,2022-07-20,2025-01-21,471332.17,PLN,zakończona,pan Iwo Turoń
2881,UM/2023/02881,1083,2023-02-10,2023-02-19,2026-01-21,301993.17,PLN,zakończona,pani Kamila Siedlik
2882,UM/2023/02882,934,2023-09-26,2023-10-06,,472869.65,PLN,aktywna,Aleks Lang
2883,UM/2023/02883,1013,2023-10-11,2023-10-20,2024-02-19,24043.28,PLN,w przygotowaniu,pani Nela Zander
2884,UM/2024/02884,1145,2024-11-16,2024-11-16,2027-09-06,309216.85,PLN,w przygotowaniu,Blanka Szczerbiak
2885,UM/2024/02885,1092,2024-10-14,2024-11-02,2026-03-23,345875.58,PLN,w przygotowaniu,Maksymilian Stosik
2886,UM/2023/02886,1948,2023-09-13,2023-10-02,2025-07-25,468566.48,PLN,zakończona,pan Maks Tutka
2887,UM/2022/02887,1377,2022-10-02,2022-10-14,2026-07-06,82749.53,PLN,aktywna,Olga Grabczak
2888,UM/2025/02888,1193,2025-09-15,2025-09-19,2027-10-13,352774.26,PLN,zakończona,Adrianna Kocurek
2889,UM/2022/02889,1862,2022-04-20,2022-04-22,2024-11-14,477447.5,PLN,w przygotowaniu,Mieszko Wojciech
2890,UM/2024/02890,648,2024-11-26,2024-12-09,2028-10-15,367572.05,PLN,aktywna,Marek Paśnik
2891,UM/2022/02891,1766,2022-01-20,2022-01-22,2023-06-23,292037.68,PLN,zakończona,pani Dagmara Gąbka
2892,UM/2023/02892,897,2023-09-19,2023-09-24,2026-06-09,396207.39,PLN,aktywna,pani Ida Łapacz
2893,UM/2025/02893,1875,2025-06-09,2025-06-29,2029-05-05,385009.27,PLN,zakończona,Róża Buszkiewicz
2894,UM/2023/02894,1135,2023-07-05,2023-07-07,2027-01-24,149938.74,PLN,zakończona,pani Julita Pedrycz
2895,UM/2024/02895,99,2024-03-22,2024-03-30,2025-06-28,171474.12,PLN,aktywna,pan Sebastian Hałka
2896,UM/2024/02896,1870,2023-12-27,2024-01-15,2026-06-16,51511.12,PLN,zakończona,pani Nicole Doliwa
2897,UM/2022/02897,1634,2022-04-26,2022-04-30,2025-02-25,396262.5,PLN,zakończona,pan Iwo Tomaszuk
2898,UM/2022/02898,1677,2022-12-05,2022-12-06,2026-05-27,376887.58,PLN,aktywna,Jan Kuza
2899,UM/2021/02899,1908,2021-09-22,2021-10-10,2022-03-28,265791.11,PLN,aktywna,pani Elżbieta Bubak
2900,UM/2022/02900,313,2022-09-06,2022-09-21,2024-03-06,250557.58,PLN,aktywna,Dariusz Mysiak
2901,UM/2025/02901,1495,2025-03-31,2025-04-13,2029-01-16,111279.68,PLN,aktywna,Natan Łakota
2902,UM/2021/02902,2063,2021-12-08,2021-12-22,2021-07-13,277507.04,PLN,aktywna,pan Przemysław Mesjasz
2903,UM/2025/02903,582,2025-09-07,2025-09-19,2028-02-12,321712.47,PLN,w przygotowaniu,Leonard Kuciel
2904,UM/2024/02904,1794,2024-06-27,2024-07-04,2024-03-01,164850.86,PLN,w przygotowaniu,pan Tymoteusz Malarczyk
2905,UM/2022/02905,1447,2022-02-27,2022-03-19,2022-09-23,312694.34,PLN ,aktywna,Aleksander Semik
2906,UM/2023/02906,1688,2023-03-11,2023-03-27,2025-02-28,172246.11,PLN,aktywna,Adrianna Ulewicz
2907,UM/2021/02907,1205,2021-09-22,2021-10-06,2025-06-27,308699.41,PLN,zakończona,Hubert Droździel
2908,UM/2024/02908,671,2024-01-26,2024-02-13,,117810.52,PLN,w przygotowaniu,Alex Bąkiewicz
2909,UM/2023/02909,407,2023-10-05,2023-10-17,2027-09-09,427682.74,PLN,aktywna,Bianka Mirończuk
2910,UM/2025/02910,167,2025-08-11,2025-08-28,2029-04-27,223001.96,PLN,aktywna,Grzegorz Szczepaniec
2911,UM/2024/02911,1570,2024-09-24,2024-10-01,,324053.85,PLN,zakończona,pani Nela Zięcik
2912,UM/2025/02912,1856,2025-08-17,2025-08-30,2028-08-27,116104.44,PLN,zakończona,Kamil Kunert
2913,UM/2023/02913,1525,2023-09-16,2023-09-20,2025-04-03,238080.71,PLN,zakończona,Fabian Łyskawa
2914,UM/2021/02914,1855,2021-08-04,2021-08-15,2021-12-20,184525.01,PLN,zakończona,Lidia Małota
2915,UM/2021/02915,1130,2021-08-07,2021-08-10,2025-07-03,354961.12,PLN,w przygotowaniu,pan Jakub Bąbol
2916,UM/2023/00001,209,2022-11-05,2022-11-08,2025-11-27,34099.62,PLN,zakończona,Eryk Matejuk
2917,UM/2022/02917,537,2022-05-24,2022-05-24,2025-09-09,405464.66,PLN,w przygotowaniu,Liwia Doroszkiewicz
2918,UM/2024/02918,50,2024-02-23,2024-03-09,2027-10-13,242200.36,PLN,w przygotowaniu,Filip Drela
2919,UM/2024/02919,2059,2024-10-07,2024-10-24,2028-09-27,340580.26,PLN,aktywna,Nela Walencik
2920,UM/2024/02920,1531,2024-06-01,2024-06-14,2025-09-03,353400.65,PLN,zakończona,Eliza Topa
2921,UM/2023/02921,165,2023-12-08,2023-12-13,2025-08-28,276582.03,PLN,aktywna,Sara Fiedoruk
2922,UM/2022/02922,108,2022-04-13,2022-04-17,2025-09-06,86264.01,PLN,aktywna,Julita Janasz
2923,UM/2025/02923,1205,2025-05-02,2025-05-14,2027-04-20,217128.98,PLN,w przygotowaniu,Natan Węgier
2924,UM/2023/02924,379,2023-11-01,2023-11-16,2025-12-12,349759.76,PLN,zakończona,Aleksander Bakalarczyk
2925,UM/2024/02925,1631,2024-09-02,2024-09-15,2027-05-19,496413.75,PLN,zakończona,pan Daniel Knieć
2926,UM/2023/02926,215,2023-07-10,2023-07-19,2026-08-01,453558.09,PLN,w przygotowaniu,pani Julianna Pabis
2927,UM/2026/02927,2260,2026-02-04,2026-02-10,2029-04-30,377315.3,PLN,aktywna,pani Urszula Surdel
2928,UM/2022/02928,1086,2022-08-31,2022-08-31,2025-11-02,311691.58,PLN,w przygotowaniu,Alex Stebel
2929,UM/2022/02929,1620,2022-03-03,2022-03-22,2023-07-08,39764.35,PLN,zakończona,pan Kornel Świerszcz
2930,UM/2025/02930,1497,2025-10-25,2025-11-08,2027-07-12,222757.88,PLN,zakończona,pani Marcelina Rejniak
2931,UM/2022/02931,859,2022-06-21,2022-07-01,2025-03-26,284370.34,PLN,zakończona,Kornel Puc
2932,UM/2021/02932,106,2021-11-03,2021-11-13,2024-09-03,150682.86,PLN,aktywna,Szymon Piksa
2933,UM/2021/02933,547,2021-10-16,2021-10-29,2025-07-20,134671.37,PLN,zakończona,pani Angelika Jędrak
2934,UM/2025/02934,581,2025-05-13,2025-05-31,2027-06-30,475276.11,PLN,zakończona,Bruno Żołna
2935,UM/2025/02935,1029,2025-07-15,2025-07-30,2029-02-25,56276.19,PLN,w przygotowaniu,pan Albert Gamoń
2936,UM/2026/02936,1759,2026-03-28,2026-04-10,,270771.41,PLN,zakończona,pan Michał Daraż
2937,UM/2022/02937,189,2022-11-10,2022-11-10,2023-09-30,462401.7,PLN,zakończona,Marcin Nowotny
2938,UM/2024/02938,1925,2024-09-18,2024-09-30,2027-08-20,192166.44,PLN,w przygotowaniu,Kacper Ratka
2939,UM/2021/02939,733,2021-10-21,2021-10-26,2022-05-11,7849.1,PLN,w przygotowaniu,Karol Milcarz
2940,UM/2022/02940,1262,2022-12-12,2022-12-16,2025-08-12,109371.65,PLN,aktywna,Roksana Reiter
2941,UM/2022/02941,1408,2022-04-18,2022-04-28,2023-12-17,91157.89,PLN,aktywna,Elżbieta Pronobis
2942,UM/2024/02942,416,2024-12-02,2024-12-07,2026-12-03,496174.55,PLN,zakończona,Olga Bartłomiejczyk
2943,UM/2025/02943,762,2025-03-04,2025-03-24,2027-09-22,313228.58,PLN,aktywna,Angelika Uliczka
2944,UM/2025/02944,694,2025-09-06,2025-09-17,2025-05-05,129654.67,PLN,w przygotowaniu,Marianna Obarzanek
2945,UM/2026/02945,1035,2026-02-24,2026-02-27,2026-07-20,40780.72,PLN,aktywna,Dawid Majnusz
2946,UM/2024/02946,1366,2024-09-22,2024-09-30,2027-04-02,174723.67,PLN,zakończona,pani Sonia Strzyż
2947,UM/2025/02947,400,2025-05-31,2025-06-14,2027-06-15,388424.39,PLN,zakończona,Ryszard Ruszczak
2948,UM/2023/02948,903,2023-11-08,2023-11-21,2027-07-29,152290.88,PLN,w przygotowaniu,Monika Nastały
2949,UM/2023/02949,724,2023-05-03,2023-05-16,2023-10-06,74610.14,PLN,w przygotowaniu,pani Blanka Podsiadła
2950,UM/2026/02950,1519,2026-01-19,2026-02-03,2029-01-15,77151.73,PLN,w przygotowaniu,Józef Zaborek
2951,UM/2025/02951,407,2025-04-03,2025-04-12,2026-08-07,346531.15,PLN,aktywna,Filip Cygal
2952,UM/2023/02952,1227,2023-10-24,2023-10-31,2024-08-23,406050.57,PLN,w przygotowaniu,Adrian Franków
2953,UM/2024/02953,1188,2024-04-28,2024-05-12,2026-08-29,20506.83,PLN,w przygotowaniu,pan Ksawery Żymełka
2954,UM/2024/02954,1698,2024-10-09,2024-10-28,2025-03-10,288076.73,PLN,w przygotowaniu,Ernest Korzekwa
2955,UM/2024/02955,527,2024-08-09,2024-08-16,2025-07-04,394295.04,PLN,zakończona,Tadeusz Kloska
2956,UM/2021/02956,2218,2021-12-07,2021-12-16,2022-07-16,289668.65,PLN,zakończona,Nataniel Huczko
2957,UM/2022/02957,429,2022-01-28,2022-02-04,2026-01-09,330128.77,PLN,zakończona,Artur Mik
2958,UM/2023/02958,222,2023-11-26,2023-12-08,2027-03-18,355399.36,PLN,w przygotowaniu,Bruno Gabrych
2959,UM/2024/02959,1287,2024-02-17,2024-03-05,2027-04-23,464072.55,PLN,aktywna,Olga Bryndza
2960,UM/2024/02960,583,2024-11-10,2024-11-30,2024-07-21,401307.36,PLN,zakończona,pan Karol Bukowiec
2961,UM/2025/02961,1378,2025-01-02,2025-01-08,2025-06-23,480855.88,PLN,w przygotowaniu,pani Janina Herdzik
2962,UM/2025/02962,1364,2025-09-19,2025-09-21,2028-10-08,359742.93,PLN,w przygotowaniu,Ada Dziewa
2963,UM/2025/02963,1397,2025-06-08,2025-06-14,2029-03-11,365363.58,PLN,zakończona,Marek Łyś
2964,UM/2022/02964,1850,2022-07-07,2022-07-27,2026-01-19,476031.51,PLN,aktywna,Gustaw Sładek
2965,UM/2024/02965,2022,2024-09-23,2024-09-29,2027-08-02,116778.74,PLN,w przygotowaniu,Robert Białk
2966,UM/2021/02966,1036,2021-07-27,2021-07-29,2021-12-28,128838.73,PLN,aktywna,Blanka Budrewicz
2967,UM/2022/02967,1712,2022-06-05,2022-06-25,2026-05-22,470265.28,PLN,zakończona,Piotr Wyłupek
2968,UM/2025/02968,505,2025-02-13,2025-02-13,2027-01-20,411401.72,PLN,aktywna,Filip Kolanko
2969,UM/2022/02969,58,2022-09-15,2022-09-16,2023-09-29,446937.84,PLN,w przygotowaniu,pani Julita Puch
2970,UM/2026/02970,1585,2026-05-30,2026-06-10,2029-10-11,273650.39,PLN,aktywna,Jeremi Kurczab
2971,UM/2025/02971,915,2025-06-10,2025-06-18,2026-10-10,281343.98,PLN ,w przygotowaniu,Anastazja Siedlarz
2972,UM/2021/02972,939,2021-11-28,2021-12-07,2025-08-18,429597.75,PLN,aktywna,Jędrzej Piłka
2973,UM/2021/02973,1794,2021-11-10,2021-11-30,2023-10-04,142048.35,PLN,zakończona,Mateusz Bugno
2974,UM/2023/02974,899,2023-04-23,2023-04-28,2026-04-18,351182.83,PLN,aktywna,Kamil Jargieło
2975,UM/2025/02975,1026,2025-07-09,2025-07-12,2029-04-18,167351.73,PLN,zakończona,pan Ryszard Sygut
2976,UM/2021/02976,2492,2021-12-11,2021-12-13,2024-10-02,89585.5,PLN,aktywna,pan Piotr Rejek
2977,UM/2022/02977,1877,2022-05-07,2022-05-25,2023-04-17,477796.97,PLN,zakończona,Tola Frącz
2978,UM/2024/02978,468,2024-03-05,2024-03-19,2026-09-11,137664.81,pln,aktywna,Ewa Tomys
2979,UM/2023/02979,837,2023-05-23,2023-05-24,2027-03-17,20505.21,PLN,zakończona,Artur Nurkiewicz
2980,UM/2023/02980,1110,2023-09-13,2023-09-16,2026-11-15,428065.41,PLN,aktywna,Olaf Szwaj
2981,UM/2024/02981,1111,2024-04-19,2024-04-20,2025-09-22,196112.87,PLN,zakończona,Fryderyk Piwowarek
2982,UM/2026/02982,1077,2026-02-02,2026-02-05,2025-09-09,114361.51,PLN,aktywna,Grzegorz Słysz
2983,UM/2023/02983,23,2023-09-14,2023-09-17,2025-01-16,402177.48,PLN,zakończona,Dariusz Bruzda
2984,UM/2021/02984,540,2021-11-08,2021-11-12,2025-03-15,307052.42,PLN,aktywna,Fryderyk Deryło
2985,UM/2021/02985,622,2021-10-18,2021-10-22,2025-05-13,38690.39,PLN,aktywna,pani Anastazja Majewicz
2986,UM/2022/02986,126,2022-09-11,2022-09-19,2025-07-26,334143.49,PLN,w przygotowaniu,Leonard Świerkot
2987,UM/2021/02987,2107,2021-10-03,2021-10-16,2023-04-02,485892.27,PLN,zakończona,Kamil Kowalak
2988,UM/2022/02988,1224,2022-06-18,2022-06-24,2026-03-13,18404.54,PLN,aktywna,pani Anastazja Budner
2989,UM/2024/02989,769,2024-05-11,2024-05-19,2027-03-11,168154.12,PLN,aktywna,Monika Makurat
2990,UM/2024/02990,479,2024-09-20,2024-10-09,2027-02-02,221369.83,PLN,w przygotowaniu,pan Dawid Wyłupek
2991,UM/2022/02991,1376,2022-05-07,2022-05-17,2025-08-18,271842.7,PLN,zakończona,Janina Szafarz
2992,UM/2025/02992,490,2025-01-09,2025-01-21,2026-08-29,452177.42,PLN,aktywna,pan Andrzej Beśka
2993,UM/2025/02993,1937,2025-02-17,2025-03-05,2026-04-15,213146.58,PLN,w przygotowaniu,pani Liwia Jędruch
2994,UM/2025/02994,1807,2025-07-17,2025-07-30,2027-06-26,389307.75,PLN,zakończona,pan Jerzy Rusnak
2995,UM/2025/02995,392,2025-07-30,2025-08-03,2028-01-12,265419.52,PLN,aktywna,Dawid Krauza
2996,UM/2023/02996,1428,2023-10-27,2023-11-06,2027-06-29,392380.63,PLN,aktywna,pani Urszula Mosiołek
2997,UM/2026/02997,432,2026-07-04,2026-07-05,2027-06-15,348604.15,PLN,w przygotowaniu,Konstanty Felisiak
2998,UM/2025/02998,869,2025-10-23,2025-10-25,2027-12-02,199457.85,PLN,aktywna,Karol Listwan
2999,UM/2023/02999,1601,2023-05-23,2023-06-07,2025-10-27,358836.75,PLN,w przygotowaniu,Adrianna Mieszała
3000,UM/2023/03000,1818,2023-06-11,2023-06-14,2027-02-19,106265.0,PLN,aktywna,Józef Janowiak
3001,UM/2022/03001,604,2022-02-20,2022-03-12,2023-03-04,268663.04,PLN,w przygotowaniu,Błażej Petryk
3002,UM/2021/03002,1107,2021-12-02,2021-12-07,2022-03-24,425709.53,pln,w przygotowaniu,Leonard Moździerz
3003,UM/2025/03003,742,2025-01-24,2025-02-01,2027-02-25,226031.9,PLN,zakończona,Robert Kosno
3004,UM/2023/03004,1188,2023-04-27,2023-05-08,2025-08-07,22494.75,pln,w przygotowaniu,pani Rozalia Konat
3005,UM/2023/03005,1070,2023-04-29,2023-05-16,2025-06-05,259313.24,PLN,zakończona,Gaja Lesiewicz
3006,UM/2024/03006,180,2024-11-22,2024-12-04,2028-01-21,287293.94,PLN ,zakończona,pani Klara Dawidek
3007,UM/2022/03007,1946,2022-11-11,2022-11-27,2026-05-26,264518.52,PLN,w przygotowaniu,Borys Włodyka
3008,UM/2024/03008,1183,2024-09-30,2024-10-19,2028-04-14,320604.72,PLN,w przygotowaniu,pan Hubert Lichoń
3009,UM/2026/03009,1147,2026-06-01,2026-06-01,2028-05-14,198407.8,PLN,aktywna,pan Krzysztof Kobos
3010,UM/2025/03010,144,2025-12-05,2025-12-23,2028-05-25,318232.17,PLN,w przygotowaniu,Krystyna Słoka
3011,UM/2023/03011,1415,2023-03-24,2023-04-13,2023-10-19,67242.58,PLN,w przygotowaniu,Sara Szklarek
3012,UM/2024/03012,76,2024-06-30,2024-07-05,2027-12-22,457467.18,PLN,zakończona,Arkadiusz Łupina
3013,UM/2024/03013,795,2024-02-29,2024-03-01,2027-03-17,267038.75,PLN,w przygotowaniu,Fabian Łęgowik
3014,UM/2026/03014,1351,2026-06-20,2026-06-27,2027-03-29,10974.66,PLN,w przygotowaniu,Lidia Posłuszna
3015,UM/2022/03015,831,2022-10-05,2022-10-17,2024-03-13,398966.36,PLN,zakończona,Jakub Mysior
3016,UM/2024/03016,1416,2024-01-24,2024-01-28,2024-08-29,282616.07,PLN,w przygotowaniu,pan Kornel Kocaj
3017,UM/2022/03017,959,2022-04-11,2022-04-28,2024-07-19,154482.37,PLN,w przygotowaniu,Fabian Toborek
3018,UM/2025/03018,1839,2025-11-14,2025-12-02,2026-12-22,316416.29,PLN,aktywna,Jeremi Goral
3019,UM/2022/03019,903,2022-05-05,2022-05-12,2024-09-13,70811.21,PLN,zakończona,Justyna Doktor
3020,UM/2024/03020,2086,2024-06-14,2024-06-22,2027-11-12,385483.9,PLN,w przygotowaniu,Rafał Nicewicz
3021,UM/2021/03021,324,2021-08-14,2021-08-27,2023-08-09,87228.25,PLN,zakończona,Ryszard Kowalak
3022,UM/2022/03022,399,2022-07-17,2022-07-21,2023-07-26,336193.54,PLN,aktywna,pani Lidia Łosiak
3023,UM/2022/03023,1234,2021-12-30,2022-01-19,2024-02-15,136506.99,PLN,w przygotowaniu,Dagmara Kopczyk
3024,UM/2024/03024,64,2024-06-06,2024-06-10,2026-08-26,338957.58,PLN,zakończona,Kornelia Słonka
3025,UM/2025/03025,75,2025-06-19,2025-06-21,2026-02-15,195047.63,PLN,w przygotowaniu,Dawid Czesak
3026,UM/2022/03026,2027,2022-01-27,2022-01-30,2022-05-07,124153.9,PLN,zakończona,Marcel Ciuruś
3027,UM/2024/03027,2006,2024-04-03,2024-04-10,2027-10-10,8377.48,PLN,w przygotowaniu,pani Kalina Miecznik
3028,UM/2025/03028,1372,2025-02-07,2025-02-10,2028-11-22,353073.24,PLN,w przygotowaniu,Aurelia Małż
3029,UM/2025/03029,43,2025-12-10,2025-12-24,2028-06-07,95959.22,PLN,zakończona,pani Kaja Bąbol
3030,UM/2022/03030,1261,2022-07-09,2022-07-10,2023-02-01,122422.48,PLN,aktywna,pani Apolonia Kózka
3031,UM/2025/03031,38,2025-04-26,2025-05-05,2027-04-06,152394.72,PLN,aktywna,Leonard Rezmer
3032,UM/2022/03032,309,2022-02-04,2022-02-18,2023-04-08,278322.91,PLN,zakończona,Apolonia Gul
3033,UM/2025/03033,841,2025-06-21,2025-07-11,2029-05-11,378463.26,PLN,aktywna,Bartek Jaźwiec
3034,UM/2023/03034,1122,2023-10-10,2023-10-20,2024-06-08,182960.32,PLN,aktywna,Natasza Bereś
3035,UM/2022/03035,65,2022-01-04,2022-01-12,2023-02-26,120172.71,PLN,aktywna,Kamila Łągiewka
3036,UM/2024/03036,1741,2024-06-27,2024-07-10,2027-03-17,229153.82,PLN,zakończona,Norbert Witas
3037,UM/2023/03037,1636,2023-08-28,2023-09-16,2025-08-07,483553.72,PLN,w przygotowaniu,Bruno Wołoszyk
3038,UM/2025/03038,1568,2025-11-12,2025-11-19,2027-04-05,103940.73,PLN,aktywna,Witold Warych
3039,UM/2021/03039,1157,2021-09-16,2021-10-02,2025-03-09,372285.89,PLN,zakończona,Natasza Kwak
3040,UM/2024/03040,781,2024-05-25,2024-05-27,2026-08-21,442087.63,PLN,w przygotowaniu,pan Marcel Pociask
3041,UM/2025/03041,7,2025-03-19,2025-04-04,2028-11-05,236593.58,PLN,aktywna,Hubert Śliż
3042,UM/2021/03042,1559,2021-12-04,2021-12-07,,464091.61,PLN,zakończona,pan Borys Góraj
3043,UM/2026/03043,2467,2026-06-19,2026-07-04,2027-01-26,349027.09,PLN,aktywna,Józef Lelito
3044,UM/2026/03044,531,2026-07-11,2026-07-19,,399800.9,PLN,zakończona,Elżbieta Szałkiewicz
3045,UM/2024/03045,366,2024-07-20,2024-07-29,2026-02-12,484539.15,PLN,zakończona,Ernest Zaczyk
3046,UM/2023/03046,1368,2023-02-16,2023-02-16,2024-04-03,254575.93,PLN,w przygotowaniu,pan Albert Kozar
3047,UM/2025/03047,974,2025-08-30,2025-09-03,2026-11-26,387144.41,PLN,w przygotowaniu,Aurelia Bartoś
3048,UM/2022/03048,1684,2022-08-15,2022-09-02,2026-06-01,216496.28,PLN,w przygotowaniu,Eryk Szpala
3049,UM/2025/03049,1835,2025-07-26,2025-08-10,2027-07-25,107270.88,PLN,aktywna,Ksawery Litewka
3050,UM/2022/03050,643,2022-12-07,2022-12-15,2025-12-16,432602.95,PLN,w przygotowaniu,pan Alex Mielke
3051,UM/2025/03051,679,2025-07-02,2025-07-22,2026-09-22,44284.93,PLN,aktywna,pan Dariusz Rembacz
3052,UM/2022/03052,22,2022-04-20,2022-05-02,,36887.44,PLN,zakończona,Kalina Jonik
3053,UM/2025/03053,1183,2025-05-14,2025-05-26,,11025.97,PLN,zakończona,Jan Klebba
3054,UM/2024/03054,1835,2024-11-01,2024-11-09,2025-12-10,461504.98,PLN,aktywna,pani Marika Kolonko
3055,UM/2023/03055,1469,2023-07-27,2023-08-12,2026-02-19,84789.53,PLN,aktywna,Monika Zięciak
3056,UM/2026/03056,389,2026-05-05,2026-05-11,,138985.72,PLN,aktywna,Daniel Tworzydło
3057,UM/2025/03057,290,2025-01-26,2025-01-30,2028-04-03,382662.61,PLN,w przygotowaniu,Igor Marach
3058,UM/2021/03058,1311,2021-10-15,2021-10-27,2023-02-08,85443.88,PLN,w przygotowaniu,Gabriel Tomalik
3059,UM/2024/03059,1947,2024-01-02,2024-01-15,2025-10-19,24715.56,PLN,w przygotowaniu,Karina Chyb
3060,UM/2023/03060,1218,2023-03-19,2023-03-23,2023-10-18,133907.6,PLN,zakończona,Cyprian Ruszel
3061,UM/2022/03061,1291,2022-05-06,2022-05-18,2024-12-15,78331.53,PLN,aktywna,Maciej Działo
3062,UM/2026/03062,225,2026-06-02,2026-06-10,2028-11-25,202535.95,PLN,aktywna,Rafał Bzymek
3063,UM/2021/03063,1797,2021-09-10,2021-09-15,2022-02-07,153482.61,PLN,zakończona,Alex Dyjach
3064,UM/2023/03064,1463,2023-09-17,2023-09-23,2024-01-11,36813.81,PLN,aktywna,Ida Paśnik
3065,UM/2025/03065,860,2024-12-23,2025-01-06,2027-12-16,142665.31,PLN,zakończona,Ewa Kościk
3066,UM/2023/03066,919,2023-08-24,2023-09-08,2027-04-25,236730.06,PLN,zakończona,Rozalia Kamyszek
3067,UM/2025/03067,1250,2025-12-18,2025-12-23,2027-04-06,447388.85,PLN,aktywna,Damian Breguła
3068,UM/2024/03068,1278,2024-04-04,2024-04-06,2027-05-15,88905.61,PLN,w przygotowaniu,Łukasz Rapa
3069,UM/2025/03069,1689,2025-04-16,2025-04-19,2028-04-19,67679.62,pln,w przygotowaniu,Ignacy Sładek
3070,UM/2024/03070,1748,2024-05-18,2024-05-21,2025-06-11,80571.99,PLN,w przygotowaniu,Nela Kliszcz
3071,UM/2024/03071,1891,2024-10-15,2024-10-29,2028-07-04,305023.09,PLN,w przygotowaniu,pani Kalina Fiedler
3072,UM/2026/03072,2069,2026-04-14,2026-04-16,2028-02-21,291831.34,PLN,w przygotowaniu,pani Janina Kozieja
3073,UM/2026/03073,1668,2026-04-20,2026-05-07,2026-10-20,61767.29,PLN,zakończona,Sylwia Rogacz
3074,UM/2023/03074,370,2023-07-03,2023-07-03,2025-12-31,147854.66,PLN ,aktywna,Olgierd Jaszcz
3075,UM/2024/03075,1935,2024-09-03,2024-09-09,2027-04-28,72457.34,PLN,w przygotowaniu,Robert Kowalówka
3076,UM/2023/03076,1091,2023-09-19,2023-10-05,2026-10-29,36790.06,PLN,zakończona,Alex Siarkiewicz
3077,UM/2026/03077,1131,2026-04-16,2026-04-30,2027-06-21,38041.46,PLN,zakończona,Michał Piekacz
3078,UM/2023/03078,796,2023-06-14,2023-07-04,2025-12-12,427825.4,PLN,w przygotowaniu,Marianna Wika
3079,UM/2025/03079,1718,2025-12-06,2025-12-16,2029-03-16,35712.02,PLN,aktywna,Grzegorz Pik
3080,UM/2021/03080,2187,2021-09-10,2021-09-13,2023-10-31,178060.58,PLN ,aktywna,Maks Kanarek
3081,UM/2024/03081,1981,2024-04-30,2024-05-16,2024-10-06,211121.23,PLN,zakończona,Ewa Pytlarz
3082,UM/2024/03082,32,2024-02-26,2024-02-29,2027-02-13,210744.55,PLN,w przygotowaniu,Klara Bisaga
3083,UM/2023/03083,68,2023-08-26,2023-08-30,2024-09-06,332040.41,PLN,aktywna,Julian Biegała
3084,UM/2023/03084,2014,2023-09-09,2023-09-09,2024-08-21,200612.8,PLN,aktywna,pan Wojciech Wieczerzak
3085,UM/2025/03085,296,2025-04-26,2025-05-02,2028-09-19,406396.38,PLN,w przygotowaniu,Krystyna Pryk
3086,UM/2024/03086,1586,2024-11-14,2024-11-18,2026-12-25,468677.26,PLN,zakończona,Marianna Walocha
3087,UM/2023/03087,1497,2023-02-26,2023-03-18,2024-09-20,465629.97,PLN,aktywna,Andrzej Staciwa
3088,UM/2024/03088,1276,2024-10-29,2024-11-09,2025-03-18,272929.18,PLN,w przygotowaniu,Urszula Stochmal
3089,UM/2026/03089,898,2026-01-24,2026-02-10,2028-09-08,177655.66,PLN,w przygotowaniu,Stanisław Wośko
3090,UM/2023/03090,1189,2023-08-06,2023-08-07,2024-08-13,170431.6,PLN,aktywna,Filip Nałęcz
3091,UM/2021/03091,1295,2021-11-15,2021-11-17,2023-09-06,373564.09,PLN,aktywna,pani Inga Kupaj
3092,UM/2025/03092,1562,2025-08-18,2025-08-31,2028-02-24,7328.68,PLN,w przygotowaniu,pan Konrad Nabiałek
3093,UM/2024/03093,1294,2024-05-21,2024-06-08,2024-12-05,79036.76,PLN,zakończona,Piotr Superson
3094,UM/2022/03094,2064,2022-09-26,2022-09-28,2026-03-27,169104.67,PLN,w przygotowaniu,pan Tomasz Lewicz
3095,UM/2025/03095,1009,2025-01-20,2025-01-25,2028-03-07,78479.0,PLN,zakończona,Liwia Wołkowicz
3096,UM/2023/00001,230,2026-03-06,2026-03-11,2029-03-06,56255.99,PLN,zakończona,Mariusz Zieja
3097,UM/2024/03097,1649,2024-08-06,2024-08-07,2027-01-13,81193.16,PLN,w przygotowaniu,Sandra Sankiewicz
3098,UM/2024/03098,746,2024-12-05,2024-12-21,2028-12-16,439442.21,PLN,aktywna,Kamila Majdan
3099,UM/2022/03099,2073,2022-12-12,2022-12-31,2026-09-09,197534.18,PLN,zakończona,Oliwier Kulma
3100,UM/2026/03100,388,2026-07-01,2026-07-16,2029-03-21,276412.86,PLN,zakończona,Sara Twardosz
3101,UM/2023/03101,771,2022-12-21,2023-01-02,2026-05-07,401779.2,PLN,w przygotowaniu,pan Szymon Okła
3102,UM/2025/03102,1295,2025-12-01,2025-12-08,2026-07-27,279302.61,PLN,aktywna,pan Sebastian Dynak
3103,UM/2023/03103,1252,2023-08-26,2023-09-04,2026-02-05,295563.47,PLN,zakończona,Elżbieta Wożniak
3104,UM/2024/03104,937,2024-03-03,2024-03-04,,117157.36,PLN,w przygotowaniu,Mateusz Piwowarek
3105,UM/2022/03105,1908,2022-04-22,2022-05-09,2025-01-04,373838.02,PLN,zakończona,Szymon Solarek
3106,UM/2026/03106,1621,2026-01-28,2026-02-10,2028-04-08,366193.36,PLN,aktywna,pani Justyna Joszko
3107,UM/2022/03107,1435,2022-02-19,2022-03-03,2024-04-04,281571.13,PLN,aktywna,Karina Pych
3108,UM/2023/03108,1569,2023-10-29,2023-11-07,2024-02-11,336208.55,PLN,zakończona,Ryszard Tabiś
3109,UM/2024/03109,2021,2023-12-25,2024-01-07,2027-02-17,209339.55,PLN,w przygotowaniu,Ida Bejnarowicz
3110,UM/2021/03110,646,2021-12-06,2021-12-25,2024-11-13,191049.54,PLN,aktywna,pani Inga Sapała
3111,UM/2026/03111,1930,2026-05-24,2026-05-31,2028-04-02,9507.11,PLN,zakończona,Wiktor Janoszka
3112,UM/2024/03112,613,2024-07-21,2024-08-04,,299683.43,PLN,w przygotowaniu,Marcelina Szajna
3113,UM/2025/03113,2033,2025-07-15,2025-07-21,2026-07-20,7251.88,PLN,w przygotowaniu,Kornel Juras
3114,UM/2024/03114,1249,2024-12-19,2024-12-31,2027-08-23,420109.6,PLN,aktywna,Gaja Wrochna
3115,UM/2022/03115,1197,2022-02-13,2022-02-24,2025-01-22,326546.09,PLN,zakończona,Tymoteusz Szpila
3116,UM/2024/03116,1092,2024-08-28,2024-09-03,2028-03-07,401718.13,PLN,zakończona,pan Ernest Skubis
3117,UM/2024/03117,1243,2024-09-09,2024-09-16,2026-08-12,344612.77,PLN,aktywna,Piotr Cecot
3118,UM/2025/03118,1121,2025-04-17,2025-04-20,2027-09-29,412817.94,PLN,zakończona,Tola Woroch
3119,UM/2024/03119,1449,2024-02-21,2024-03-03,2027-08-23,473711.19,PLN,w przygotowaniu,Krystyna Maron
3120,UM/2026/03120,807,2025-12-27,2026-01-13,2028-10-29,432477.81,PLN,zakończona,Marika Stypka
3121,UM/2025/03121,1852,2025-01-21,2025-02-08,2027-09-24,469707.39,PLN,zakończona,pani Aniela Zdancewicz
3122,UM/2025/03122,330,2025-02-18,2025-03-01,2026-02-22,464960.05,PLN,aktywna,Dorota Grupa
3123,UM/2022/03123,88,2022-08-08,2022-08-12,2026-06-30,494530.68,PLN,w przygotowaniu,Fabian Zegar
3124,UM/2022/03124,1971,2022-10-18,2022-10-30,2023-12-24,108591.62,PLN,aktywna,Agnieszka Szatko
3125,UM/2023/03125,1164,2023-09-19,2023-10-08,2027-07-22,250177.39,PLN,w przygotowaniu,Adam Zbróg
3126,UM/2024/03126,1900,2024-01-20,2024-02-01,2023-10-11,183872.65,PLN,zakończona,Jeremi Pyszny
3127,UM/2023/03127,448,2023-03-03,2023-03-20,2026-04-06,395346.06,PLN,aktywna,Przemysław Fierek
3128,UM/2025/03128,2321,2025-04-26,2025-05-03,2028-04-14,133837.4,PLN,w przygotowaniu,Angelika Drobny
3129,UM/2023/03129,1808,2023-12-05,2023-12-25,2024-10-30,419245.89,PLN,aktywna,pan Grzegorz Nehring
3130,UM/2022/03130,1295,2022-01-04,2022-01-17,2021-08-23,475358.49,PLN,zakończona,pani Róża Stwora
3131,UM/2026/03131,2258,2026-02-15,2026-02-28,2027-12-22,25881.71,PLN,aktywna,pani Anna Maria Sobków
3132,UM/2021/03132,2140,2021-09-20,2021-10-02,2025-04-18,406906.16,PLN,aktywna,pani Kamila Tomalik
3133,UM/2023/03133,1702,2023-12-08,2023-12-27,2027-09-06,480737.88,PLN,zakończona,pan Kacper Dybał
3134,UM/2022/03134,2066,2022-06-13,2022-06-20,2025-04-06,108128.98,PLN,aktywna,Rafał Reich
3135,UM/2023/03135,2016,2023-09-01,2023-09-07,2025-02-03,33500.33,PLN,zakończona,pan Franciszek Rosada
3136,UM/2026/03136,2302,2025-12-31,2026-01-09,2029-03-02,97536.98,PLN,w przygotowaniu,Olaf Petryk
3137,UM/2024/03137,518,2024-05-11,2024-05-12,2025-01-03,23297.0,PLN,zakończona,pani Marcelina Twardzik
3138,UM/2024/03138,1839,2024-08-30,2024-09-04,2028-05-15,211629.44,PLN,aktywna,Marek Malesza
3139,UM/2023/03139,354,2023-07-31,2023-08-20,2026-03-31,151559.29,PLN,w przygotowaniu,pani Julita Dębosz
3140,UM/2024/03140,299,2024-03-03,2024-03-08,2024-07-06,309707.98,PLN,w przygotowaniu,Kacper Reich
3141,UM/2022/03141,1047,2022-09-17,2022-09-28,2026-04-12,147044.02,PLN,zakończona,Karol Kordus
3142,UM/2023/03142,112,2023-01-23,2023-02-07,2025-07-07,343231.38,PLN,zakończona,Antoni Stefanik
3143,UM/2021/03143,1768,2021-09-27,2021-10-17,2022-01-17,347894.47,PLN,zakończona,Nikodem Słyk
3144,UM/2023/03144,1359,2023-06-28,2023-07-04,2024-09-05,25988.83,PLN,zakończona,Jan Solnica
3145,UM/2023/03145,1923,2023-05-05,2023-05-25,2025-09-27,255094.45,PLN,zakończona,Leon Juras
3146,UM/2024/03146,747,2024-07-16,2024-07-20,2026-09-05,76605.22,PLN,aktywna,Mikołaj Klebba
3147,UM/2026/03147,76,2026-05-18,2026-05-30,2026-12-13,463498.55,PLN,zakończona,Igor Drewniok
3148,UM/2025/03148,1960,2025-07-18,2025-08-07,,226439.11,PLN,w przygotowaniu,Adrian Pacholik
3149,UM/2022/03149,1115,2022-03-12,2022-03-16,2024-02-12,319629.25,PLN,aktywna,Blanka Zimmer
3150,UM/2024/03150,11,2024-05-21,2024-05-27,2028-05-04,460001.13,PLN,aktywna,Jerzy Strzępek
3151,UM/2021/03151,1914,2021-07-20,2021-07-25,2023-12-07,34770.58,PLN,zakończona,Patryk Bryndza
3152,UM/2021/03152,1758,2021-09-04,2021-09-17,2023-07-13,262939.92,PLN,zakończona,Krystyna Herbut
3153,UM/2025/03153,496,2025-02-11,2025-02-26,2025-07-22,305688.64,PLN,aktywna,Paweł Opoka
3154,UM/2022/03154,1777,2022-03-19,2022-04-03,2022-12-14,55236.11,PLN,aktywna,Lidia Szczudło
3155,UM/2021/03155,1596,2021-10-04,2021-10-14,2023-07-09,254214.03,PLN,zakończona,pan Emil Kołodziejak
3156,UM/2026/03156,10,2026-01-09,2026-01-29,2028-05-15,361164.89,PLN,zakończona,Alex Białous
3157,UM/2025/03157,1467,2025-04-08,2025-04-25,2027-11-21,408372.17,PLN,aktywna,Aleksander Potyrała
3158,UM/2026/03158,1729,2026-03-09,2026-03-22,2027-09-23,351547.4,PLN,aktywna,Anita Mikita
3159,UM/2025/03159,158,2025-10-12,2025-10-29,2026-12-06,188700.63,PLN,aktywna,Bianka Gowin
3160,UM/2025/03160,571,2025-05-22,2025-05-25,2025-10-18,119568.18,PLN,aktywna,Jan Stempel
3161,UM/2025/03161,101,2025-06-26,2025-07-14,2027-10-26,463386.66,PLN,aktywna,pani Janina Rutowicz
3162,UM/2024/03162,1066,2024-11-22,2024-12-07,2028-05-24,275770.9,PLN,zakończona,Maurycy Snoch
3163,UM/2024/03163,295,2024-07-03,2024-07-11,2027-11-03,198866.75,PLN,w przygotowaniu,Artur Fojt
3164,UM/2025/03164,596,2025-10-04,2025-10-12,,348429.33,PLN,zakończona,pani Apolonia Skiepko
3165,UM/2021/03165,1240,2021-08-17,2021-08-23,2024-07-07,156064.93,PLN,zakończona,Tadeusz Paprotny
3166,UM/2026/03166,1914,2026-01-01,2026-01-12,2026-11-29,188934.03,PLN,zakończona,Błażej Drost
3167,UM/2022/03167,1632,2022-01-16,2022-01-21,2025-09-01,44690.98,PLN,aktywna,Antoni Wojaczek
3168,UM/2022/03168,740,2022-10-29,2022-11-17,2026-05-25,187378.12,zł,aktywna,Anna Maria Ochwat
3169,UM/2025/03169,1980,2025-04-24,2025-05-06,2028-11-18,41972.24,PLN,aktywna,Malwina Rodzeń
3170,UM/2022/03170,1606,2022-04-14,2022-04-24,2023-02-17,425766.71,PLN,w przygotowaniu,Ewa Krężołek
3171,UM/2025/03171,1883,2025-07-04,2025-07-08,2025-10-15,189865.1,PLN,zakończona,pani Ewa Matynia
3172,UM/2025/03172,1360,2025-05-10,2025-05-12,2025-10-18,364970.66,PLN,w przygotowaniu,Elżbieta Falba
3173,UM/2022/03173,877,2022-10-24,2022-10-25,,301746.99,PLN,zakończona,Dariusz Burdach
3174,UM/2023/00001,2092,2023-06-20,2023-06-22,2027-03-26,197932.79,PLN,zakończona,pan Borys Sądej
3175,UM/2026/03175,338,2026-03-15,2026-04-03,2027-07-19,471037.49,PLN,aktywna,Emil Ryznar
3176,UM/2023/03176,136,2023-01-27,2023-01-29,2024-01-18,479456.28,PLN,zakończona,Leonard Gilewicz
3177,UM/2024/03177,1433,2024-10-29,2024-11-03,2025-06-06,239586.36,zł,aktywna,Sonia Stróż
3178,UM/2021/03178,1797,2021-12-18,2021-12-30,2025-04-29,176187.69,PLN,zakończona,Krystian Koman
3179,UM/2024/03179,761,2024-04-16,2024-04-24,2025-08-07,54628.67,PLN,w przygotowaniu,pan Mieszko Honkisz
3180,UM/2023/03180,97,2023-09-21,2023-09-28,2025-11-12,480385.98,PLN,w przygotowaniu,pani Marika Smutek
3181,UM/2023/03181,224,2023-04-20,2023-04-23,2024-04-02,469692.88,PLN,w przygotowaniu,pani Angelika Zębik
3182,UM/2023/03182,765,2023-07-12,2023-07-17,2027-01-16,91472.23,PLN ,w przygotowaniu,Blanka Dorynek
3183,UM/2022/03183,1044,2022-07-14,2022-07-22,2024-04-27,14661.28,PLN,w przygotowaniu,Oskar Fołta
3184,UM/2023/03184,352,2023-10-09,2023-10-20,2026-06-20,287250.44,PLN,aktywna,Alex Dzwonnik
3185,UM/2025/03185,550,2025-06-11,2025-06-12,2026-05-30,437972.42,PLN,zakończona,Tomasz Świątkiewicz
3186,UM/2026/03186,1137,2026-02-23,2026-03-12,2028-08-06,193941.11,PLN,w przygotowaniu,Miłosz Kuziora
3187,UM/2022/03187,689,2022-08-01,2022-08-12,2026-01-01,402021.26,PLN,zakończona,Oliwier Szczerbiak
3188,UM/2025/03188,487,2025-05-24,2025-06-02,2028-12-17,110468.9,PLN,aktywna,Nela Padło
3189,UM/2026/03189,1977,2026-01-01,2026-01-06,2025-10-02,140389.36,PLN,zakończona,pani Anastazja Kluj
3190,UM/2025/03190,2616,2025-09-05,2025-09-07,2026-04-09,256361.25,PLN,aktywna,Igor Heczko
3191,UM/2024/03191,157,2024-06-19,2024-07-06,2028-05-03,207541.57,PLN,zakończona,Sara Wziątek
3192,UM/2024/03192,2026,2024-06-05,2024-06-08,2024-09-10,100663.03,PLN,aktywna,pan Aleksander Witka
3193,UM/2024/03193,1812,2024-06-12,2024-06-18,2026-06-06,75628.04,zł,zakończona,Kalina Mizak
3194,UM/2022/03194,1467,2022-05-22,2022-06-05,2023-01-02,30530.0,PLN,aktywna,pani Natasza Żyto
3195,UM/2023/03195,1533,2023-12-04,2023-12-22,2026-04-05,94212.53,PLN,zakończona,Rozalia Szalast
3196,UM/2021/03196,766,2021-08-29,2021-09-13,2024-09-15,421193.22,PLN,w przygotowaniu,pan Patryk Litwińczuk
3197,UM/2024/03197,8,2024-10-05,2024-10-13,2025-11-28,354491.86,PLN,w przygotowaniu,Marcel Gramza
3198,UM/2024/03198,295,2024-10-12,2024-10-14,2028-06-25,364521.16,PLN ,aktywna,Anastazja Gendera
3199,UM/2022/03199,934,2021-12-30,2022-01-14,2025-12-04,26546.04,PLN,w przygotowaniu,Marcelina Kozaczuk
3200,UM/2023/03200,1569,2023-12-07,2023-12-22,2024-08-14,47083.47,PLN,w przygotowaniu,Paweł Wałęsa
3201,UM/2024/03201,2038,2024-03-20,2024-03-21,2025-06-24,76384.21,PLN,w przygotowaniu,Oliwier Hanc
3202,UM/2023/03202,156,2023-03-08,2023-03-13,2023-11-20,209493.29,PLN,aktywna,Aniela Matus
3203,UM/2021/03203,846,2021-08-25,2021-08-25,2024-11-21,275249.71,PLN,aktywna,Tomasz Kopała
3204,UM/2021/03204,355,2021-08-21,2021-08-30,2025-02-25,355005.31,PLN,w przygotowaniu,Agnieszka Budkiewicz
3205,UM/2022/03205,974,2022-03-13,2022-03-30,2025-09-22,404021.89,PLN,zakończona,Andrzej Jędruszczak
3206,UM/2026/03206,1350,2026-04-07,2026-04-14,2026-11-26,494648.52,PLN,w przygotowaniu,pan Kajetan Paździora
3207,UM/2021/03207,687,2021-12-03,2021-12-10,2025-01-30,27798.0,PLN,aktywna,Robert Wika
3208,UM/2022/03208,1896,2021-12-29,2022-01-02,2023-07-17,284352.04,PLN,w przygotowaniu,Wiktor Sadlak
3209,UM/2024/03209,1845,2024-03-01,2024-03-15,2025-06-15,37350.19,PLN,w przygotowaniu,Alex Łuksza
3210,UM/2021/03210,577,2021-10-07,2021-10-14,2023-09-23,254225.07,pln,w przygotowaniu,Blanka Myga
3211,UM/2023/03211,93,2023-09-30,2023-10-18,2026-11-13,4433.11,PLN,w przygotowaniu,Monika Martin
3212,UM/2024/03212,1749,2024-03-31,2024-04-09,2027-02-02,79482.13,PLN,zakończona,Aleks Drabczyk
3213,UM/2026/03213,142,2026-06-02,2026-06-21,2029-04-11,442206.51,PLN,w przygotowaniu,Sandra Dietrich
3214,UM/2025/03214,2185,2025-12-01,2025-12-12,2028-04-04,123683.97,PLN ,w przygotowaniu,Gabriel Kafel
3215,UM/2025/03215,771,2024-12-23,2025-01-08,2025-08-20,162000.15,PLN,zakończona,Emil Zuziak
3216,UM/2023/00001,502,2021-11-25,2021-12-09,2023-06-14,313920.83,PLN,zakończona,Marcel Suchta
3217,UM/2022/03217,1373,2022-12-14,2022-12-17,2026-03-21,397779.86,PLN,zakończona,pan Tymon Latko
3218,UM/2023/00001,699,2022-12-15,2022-12-22,2024-10-17,103384.78,PLN,zakończona,Justyna Goj
3219,UM/2021/03219,1528,2021-09-28,2021-10-15,2023-01-06,326636.18,pln,zakończona,Liwia Dworczak
3220,UM/2026/03220,261,2026-01-01,2026-01-01,2028-02-08,263231.74,PLN,w przygotowaniu,Olaf Jakóbiak
3221,UM/2022/03221,424,2022-05-16,2022-05-30,2026-03-17,48906.25,PLN,aktywna,Kaja Cogiel
3222,UM/2024/03222,1856,2024-06-20,2024-06-28,2028-06-17,268179.94,PLN,aktywna,Hubert Maras
3223,UM/2022/03223,1776,2021-12-25,2022-01-03,2024-02-27,337436.73,pln,zakończona,Maksymilian Wąsiewicz
3224,UM/2025/03224,1838,2025-06-17,2025-06-21,2025-10-11,412371.37,PLN,zakończona,Blanka Bakun
3225,UM/2022/03225,2032,2022-12-03,2022-12-18,2026-01-03,165967.55,PLN,w przygotowaniu,Eliza Białka
3226,UM/2023/00001,485,2025-10-09,2025-10-23,2029-02-14,397155.31,PLN,w przygotowaniu,pani Krystyna Jasnoch
3227,UM/2022/03227,778,2022-10-22,2022-10-26,2025-02-16,138408.63,PLN,w przygotowaniu,pani Aniela Kosidło
3228,UM/2022/03228,48,2021-12-30,2022-01-02,2022-11-17,396757.01,PLN,aktywna,Kamila Sobisz
3229,UM/2022/03229,1968,2022-03-05,2022-03-13,2025-11-06,390681.38,PLN,zakończona,Wiktor Ptok
3230,UM/2023/03230,826,2023-12-01,2023-12-03,2027-06-04,210093.88,PLN,w przygotowaniu,pan Bruno Fidler
3231,UM/2022/03231,301,2022-01-08,2022-01-20,2024-03-26,144450.16,PLN,aktywna,pani Elżbieta Molak
3232,UM/2025/03232,78,2025-07-07,2025-07-22,2029-03-31,24532.41,PLN,zakończona,Kornelia Dziurla
3233,UM/2023/03233,476,2023-01-24,2023-02-12,2025-04-10,345817.82,PLN,zakończona,Elżbieta Droś
3234,UM/2026/03234,741,2026-03-15,2026-03-22,2029-09-11,375073.87,PLN,zakończona,pani Sonia Hałat
3235,UM/2025/03235,268,2025-05-26,2025-06-14,2028-01-31,7823.97,PLN,zakończona,pani Urszula Prokopczyk
3236,UM/2025/03236,1202,2025-03-16,2025-03-21,2026-12-27,485180.09,PLN,aktywna,Lidia Złotnik
3237,UM/2023/03237,1901,2023-01-21,2023-01-24,2025-08-08,300145.25,PLN,aktywna,Artur Monkiewicz
3238,UM/2023/03238,1215,2023-08-30,2023-09-14,,456271.34,PLN,w przygotowaniu,Kaja Kawulok
3239,UM/2024/03239,1964,2024-10-11,2024-10-22,2025-03-11,97120.76,PLN,w przygotowaniu,Paweł Taczała
3240,UM/2025/03240,835,2025-03-18,2025-03-23,2028-08-19,363212.29,PLN,aktywna,Sonia Kutek
3241,UM/2023/03241,1480,2023-05-25,2023-05-28,2027-05-22,118624.42,PLN,aktywna,Karina Posmyk
3242,UM/2021/03242,1527,2021-12-03,2021-12-11,2024-06-24,98990.6,PLN,aktywna,Aurelia Policht
3243,UM/2022/03243,1702,2022-07-15,2022-08-02,2024-05-17,110475.04,PLN,zakończona,pani Aurelia Kulczak
3244,UM/2022/03244,2033,2022-03-15,2022-04-01,2024-11-02,258730.15,PLN,aktywna,Kamil Kozdrój
3245,UM/2025/03245,1940,2025-03-14,2025-03-29,2028-04-09,398545.35,PLN,aktywna,Bartek Sklorz
3246,UM/2023/03246,2039,2023-04-11,2023-04-14,2024-10-26,251517.61,PLN,w przygotowaniu,Kazimierz Wojtaszak
3247,UM/2025/03247,581,2025-04-29,2025-05-13,2027-02-21,423038.83,PLN,w przygotowaniu,Ryszard Górnisiewicz
3248,UM/2023/03248,1743,2023-08-21,2023-08-31,2027-05-31,208711.69,PLN,zakończona,Sonia Seidel
3249,UM/2023/03249,665,2023-07-13,2023-07-29,2025-01-15,131151.72,PLN,aktywna,Cezary Famuła
3250,UM/2023/03250,1772,2022-12-31,2023-01-19,2026-01-10,201318.58,pln,w przygotowaniu,Mariusz Bielat
3251,UM/2023/03251,1255,2023-08-21,2023-08-21,2025-05-17,209493.21,PLN,w przygotowaniu,pan Przemysław Dering
3252,UM/2024/03252,1229,2024-11-16,2024-11-20,2028-06-13,170693.38,PLN,aktywna,pan Franciszek Byzdra
3253,UM/2024/03253,1626,2024-05-25,2024-06-12,,116873.65,PLN,w przygotowaniu,Nela Hrabia
3254,UM/2024/03254,301,2024-08-26,2024-08-29,2025-01-27,324174.39,PLN,w przygotowaniu,pani Karina Kiciak
3255,UM/2024/03255,465,2024-03-31,2024-04-20,2025-07-12,95707.49,PLN,w przygotowaniu,Igor Wałaszek
3256,UM/2025/03256,70,2025-08-14,2025-08-19,,18860.85,PLN,aktywna,pan Szymon Piguła
3257,UM/2026/03257,1754,2026-01-17,2026-02-06,2028-04-30,323732.14,PLN,zakończona,Sylwia Okraska
3258,UM/2026/03258,832,2026-06-24,2026-07-11,2027-09-10,214981.54,PLN,aktywna,pan Maciej Pajek
3259,UM/2023/03259,313,2023-10-19,2023-11-05,2024-05-10,410912.04,PLN,aktywna,Eliza Dziadura
3260,UM/2024/03260,1000,2024-10-13,2024-10-26,2025-09-02,338929.37,PLN,aktywna,Dagmara Kaczmarkiewicz
3261,UM/2025/03261,1363,2025-05-19,2025-06-05,2027-12-28,17005.25,PLN,zakończona,pan Kazimierz Wożniak
3262,UM/2025/03262,2098,2025-09-16,2025-09-25,2026-05-27,24161.2,PLN,w przygotowaniu,pani Ewelina Szkoda
3263,UM/2024/03263,989,2024-04-18,2024-04-29,2027-04-23,18873.95,PLN,aktywna,pani Blanka Stąpór
3264,UM/2024/03264,1237,2024-05-19,2024-06-06,2027-08-23,230530.09,PLN,zakończona,pani Ewelina Faruga
3265,UM/2021/03265,917,2021-11-25,2021-11-30,2024-05-02,83339.49,PLN,w przygotowaniu,Liwia Łyjak
3266,UM/2023/03266,1665,2023-04-17,2023-04-24,2025-07-18,410937.55,pln,aktywna,pan Eryk Gryta
3267,UM/2023/03267,21,2023-11-30,2023-12-05,,112310.41,PLN,aktywna,Ewa Fronczek
3268,UM/2026/03268,2040,2026-05-22,2026-06-11,2027-03-17,287291.79,PLN,aktywna,Stefan Tomalak
3269,UM/2026/03269,483,2026-07-02,2026-07-19,2027-05-21,87987.15,PLN,w przygotowaniu,Patryk Wiech
3270,UM/2024/03270,1016,2024-10-10,2024-10-10,2025-05-30,406530.93,PLN,zakończona,pani Blanka Jeka
3271,UM/2021/03271,636,2021-12-07,2021-12-21,,43853.04,PLN,aktywna,Kajetan Trochim
3272,UM/2023/03272,359,2023-07-05,2023-07-13,2027-05-15,230416.28,PLN,w przygotowaniu,pan Juliusz Chlebda
3273,UM/2024/03273,211,2024-10-02,2024-10-12,2027-05-19,189116.14,PLN,aktywna,Kamila Ornat
3274,UM/2022/03274,1047,2022-09-26,2022-10-10,2023-03-21,288771.24,PLN,w przygotowaniu,Dawid Roda
3275,UM/2024/03275,2111,2024-01-15,2024-01-31,,169038.57,PLN,zakończona,Krystian Grund
3276,UM/2022/03276,1579,2022-08-23,2022-08-31,2024-05-16,163101.86,PLN,aktywna,Róża Sypuła
3277,UM/2024/03277,1060,2024-12-12,2024-12-24,2027-01-16,419913.09,PLN,zakończona,pani Liwia Dukat
3278,UM/2022/03278,900,2022-09-21,2022-09-21,2024-05-11,21875.6,PLN,w przygotowaniu,Nikodem Frączkiewicz
3279,UM/2021/03279,1870,2021-08-03,2021-08-06,2023-05-15,191191.0,PLN,zakończona,Daniel Chudoba
3280,UM/2026/03280,965,2026-02-01,2026-02-10,2027-03-17,498770.79,PLN,aktywna,Ada Kobak
3281,UM/2023/03281,192,2023-08-08,2023-08-11,2025-03-29,454506.66,PLN,w przygotowaniu,Mieszko Szymula
3282,UM/2024/03282,366,2024-06-16,2024-07-04,2028-04-12,144774.61,PLN,aktywna,Eliza Kozień
3283,UM/2022/03283,558,2022-02-12,2022-03-02,2022-11-30,172634.05,PLN,aktywna,pani Sandra Golak
3284,UM/2024/03284,2059,2024-04-14,2024-04-17,2028-04-05,268155.64,PLN,w przygotowaniu,Róża Kubów
3285,UM/2025/03285,401,2025-03-19,2025-03-28,2027-02-14,193823.16,PLN,zakończona,Robert Mainka
3286,UM/2026/03286,969,2026-02-25,2026-03-11,2028-10-11,23169.33,PLN,aktywna,Konstanty Miąsko
3287,UM/2025/03287,966,2025-01-16,2025-02-05,2026-10-21,330147.22,PLN,aktywna,Sonia Fąferek
3288,UM/2025/03288,1505,2025-11-04,2025-11-06,2028-08-25,128360.98,PLN,zakończona,pan Wojciech Dziopa
3289,UM/2022/03289,1440,2022-11-17,2022-11-25,2024-12-11,214579.44,PLN,aktywna,pani Adrianna Kidawa
3290,UM/2022/03290,1231,2022-03-24,2022-04-07,2023-05-14,381714.37,zł,zakończona,pan Tomasz Doroba
3291,UM/2023/03291,231,2023-09-04,2023-09-23,2023-04-10,243992.76,PLN,w przygotowaniu,Fabian Piechna
3292,UM/2021/03292,374,2021-07-05,2021-07-25,2025-01-13,77912.59,PLN,aktywna,Bartek Zera
3293,UM/2024/03293,1530,2024-11-29,2024-12-16,2026-06-22,49979.13,PLN,aktywna,Daniel Bielas
3294,UM/2023/03294,1519,2023-03-05,2023-03-24,2024-01-05,412662.33,PLN,zakończona,pan Tadeusz Kosiak
3295,UM/2021/03295,2611,2021-10-31,2021-11-16,2022-06-12,498662.94,PLN,zakończona,Leonard Gramza
3296,UM/2023/03296,32,2023-05-23,2023-06-09,,125760.0,PLN,w przygotowaniu,pan Fabian Białach
3297,UM/2023/03297,1115,2023-07-29,2023-08-17,2025-05-22,429460.08,PLN,zakończona,Julian Czupryn
3298,UM/2025/03298,1913,2025-09-10,2025-09-24,2029-02-24,180917.95,PLN,zakończona,Kornel Mały
3299,UM/2026/03299,658,2026-06-17,2026-06-24,2027-02-05,146573.61,PLN,aktywna,Kornel Pakos
3300,UM/2022/03300,547,2022-01-01,2022-01-06,2021-09-19,306572.53,PLN,zakończona,Aurelia Litwinowicz
3301,UM/2021/03301,367,2021-09-01,2021-09-12,,13787.11,PLN,zakończona,pani Ida Tadeusiak
3302,UM/2022/03302,1108,2022-06-20,2022-06-25,2026-01-20,12599.41,PLN,aktywna,Ewa Matura
3303,UM/2025/03303,1881,2025-09-22,2025-09-26,2026-08-05,388732.02,PLN,aktywna,Marika Janczarek
3304,UM/2024/03304,912,2024-11-08,2024-11-16,2026-10-22,87855.1,PLN ,aktywna,pan Olaf Szurek
3305,UM/2024/03305,1217,2024-06-15,2024-06-17,2025-06-23,336934.43,PLN,w przygotowaniu,Angelika Calik
3306,UM/2025/03306,1898,2025-03-09,2025-03-23,2027-06-27,364002.26,PLN,zakończona,Kaja Furmankiewicz
3307,UM/2022/03307,453,2022-09-21,2022-09-28,2024-08-09,480144.9,PLN,aktywna,Hubert Sadowy
3308,UM/2022/03308,1872,2022-09-14,2022-09-21,2023-03-10,158375.74,PLN,aktywna,Karol Gogacz
3309,UM/2025/03309,1599,2025-02-15,2025-02-17,2026-07-26,251067.54,PLN,zakończona,pani Urszula Dawidek
3310,UM/2022/03310,2038,2022-12-09,2022-12-25,,455038.2,PLN,w przygotowaniu,Tadeusz Gołas
3311,UM/2023/03311,1489,2023-07-24,2023-07-29,2024-12-27,161147.84,PLN,zakończona,Franciszek Szczypek
3312,UM/2026/03312,1305,2026-05-26,2026-06-05,2026-05-26,318067.41,PLN,w przygotowaniu,Lidia Obst
3313,UM/2024/03313,492,2024-09-23,2024-10-03,2026-11-29,135856.33,pln,zakończona,Mariusz Duc
3314,UM/2022/03314,222,2022-12-04,2022-12-13,2025-07-22,120714.16,PLN,zakończona,Kajetan Adamów
3315,UM/2022/03315,964,2022-04-09,2022-04-09,2024-02-15,492373.6,PLN,w przygotowaniu,Olga Wiertelak
3316,UM/2023/03316,1657,2023-03-16,2023-03-17,2026-08-01,213667.16,PLN,zakończona,Anna Maria Ogrodowicz
3317,UM/2025/03317,1223,2025-03-06,2025-03-15,2026-02-11,369321.82,PLN,zakończona,Paweł Forma
3318,UM/2025/03318,1564,2025-09-10,2025-09-28,2026-04-08,96860.42,PLN,zakończona,Sebastian Capiga
3319,UM/2023/03319,200,2023-05-30,2023-06-02,2026-05-21,163873.67,PLN,zakończona,Grzegorz Bobel
3320,UM/2021/03320,5,2021-08-13,2021-08-26,2024-11-11,101837.41,PLN,zakończona,Filip Kozdroń
3321,UM/2024/03321,1362,2024-06-15,2024-06-23,2026-05-04,174256.97,PLN,w przygotowaniu,pan Błażej Dyrek
3322,UM/2023/03322,741,2023-04-21,2023-05-10,2027-04-21,195095.96,pln,aktywna,pani Olga Ulrych
3323,UM/2024/03323,1042,2024-03-22,2024-04-06,2024-10-07,206044.73,PLN,w przygotowaniu,Nikodem Pospiech
3324,UM/2026/03324,1451,2026-06-30,2026-07-12,2027-02-13,274641.53,PLN,zakończona,Witold Zubel
3325,UM/2021/03325,401,2021-10-26,2021-11-11,2024-02-06,119353.86,PLN,zakończona,Anna Maria Wojtasiewicz
3326,UM/2021/03326,1876,2021-09-11,2021-09-22,2022-12-29,182030.75,PLN,w przygotowaniu,pan Tadeusz Prygiel
3327,UM/2024/03327,510,2024-04-14,2024-04-22,2024-11-06,89527.67,PLN,w przygotowaniu,Marcel Koziatek
3328,UM/2023/03328,985,2023-05-29,2023-06-18,2023-10-28,101406.21,PLN,w przygotowaniu,Kaja Wolańczyk
3329,UM/2022/03329,922,2022-11-27,2022-12-06,2025-04-23,18716.42,PLN,aktywna,Sebastian Kulczak
3330,UM/2022/03330,1102,2022-03-21,2022-04-01,2022-08-28,149742.69,PLN,w przygotowaniu,Eliza Anders
3331,UM/2024/03331,1179,2024-06-09,2024-06-21,2024-12-12,14126.99,PLN,zakończona,Adrianna Prucnal
3332,UM/2022/03332,873,2022-08-11,2022-08-11,2024-07-28,310494.24,PLN,zakończona,pani Inga Płócienniczak
3333,UM/2026/03333,809,2026-05-24,2026-06-02,2029-02-11,302109.82,PLN,zakończona,Adrianna Miecznik
3334,UM/2023/03334,1532,2023-08-21,2023-08-31,2024-03-18,246994.76,PLN,aktywna,Jeremi Waloszczyk
3335,UM/2026/03335,164,2026-04-20,2026-04-28,2029-10-16,180036.44,PLN,w przygotowaniu,Rozalia Hojka
3336,UM/2023/03336,1706,2023-03-15,2023-03-20,2024-07-15,402918.52,PLN,aktywna,Sara Wojsław
3337,UM/2022/03337,867,2022-01-02,2022-01-04,2025-08-15,349330.97,PLN,w przygotowaniu,Monika Steuer
3338,UM/2021/03338,510,2021-12-19,2021-12-22,2022-06-25,341295.93,PLN,aktywna,Inga Trznadel
3339,UM/2022/03339,2004,2022-09-25,2022-10-10,2026-01-23,96390.51,PLN,w przygotowaniu,Artur Ratka
3340,UM/2024/03340,138,2024-08-04,2024-08-18,2025-01-08,370627.04,PLN,w przygotowaniu,Adrianna Paliga
3341,UM/2024/03341,386,2024-11-17,2024-12-05,2028-01-26,345964.76,PLN,w przygotowaniu,Aurelia Wojsa
3342,UM/2025/03342,45,2025-11-13,2025-11-26,2028-09-08,431242.52,PLN,zakończona,Alan Gonet
3343,UM/2024/03343,2077,2024-05-22,2024-05-31,2028-05-13,465539.68,PLN,aktywna,pani Roksana Bachanek
3344,UM/2022/03344,1313,2022-01-19,2022-01-20,,299107.0,PLN,aktywna,pan Jan Podkowa
3345,UM/2022/03345,271,2022-10-22,2022-10-27,2026-01-19,245699.72,PLN,zakończona,pani Malwina Przewoźniak
3346,UM/2024/03346,443,2024-12-07,2024-12-15,2025-06-14,28178.22,PLN,zakończona,Gabriel Gorgol
3347,UM/2022/03347,943,2022-08-27,2022-09-04,2026-04-06,188924.67,PLN,w przygotowaniu,Marcel Citko
3348,UM/2024/03348,1087,2024-05-31,2024-06-15,2028-01-27,328550.97,PLN,w przygotowaniu,Dagmara Pieczyrak
3349,UM/2026/03349,1017,2026-06-02,2026-06-20,2028-04-17,158963.05,PLN,aktywna,Sylwia Kontny
3350,UM/2026/03350,729,2026-05-02,2026-05-13,2029-05-04,361107.67,PLN,aktywna,Eliza Przewoźniak
3351,UM/2022/03351,951,2022-01-13,2022-01-24,2024-03-12,261081.62,PLN,w przygotowaniu,Łukasz Sadoch
3352,UM/2023/03352,73,2023-11-15,2023-11-16,2024-12-22,103031.0,PLN,aktywna,Marika Wielądek
3353,UM/2021/03353,45,2021-09-30,2021-10-03,2022-11-29,456508.95,PLN,w przygotowaniu,Cyprian Juroszek
3354,UM/2022/03354,1633,2022-04-25,2022-04-26,2024-09-09,422733.25,PLN,zakończona,pan Kamil Dłubak
3355,UM/2022/03355,1454,2022-10-25,2022-11-04,2025-12-07,345129.7,PLN,zakończona,Mariusz Sereda
3356,UM/2023/03356,1416,2023-07-14,2023-07-17,2024-01-24,313347.81,PLN,aktywna,Oskar Pabisiak
3357,UM/2026/03357,1544,2026-03-07,2026-03-09,2029-01-17,151132.45,PLN,zakończona,Przemysław Bender
3358,UM/2025/03358,568,2025-12-20,2025-12-29,2028-08-03,153533.5,zł,zakończona,Adrianna Hrabia
3359,UM/2024/03359,13,2024-04-22,2024-04-30,2027-04-02,315083.46,PLN,w przygotowaniu,Fryderyk Podsiedlik
3360,UM/2022/03360,66,2022-01-06,2022-01-22,2022-10-16,21094.6,PLN,w przygotowaniu,Anastazja Surdyk
3361,UM/2026/03361,1610,2026-07-06,2026-07-14,2027-10-12,309343.69,PLN,aktywna,Bruno Truchel
3362,UM/2023/03362,1953,2023-05-04,2023-05-12,2027-04-15,422545.55,PLN ,w przygotowaniu,Tomasz Dmoch
3363,UM/2024/03363,1658,2024-11-09,2024-11-17,2027-02-20,70688.62,PLN,aktywna,Kornelia Molek
3364,UM/2024/03364,880,2024-04-22,2024-04-24,2026-06-16,222131.61,PLN,w przygotowaniu,Paweł Szczap
3365,UM/2021/03365,1486,2021-12-06,2021-12-13,2022-03-26,221453.23,PLN,zakończona,pani Aurelia Zimniak
3366,UM/2023/03366,1577,2023-11-02,2023-11-09,2026-01-11,447250.68,PLN,zakończona,Gaja Dreszer
3367,UM/2022/03367,785,2022-08-23,2022-09-01,2024-05-10,273791.51,PLN,w przygotowaniu,pan Olgierd Początek
3368,UM/2021/03368,248,2021-12-21,2021-12-21,2025-09-05,380222.86,PLN,aktywna,Juliusz Woronko
3369,UM/2021/03369,1028,2021-09-06,2021-09-11,2022-11-20,12069.83,PLN,aktywna,Olaf Cyroń
3370,UM/2026/03370,1841,2026-01-09,2026-01-23,2027-01-19,188374.82,PLN,aktywna,pan Jerzy Wicha
3371,UM/2023/03371,545,2023-09-16,2023-09-27,2026-03-19,335231.57,PLN,zakończona,Ada Kukawka
3372,UM/2025/03372,1935,2025-10-15,2025-10-24,2025-09-29,149866.57,PLN,aktywna,Antoni Krężołek
3373,UM/2022/03373,1273,2022-03-28,2022-04-13,2025-05-07,144232.12,PLN,aktywna,Julita Kudełka
3374,UM/2024/03374,1992,2024-04-01,2024-04-09,2025-07-02,384920.57,PLN,w przygotowaniu,Mikołaj Rosłoń
3375,UM/2022/03375,1050,2022-05-22,2022-05-23,2023-01-27,330026.16,PLN,zakończona,Stefan Berus
3376,UM/2026/03376,354,2026-05-13,2026-05-19,2029-04-11,216839.13,PLN,aktywna,Aleksander Kapuścik
3377,UM/2024/03377,1711,2023-12-18,2024-01-03,2024-08-23,486696.23,PLN,w przygotowaniu,Patryk Ziemann
3378,UM/2025/03378,309,2025-04-01,2025-04-21,2028-05-16,77222.31,PLN,aktywna,Jeremi Śliż
3379,UM/2025/03379,520,2025-05-22,2025-06-05,,440030.98,PLN,zakończona,Hubert Pilarek
3380,UM/2022/03380,1436,2021-12-27,2022-01-16,2024-01-03,457742.38,PLN,zakończona,Melania Kalisiak
3381,UM/2021/03381,1908,2021-07-22,2021-07-29,2025-02-17,436869.07,PLN,aktywna,pan Wojciech Kuchciak
3382,UM/2022/03382,1953,2022-08-26,2022-08-27,,111674.86,PLN,w przygotowaniu,pani Janina Golak
3383,UM/2022/03383,697,2022-05-31,2022-06-18,2024-03-30,273770.13,PLN,w przygotowaniu,pani Ewelina Andryszczyk
3384,UM/2022/03384,244,2022-05-29,2022-06-07,2025-06-17,307900.15,PLN,w przygotowaniu,Józef Ulfik
3385,UM/2025/03385,1138,2025-04-06,2025-04-15,2026-10-30,454879.79,PLN ,zakończona,Ernest Zemanek
3386,UM/2026/03386,1207,2026-06-15,2026-06-27,,131183.55,PLN,zakończona,pan Wiktor Drywa
3387,UM/2024/03387,1386,2024-09-12,2024-09-30,2027-06-04,61495.0,PLN,aktywna,pan Mariusz Preś
3388,UM/2022/03388,289,2021-12-29,2022-01-09,2022-05-08,64427.4,PLN ,aktywna,Mieszko Sutor
3389,UM/2025/03389,383,2025-07-24,2025-08-04,2026-04-02,441724.1,PLN,w przygotowaniu,Jerzy Górkiewicz
3390,UM/2023/00001,296,2023-07-15,2023-07-20,2026-10-29,98508.93,PLN,w przygotowaniu,pani Anna Maria Hajda
3391,UM/2024/03391,1687,2024-09-01,2024-09-13,2027-11-25,17513.26,PLN,w przygotowaniu,Rozalia Magryta
3392,UM/2024/03392,952,2024-08-23,2024-08-27,2025-11-14,119347.89,PLN,zakończona,Konstanty Przewoźniak
3393,UM/2022/03393,1010,2022-01-28,2022-02-15,2021-08-17,165010.23,PLN,aktywna,Arkadiusz Dyda
3394,UM/2022/03394,1084,2022-06-23,2022-07-11,2024-07-30,341494.22,pln,zakończona,pan Dariusz Pielach
3395,UM/2023/03395,79,2023-07-27,2023-08-02,,40903.82,PLN,zakończona,Gustaw Moździerz
3396,UM/2024/03396,421,2024-08-12,2024-08-13,2028-07-22,409475.12,PLN,aktywna,Jędrzej Skowyra
3397,UM/2025/03397,879,2025-10-13,2025-10-18,2029-09-15,139820.36,PLN,aktywna,Olgierd Więckiewicz
3398,UM/2026/03398,771,2026-04-26,2026-04-27,2029-04-05,256047.84,PLN,zakończona,pani Anastazja Poczta
3399,UM/2021/03399,740,2021-12-24,2021-12-31,2023-10-20,220030.16,PLN,zakończona,Mateusz Lampart
3400,UM/2023/03400,1122,2023-01-27,2023-02-07,2025-04-10,431779.81,PLN,aktywna,Franciszek Strzępek
3401,UM/2024/03401,794,2024-01-13,2024-01-13,2025-07-30,34524.42,PLN,zakończona,Sonia Fitrzyk
3402,UM/2025/03402,2080,2025-06-07,2025-06-21,2027-03-10,196658.77,PLN,zakończona,pani Blanka Słomian
3403,UM/2024/03403,1522,2024-06-25,2024-07-13,2025-04-14,37702.53,PLN,zakończona,Artur Wojczuk
3404,UM/2025/03404,1376,2025-11-19,2025-12-09,2028-03-01,336739.45,PLN,aktywna,Maksymilian Krzywoń
3405,UM/2025/03405,595,2025-12-11,2025-12-28,2028-09-11,194058.52,PLN,aktywna,Nataniel Piechura
3406,UM/2021/03406,1779,2021-12-25,2021-12-26,2023-06-12,445427.62,PLN,zakończona,Tobiasz Stiller
3407,UM/2026/03407,1246,2026-05-21,2026-06-05,2027-03-12,455676.22,PLN,aktywna,pan Stefan Armatys
3408,UM/2026/03408,515,2026-06-10,2026-06-29,2027-09-17,481432.85,PLN,w przygotowaniu,Jeremi Laskus
3409,UM/2026/03409,1355,2026-01-08,2026-01-14,2027-11-16,473186.16,PLN,w przygotowaniu,pani Angelika Fabiszak
3410,UM/2023/03410,334,2023-10-19,2023-10-31,2025-11-08,141742.44,PLN,zakończona,Franciszek Mateusiak
3411,UM/2026/03411,64,2026-06-16,2026-06-26,2026-03-14,134773.89,PLN,aktywna,Gustaw Grądziel
3412,UM/2021/03412,1332,2021-09-11,2021-09-18,2024-11-13,259346.35,PLN,aktywna,Aleks Frukacz
3413,UM/2025/03413,1120,2025-04-09,2025-04-14,2029-04-01,10485.17,PLN,zakończona,Juliusz Solnica
3414,UM/2025/03414,1630,2025-10-25,2025-10-28,2029-07-10,348333.3,PLN,w przygotowaniu,pani Inga Szaruga
3415,UM/2021/03415,1897,2021-09-19,2021-10-07,2025-07-17,271426.27,PLN,w przygotowaniu,Liwia Kaletka
3416,UM/2023/03416,327,2023-12-05,2023-12-12,2026-01-14,51250.85,PLN,w przygotowaniu,Gustaw Wypiór
3417,UM/2026/03417,91,2026-06-22,2026-07-08,2029-07-25,230172.19,pln,w przygotowaniu,pan Karol Sadlik
3418,UM/2021/03418,1834,2021-12-18,2021-12-26,2021-06-24,347348.45,PLN,w przygotowaniu,Kacper Zawal
3419,UM/2022/03419,1991,2022-03-24,2022-03-26,2024-11-04,212379.57,PLN,zakończona,Ryszard Pioch
3420,UM/2023/03420,202,2023-12-09,2023-12-27,2026-11-17,263455.17,PLN,zakończona,Łukasz Klatka
3421,UM/2023/00001,1352,2023-12-18,2023-12-21,2026-12-23,366005.28,PLN,w przygotowaniu,pan Antoni Lewko
3422,UM/2022/03422,825,2022-07-05,2022-07-22,2022-12-06,496808.24,PLN,zakończona,Liwia Kotlarek
3423,UM/2022/03423,2114,2022-05-06,2022-05-17,2026-04-16,234585.53,PLN,zakończona,pan Leonard Stypa
3424,UM/2026/03424,271,2026-01-23,2026-02-02,2026-09-03,474007.22,PLN,zakończona,Dorota Cecot
3425,UM/2025/03425,1507,2025-06-24,2025-06-24,2026-03-11,200083.89,PLN,w przygotowaniu,Dominik Droś
3426,UM/2024/03426,367,2024-09-03,2024-09-06,2026-11-01,272065.16,PLN,w przygotowaniu,Maks Aleksandrzak
3427,UM/2022/03427,2500,2022-01-10,2022-01-25,2022-10-06,492103.17,PLN,w przygotowaniu,pani Liwia Stępka
3428,UM/2024/03428,1114,2024-04-05,2024-04-21,2025-09-01,494159.27,PLN,w przygotowaniu,Leonard Matwiejczyk
3429,UM/2025/03429,479,2025-11-17,2025-11-25,2027-12-11,307791.39,PLN,zakończona,pani Roksana Seidel
3430,UM/2026/03430,1855,2026-05-17,2026-05-28,2028-12-15,229554.14,PLN,aktywna,Natan Przerwa
3431,UM/2025/03431,1297,2025-06-08,2025-06-17,2027-11-03,13119.02,PLN,aktywna,pan Tobiasz Klinger
3432,UM/2022/03432,1177,2022-01-26,2022-01-31,2023-06-16,343494.26,PLN,w przygotowaniu,Wojciech Siedlarz
3433,UM/2022/03433,1568,2022-08-11,2022-08-29,2026-05-05,309697.01,PLN,zakończona,Jacek Grodek
3434,UM/2022/03434,1447,2022-01-19,2022-02-02,2023-07-27,11930.95,PLN,aktywna,pan Patryk Budych
3435,UM/2023/03435,1198,2023-11-24,2023-12-05,2027-03-29,33796.26,PLN,aktywna,Maciej Jakóbik
3436,UM/2022/03436,255,2022-06-27,2022-07-02,2024-04-06,111367.83,PLN,zakończona,Damian Gawłowicz
3437,UM/2026/03437,775,2026-02-01,2026-02-02,,102298.77,PLN,aktywna,Marcel Wasiuk
3438,UM/2023/03438,1608,2023-03-19,2023-03-20,2026-01-26,138200.52,PLN,w przygotowaniu,pan Marek Drygas
3439,UM/2023/00001,1731,2023-10-08,2023-10-12,2023-06-23,452259.94,PLN,aktywna,Olgierd Ośko
3440,UM/2022/03440,1463,2022-05-21,2022-05-27,2024-08-09,221649.61,PLN,aktywna,Oskar Trzyna
3441,UM/2022/03441,1474,2022-03-17,2022-03-23,2022-07-02,91443.58,PLN,zakończona,Aleks Cywka
3442,UM/2022/03442,557,2022-04-13,2022-04-14,2024-12-28,216812.75,PLN ,zakończona,Tola Klaja
3443,UM/2023/03443,62,2023-08-05,2023-08-16,2025-05-28,469116.36,PLN,zakończona,Dariusz Krenc
3444,UM/2022/03444,986,2022-09-20,2022-10-04,2023-02-04,162501.05,PLN,aktywna,Iwo Olszowa
3445,UM/2024/03445,1534,2024-03-15,2024-03-16,2025-11-19,474142.66,PLN,w przygotowaniu,Karol Leszczak
3446,UM/2024/03446,17,2024-06-02,2024-06-14,2025-11-03,280801.31,PLN,aktywna,Daniel Doruch
3447,UM/2024/03447,2115,2024-09-16,2024-09-19,2026-06-04,427800.99,PLN ,aktywna,Dawid Kalista
3448,UM/2023/03448,1720,2023-01-28,2023-02-12,2026-08-10,75333.41,PLN,zakończona,Sara Mitera
3449,UM/2022/03449,346,2022-04-08,2022-04-26,2025-01-23,468543.75,PLN,zakończona,Jeremi Karkocha
3450,UM/2026/03450,1852,2026-05-22,2026-06-10,2027-11-16,261990.89,PLN ,aktywna,Anastazja Królikiewicz
3451,UM/2021/03451,1833,2021-09-30,2021-10-04,2023-07-07,1766.25,PLN,w przygotowaniu,Elżbieta Barej
3452,UM/2025/03452,692,2025-08-18,2025-08-24,2028-11-12,289570.15,PLN,w przygotowaniu,pani Nicole Matula
3453,UM/2026/03453,2517,2026-05-12,2026-05-29,2029-05-22,470758.56,PLN,zakończona,Radosław Sanetra
3454,UM/2023/00001,284,2024-03-14,2024-03-24,2024-09-09,334113.97,PLN,w przygotowaniu,Michał Golonko
3455,UM/2023/03455,1096,2023-03-20,2023-03-29,2024-06-15,125109.17,PLN,aktywna,Aurelia Andryszczyk
3456,UM/2022/03456,890,2022-04-03,2022-04-07,2025-12-28,48226.09,PLN,aktywna,Ernest Boba
3457,UM/2023/03457,1082,2023-10-27,2023-10-28,2026-09-18,18732.83,PLN,aktywna,Olga Kiljan
3458,UM/2025/03458,1080,2025-08-22,2025-08-26,2027-10-22,248958.22,PLN,w przygotowaniu,Aleks Frydrychowicz
3459,UM/2024/03459,442,2024-05-26,2024-06-11,2025-11-23,427148.55,PLN,w przygotowaniu,pan Kazimierz Sutor
3460,UM/2021/03460,1141,2021-11-18,2021-11-24,2023-06-22,15638.56,PLN,zakończona,Malwina Lepa
3461,UM/2022/03461,890,2022-02-21,2022-02-22,2024-01-31,466284.67,PLN,w przygotowaniu,pan Hubert Czosnyka
3462,UM/2023/03462,103,2023-03-27,2023-04-13,2025-06-18,66877.69,PLN,zakończona,pan Artur Materka
3463,UM/2025/03463,1625,2025-01-31,2025-02-16,2027-05-20,185014.99,PLN,w przygotowaniu,Kazimierz Krekora
3464,UM/2022/03464,2021,2022-01-29,2022-02-06,2025-09-06,253624.18,PLN,w przygotowaniu,Tymon Ciężka
3465,UM/2025/03465,1706,2025-06-08,2025-06-28,2027-05-31,220231.8,PLN,w przygotowaniu,Sylwia Dziechciarz
3466,UM/2026/03466,700,2026-06-23,2026-06-29,2027-08-12,86323.02,PLN,w przygotowaniu,pan Bruno Cyganik
3467,UM/2023/03467,677,2023-10-07,2023-10-17,2025-06-18,5151.35,PLN,zakończona,pan Borys Nazarewicz
3468,UM/2023/03468,384,2023-01-29,2023-02-13,,147059.38,PLN,zakończona,pan Bruno Praczyk
3469,UM/2023/03469,1223,2023-08-02,2023-08-03,2026-11-19,483869.79,PLN,zakończona,Adam Thomas
3470,UM/2023/03470,615,2023-12-23,2023-12-31,2024-09-19,173133.21,PLN,aktywna,Julianna Przewoźny
3471,UM/2021/03471,155,2021-12-10,2021-12-13,2024-08-15,79327.58,PLN,w przygotowaniu,Dariusz Ferdyn
3472,UM/2023/03472,431,2023-01-24,2023-01-27,2023-12-17,345639.17,PLN,aktywna,Iwo Chruszcz
3473,UM/2024/03473,732,2024-02-09,2024-02-12,,12464.67,PLN,zakończona,pani Sandra Borysiak
3474,UM/2024/03474,668,2024-12-11,2024-12-24,2028-11-12,367169.33,PLN,aktywna,Elżbieta Chowaniak
3475,UM/2023/03475,1112,2023-08-18,2023-09-02,2027-01-22,91121.43,PLN,aktywna,Liwia Lulek
3476,UM/2022/03476,1556,2022-06-02,2022-06-08,2022-12-11,35646.89,PLN,zakończona,pani Elżbieta Bełza
3477,UM/2021/03477,536,2021-11-30,2021-12-08,2022-05-18,129175.56,PLN,aktywna,pan Stefan Forysiak
3478,UM/2024/03478,1217,2024-11-02,2024-11-02,2027-02-01,332540.76,pln,zakończona,Mariusz Prystupa
3479,UM/2026/03479,1600,2026-05-07,2026-05-16,2029-08-05,74887.19,PLN,w przygotowaniu,Bruno Woda
3480,UM/2026/03480,506,2026-01-18,2026-02-02,2028-07-17,87270.31,PLN,zakończona,Ada Kobza
3481,UM/2025/03481,564,2025-12-14,2025-12-29,2028-10-21,337799.69,PLN,aktywna,Konstanty Protasiuk
3482,UM/2024/03482,2011,2024-06-30,2024-07-01,2027-11-10,217622.21,PLN,aktywna,pan Tadeusz Ławniczek
3483,UM/2023/03483,1595,2023-04-12,2023-04-16,2025-01-12,9648.75,PLN,zakończona,Jeremi Tecław
3484,UM/2023/03484,1450,2023-02-04,2023-02-19,2024-12-29,37576.82,PLN,w przygotowaniu,pani Dorota Stypuła
3485,UM/2021/03485,1788,2021-12-11,2021-12-26,2025-12-21,100781.06,PLN,w przygotowaniu,Dariusz Bittner
3486,UM/2022/03486,304,2022-05-14,2022-05-22,2026-02-23,73150.54,PLN,aktywna,Karol Pasierbek
3487,UM/2022/03487,102,2022-01-28,2022-02-11,2023-12-03,328400.54,PLN,aktywna,pani Agnieszka Senger
3488,UM/2026/03488,1789,2026-05-14,2026-05-26,2027-12-10,410843.72,PLN,w przygotowaniu,Piotr Fita
3489,UM/2022/03489,41,2022-04-04,2022-04-19,2025-11-13,29595.34,PLN,w przygotowaniu,pani Tola Kłoczko
3490,UM/2026/03490,1196,2026-02-05,2026-02-10,2027-08-08,231684.97,PLN,w przygotowaniu,Leonard Rubacha
3491,UM/2022/03491,586,2022-10-07,2022-10-16,2024-07-09,245243.64,zł,zakończona,Marika Jędrzejek
3492,UM/2025/03492,548,2025-04-15,2025-04-19,2027-03-18,415681.61,PLN,zakończona,Krystyna Maksym
3493,UM/2025/03493,399,2025-06-02,2025-06-15,2028-03-12,362430.14,PLN,zakończona,pani Anita Wieczerzak
3494,UM/2021/03494,1148,2021-10-16,2021-11-01,2022-03-28,452941.98,PLN,w przygotowaniu,pan Albert Tekiela
3495,UM/2024/03495,668,2024-09-27,2024-10-05,2027-01-10,59483.32,PLN,aktywna,Nikodem Drobny
3496,UM/2025/03496,1490,2025-02-03,2025-02-16,2026-12-13,154565.18,PLN,zakończona,pani Justyna Goral
3497,UM/2022/03497,1971,2022-10-10,2022-10-12,2026-05-30,407104.54,PLN,aktywna,pani Ewelina Płocharczyk
3498,UM/2026/03498,572,2026-04-08,2026-04-09,2027-01-08,193445.92,PLN,aktywna,pani Janina Patora
3499,UM/2023/03499,1462,2023-06-27,2023-07-17,2026-07-22,289554.9,PLN,w przygotowaniu,pan Marek Jarmuła
3500,UM/2024/03500,1119,2024-03-07,2024-03-26,2027-12-14,234321.04,PLN,zakończona,pan Błażej Miozga
